

================================================================
== Vitis HLS Report for 'transformer_blk_s2_top_Pipeline_LF_S_LF_OD'
================================================================
* Date:           Sun May 31 16:34:14 2026

* Version:        2022.2 (Build 3670227 on Oct 13 2022)
* Project:        s2_transformer_block
* Solution:       solution1 (Vivado IP Flow Target)
* Product family: zynquplus
* Target device:  xczu28dr-ffvg1517-2-e


================================================================
== Performance Estimates
================================================================
+ Timing: 
    * Summary: 
    +--------+---------+----------+------------+
    |  Clock |  Target | Estimated| Uncertainty|
    +--------+---------+----------+------------+
    |ap_clk  |  5.00 ns|  4.290 ns|     1.35 ns|
    +--------+---------+----------+------------+

+ Latency: 
    * Summary: 
    +---------+---------+----------+----------+---------+---------+---------+
    |  Latency (cycles) |  Latency (absolute) |      Interval     | Pipeline|
    |   min   |   max   |    min   |    max   |   min   |   max   |   Type  |
    +---------+---------+----------+----------+---------+---------+---------+
    |  1052288|  1052288|  5.261 ms|  5.261 ms|  1052288|  1052288|       no|
    +---------+---------+----------+----------+---------+---------+---------+

    + Detail: 
        * Instance: 
        N/A

        * Loop: 
        +--------------+---------+---------+----------+-----------+-----------+-------+----------+
        |              |  Latency (cycles) | Iteration|  Initiation Interval  |  Trip |          |
        |   Loop Name  |   min   |   max   |  Latency |  achieved |   target  | Count | Pipelined|
        +--------------+---------+---------+----------+-----------+-----------+-------+----------+
        |- LF_S_LF_OD  |  1052286|  1052286|      1160|         73|          1|  14400|       yes|
        +--------------+---------+---------+----------+-----------+-----------+-------+----------+



================================================================
== Utilization Estimates
================================================================
* Summary: 
+-----------------+---------+------+--------+--------+-----+
|       Name      | BRAM_18K|  DSP |   FF   |   LUT  | URAM|
+-----------------+---------+------+--------+--------+-----+
|DSP              |        -|     -|       -|       -|    -|
|Expression       |        -|     -|       0|    4129|    -|
|FIFO             |        -|     -|       -|       -|    -|
|Instance         |        -|     0|     189|     168|    -|
|Memory           |        -|     -|       -|       -|    -|
|Multiplexer      |        -|     -|       -|    4416|    -|
|Register         |        -|     -|   17772|    4096|    -|
+-----------------+---------+------+--------+--------+-----+
|Total            |        0|     0|   17961|   12809|    0|
+-----------------+---------+------+--------+--------+-----+
|Available        |     2160|  4272|  850560|  425280|   80|
+-----------------+---------+------+--------+--------+-----+
|Utilization (%)  |        0|     0|       2|       3|    0|
+-----------------+---------+------+--------+--------+-----+

+ Detail: 
    * Instance: 
    +--------------------------+---------------------+---------+----+-----+-----+-----+
    |         Instance         |        Module       | BRAM_18K| DSP|  FF | LUT | URAM|
    +--------------------------+---------------------+---------+----+-----+-----+-----+
    |mul_8ns_10ns_17_1_1_U127  |mul_8ns_10ns_17_1_1  |        0|   0|    0|   62|    0|
    |urem_8ns_7ns_6_12_1_U126  |urem_8ns_7ns_6_12_1  |        0|   0|  189|  106|    0|
    +--------------------------+---------------------+---------+----+-----+-----+-----+
    |Total                     |                     |        0|   0|  189|  168|    0|
    +--------------------------+---------------------+---------+----+-----+-----+-----+

    * DSP: 
    N/A

    * Memory: 
    N/A

    * FIFO: 
    N/A

    * Expression: 
    +----------------------------+----------+----+---+----+------------+------------+
    |        Variable Name       | Operation| DSP| FF| LUT| Bitwidth P0| Bitwidth P1|
    +----------------------------+----------+----+---+----+------------+------------+
    |add_ln162_2_fu_3754_p2      |         +|   0|  0|  21|          14|           1|
    |add_ln162_354_fu_3987_p2    |         +|   0|  0|  19|          12|           3|
    |add_ln162_355_fu_4000_p2    |         +|   0|  0|  19|          12|           3|
    |add_ln162_356_fu_4038_p2    |         +|   0|  0|  19|          12|           3|
    |add_ln162_357_fu_4051_p2    |         +|   0|  0|  19|          12|           3|
    |add_ln162_358_fu_4094_p2    |         +|   0|  0|  19|          12|           4|
    |add_ln162_359_fu_4107_p2    |         +|   0|  0|  19|          12|           4|
    |add_ln162_360_fu_4150_p2    |         +|   0|  0|  19|          12|           4|
    |add_ln162_361_fu_4163_p2    |         +|   0|  0|  19|          12|           4|
    |add_ln162_362_fu_4206_p2    |         +|   0|  0|  19|          12|           4|
    |add_ln162_363_fu_4219_p2    |         +|   0|  0|  19|          12|           4|
    |add_ln162_364_fu_4262_p2    |         +|   0|  0|  19|          12|           4|
    |add_ln162_365_fu_4275_p2    |         +|   0|  0|  19|          12|           4|
    |add_ln162_366_fu_4323_p2    |         +|   0|  0|  19|          12|           5|
    |add_ln162_367_fu_4336_p2    |         +|   0|  0|  19|          12|           5|
    |add_ln162_368_fu_4389_p2    |         +|   0|  0|  19|          12|           5|
    |add_ln162_369_fu_4402_p2    |         +|   0|  0|  19|          12|           5|
    |add_ln162_370_fu_4465_p2    |         +|   0|  0|  19|          12|           5|
    |add_ln162_371_fu_4478_p2    |         +|   0|  0|  19|          12|           5|
    |add_ln162_372_fu_4541_p2    |         +|   0|  0|  19|          12|           5|
    |add_ln162_373_fu_4554_p2    |         +|   0|  0|  19|          12|           5|
    |add_ln162_374_fu_4621_p2    |         +|   0|  0|  19|          12|           5|
    |add_ln162_375_fu_4634_p2    |         +|   0|  0|  19|          12|           5|
    |add_ln162_376_fu_4715_p2    |         +|   0|  0|  19|          12|           5|
    |add_ln162_377_fu_4728_p2    |         +|   0|  0|  19|          12|           5|
    |add_ln162_378_fu_4791_p2    |         +|   0|  0|  19|          12|           5|
    |add_ln162_379_fu_4804_p2    |         +|   0|  0|  19|          12|           5|
    |add_ln162_380_fu_4867_p2    |         +|   0|  0|  19|          12|           5|
    |add_ln162_381_fu_4880_p2    |         +|   0|  0|  19|          12|           5|
    |add_ln162_382_fu_4943_p2    |         +|   0|  0|  19|          12|           6|
    |add_ln162_383_fu_4956_p2    |         +|   0|  0|  19|          12|           6|
    |add_ln162_384_fu_5019_p2    |         +|   0|  0|  19|          12|           6|
    |add_ln162_385_fu_5032_p2    |         +|   0|  0|  19|          12|           6|
    |add_ln162_fu_3777_p2        |         +|   0|  0|  14|           7|           1|
    |add_ln163_fu_4697_p2        |         +|   0|  0|  15|           8|           1|
    |add_ln170_100_fu_7125_p2    |         +|   0|  0|  24|          17|           9|
    |add_ln170_101_fu_7155_p2    |         +|   0|  0|  24|          17|           9|
    |add_ln170_102_fu_7175_p2    |         +|   0|  0|  24|          17|           9|
    |add_ln170_103_fu_7205_p2    |         +|   0|  0|  24|          17|           9|
    |add_ln170_104_fu_7225_p2    |         +|   0|  0|  24|          17|           9|
    |add_ln170_105_fu_7255_p2    |         +|   0|  0|  24|          17|           9|
    |add_ln170_106_fu_7275_p2    |         +|   0|  0|  24|          17|           9|
    |add_ln170_107_fu_7305_p2    |         +|   0|  0|  24|          17|           9|
    |add_ln170_108_fu_7325_p2    |         +|   0|  0|  24|          17|           9|
    |add_ln170_109_fu_7355_p2    |         +|   0|  0|  24|          17|           9|
    |add_ln170_10_fu_4771_p2     |         +|   0|  0|  24|          17|           7|
    |add_ln170_110_fu_7375_p2    |         +|   0|  0|  24|          17|           9|
    |add_ln170_111_fu_7405_p2    |         +|   0|  0|  24|          17|           9|
    |add_ln170_112_fu_7425_p2    |         +|   0|  0|  24|          17|          10|
    |add_ln170_113_fu_7455_p2    |         +|   0|  0|  24|          17|          10|
    |add_ln170_114_fu_7475_p2    |         +|   0|  0|  24|          17|          10|
    |add_ln170_115_fu_7505_p2    |         +|   0|  0|  24|          17|          10|
    |add_ln170_116_fu_7525_p2    |         +|   0|  0|  24|          17|          10|
    |add_ln170_117_fu_7555_p2    |         +|   0|  0|  24|          17|          10|
    |add_ln170_118_fu_7575_p2    |         +|   0|  0|  24|          17|          10|
    |add_ln170_119_fu_7605_p2    |         +|   0|  0|  24|          17|          10|
    |add_ln170_11_fu_4827_p2     |         +|   0|  0|  24|          17|           7|
    |add_ln170_120_fu_7625_p2    |         +|   0|  0|  24|          17|          10|
    |add_ln170_121_fu_7655_p2    |         +|   0|  0|  24|          17|          10|
    |add_ln170_122_fu_7675_p2    |         +|   0|  0|  24|          17|          10|
    |add_ln170_123_fu_7705_p2    |         +|   0|  0|  24|          17|          10|
    |add_ln170_124_fu_7725_p2    |         +|   0|  0|  24|          17|          10|
    |add_ln170_125_fu_7755_p2    |         +|   0|  0|  24|          17|          10|
    |add_ln170_126_fu_7775_p2    |         +|   0|  0|  24|          17|          10|
    |add_ln170_127_fu_7795_p2    |         +|   0|  0|  24|          17|          10|
    |add_ln170_12_fu_4847_p2     |         +|   0|  0|  24|          17|           7|
    |add_ln170_13_fu_4903_p2     |         +|   0|  0|  24|          17|           7|
    |add_ln170_14_fu_4923_p2     |         +|   0|  0|  24|          17|           7|
    |add_ln170_15_fu_4979_p2     |         +|   0|  0|  24|          17|           7|
    |add_ln170_16_fu_4999_p2     |         +|   0|  0|  24|          17|           8|
    |add_ln170_17_fu_5055_p2     |         +|   0|  0|  24|          17|           8|
    |add_ln170_18_fu_5075_p2     |         +|   0|  0|  24|          17|           8|
    |add_ln170_19_fu_5105_p2     |         +|   0|  0|  24|          17|           8|
    |add_ln170_1_fu_4425_p2      |         +|   0|  0|  24|          17|           7|
    |add_ln170_20_fu_5125_p2     |         +|   0|  0|  24|          17|           8|
    |add_ln170_21_fu_5155_p2     |         +|   0|  0|  24|          17|           8|
    |add_ln170_22_fu_5175_p2     |         +|   0|  0|  24|          17|           8|
    |add_ln170_23_fu_5205_p2     |         +|   0|  0|  24|          17|           8|
    |add_ln170_24_fu_5225_p2     |         +|   0|  0|  24|          17|           8|
    |add_ln170_25_fu_5255_p2     |         +|   0|  0|  24|          17|           8|
    |add_ln170_26_fu_5275_p2     |         +|   0|  0|  24|          17|           8|
    |add_ln170_27_fu_5305_p2     |         +|   0|  0|  24|          17|           8|
    |add_ln170_28_fu_5325_p2     |         +|   0|  0|  24|          17|           8|
    |add_ln170_29_fu_5355_p2     |         +|   0|  0|  24|          17|           8|
    |add_ln170_2_fu_4445_p2      |         +|   0|  0|  24|          17|           7|
    |add_ln170_30_fu_5375_p2     |         +|   0|  0|  24|          17|           8|
    |add_ln170_31_fu_5405_p2     |         +|   0|  0|  24|          17|           8|
    |add_ln170_32_fu_5425_p2     |         +|   0|  0|  24|          17|           8|
    |add_ln170_33_fu_5455_p2     |         +|   0|  0|  24|          17|           8|
    |add_ln170_34_fu_5475_p2     |         +|   0|  0|  24|          17|           8|
    |add_ln170_35_fu_5505_p2     |         +|   0|  0|  24|          17|           8|
    |add_ln170_36_fu_5525_p2     |         +|   0|  0|  24|          17|           8|
    |add_ln170_37_fu_5555_p2     |         +|   0|  0|  24|          17|           8|
    |add_ln170_38_fu_5575_p2     |         +|   0|  0|  24|          17|           8|
    |add_ln170_39_fu_5605_p2     |         +|   0|  0|  24|          17|           8|
    |add_ln170_3_fu_4501_p2      |         +|   0|  0|  24|          17|           7|
    |add_ln170_40_fu_5625_p2     |         +|   0|  0|  24|          17|           8|
    |add_ln170_41_fu_5655_p2     |         +|   0|  0|  24|          17|           8|
    |add_ln170_42_fu_5675_p2     |         +|   0|  0|  24|          17|           8|
    |add_ln170_43_fu_5705_p2     |         +|   0|  0|  24|          17|           8|
    |add_ln170_44_fu_5725_p2     |         +|   0|  0|  24|          17|           8|
    |add_ln170_45_fu_5755_p2     |         +|   0|  0|  24|          17|           8|
    |add_ln170_46_fu_5775_p2     |         +|   0|  0|  24|          17|           8|
    |add_ln170_47_fu_5805_p2     |         +|   0|  0|  24|          17|           8|
    |add_ln170_48_fu_5825_p2     |         +|   0|  0|  24|          17|           9|
    |add_ln170_49_fu_5855_p2     |         +|   0|  0|  24|          17|           9|
    |add_ln170_4_fu_4521_p2      |         +|   0|  0|  24|          17|           7|
    |add_ln170_50_fu_5875_p2     |         +|   0|  0|  24|          17|           9|
    |add_ln170_51_fu_5905_p2     |         +|   0|  0|  24|          17|           9|
    |add_ln170_52_fu_5925_p2     |         +|   0|  0|  24|          17|           9|
    |add_ln170_53_fu_5955_p2     |         +|   0|  0|  24|          17|           9|
    |add_ln170_54_fu_5975_p2     |         +|   0|  0|  24|          17|           9|
    |add_ln170_55_fu_6005_p2     |         +|   0|  0|  24|          17|           9|
    |add_ln170_564_fu_3742_p2    |         +|   0|  0|  19|          12|          12|
    |add_ln170_565_fu_3803_p2    |         +|   0|  0|  19|          12|          12|
    |add_ln170_566_fu_3880_p2    |         +|   0|  0|  24|          17|          17|
    |add_ln170_56_fu_6025_p2     |         +|   0|  0|  24|          17|           9|
    |add_ln170_57_fu_6055_p2     |         +|   0|  0|  24|          17|           9|
    |add_ln170_58_fu_6075_p2     |         +|   0|  0|  24|          17|           9|
    |add_ln170_59_fu_6105_p2     |         +|   0|  0|  24|          17|           9|
    |add_ln170_5_fu_4577_p2      |         +|   0|  0|  24|          17|           7|
    |add_ln170_60_fu_6125_p2     |         +|   0|  0|  24|          17|           9|
    |add_ln170_61_fu_6155_p2     |         +|   0|  0|  24|          17|           9|
    |add_ln170_62_fu_6175_p2     |         +|   0|  0|  24|          17|           9|
    |add_ln170_63_fu_6205_p2     |         +|   0|  0|  24|          17|           9|
    |add_ln170_64_fu_6225_p2     |         +|   0|  0|  24|          17|           9|
    |add_ln170_65_fu_6255_p2     |         +|   0|  0|  24|          17|           9|
    |add_ln170_66_fu_6275_p2     |         +|   0|  0|  24|          17|           9|
    |add_ln170_67_fu_6305_p2     |         +|   0|  0|  24|          17|           9|
    |add_ln170_68_fu_6325_p2     |         +|   0|  0|  24|          17|           9|
    |add_ln170_69_fu_6355_p2     |         +|   0|  0|  24|          17|           9|
    |add_ln170_6_fu_4597_p2      |         +|   0|  0|  24|          17|           7|
    |add_ln170_70_fu_6375_p2     |         +|   0|  0|  24|          17|           9|
    |add_ln170_71_fu_6405_p2     |         +|   0|  0|  24|          17|           9|
    |add_ln170_72_fu_6425_p2     |         +|   0|  0|  24|          17|           9|
    |add_ln170_73_fu_6455_p2     |         +|   0|  0|  24|          17|           9|
    |add_ln170_74_fu_6475_p2     |         +|   0|  0|  24|          17|           9|
    |add_ln170_75_fu_6505_p2     |         +|   0|  0|  24|          17|           9|
    |add_ln170_76_fu_6525_p2     |         +|   0|  0|  24|          17|           9|
    |add_ln170_77_fu_6555_p2     |         +|   0|  0|  24|          17|           9|
    |add_ln170_78_fu_6575_p2     |         +|   0|  0|  24|          17|           9|
    |add_ln170_79_fu_6605_p2     |         +|   0|  0|  24|          17|           9|
    |add_ln170_7_fu_4657_p2      |         +|   0|  0|  24|          17|           7|
    |add_ln170_80_fu_6625_p2     |         +|   0|  0|  24|          17|           9|
    |add_ln170_81_fu_6655_p2     |         +|   0|  0|  24|          17|           9|
    |add_ln170_82_fu_6675_p2     |         +|   0|  0|  24|          17|           9|
    |add_ln170_83_fu_6705_p2     |         +|   0|  0|  24|          17|           9|
    |add_ln170_84_fu_6725_p2     |         +|   0|  0|  24|          17|           9|
    |add_ln170_85_fu_6755_p2     |         +|   0|  0|  24|          17|           9|
    |add_ln170_86_fu_6775_p2     |         +|   0|  0|  24|          17|           9|
    |add_ln170_87_fu_6805_p2     |         +|   0|  0|  24|          17|           9|
    |add_ln170_88_fu_6825_p2     |         +|   0|  0|  24|          17|           9|
    |add_ln170_89_fu_6855_p2     |         +|   0|  0|  24|          17|           9|
    |add_ln170_8_fu_4677_p2      |         +|   0|  0|  24|          17|           7|
    |add_ln170_90_fu_6875_p2     |         +|   0|  0|  24|          17|           9|
    |add_ln170_91_fu_6905_p2     |         +|   0|  0|  24|          17|           9|
    |add_ln170_92_fu_6925_p2     |         +|   0|  0|  24|          17|           9|
    |add_ln170_93_fu_6955_p2     |         +|   0|  0|  24|          17|           9|
    |add_ln170_94_fu_6975_p2     |         +|   0|  0|  24|          17|           9|
    |add_ln170_95_fu_7005_p2     |         +|   0|  0|  24|          17|           9|
    |add_ln170_96_fu_7025_p2     |         +|   0|  0|  24|          17|           9|
    |add_ln170_97_fu_7055_p2     |         +|   0|  0|  24|          17|           9|
    |add_ln170_98_fu_7075_p2     |         +|   0|  0|  24|          17|           9|
    |add_ln170_99_fu_7105_p2     |         +|   0|  0|  24|          17|           9|
    |add_ln170_9_fu_4751_p2      |         +|   0|  0|  24|          17|           7|
    |add_ln170_fu_4369_p2        |         +|   0|  0|  24|          17|           7|
    |add_ln172_fu_3981_p2        |         +|   0|  0|  16|           9|           9|
    |icmp_ln162_fu_3748_p2       |      icmp|   0|  0|  12|          14|          12|
    |icmp_ln163_fu_3763_p2       |      icmp|   0|  0|  11|           8|           8|
    |or_ln162_39_fu_3912_p2      |        or|   0|  0|  12|          12|           2|
    |or_ln162_40_fu_3925_p2      |        or|   0|  0|  12|          12|           2|
    |or_ln162_fu_3825_p2         |        or|   0|  0|  12|          12|           1|
    |or_ln170_10_fu_4242_p2      |        or|   0|  0|  15|          15|           4|
    |or_ln170_11_fu_4252_p2      |        or|   0|  0|  15|          15|           4|
    |or_ln170_12_fu_4303_p2      |        or|   0|  0|  15|          15|           4|
    |or_ln170_13_fu_4313_p2      |        or|   0|  0|  15|          15|           4|
    |or_ln170_14_fu_4359_p2      |        or|   0|  0|  15|          15|           4|
    |or_ln170_1_fu_3948_p2       |        or|   0|  0|  15|          15|           2|
    |or_ln170_2_fu_4018_p2       |        or|   0|  0|  15|          15|           2|
    |or_ln170_3_fu_4028_p2       |        or|   0|  0|  15|          15|           3|
    |or_ln170_4_fu_4074_p2       |        or|   0|  0|  15|          15|           3|
    |or_ln170_5_fu_4084_p2       |        or|   0|  0|  15|          15|           3|
    |or_ln170_6_fu_4130_p2       |        or|   0|  0|  15|          15|           3|
    |or_ln170_7_fu_4140_p2       |        or|   0|  0|  15|          15|           4|
    |or_ln170_8_fu_4186_p2       |        or|   0|  0|  15|          15|           4|
    |or_ln170_9_fu_4196_p2       |        or|   0|  0|  15|          15|           4|
    |or_ln170_fu_3938_p2         |        or|   0|  0|  15|          15|           1|
    |select_ln162_13_fu_3839_p3  |    select|   0|  0|   7|           1|           7|
    |select_ln162_1_fu_3907_p3   |    select|   0|  0|   9|           1|           9|
    |select_ln162_2_fu_3809_p3   |    select|   0|  0|  11|           1|          12|
    |select_ln162_fu_3769_p3     |    select|   0|  0|   8|           1|           1|
    |ap_enable_pp0               |       xor|   0|  0|   2|           1|           2|
    +----------------------------+----------+----+---+----+------------+------------+
    |Total                       |          |   0|  0|4129|        2927|        1410|
    +----------------------------+----------+----+---+----+------------+------------+

    * Multiplexer: 
    +-------------------------------------------------------------------------+-----+-----------+-----+-----------+
    |                                   Name                                  | LUT | Input Size| Bits| Total Bits|
    +-------------------------------------------------------------------------+-----+-----------+-----+-----------+
    |ap_NS_fsm                                                                |  389|         74|    1|         74|
    |ap_done_int                                                              |    9|          2|    1|          2|
    |ap_enable_reg_pp0_iter0                                                  |    9|          2|    1|          2|
    |ap_enable_reg_pp0_iter1                                                  |    9|          2|    1|          2|
    |ap_enable_reg_pp0_iter15                                                 |    9|          2|    1|          2|
    |ap_loop_exit_ready_pp0_iter10_reg                                        |    9|          2|    1|          2|
    |ap_loop_exit_ready_pp0_iter11_reg                                        |    9|          2|    1|          2|
    |ap_loop_exit_ready_pp0_iter12_reg                                        |    9|          2|    1|          2|
    |ap_loop_exit_ready_pp0_iter13_reg                                        |    9|          2|    1|          2|
    |ap_loop_exit_ready_pp0_iter14_reg                                        |    9|          2|    1|          2|
    |ap_loop_exit_ready_pp0_iter1_reg                                         |    9|          2|    1|          2|
    |ap_loop_exit_ready_pp0_iter2_reg                                         |    9|          2|    1|          2|
    |ap_loop_exit_ready_pp0_iter3_reg                                         |    9|          2|    1|          2|
    |ap_loop_exit_ready_pp0_iter4_reg                                         |    9|          2|    1|          2|
    |ap_loop_exit_ready_pp0_iter5_reg                                         |    9|          2|    1|          2|
    |ap_loop_exit_ready_pp0_iter6_reg                                         |    9|          2|    1|          2|
    |ap_loop_exit_ready_pp0_iter7_reg                                         |    9|          2|    1|          2|
    |ap_loop_exit_ready_pp0_iter8_reg                                         |    9|          2|    1|          2|
    |ap_loop_exit_ready_pp0_iter9_reg                                         |    9|          2|    1|          2|
    |ap_sig_allocacmp_indvar_flatten_load                                     |    9|          2|   14|         28|
    |ap_sig_allocacmp_od_load                                                 |    9|          2|    8|         16|
    |ap_sig_allocacmp_s                                                       |    9|          2|    7|         14|
    |grp_fu_3417_p0                                                           |   54|         10|   32|        320|
    |grp_fu_3417_p1                                                           |  389|         74|   32|       2368|
    |grp_fu_3421_p0                                                           |   54|         10|   32|        320|
    |grp_fu_3421_p1                                                           |  366|         72|   32|       2304|
    |grp_fu_3425_p0                                                           |  266|         62|   32|       1984|
    |grp_fu_3425_p1                                                           |  389|         74|   32|       2368|
    |grp_fu_3429_p0                                                           |  259|         60|   32|       1920|
    |grp_fu_3429_p1                                                           |  366|         72|   32|       2304|
    |indvar_flatten_fu_588                                                    |    9|          2|   14|         28|
    |od_fu_580                                                                |    9|          2|    8|         16|
    |reg_3454                                                                 |    9|          2|   32|         64|
    |reg_3460                                                                 |    9|          2|   32|         64|
    |reg_3466                                                                 |    9|          2|   32|         64|
    |reg_3472                                                                 |    9|          2|   32|         64|
    |reg_3478                                                                 |    9|          2|   32|         64|
    |reg_3483                                                                 |    9|          2|   32|         64|
    |reg_3508                                                                 |    9|          2|   32|         64|
    |reg_3514                                                                 |    9|          2|   32|         64|
    |reg_3520                                                                 |    9|          2|   32|         64|
    |reg_3526                                                                 |    9|          2|   32|         64|
    |reg_3556                                                                 |    9|          2|   32|         64|
    |reg_3562                                                                 |    9|          2|   32|         64|
    |reg_3568                                                                 |    9|          2|   32|         64|
    |reg_3574                                                                 |    9|          2|   32|         64|
    |s_1_fu_584                                                               |    9|          2|    7|         14|
    |transformer_blk_s2_top_float_const_float_float_const_ln_buf_10_address0  |   97|         19|   12|        228|
    |transformer_blk_s2_top_float_const_float_float_const_ln_buf_10_address1  |   97|         19|   12|        228|
    |transformer_blk_s2_top_float_const_float_float_const_ln_buf_8_address0   |   97|         19|   12|        228|
    |transformer_blk_s2_top_float_const_float_float_const_ln_buf_8_address1   |   97|         19|   12|        228|
    |transformer_blk_s2_top_float_const_float_float_const_ln_buf_9_address0   |   97|         19|   12|        228|
    |transformer_blk_s2_top_float_const_float_float_const_ln_buf_9_address1   |   97|         19|   12|        228|
    |transformer_blk_s2_top_float_const_float_float_const_ln_buf_address0     |   97|         19|   12|        228|
    |transformer_blk_s2_top_float_const_float_float_const_ln_buf_address1     |   97|         19|   12|        228|
    |w_Addr_A_orig                                                            |  389|         74|   32|       2368|
    |w_Addr_B_orig                                                            |  377|         73|   32|       2336|
    +-------------------------------------------------------------------------+-----+-----------+-----+-----------+
    |Total                                                                    | 4416|        883|  941|      21538|
    +-------------------------------------------------------------------------+-----+-----------+-----+-----------+

    * Register: 
    +---------------------------------------------------------------------------------+-----+----+-----+-----------+
    |                                       Name                                      |  FF | LUT| Bits| Const Bits|
    +---------------------------------------------------------------------------------+-----+----+-----+-----------+
    |acc_1075_reg_11498                                                               |   32|   0|   32|          0|
    |add_ln162_2_reg_7908                                                             |   14|   0|   14|          0|
    |add_ln170_566_reg_8018                                                           |   11|   0|   17|          6|
    |add_ln172_reg_8224                                                               |    9|   0|    9|          0|
    |ap_CS_fsm                                                                        |   73|   0|   73|          0|
    |ap_done_reg                                                                      |    1|   0|    1|          0|
    |ap_enable_reg_pp0_iter0_reg                                                      |    1|   0|    1|          0|
    |ap_enable_reg_pp0_iter1                                                          |    1|   0|    1|          0|
    |ap_enable_reg_pp0_iter10                                                         |    1|   0|    1|          0|
    |ap_enable_reg_pp0_iter11                                                         |    1|   0|    1|          0|
    |ap_enable_reg_pp0_iter12                                                         |    1|   0|    1|          0|
    |ap_enable_reg_pp0_iter13                                                         |    1|   0|    1|          0|
    |ap_enable_reg_pp0_iter14                                                         |    1|   0|    1|          0|
    |ap_enable_reg_pp0_iter15                                                         |    1|   0|    1|          0|
    |ap_enable_reg_pp0_iter2                                                          |    1|   0|    1|          0|
    |ap_enable_reg_pp0_iter3                                                          |    1|   0|    1|          0|
    |ap_enable_reg_pp0_iter4                                                          |    1|   0|    1|          0|
    |ap_enable_reg_pp0_iter5                                                          |    1|   0|    1|          0|
    |ap_enable_reg_pp0_iter6                                                          |    1|   0|    1|          0|
    |ap_enable_reg_pp0_iter7                                                          |    1|   0|    1|          0|
    |ap_enable_reg_pp0_iter8                                                          |    1|   0|    1|          0|
    |ap_enable_reg_pp0_iter9                                                          |    1|   0|    1|          0|
    |ap_loop_exit_ready_pp0_iter10_reg                                                |    1|   0|    1|          0|
    |ap_loop_exit_ready_pp0_iter11_reg                                                |    1|   0|    1|          0|
    |ap_loop_exit_ready_pp0_iter12_reg                                                |    1|   0|    1|          0|
    |ap_loop_exit_ready_pp0_iter13_reg                                                |    1|   0|    1|          0|
    |ap_loop_exit_ready_pp0_iter14_reg                                                |    1|   0|    1|          0|
    |ap_loop_exit_ready_pp0_iter1_reg                                                 |    1|   0|    1|          0|
    |ap_loop_exit_ready_pp0_iter2_reg                                                 |    1|   0|    1|          0|
    |ap_loop_exit_ready_pp0_iter3_reg                                                 |    1|   0|    1|          0|
    |ap_loop_exit_ready_pp0_iter4_reg                                                 |    1|   0|    1|          0|
    |ap_loop_exit_ready_pp0_iter5_reg                                                 |    1|   0|    1|          0|
    |ap_loop_exit_ready_pp0_iter6_reg                                                 |    1|   0|    1|          0|
    |ap_loop_exit_ready_pp0_iter7_reg                                                 |    1|   0|    1|          0|
    |ap_loop_exit_ready_pp0_iter8_reg                                                 |    1|   0|    1|          0|
    |ap_loop_exit_ready_pp0_iter9_reg                                                 |    1|   0|    1|          0|
    |icmp_ln162_reg_7904                                                              |    1|   0|    1|          0|
    |icmp_ln163_reg_7913                                                              |    1|   0|    1|          0|
    |indvar_flatten_fu_588                                                            |   14|   0|   14|          0|
    |lshr_ln170_127_reg_11398                                                         |   11|   0|   15|          4|
    |lshr_ln1_reg_8150                                                                |   11|   0|   15|          4|
    |mul15_i_i_i_100_reg_10948                                                        |   32|   0|   32|          0|
    |mul15_i_i_i_101_reg_10953                                                        |   32|   0|   32|          0|
    |mul15_i_i_i_102_reg_10978                                                        |   32|   0|   32|          0|
    |mul15_i_i_i_103_reg_10983                                                        |   32|   0|   32|          0|
    |mul15_i_i_i_104_reg_11008                                                        |   32|   0|   32|          0|
    |mul15_i_i_i_105_reg_11013                                                        |   32|   0|   32|          0|
    |mul15_i_i_i_106_reg_11038                                                        |   32|   0|   32|          0|
    |mul15_i_i_i_107_reg_11043                                                        |   32|   0|   32|          0|
    |mul15_i_i_i_108_reg_11068                                                        |   32|   0|   32|          0|
    |mul15_i_i_i_109_reg_11073                                                        |   32|   0|   32|          0|
    |mul15_i_i_i_10_reg_9218                                                          |   32|   0|   32|          0|
    |mul15_i_i_i_10_reg_9218_pp0_iter1_reg                                            |   32|   0|   32|          0|
    |mul15_i_i_i_110_reg_11098                                                        |   32|   0|   32|          0|
    |mul15_i_i_i_111_reg_11103                                                        |   32|   0|   32|          0|
    |mul15_i_i_i_112_reg_11128                                                        |   32|   0|   32|          0|
    |mul15_i_i_i_113_reg_11133                                                        |   32|   0|   32|          0|
    |mul15_i_i_i_114_reg_11158                                                        |   32|   0|   32|          0|
    |mul15_i_i_i_115_reg_11163                                                        |   32|   0|   32|          0|
    |mul15_i_i_i_116_reg_11188                                                        |   32|   0|   32|          0|
    |mul15_i_i_i_117_reg_11193                                                        |   32|   0|   32|          0|
    |mul15_i_i_i_118_reg_11218                                                        |   32|   0|   32|          0|
    |mul15_i_i_i_119_reg_11223                                                        |   32|   0|   32|          0|
    |mul15_i_i_i_11_reg_9223                                                          |   32|   0|   32|          0|
    |mul15_i_i_i_11_reg_9223_pp0_iter1_reg                                            |   32|   0|   32|          0|
    |mul15_i_i_i_120_reg_11248                                                        |   32|   0|   32|          0|
    |mul15_i_i_i_121_reg_11253                                                        |   32|   0|   32|          0|
    |mul15_i_i_i_122_reg_11278                                                        |   32|   0|   32|          0|
    |mul15_i_i_i_123_reg_11283                                                        |   32|   0|   32|          0|
    |mul15_i_i_i_124_reg_11308                                                        |   32|   0|   32|          0|
    |mul15_i_i_i_125_reg_11313                                                        |   32|   0|   32|          0|
    |mul15_i_i_i_126_reg_11338                                                        |   32|   0|   32|          0|
    |mul15_i_i_i_127_reg_11343                                                        |   32|   0|   32|          0|
    |mul15_i_i_i_128_reg_11368                                                        |   32|   0|   32|          0|
    |mul15_i_i_i_129_reg_11373                                                        |   32|   0|   32|          0|
    |mul15_i_i_i_12_reg_9318                                                          |   32|   0|   32|          0|
    |mul15_i_i_i_12_reg_9318_pp0_iter1_reg                                            |   32|   0|   32|          0|
    |mul15_i_i_i_130_reg_11403                                                        |   32|   0|   32|          0|
    |mul15_i_i_i_131_reg_11408                                                        |   32|   0|   32|          0|
    |mul15_i_i_i_132_reg_11428                                                        |   32|   0|   32|          0|
    |mul15_i_i_i_133_reg_11433                                                        |   32|   0|   32|          0|
    |mul15_i_i_i_134_reg_11448                                                        |   32|   0|   32|          0|
    |mul15_i_i_i_135_reg_11453                                                        |   32|   0|   32|          0|
    |mul15_i_i_i_136_reg_11463                                                        |   32|   0|   32|          0|
    |mul15_i_i_i_137_reg_11468                                                        |   32|   0|   32|          0|
    |mul15_i_i_i_138_reg_11473                                                        |   32|   0|   32|          0|
    |mul15_i_i_i_139_reg_11478                                                        |   32|   0|   32|          0|
    |mul15_i_i_i_13_reg_9323                                                          |   32|   0|   32|          0|
    |mul15_i_i_i_13_reg_9323_pp0_iter1_reg                                            |   32|   0|   32|          0|
    |mul15_i_i_i_140_reg_11483                                                        |   32|   0|   32|          0|
    |mul15_i_i_i_141_reg_11488                                                        |   32|   0|   32|          0|
    |mul15_i_i_i_142_reg_11493                                                        |   32|   0|   32|          0|
    |mul15_i_i_i_14_reg_9418                                                          |   32|   0|   32|          0|
    |mul15_i_i_i_14_reg_9418_pp0_iter1_reg                                            |   32|   0|   32|          0|
    |mul15_i_i_i_15_reg_9423                                                          |   32|   0|   32|          0|
    |mul15_i_i_i_15_reg_9423_pp0_iter1_reg                                            |   32|   0|   32|          0|
    |mul15_i_i_i_16_reg_9518                                                          |   32|   0|   32|          0|
    |mul15_i_i_i_16_reg_9518_pp0_iter1_reg                                            |   32|   0|   32|          0|
    |mul15_i_i_i_17_reg_9523                                                          |   32|   0|   32|          0|
    |mul15_i_i_i_17_reg_9523_pp0_iter1_reg                                            |   32|   0|   32|          0|
    |mul15_i_i_i_18_reg_9618                                                          |   32|   0|   32|          0|
    |mul15_i_i_i_19_reg_9623                                                          |   32|   0|   32|          0|
    |mul15_i_i_i_1_reg_8714                                                           |   32|   0|   32|          0|
    |mul15_i_i_i_20_reg_9718                                                          |   32|   0|   32|          0|
    |mul15_i_i_i_21_reg_9723                                                          |   32|   0|   32|          0|
    |mul15_i_i_i_22_reg_9778                                                          |   32|   0|   32|          0|
    |mul15_i_i_i_23_reg_9783                                                          |   32|   0|   32|          0|
    |mul15_i_i_i_24_reg_9808                                                          |   32|   0|   32|          0|
    |mul15_i_i_i_25_reg_9813                                                          |   32|   0|   32|          0|
    |mul15_i_i_i_26_reg_9838                                                          |   32|   0|   32|          0|
    |mul15_i_i_i_27_reg_9843                                                          |   32|   0|   32|          0|
    |mul15_i_i_i_28_reg_9868                                                          |   32|   0|   32|          0|
    |mul15_i_i_i_29_reg_9873                                                          |   32|   0|   32|          0|
    |mul15_i_i_i_2_reg_8719                                                           |   32|   0|   32|          0|
    |mul15_i_i_i_30_reg_9898                                                          |   32|   0|   32|          0|
    |mul15_i_i_i_31_reg_9903                                                          |   32|   0|   32|          0|
    |mul15_i_i_i_32_reg_9928                                                          |   32|   0|   32|          0|
    |mul15_i_i_i_33_reg_9933                                                          |   32|   0|   32|          0|
    |mul15_i_i_i_34_reg_9958                                                          |   32|   0|   32|          0|
    |mul15_i_i_i_35_reg_9963                                                          |   32|   0|   32|          0|
    |mul15_i_i_i_36_reg_9988                                                          |   32|   0|   32|          0|
    |mul15_i_i_i_37_reg_9993                                                          |   32|   0|   32|          0|
    |mul15_i_i_i_38_reg_10018                                                         |   32|   0|   32|          0|
    |mul15_i_i_i_39_reg_10023                                                         |   32|   0|   32|          0|
    |mul15_i_i_i_3_reg_8814                                                           |   32|   0|   32|          0|
    |mul15_i_i_i_40_reg_10048                                                         |   32|   0|   32|          0|
    |mul15_i_i_i_41_reg_10053                                                         |   32|   0|   32|          0|
    |mul15_i_i_i_42_reg_10078                                                         |   32|   0|   32|          0|
    |mul15_i_i_i_43_reg_10083                                                         |   32|   0|   32|          0|
    |mul15_i_i_i_44_reg_10108                                                         |   32|   0|   32|          0|
    |mul15_i_i_i_45_reg_10113                                                         |   32|   0|   32|          0|
    |mul15_i_i_i_46_reg_10138                                                         |   32|   0|   32|          0|
    |mul15_i_i_i_47_reg_10143                                                         |   32|   0|   32|          0|
    |mul15_i_i_i_48_reg_10168                                                         |   32|   0|   32|          0|
    |mul15_i_i_i_49_reg_10173                                                         |   32|   0|   32|          0|
    |mul15_i_i_i_4_reg_8819                                                           |   32|   0|   32|          0|
    |mul15_i_i_i_50_reg_10198                                                         |   32|   0|   32|          0|
    |mul15_i_i_i_51_reg_10203                                                         |   32|   0|   32|          0|
    |mul15_i_i_i_52_reg_10228                                                         |   32|   0|   32|          0|
    |mul15_i_i_i_53_reg_10233                                                         |   32|   0|   32|          0|
    |mul15_i_i_i_54_reg_10258                                                         |   32|   0|   32|          0|
    |mul15_i_i_i_55_reg_10263                                                         |   32|   0|   32|          0|
    |mul15_i_i_i_56_reg_10288                                                         |   32|   0|   32|          0|
    |mul15_i_i_i_57_reg_10293                                                         |   32|   0|   32|          0|
    |mul15_i_i_i_58_reg_10318                                                         |   32|   0|   32|          0|
    |mul15_i_i_i_59_reg_10323                                                         |   32|   0|   32|          0|
    |mul15_i_i_i_5_reg_8914                                                           |   32|   0|   32|          0|
    |mul15_i_i_i_60_reg_10348                                                         |   32|   0|   32|          0|
    |mul15_i_i_i_61_reg_10353                                                         |   32|   0|   32|          0|
    |mul15_i_i_i_62_reg_10378                                                         |   32|   0|   32|          0|
    |mul15_i_i_i_63_reg_10383                                                         |   32|   0|   32|          0|
    |mul15_i_i_i_64_reg_10408                                                         |   32|   0|   32|          0|
    |mul15_i_i_i_65_reg_10413                                                         |   32|   0|   32|          0|
    |mul15_i_i_i_66_reg_10438                                                         |   32|   0|   32|          0|
    |mul15_i_i_i_67_reg_10443                                                         |   32|   0|   32|          0|
    |mul15_i_i_i_68_reg_10468                                                         |   32|   0|   32|          0|
    |mul15_i_i_i_69_reg_10473                                                         |   32|   0|   32|          0|
    |mul15_i_i_i_6_reg_8919                                                           |   32|   0|   32|          0|
    |mul15_i_i_i_70_reg_10498                                                         |   32|   0|   32|          0|
    |mul15_i_i_i_71_reg_10503                                                         |   32|   0|   32|          0|
    |mul15_i_i_i_72_reg_10528                                                         |   32|   0|   32|          0|
    |mul15_i_i_i_73_reg_10533                                                         |   32|   0|   32|          0|
    |mul15_i_i_i_74_reg_10558                                                         |   32|   0|   32|          0|
    |mul15_i_i_i_75_reg_10563                                                         |   32|   0|   32|          0|
    |mul15_i_i_i_76_reg_10588                                                         |   32|   0|   32|          0|
    |mul15_i_i_i_77_reg_10593                                                         |   32|   0|   32|          0|
    |mul15_i_i_i_78_reg_10618                                                         |   32|   0|   32|          0|
    |mul15_i_i_i_79_reg_10623                                                         |   32|   0|   32|          0|
    |mul15_i_i_i_7_reg_9014                                                           |   32|   0|   32|          0|
    |mul15_i_i_i_80_reg_10648                                                         |   32|   0|   32|          0|
    |mul15_i_i_i_81_reg_10653                                                         |   32|   0|   32|          0|
    |mul15_i_i_i_82_reg_10678                                                         |   32|   0|   32|          0|
    |mul15_i_i_i_83_reg_10683                                                         |   32|   0|   32|          0|
    |mul15_i_i_i_84_reg_10708                                                         |   32|   0|   32|          0|
    |mul15_i_i_i_85_reg_10713                                                         |   32|   0|   32|          0|
    |mul15_i_i_i_86_reg_10738                                                         |   32|   0|   32|          0|
    |mul15_i_i_i_87_reg_10743                                                         |   32|   0|   32|          0|
    |mul15_i_i_i_88_reg_10768                                                         |   32|   0|   32|          0|
    |mul15_i_i_i_89_reg_10773                                                         |   32|   0|   32|          0|
    |mul15_i_i_i_8_reg_9019                                                           |   32|   0|   32|          0|
    |mul15_i_i_i_90_reg_10798                                                         |   32|   0|   32|          0|
    |mul15_i_i_i_91_reg_10803                                                         |   32|   0|   32|          0|
    |mul15_i_i_i_92_reg_10828                                                         |   32|   0|   32|          0|
    |mul15_i_i_i_93_reg_10833                                                         |   32|   0|   32|          0|
    |mul15_i_i_i_94_reg_10858                                                         |   32|   0|   32|          0|
    |mul15_i_i_i_95_reg_10863                                                         |   32|   0|   32|          0|
    |mul15_i_i_i_96_reg_10888                                                         |   32|   0|   32|          0|
    |mul15_i_i_i_97_reg_10893                                                         |   32|   0|   32|          0|
    |mul15_i_i_i_98_reg_10918                                                         |   32|   0|   32|          0|
    |mul15_i_i_i_99_reg_10923                                                         |   32|   0|   32|          0|
    |mul15_i_i_i_9_reg_9114                                                           |   32|   0|   32|          0|
    |mul15_i_i_i_reg_8614                                                             |   32|   0|   32|          0|
    |mul15_i_i_i_s_reg_9119                                                           |   32|   0|   32|          0|
    |mul15_i_i_i_s_reg_9119_pp0_iter1_reg                                             |   32|   0|   32|          0|
    |od_fu_580                                                                        |    8|   0|    8|          0|
    |reg_3433                                                                         |   32|   0|   32|          0|
    |reg_3439                                                                         |   32|   0|   32|          0|
    |reg_3444                                                                         |   32|   0|   32|          0|
    |reg_3449                                                                         |   32|   0|   32|          0|
    |reg_3454                                                                         |   32|   0|   32|          0|
    |reg_3460                                                                         |   32|   0|   32|          0|
    |reg_3466                                                                         |   32|   0|   32|          0|
    |reg_3472                                                                         |   32|   0|   32|          0|
    |reg_3478                                                                         |   32|   0|   32|          0|
    |reg_3483                                                                         |   32|   0|   32|          0|
    |reg_3488                                                                         |   32|   0|   32|          0|
    |reg_3493                                                                         |   32|   0|   32|          0|
    |reg_3498                                                                         |   32|   0|   32|          0|
    |reg_3503                                                                         |   32|   0|   32|          0|
    |reg_3508                                                                         |   32|   0|   32|          0|
    |reg_3514                                                                         |   32|   0|   32|          0|
    |reg_3520                                                                         |   32|   0|   32|          0|
    |reg_3526                                                                         |   32|   0|   32|          0|
    |reg_3532                                                                         |   32|   0|   32|          0|
    |reg_3536                                                                         |   32|   0|   32|          0|
    |reg_3541                                                                         |   32|   0|   32|          0|
    |reg_3546                                                                         |   32|   0|   32|          0|
    |reg_3551                                                                         |   32|   0|   32|          0|
    |reg_3556                                                                         |   32|   0|   32|          0|
    |reg_3562                                                                         |   32|   0|   32|          0|
    |reg_3568                                                                         |   32|   0|   32|          0|
    |reg_3574                                                                         |   32|   0|   32|          0|
    |reg_3580                                                                         |   32|   0|   32|          0|
    |reg_3585                                                                         |   32|   0|   32|          0|
    |reg_3590                                                                         |   32|   0|   32|          0|
    |reg_3595                                                                         |   32|   0|   32|          0|
    |reg_3600                                                                         |   32|   0|   32|          0|
    |reg_3605                                                                         |   32|   0|   32|          0|
    |reg_3610                                                                         |   32|   0|   32|          0|
    |reg_3615                                                                         |   32|   0|   32|          0|
    |reg_3620                                                                         |   32|   0|   32|          0|
    |reg_3625                                                                         |   32|   0|   32|          0|
    |reg_3630                                                                         |   32|   0|   32|          0|
    |reg_3635                                                                         |   32|   0|   32|          0|
    |reg_3640                                                                         |   32|   0|   32|          0|
    |reg_3645                                                                         |   32|   0|   32|          0|
    |reg_3650                                                                         |   32|   0|   32|          0|
    |reg_3655                                                                         |   32|   0|   32|          0|
    |reg_3660                                                                         |   32|   0|   32|          0|
    |s_1_fu_584                                                                       |    7|   0|    7|          0|
    |select_ln162_13_reg_8008                                                         |    7|   0|    7|          0|
    |select_ln162_2_reg_7930                                                          |   10|   0|   12|          2|
    |select_ln162_reg_7918                                                            |    8|   0|    8|          0|
    |shl_ln170_2_mid1_reg_7925                                                        |    7|   0|    9|          2|
    |shl_ln170_2_reg_7899                                                             |    7|   0|    9|          2|
    |transformer_blk_s2_top_float_const_float_float_const_ln_buf_10_load_10_reg_8549  |   32|   0|   32|          0|
    |transformer_blk_s2_top_float_const_float_float_const_ln_buf_10_load_11_reg_8569  |   32|   0|   32|          0|
    |transformer_blk_s2_top_float_const_float_float_const_ln_buf_10_load_12_reg_8644  |   32|   0|   32|          0|
    |transformer_blk_s2_top_float_const_float_float_const_ln_buf_10_load_13_reg_8664  |   32|   0|   32|          0|
    |transformer_blk_s2_top_float_const_float_float_const_ln_buf_10_load_15_reg_8769  |   32|   0|   32|          0|
    |transformer_blk_s2_top_float_const_float_float_const_ln_buf_10_load_16_reg_8849  |   32|   0|   32|          0|
    |transformer_blk_s2_top_float_const_float_float_const_ln_buf_10_load_17_reg_8869  |   32|   0|   32|          0|
    |transformer_blk_s2_top_float_const_float_float_const_ln_buf_10_load_19_reg_8969  |   32|   0|   32|          0|
    |transformer_blk_s2_top_float_const_float_float_const_ln_buf_10_load_20_reg_9049  |   32|   0|   32|          0|
    |transformer_blk_s2_top_float_const_float_float_const_ln_buf_10_load_21_reg_9069  |   32|   0|   32|          0|
    |transformer_blk_s2_top_float_const_float_float_const_ln_buf_10_load_23_reg_9173  |   32|   0|   32|          0|
    |transformer_blk_s2_top_float_const_float_float_const_ln_buf_10_load_24_reg_9253  |   32|   0|   32|          0|
    |transformer_blk_s2_top_float_const_float_float_const_ln_buf_10_load_25_reg_9273  |   32|   0|   32|          0|
    |transformer_blk_s2_top_float_const_float_float_const_ln_buf_10_load_27_reg_9373  |   32|   0|   32|          0|
    |transformer_blk_s2_top_float_const_float_float_const_ln_buf_10_load_28_reg_9453  |   32|   0|   32|          0|
    |transformer_blk_s2_top_float_const_float_float_const_ln_buf_10_load_29_reg_9473  |   32|   0|   32|          0|
    |transformer_blk_s2_top_float_const_float_float_const_ln_buf_10_load_31_reg_9573  |   32|   0|   32|          0|
    |transformer_blk_s2_top_float_const_float_float_const_ln_buf_10_load_32_reg_9653  |   32|   0|   32|          0|
    |transformer_blk_s2_top_float_const_float_float_const_ln_buf_10_load_33_reg_9673  |   32|   0|   32|          0|
    |transformer_blk_s2_top_float_const_float_float_const_ln_buf_10_load_35_reg_9773  |   32|   0|   32|          0|
    |transformer_blk_s2_top_float_const_float_float_const_ln_buf_10_load_6_reg_8354   |   32|   0|   32|          0|
    |transformer_blk_s2_top_float_const_float_float_const_ln_buf_10_load_7_reg_8374   |   32|   0|   32|          0|
    |transformer_blk_s2_top_float_const_float_float_const_ln_buf_10_load_8_reg_8454   |   32|   0|   32|          0|
    |transformer_blk_s2_top_float_const_float_float_const_ln_buf_10_load_9_reg_8474   |   32|   0|   32|          0|
    |transformer_blk_s2_top_float_const_float_float_const_ln_buf_8_load_10_reg_8539   |   32|   0|   32|          0|
    |transformer_blk_s2_top_float_const_float_float_const_ln_buf_8_load_11_reg_8559   |   32|   0|   32|          0|
    |transformer_blk_s2_top_float_const_float_float_const_ln_buf_8_load_13_reg_8654   |   32|   0|   32|          0|
    |transformer_blk_s2_top_float_const_float_float_const_ln_buf_8_load_14_reg_8744   |   32|   0|   32|          0|
    |transformer_blk_s2_top_float_const_float_float_const_ln_buf_8_load_15_reg_8759   |   32|   0|   32|          0|
    |transformer_blk_s2_top_float_const_float_float_const_ln_buf_8_load_17_reg_8859   |   32|   0|   32|          0|
    |transformer_blk_s2_top_float_const_float_float_const_ln_buf_8_load_18_reg_8944   |   32|   0|   32|          0|
    |transformer_blk_s2_top_float_const_float_float_const_ln_buf_8_load_19_reg_8959   |   32|   0|   32|          0|
    |transformer_blk_s2_top_float_const_float_float_const_ln_buf_8_load_21_reg_9059   |   32|   0|   32|          0|
    |transformer_blk_s2_top_float_const_float_float_const_ln_buf_8_load_22_reg_9148   |   32|   0|   32|          0|
    |transformer_blk_s2_top_float_const_float_float_const_ln_buf_8_load_23_reg_9163   |   32|   0|   32|          0|
    |transformer_blk_s2_top_float_const_float_float_const_ln_buf_8_load_25_reg_9263   |   32|   0|   32|          0|
    |transformer_blk_s2_top_float_const_float_float_const_ln_buf_8_load_26_reg_9348   |   32|   0|   32|          0|
    |transformer_blk_s2_top_float_const_float_float_const_ln_buf_8_load_27_reg_9363   |   32|   0|   32|          0|
    |transformer_blk_s2_top_float_const_float_float_const_ln_buf_8_load_29_reg_9463   |   32|   0|   32|          0|
    |transformer_blk_s2_top_float_const_float_float_const_ln_buf_8_load_30_reg_9548   |   32|   0|   32|          0|
    |transformer_blk_s2_top_float_const_float_float_const_ln_buf_8_load_31_reg_9563   |   32|   0|   32|          0|
    |transformer_blk_s2_top_float_const_float_float_const_ln_buf_8_load_33_reg_9663   |   32|   0|   32|          0|
    |transformer_blk_s2_top_float_const_float_float_const_ln_buf_8_load_34_reg_9748   |   32|   0|   32|          0|
    |transformer_blk_s2_top_float_const_float_float_const_ln_buf_8_load_35_reg_9763   |   32|   0|   32|          0|
    |transformer_blk_s2_top_float_const_float_float_const_ln_buf_8_load_6_reg_8344    |   32|   0|   32|          0|
    |transformer_blk_s2_top_float_const_float_float_const_ln_buf_8_load_7_reg_8364    |   32|   0|   32|          0|
    |transformer_blk_s2_top_float_const_float_float_const_ln_buf_8_load_8_reg_8444    |   32|   0|   32|          0|
    |transformer_blk_s2_top_float_const_float_float_const_ln_buf_8_load_9_reg_8464    |   32|   0|   32|          0|
    |transformer_blk_s2_top_float_const_float_float_const_ln_buf_9_load_10_reg_8544   |   32|   0|   32|          0|
    |transformer_blk_s2_top_float_const_float_float_const_ln_buf_9_load_11_reg_8564   |   32|   0|   32|          0|
    |transformer_blk_s2_top_float_const_float_float_const_ln_buf_9_load_13_reg_8659   |   32|   0|   32|          0|
    |transformer_blk_s2_top_float_const_float_float_const_ln_buf_9_load_14_reg_8749   |   32|   0|   32|          0|
    |transformer_blk_s2_top_float_const_float_float_const_ln_buf_9_load_15_reg_8764   |   32|   0|   32|          0|
    |transformer_blk_s2_top_float_const_float_float_const_ln_buf_9_load_17_reg_8864   |   32|   0|   32|          0|
    |transformer_blk_s2_top_float_const_float_float_const_ln_buf_9_load_18_reg_8949   |   32|   0|   32|          0|
    |transformer_blk_s2_top_float_const_float_float_const_ln_buf_9_load_19_reg_8964   |   32|   0|   32|          0|
    |transformer_blk_s2_top_float_const_float_float_const_ln_buf_9_load_21_reg_9064   |   32|   0|   32|          0|
    |transformer_blk_s2_top_float_const_float_float_const_ln_buf_9_load_22_reg_9153   |   32|   0|   32|          0|
    |transformer_blk_s2_top_float_const_float_float_const_ln_buf_9_load_23_reg_9168   |   32|   0|   32|          0|
    |transformer_blk_s2_top_float_const_float_float_const_ln_buf_9_load_25_reg_9268   |   32|   0|   32|          0|
    |transformer_blk_s2_top_float_const_float_float_const_ln_buf_9_load_26_reg_9353   |   32|   0|   32|          0|
    |transformer_blk_s2_top_float_const_float_float_const_ln_buf_9_load_27_reg_9368   |   32|   0|   32|          0|
    |transformer_blk_s2_top_float_const_float_float_const_ln_buf_9_load_29_reg_9468   |   32|   0|   32|          0|
    |transformer_blk_s2_top_float_const_float_float_const_ln_buf_9_load_30_reg_9553   |   32|   0|   32|          0|
    |transformer_blk_s2_top_float_const_float_float_const_ln_buf_9_load_31_reg_9568   |   32|   0|   32|          0|
    |transformer_blk_s2_top_float_const_float_float_const_ln_buf_9_load_33_reg_9668   |   32|   0|   32|          0|
    |transformer_blk_s2_top_float_const_float_float_const_ln_buf_9_load_34_reg_9753   |   32|   0|   32|          0|
    |transformer_blk_s2_top_float_const_float_float_const_ln_buf_9_load_35_reg_9768   |   32|   0|   32|          0|
    |transformer_blk_s2_top_float_const_float_float_const_ln_buf_9_load_6_reg_8349    |   32|   0|   32|          0|
    |transformer_blk_s2_top_float_const_float_float_const_ln_buf_9_load_7_reg_8369    |   32|   0|   32|          0|
    |transformer_blk_s2_top_float_const_float_float_const_ln_buf_9_load_8_reg_8449    |   32|   0|   32|          0|
    |transformer_blk_s2_top_float_const_float_float_const_ln_buf_9_load_9_reg_8469    |   32|   0|   32|          0|
    |transformer_blk_s2_top_float_const_float_float_const_ln_buf_load_11_reg_8554     |   32|   0|   32|          0|
    |transformer_blk_s2_top_float_const_float_float_const_ln_buf_load_12_reg_8639     |   32|   0|   32|          0|
    |transformer_blk_s2_top_float_const_float_float_const_ln_buf_load_13_reg_8649     |   32|   0|   32|          0|
    |transformer_blk_s2_top_float_const_float_float_const_ln_buf_load_15_reg_8754     |   32|   0|   32|          0|
    |transformer_blk_s2_top_float_const_float_float_const_ln_buf_load_16_reg_8844     |   32|   0|   32|          0|
    |transformer_blk_s2_top_float_const_float_float_const_ln_buf_load_17_reg_8854     |   32|   0|   32|          0|
    |transformer_blk_s2_top_float_const_float_float_const_ln_buf_load_19_reg_8954     |   32|   0|   32|          0|
    |transformer_blk_s2_top_float_const_float_float_const_ln_buf_load_20_reg_9044     |   32|   0|   32|          0|
    |transformer_blk_s2_top_float_const_float_float_const_ln_buf_load_21_reg_9054     |   32|   0|   32|          0|
    |transformer_blk_s2_top_float_const_float_float_const_ln_buf_load_23_reg_9158     |   32|   0|   32|          0|
    |transformer_blk_s2_top_float_const_float_float_const_ln_buf_load_24_reg_9248     |   32|   0|   32|          0|
    |transformer_blk_s2_top_float_const_float_float_const_ln_buf_load_25_reg_9258     |   32|   0|   32|          0|
    |transformer_blk_s2_top_float_const_float_float_const_ln_buf_load_27_reg_9358     |   32|   0|   32|          0|
    |transformer_blk_s2_top_float_const_float_float_const_ln_buf_load_28_reg_9448     |   32|   0|   32|          0|
    |transformer_blk_s2_top_float_const_float_float_const_ln_buf_load_29_reg_9458     |   32|   0|   32|          0|
    |transformer_blk_s2_top_float_const_float_float_const_ln_buf_load_31_reg_9558     |   32|   0|   32|          0|
    |transformer_blk_s2_top_float_const_float_float_const_ln_buf_load_32_reg_9648     |   32|   0|   32|          0|
    |transformer_blk_s2_top_float_const_float_float_const_ln_buf_load_33_reg_9658     |   32|   0|   32|          0|
    |transformer_blk_s2_top_float_const_float_float_const_ln_buf_load_35_reg_9758     |   32|   0|   32|          0|
    |transformer_blk_s2_top_float_const_float_float_const_ln_buf_load_7_reg_8359      |   32|   0|   32|          0|
    |transformer_blk_s2_top_float_const_float_float_const_ln_buf_load_8_reg_8439      |   32|   0|   32|          0|
    |transformer_blk_s2_top_float_const_float_float_const_ln_buf_load_9_reg_8459      |   32|   0|   32|          0|
    |trunc_ln172_reg_9144                                                             |    6|   0|    6|          0|
    |add_ln172_reg_8224                                                               |   64|  32|    9|          0|
    |icmp_ln162_reg_7904                                                              |   64|  32|    1|          0|
    |mul15_i_i_i_100_reg_10948                                                        |   64|  32|   32|          0|
    |mul15_i_i_i_101_reg_10953                                                        |   64|  32|   32|          0|
    |mul15_i_i_i_102_reg_10978                                                        |   64|  32|   32|          0|
    |mul15_i_i_i_103_reg_10983                                                        |   64|  32|   32|          0|
    |mul15_i_i_i_104_reg_11008                                                        |   64|  32|   32|          0|
    |mul15_i_i_i_105_reg_11013                                                        |   64|  32|   32|          0|
    |mul15_i_i_i_106_reg_11038                                                        |   64|  32|   32|          0|
    |mul15_i_i_i_107_reg_11043                                                        |   64|  32|   32|          0|
    |mul15_i_i_i_108_reg_11068                                                        |   64|  32|   32|          0|
    |mul15_i_i_i_109_reg_11073                                                        |   64|  32|   32|          0|
    |mul15_i_i_i_110_reg_11098                                                        |   64|  32|   32|          0|
    |mul15_i_i_i_111_reg_11103                                                        |   64|  32|   32|          0|
    |mul15_i_i_i_112_reg_11128                                                        |   64|  32|   32|          0|
    |mul15_i_i_i_113_reg_11133                                                        |   64|  32|   32|          0|
    |mul15_i_i_i_114_reg_11158                                                        |   64|  32|   32|          0|
    |mul15_i_i_i_115_reg_11163                                                        |   64|  32|   32|          0|
    |mul15_i_i_i_116_reg_11188                                                        |   64|  32|   32|          0|
    |mul15_i_i_i_117_reg_11193                                                        |   64|  32|   32|          0|
    |mul15_i_i_i_118_reg_11218                                                        |   64|  32|   32|          0|
    |mul15_i_i_i_119_reg_11223                                                        |   64|  32|   32|          0|
    |mul15_i_i_i_120_reg_11248                                                        |   64|  32|   32|          0|
    |mul15_i_i_i_121_reg_11253                                                        |   64|  32|   32|          0|
    |mul15_i_i_i_122_reg_11278                                                        |   64|  32|   32|          0|
    |mul15_i_i_i_123_reg_11283                                                        |   64|  32|   32|          0|
    |mul15_i_i_i_124_reg_11308                                                        |   64|  32|   32|          0|
    |mul15_i_i_i_125_reg_11313                                                        |   64|  32|   32|          0|
    |mul15_i_i_i_126_reg_11338                                                        |   64|  32|   32|          0|
    |mul15_i_i_i_127_reg_11343                                                        |   64|  32|   32|          0|
    |mul15_i_i_i_128_reg_11368                                                        |   64|  32|   32|          0|
    |mul15_i_i_i_129_reg_11373                                                        |   64|  32|   32|          0|
    |mul15_i_i_i_130_reg_11403                                                        |   64|  32|   32|          0|
    |mul15_i_i_i_131_reg_11408                                                        |   64|  32|   32|          0|
    |mul15_i_i_i_132_reg_11428                                                        |   64|  32|   32|          0|
    |mul15_i_i_i_133_reg_11433                                                        |   64|  32|   32|          0|
    |mul15_i_i_i_134_reg_11448                                                        |   64|  32|   32|          0|
    |mul15_i_i_i_135_reg_11453                                                        |   64|  32|   32|          0|
    |mul15_i_i_i_136_reg_11463                                                        |   64|  32|   32|          0|
    |mul15_i_i_i_137_reg_11468                                                        |   64|  32|   32|          0|
    |mul15_i_i_i_138_reg_11473                                                        |   64|  32|   32|          0|
    |mul15_i_i_i_139_reg_11478                                                        |   64|  32|   32|          0|
    |mul15_i_i_i_140_reg_11483                                                        |   64|  32|   32|          0|
    |mul15_i_i_i_141_reg_11488                                                        |   64|  32|   32|          0|
    |mul15_i_i_i_142_reg_11493                                                        |   64|  32|   32|          0|
    |mul15_i_i_i_18_reg_9618                                                          |   64|  32|   32|          0|
    |mul15_i_i_i_19_reg_9623                                                          |   64|  32|   32|          0|
    |mul15_i_i_i_20_reg_9718                                                          |   64|  32|   32|          0|
    |mul15_i_i_i_21_reg_9723                                                          |   64|  32|   32|          0|
    |mul15_i_i_i_22_reg_9778                                                          |   64|  32|   32|          0|
    |mul15_i_i_i_23_reg_9783                                                          |   64|  32|   32|          0|
    |mul15_i_i_i_24_reg_9808                                                          |   64|  32|   32|          0|
    |mul15_i_i_i_25_reg_9813                                                          |   64|  32|   32|          0|
    |mul15_i_i_i_26_reg_9838                                                          |   64|  32|   32|          0|
    |mul15_i_i_i_27_reg_9843                                                          |   64|  32|   32|          0|
    |mul15_i_i_i_28_reg_9868                                                          |   64|  32|   32|          0|
    |mul15_i_i_i_29_reg_9873                                                          |   64|  32|   32|          0|
    |mul15_i_i_i_30_reg_9898                                                          |   64|  32|   32|          0|
    |mul15_i_i_i_31_reg_9903                                                          |   64|  32|   32|          0|
    |mul15_i_i_i_32_reg_9928                                                          |   64|  32|   32|          0|
    |mul15_i_i_i_33_reg_9933                                                          |   64|  32|   32|          0|
    |mul15_i_i_i_34_reg_9958                                                          |   64|  32|   32|          0|
    |mul15_i_i_i_35_reg_9963                                                          |   64|  32|   32|          0|
    |mul15_i_i_i_36_reg_9988                                                          |   64|  32|   32|          0|
    |mul15_i_i_i_37_reg_9993                                                          |   64|  32|   32|          0|
    |mul15_i_i_i_38_reg_10018                                                         |   64|  32|   32|          0|
    |mul15_i_i_i_39_reg_10023                                                         |   64|  32|   32|          0|
    |mul15_i_i_i_40_reg_10048                                                         |   64|  32|   32|          0|
    |mul15_i_i_i_41_reg_10053                                                         |   64|  32|   32|          0|
    |mul15_i_i_i_42_reg_10078                                                         |   64|  32|   32|          0|
    |mul15_i_i_i_43_reg_10083                                                         |   64|  32|   32|          0|
    |mul15_i_i_i_44_reg_10108                                                         |   64|  32|   32|          0|
    |mul15_i_i_i_45_reg_10113                                                         |   64|  32|   32|          0|
    |mul15_i_i_i_46_reg_10138                                                         |   64|  32|   32|          0|
    |mul15_i_i_i_47_reg_10143                                                         |   64|  32|   32|          0|
    |mul15_i_i_i_48_reg_10168                                                         |   64|  32|   32|          0|
    |mul15_i_i_i_49_reg_10173                                                         |   64|  32|   32|          0|
    |mul15_i_i_i_50_reg_10198                                                         |   64|  32|   32|          0|
    |mul15_i_i_i_51_reg_10203                                                         |   64|  32|   32|          0|
    |mul15_i_i_i_52_reg_10228                                                         |   64|  32|   32|          0|
    |mul15_i_i_i_53_reg_10233                                                         |   64|  32|   32|          0|
    |mul15_i_i_i_54_reg_10258                                                         |   64|  32|   32|          0|
    |mul15_i_i_i_55_reg_10263                                                         |   64|  32|   32|          0|
    |mul15_i_i_i_56_reg_10288                                                         |   64|  32|   32|          0|
    |mul15_i_i_i_57_reg_10293                                                         |   64|  32|   32|          0|
    |mul15_i_i_i_58_reg_10318                                                         |   64|  32|   32|          0|
    |mul15_i_i_i_59_reg_10323                                                         |   64|  32|   32|          0|
    |mul15_i_i_i_60_reg_10348                                                         |   64|  32|   32|          0|
    |mul15_i_i_i_61_reg_10353                                                         |   64|  32|   32|          0|
    |mul15_i_i_i_62_reg_10378                                                         |   64|  32|   32|          0|
    |mul15_i_i_i_63_reg_10383                                                         |   64|  32|   32|          0|
    |mul15_i_i_i_64_reg_10408                                                         |   64|  32|   32|          0|
    |mul15_i_i_i_65_reg_10413                                                         |   64|  32|   32|          0|
    |mul15_i_i_i_66_reg_10438                                                         |   64|  32|   32|          0|
    |mul15_i_i_i_67_reg_10443                                                         |   64|  32|   32|          0|
    |mul15_i_i_i_68_reg_10468                                                         |   64|  32|   32|          0|
    |mul15_i_i_i_69_reg_10473                                                         |   64|  32|   32|          0|
    |mul15_i_i_i_70_reg_10498                                                         |   64|  32|   32|          0|
    |mul15_i_i_i_71_reg_10503                                                         |   64|  32|   32|          0|
    |mul15_i_i_i_72_reg_10528                                                         |   64|  32|   32|          0|
    |mul15_i_i_i_73_reg_10533                                                         |   64|  32|   32|          0|
    |mul15_i_i_i_74_reg_10558                                                         |   64|  32|   32|          0|
    |mul15_i_i_i_75_reg_10563                                                         |   64|  32|   32|          0|
    |mul15_i_i_i_76_reg_10588                                                         |   64|  32|   32|          0|
    |mul15_i_i_i_77_reg_10593                                                         |   64|  32|   32|          0|
    |mul15_i_i_i_78_reg_10618                                                         |   64|  32|   32|          0|
    |mul15_i_i_i_79_reg_10623                                                         |   64|  32|   32|          0|
    |mul15_i_i_i_80_reg_10648                                                         |   64|  32|   32|          0|
    |mul15_i_i_i_81_reg_10653                                                         |   64|  32|   32|          0|
    |mul15_i_i_i_82_reg_10678                                                         |   64|  32|   32|          0|
    |mul15_i_i_i_83_reg_10683                                                         |   64|  32|   32|          0|
    |mul15_i_i_i_84_reg_10708                                                         |   64|  32|   32|          0|
    |mul15_i_i_i_85_reg_10713                                                         |   64|  32|   32|          0|
    |mul15_i_i_i_86_reg_10738                                                         |   64|  32|   32|          0|
    |mul15_i_i_i_87_reg_10743                                                         |   64|  32|   32|          0|
    |mul15_i_i_i_88_reg_10768                                                         |   64|  32|   32|          0|
    |mul15_i_i_i_89_reg_10773                                                         |   64|  32|   32|          0|
    |mul15_i_i_i_90_reg_10798                                                         |   64|  32|   32|          0|
    |mul15_i_i_i_91_reg_10803                                                         |   64|  32|   32|          0|
    |mul15_i_i_i_92_reg_10828                                                         |   64|  32|   32|          0|
    |mul15_i_i_i_93_reg_10833                                                         |   64|  32|   32|          0|
    |mul15_i_i_i_94_reg_10858                                                         |   64|  32|   32|          0|
    |mul15_i_i_i_95_reg_10863                                                         |   64|  32|   32|          0|
    |mul15_i_i_i_96_reg_10888                                                         |   64|  32|   32|          0|
    |mul15_i_i_i_97_reg_10893                                                         |   64|  32|   32|          0|
    |mul15_i_i_i_98_reg_10918                                                         |   64|  32|   32|          0|
    |mul15_i_i_i_99_reg_10923                                                         |   64|  32|   32|          0|
    |trunc_ln172_reg_9144                                                             |   64|  32|    6|          0|
    +---------------------------------------------------------------------------------+-----+----+-----+-----------+
    |Total                                                                            |17772|4096|13616|         20|
    +---------------------------------------------------------------------------------+-----+----+-----+-----------+



================================================================
== Interface
================================================================
* Summary: 
+-------------------------------------------------------------------------+-----+-----+------------+----------------------------------------------------------------+--------------+
|                                RTL Ports                                | Dir | Bits|  Protocol  |                          Source Object                         |    C Type    |
+-------------------------------------------------------------------------+-----+-----+------------+----------------------------------------------------------------+--------------+
|ap_clk                                                                   |   in|    1|  ap_ctrl_hs|                      transformer_blk_s2_top_Pipeline_LF_S_LF_OD|  return value|
|ap_rst                                                                   |   in|    1|  ap_ctrl_hs|                      transformer_blk_s2_top_Pipeline_LF_S_LF_OD|  return value|
|ap_start                                                                 |   in|    1|  ap_ctrl_hs|                      transformer_blk_s2_top_Pipeline_LF_S_LF_OD|  return value|
|ap_done                                                                  |  out|    1|  ap_ctrl_hs|                      transformer_blk_s2_top_Pipeline_LF_S_LF_OD|  return value|
|ap_idle                                                                  |  out|    1|  ap_ctrl_hs|                      transformer_blk_s2_top_Pipeline_LF_S_LF_OD|  return value|
|ap_ready                                                                 |  out|    1|  ap_ctrl_hs|                      transformer_blk_s2_top_Pipeline_LF_S_LF_OD|  return value|
|grp_fu_2377_p_din0                                                       |  out|   32|  ap_ctrl_hs|                      transformer_blk_s2_top_Pipeline_LF_S_LF_OD|  return value|
|grp_fu_2377_p_din1                                                       |  out|   32|  ap_ctrl_hs|                      transformer_blk_s2_top_Pipeline_LF_S_LF_OD|  return value|
|grp_fu_2377_p_opcode                                                     |  out|    1|  ap_ctrl_hs|                      transformer_blk_s2_top_Pipeline_LF_S_LF_OD|  return value|
|grp_fu_2377_p_dout0                                                      |   in|   32|  ap_ctrl_hs|                      transformer_blk_s2_top_Pipeline_LF_S_LF_OD|  return value|
|grp_fu_2377_p_ce                                                         |  out|    1|  ap_ctrl_hs|                      transformer_blk_s2_top_Pipeline_LF_S_LF_OD|  return value|
|grp_fu_4550_p_din0                                                       |  out|   32|  ap_ctrl_hs|                      transformer_blk_s2_top_Pipeline_LF_S_LF_OD|  return value|
|grp_fu_4550_p_din1                                                       |  out|   32|  ap_ctrl_hs|                      transformer_blk_s2_top_Pipeline_LF_S_LF_OD|  return value|
|grp_fu_4550_p_opcode                                                     |  out|    1|  ap_ctrl_hs|                      transformer_blk_s2_top_Pipeline_LF_S_LF_OD|  return value|
|grp_fu_4550_p_dout0                                                      |   in|   32|  ap_ctrl_hs|                      transformer_blk_s2_top_Pipeline_LF_S_LF_OD|  return value|
|grp_fu_4550_p_ce                                                         |  out|    1|  ap_ctrl_hs|                      transformer_blk_s2_top_Pipeline_LF_S_LF_OD|  return value|
|grp_fu_4578_p_din0                                                       |  out|   32|  ap_ctrl_hs|                      transformer_blk_s2_top_Pipeline_LF_S_LF_OD|  return value|
|grp_fu_4578_p_din1                                                       |  out|   32|  ap_ctrl_hs|                      transformer_blk_s2_top_Pipeline_LF_S_LF_OD|  return value|
|grp_fu_4578_p_dout0                                                      |   in|   32|  ap_ctrl_hs|                      transformer_blk_s2_top_Pipeline_LF_S_LF_OD|  return value|
|grp_fu_4578_p_ce                                                         |  out|    1|  ap_ctrl_hs|                      transformer_blk_s2_top_Pipeline_LF_S_LF_OD|  return value|
|grp_fu_4582_p_din0                                                       |  out|   32|  ap_ctrl_hs|                      transformer_blk_s2_top_Pipeline_LF_S_LF_OD|  return value|
|grp_fu_4582_p_din1                                                       |  out|   32|  ap_ctrl_hs|                      transformer_blk_s2_top_Pipeline_LF_S_LF_OD|  return value|
|grp_fu_4582_p_dout0                                                      |   in|   32|  ap_ctrl_hs|                      transformer_blk_s2_top_Pipeline_LF_S_LF_OD|  return value|
|grp_fu_4582_p_ce                                                         |  out|    1|  ap_ctrl_hs|                      transformer_blk_s2_top_Pipeline_LF_S_LF_OD|  return value|
|w_Addr_A                                                                 |  out|   32|        bram|                                                               w|         array|
|w_EN_A                                                                   |  out|    1|        bram|                                                               w|         array|
|w_WEN_A                                                                  |  out|    4|        bram|                                                               w|         array|
|w_Din_A                                                                  |  out|   32|        bram|                                                               w|         array|
|w_Dout_A                                                                 |   in|   32|        bram|                                                               w|         array|
|w_Addr_B                                                                 |  out|   32|        bram|                                                               w|         array|
|w_EN_B                                                                   |  out|    1|        bram|                                                               w|         array|
|w_WEN_B                                                                  |  out|    4|        bram|                                                               w|         array|
|w_Din_B                                                                  |  out|   32|        bram|                                                               w|         array|
|w_Dout_B                                                                 |   in|   32|        bram|                                                               w|         array|
|transformer_blk_s2_top_float_const_float_float_const_q_buf_address0      |  out|    9|   ap_memory|      transformer_blk_s2_top_float_const_float_float_const_q_buf|         array|
|transformer_blk_s2_top_float_const_float_float_const_q_buf_ce0           |  out|    1|   ap_memory|      transformer_blk_s2_top_float_const_float_float_const_q_buf|         array|
|transformer_blk_s2_top_float_const_float_float_const_q_buf_we0           |  out|    1|   ap_memory|      transformer_blk_s2_top_float_const_float_float_const_q_buf|         array|
|transformer_blk_s2_top_float_const_float_float_const_q_buf_d0            |  out|   32|   ap_memory|      transformer_blk_s2_top_float_const_float_float_const_q_buf|         array|
|transformer_blk_s2_top_float_const_float_float_const_ln_buf_address0     |  out|   12|   ap_memory|     transformer_blk_s2_top_float_const_float_float_const_ln_buf|         array|
|transformer_blk_s2_top_float_const_float_float_const_ln_buf_ce0          |  out|    1|   ap_memory|     transformer_blk_s2_top_float_const_float_float_const_ln_buf|         array|
|transformer_blk_s2_top_float_const_float_float_const_ln_buf_q0           |   in|   32|   ap_memory|     transformer_blk_s2_top_float_const_float_float_const_ln_buf|         array|
|transformer_blk_s2_top_float_const_float_float_const_ln_buf_address1     |  out|   12|   ap_memory|     transformer_blk_s2_top_float_const_float_float_const_ln_buf|         array|
|transformer_blk_s2_top_float_const_float_float_const_ln_buf_ce1          |  out|    1|   ap_memory|     transformer_blk_s2_top_float_const_float_float_const_ln_buf|         array|
|transformer_blk_s2_top_float_const_float_float_const_ln_buf_q1           |   in|   32|   ap_memory|     transformer_blk_s2_top_float_const_float_float_const_ln_buf|         array|
|transformer_blk_s2_top_float_const_float_float_const_ln_buf_8_address0   |  out|   12|   ap_memory|   transformer_blk_s2_top_float_const_float_float_const_ln_buf_8|         array|
|transformer_blk_s2_top_float_const_float_float_const_ln_buf_8_ce0        |  out|    1|   ap_memory|   transformer_blk_s2_top_float_const_float_float_const_ln_buf_8|         array|
|transformer_blk_s2_top_float_const_float_float_const_ln_buf_8_q0         |   in|   32|   ap_memory|   transformer_blk_s2_top_float_const_float_float_const_ln_buf_8|         array|
|transformer_blk_s2_top_float_const_float_float_const_ln_buf_8_address1   |  out|   12|   ap_memory|   transformer_blk_s2_top_float_const_float_float_const_ln_buf_8|         array|
|transformer_blk_s2_top_float_const_float_float_const_ln_buf_8_ce1        |  out|    1|   ap_memory|   transformer_blk_s2_top_float_const_float_float_const_ln_buf_8|         array|
|transformer_blk_s2_top_float_const_float_float_const_ln_buf_8_q1         |   in|   32|   ap_memory|   transformer_blk_s2_top_float_const_float_float_const_ln_buf_8|         array|
|transformer_blk_s2_top_float_const_float_float_const_ln_buf_9_address0   |  out|   12|   ap_memory|   transformer_blk_s2_top_float_const_float_float_const_ln_buf_9|         array|
|transformer_blk_s2_top_float_const_float_float_const_ln_buf_9_ce0        |  out|    1|   ap_memory|   transformer_blk_s2_top_float_const_float_float_const_ln_buf_9|         array|
|transformer_blk_s2_top_float_const_float_float_const_ln_buf_9_q0         |   in|   32|   ap_memory|   transformer_blk_s2_top_float_const_float_float_const_ln_buf_9|         array|
|transformer_blk_s2_top_float_const_float_float_const_ln_buf_9_address1   |  out|   12|   ap_memory|   transformer_blk_s2_top_float_const_float_float_const_ln_buf_9|         array|
|transformer_blk_s2_top_float_const_float_float_const_ln_buf_9_ce1        |  out|    1|   ap_memory|   transformer_blk_s2_top_float_const_float_float_const_ln_buf_9|         array|
|transformer_blk_s2_top_float_const_float_float_const_ln_buf_9_q1         |   in|   32|   ap_memory|   transformer_blk_s2_top_float_const_float_float_const_ln_buf_9|         array|
|transformer_blk_s2_top_float_const_float_float_const_ln_buf_10_address0  |  out|   12|   ap_memory|  transformer_blk_s2_top_float_const_float_float_const_ln_buf_10|         array|
|transformer_blk_s2_top_float_const_float_float_const_ln_buf_10_ce0       |  out|    1|   ap_memory|  transformer_blk_s2_top_float_const_float_float_const_ln_buf_10|         array|
|transformer_blk_s2_top_float_const_float_float_const_ln_buf_10_q0        |   in|   32|   ap_memory|  transformer_blk_s2_top_float_const_float_float_const_ln_buf_10|         array|
|transformer_blk_s2_top_float_const_float_float_const_ln_buf_10_address1  |  out|   12|   ap_memory|  transformer_blk_s2_top_float_const_float_float_const_ln_buf_10|         array|
|transformer_blk_s2_top_float_const_float_float_const_ln_buf_10_ce1       |  out|    1|   ap_memory|  transformer_blk_s2_top_float_const_float_float_const_ln_buf_10|         array|
|transformer_blk_s2_top_float_const_float_float_const_ln_buf_10_q1        |   in|   32|   ap_memory|  transformer_blk_s2_top_float_const_float_float_const_ln_buf_10|         array|
|transformer_blk_s2_top_float_const_float_float_const_q_buf_11_address0   |  out|    9|   ap_memory|   transformer_blk_s2_top_float_const_float_float_const_q_buf_11|         array|
|transformer_blk_s2_top_float_const_float_float_const_q_buf_11_ce0        |  out|    1|   ap_memory|   transformer_blk_s2_top_float_const_float_float_const_q_buf_11|         array|
|transformer_blk_s2_top_float_const_float_float_const_q_buf_11_we0        |  out|    1|   ap_memory|   transformer_blk_s2_top_float_const_float_float_const_q_buf_11|         array|
|transformer_blk_s2_top_float_const_float_float_const_q_buf_11_d0         |  out|   32|   ap_memory|   transformer_blk_s2_top_float_const_float_float_const_q_buf_11|         array|
|transformer_blk_s2_top_float_const_float_float_const_q_buf_12_address0   |  out|    9|   ap_memory|   transformer_blk_s2_top_float_const_float_float_const_q_buf_12|         array|
|transformer_blk_s2_top_float_const_float_float_const_q_buf_12_ce0        |  out|    1|   ap_memory|   transformer_blk_s2_top_float_const_float_float_const_q_buf_12|         array|
|transformer_blk_s2_top_float_const_float_float_const_q_buf_12_we0        |  out|    1|   ap_memory|   transformer_blk_s2_top_float_const_float_float_const_q_buf_12|         array|
|transformer_blk_s2_top_float_const_float_float_const_q_buf_12_d0         |  out|   32|   ap_memory|   transformer_blk_s2_top_float_const_float_float_const_q_buf_12|         array|
|transformer_blk_s2_top_float_const_float_float_const_q_buf_13_address0   |  out|    9|   ap_memory|   transformer_blk_s2_top_float_const_float_float_const_q_buf_13|         array|
|transformer_blk_s2_top_float_const_float_float_const_q_buf_13_ce0        |  out|    1|   ap_memory|   transformer_blk_s2_top_float_const_float_float_const_q_buf_13|         array|
|transformer_blk_s2_top_float_const_float_float_const_q_buf_13_we0        |  out|    1|   ap_memory|   transformer_blk_s2_top_float_const_float_float_const_q_buf_13|         array|
|transformer_blk_s2_top_float_const_float_float_const_q_buf_13_d0         |  out|   32|   ap_memory|   transformer_blk_s2_top_float_const_float_float_const_q_buf_13|         array|
|transformer_blk_s2_top_float_const_float_float_const_q_buf_14_address0   |  out|    9|   ap_memory|   transformer_blk_s2_top_float_const_float_float_const_q_buf_14|         array|
|transformer_blk_s2_top_float_const_float_float_const_q_buf_14_ce0        |  out|    1|   ap_memory|   transformer_blk_s2_top_float_const_float_float_const_q_buf_14|         array|
|transformer_blk_s2_top_float_const_float_float_const_q_buf_14_we0        |  out|    1|   ap_memory|   transformer_blk_s2_top_float_const_float_float_const_q_buf_14|         array|
|transformer_blk_s2_top_float_const_float_float_const_q_buf_14_d0         |  out|   32|   ap_memory|   transformer_blk_s2_top_float_const_float_float_const_q_buf_14|         array|
|transformer_blk_s2_top_float_const_float_float_const_q_buf_15_address0   |  out|    9|   ap_memory|   transformer_blk_s2_top_float_const_float_float_const_q_buf_15|         array|
|transformer_blk_s2_top_float_const_float_float_const_q_buf_15_ce0        |  out|    1|   ap_memory|   transformer_blk_s2_top_float_const_float_float_const_q_buf_15|         array|
|transformer_blk_s2_top_float_const_float_float_const_q_buf_15_we0        |  out|    1|   ap_memory|   transformer_blk_s2_top_float_const_float_float_const_q_buf_15|         array|
|transformer_blk_s2_top_float_const_float_float_const_q_buf_15_d0         |  out|   32|   ap_memory|   transformer_blk_s2_top_float_const_float_float_const_q_buf_15|         array|
|transformer_blk_s2_top_float_const_float_float_const_q_buf_16_address0   |  out|    9|   ap_memory|   transformer_blk_s2_top_float_const_float_float_const_q_buf_16|         array|
|transformer_blk_s2_top_float_const_float_float_const_q_buf_16_ce0        |  out|    1|   ap_memory|   transformer_blk_s2_top_float_const_float_float_const_q_buf_16|         array|
|transformer_blk_s2_top_float_const_float_float_const_q_buf_16_we0        |  out|    1|   ap_memory|   transformer_blk_s2_top_float_const_float_float_const_q_buf_16|         array|
|transformer_blk_s2_top_float_const_float_float_const_q_buf_16_d0         |  out|   32|   ap_memory|   transformer_blk_s2_top_float_const_float_float_const_q_buf_16|         array|
|transformer_blk_s2_top_float_const_float_float_const_q_buf_17_address0   |  out|    9|   ap_memory|   transformer_blk_s2_top_float_const_float_float_const_q_buf_17|         array|
|transformer_blk_s2_top_float_const_float_float_const_q_buf_17_ce0        |  out|    1|   ap_memory|   transformer_blk_s2_top_float_const_float_float_const_q_buf_17|         array|
|transformer_blk_s2_top_float_const_float_float_const_q_buf_17_we0        |  out|    1|   ap_memory|   transformer_blk_s2_top_float_const_float_float_const_q_buf_17|         array|
|transformer_blk_s2_top_float_const_float_float_const_q_buf_17_d0         |  out|   32|   ap_memory|   transformer_blk_s2_top_float_const_float_float_const_q_buf_17|         array|
|transformer_blk_s2_top_float_const_float_float_const_q_buf_18_address0   |  out|    9|   ap_memory|   transformer_blk_s2_top_float_const_float_float_const_q_buf_18|         array|
|transformer_blk_s2_top_float_const_float_float_const_q_buf_18_ce0        |  out|    1|   ap_memory|   transformer_blk_s2_top_float_const_float_float_const_q_buf_18|         array|
|transformer_blk_s2_top_float_const_float_float_const_q_buf_18_we0        |  out|    1|   ap_memory|   transformer_blk_s2_top_float_const_float_float_const_q_buf_18|         array|
|transformer_blk_s2_top_float_const_float_float_const_q_buf_18_d0         |  out|   32|   ap_memory|   transformer_blk_s2_top_float_const_float_float_const_q_buf_18|         array|
|transformer_blk_s2_top_float_const_float_float_const_q_buf_19_address0   |  out|    9|   ap_memory|   transformer_blk_s2_top_float_const_float_float_const_q_buf_19|         array|
|transformer_blk_s2_top_float_const_float_float_const_q_buf_19_ce0        |  out|    1|   ap_memory|   transformer_blk_s2_top_float_const_float_float_const_q_buf_19|         array|
|transformer_blk_s2_top_float_const_float_float_const_q_buf_19_we0        |  out|    1|   ap_memory|   transformer_blk_s2_top_float_const_float_float_const_q_buf_19|         array|
|transformer_blk_s2_top_float_const_float_float_const_q_buf_19_d0         |  out|   32|   ap_memory|   transformer_blk_s2_top_float_const_float_float_const_q_buf_19|         array|
|p_ZZ22transformer_blk_s2_topPKfPfS0_E5q_buf_10_address0                  |  out|    9|   ap_memory|                  p_ZZ22transformer_blk_s2_topPKfPfS0_E5q_buf_10|         array|
|p_ZZ22transformer_blk_s2_topPKfPfS0_E5q_buf_10_ce0                       |  out|    1|   ap_memory|                  p_ZZ22transformer_blk_s2_topPKfPfS0_E5q_buf_10|         array|
|p_ZZ22transformer_blk_s2_topPKfPfS0_E5q_buf_10_we0                       |  out|    1|   ap_memory|                  p_ZZ22transformer_blk_s2_topPKfPfS0_E5q_buf_10|         array|
|p_ZZ22transformer_blk_s2_topPKfPfS0_E5q_buf_10_d0                        |  out|   32|   ap_memory|                  p_ZZ22transformer_blk_s2_topPKfPfS0_E5q_buf_10|         array|
|p_ZZ22transformer_blk_s2_topPKfPfS0_E5q_buf_11_address0                  |  out|    9|   ap_memory|                  p_ZZ22transformer_blk_s2_topPKfPfS0_E5q_buf_11|         array|
|p_ZZ22transformer_blk_s2_topPKfPfS0_E5q_buf_11_ce0                       |  out|    1|   ap_memory|                  p_ZZ22transformer_blk_s2_topPKfPfS0_E5q_buf_11|         array|
|p_ZZ22transformer_blk_s2_topPKfPfS0_E5q_buf_11_we0                       |  out|    1|   ap_memory|                  p_ZZ22transformer_blk_s2_topPKfPfS0_E5q_buf_11|         array|
|p_ZZ22transformer_blk_s2_topPKfPfS0_E5q_buf_11_d0                        |  out|   32|   ap_memory|                  p_ZZ22transformer_blk_s2_topPKfPfS0_E5q_buf_11|         array|
|p_ZZ22transformer_blk_s2_topPKfPfS0_E5q_buf_12_address0                  |  out|    9|   ap_memory|                  p_ZZ22transformer_blk_s2_topPKfPfS0_E5q_buf_12|         array|
|p_ZZ22transformer_blk_s2_topPKfPfS0_E5q_buf_12_ce0                       |  out|    1|   ap_memory|                  p_ZZ22transformer_blk_s2_topPKfPfS0_E5q_buf_12|         array|
|p_ZZ22transformer_blk_s2_topPKfPfS0_E5q_buf_12_we0                       |  out|    1|   ap_memory|                  p_ZZ22transformer_blk_s2_topPKfPfS0_E5q_buf_12|         array|
|p_ZZ22transformer_blk_s2_topPKfPfS0_E5q_buf_12_d0                        |  out|   32|   ap_memory|                  p_ZZ22transformer_blk_s2_topPKfPfS0_E5q_buf_12|         array|
|p_ZZ22transformer_blk_s2_topPKfPfS0_E5q_buf_13_address0                  |  out|    9|   ap_memory|                  p_ZZ22transformer_blk_s2_topPKfPfS0_E5q_buf_13|         array|
|p_ZZ22transformer_blk_s2_topPKfPfS0_E5q_buf_13_ce0                       |  out|    1|   ap_memory|                  p_ZZ22transformer_blk_s2_topPKfPfS0_E5q_buf_13|         array|
|p_ZZ22transformer_blk_s2_topPKfPfS0_E5q_buf_13_we0                       |  out|    1|   ap_memory|                  p_ZZ22transformer_blk_s2_topPKfPfS0_E5q_buf_13|         array|
|p_ZZ22transformer_blk_s2_topPKfPfS0_E5q_buf_13_d0                        |  out|   32|   ap_memory|                  p_ZZ22transformer_blk_s2_topPKfPfS0_E5q_buf_13|         array|
|p_ZZ22transformer_blk_s2_topPKfPfS0_E5q_buf_14_address0                  |  out|    9|   ap_memory|                  p_ZZ22transformer_blk_s2_topPKfPfS0_E5q_buf_14|         array|
|p_ZZ22transformer_blk_s2_topPKfPfS0_E5q_buf_14_ce0                       |  out|    1|   ap_memory|                  p_ZZ22transformer_blk_s2_topPKfPfS0_E5q_buf_14|         array|
|p_ZZ22transformer_blk_s2_topPKfPfS0_E5q_buf_14_we0                       |  out|    1|   ap_memory|                  p_ZZ22transformer_blk_s2_topPKfPfS0_E5q_buf_14|         array|
|p_ZZ22transformer_blk_s2_topPKfPfS0_E5q_buf_14_d0                        |  out|   32|   ap_memory|                  p_ZZ22transformer_blk_s2_topPKfPfS0_E5q_buf_14|         array|
|p_ZZ22transformer_blk_s2_topPKfPfS0_E5q_buf_15_address0                  |  out|    9|   ap_memory|                  p_ZZ22transformer_blk_s2_topPKfPfS0_E5q_buf_15|         array|
|p_ZZ22transformer_blk_s2_topPKfPfS0_E5q_buf_15_ce0                       |  out|    1|   ap_memory|                  p_ZZ22transformer_blk_s2_topPKfPfS0_E5q_buf_15|         array|
|p_ZZ22transformer_blk_s2_topPKfPfS0_E5q_buf_15_we0                       |  out|    1|   ap_memory|                  p_ZZ22transformer_blk_s2_topPKfPfS0_E5q_buf_15|         array|
|p_ZZ22transformer_blk_s2_topPKfPfS0_E5q_buf_15_d0                        |  out|   32|   ap_memory|                  p_ZZ22transformer_blk_s2_topPKfPfS0_E5q_buf_15|         array|
|p_ZZ22transformer_blk_s2_topPKfPfS0_E5q_buf_16_address0                  |  out|    9|   ap_memory|                  p_ZZ22transformer_blk_s2_topPKfPfS0_E5q_buf_16|         array|
|p_ZZ22transformer_blk_s2_topPKfPfS0_E5q_buf_16_ce0                       |  out|    1|   ap_memory|                  p_ZZ22transformer_blk_s2_topPKfPfS0_E5q_buf_16|         array|
|p_ZZ22transformer_blk_s2_topPKfPfS0_E5q_buf_16_we0                       |  out|    1|   ap_memory|                  p_ZZ22transformer_blk_s2_topPKfPfS0_E5q_buf_16|         array|
|p_ZZ22transformer_blk_s2_topPKfPfS0_E5q_buf_16_d0                        |  out|   32|   ap_memory|                  p_ZZ22transformer_blk_s2_topPKfPfS0_E5q_buf_16|         array|
|p_ZZ22transformer_blk_s2_topPKfPfS0_E5q_buf_17_address0                  |  out|    9|   ap_memory|                  p_ZZ22transformer_blk_s2_topPKfPfS0_E5q_buf_17|         array|
|p_ZZ22transformer_blk_s2_topPKfPfS0_E5q_buf_17_ce0                       |  out|    1|   ap_memory|                  p_ZZ22transformer_blk_s2_topPKfPfS0_E5q_buf_17|         array|
|p_ZZ22transformer_blk_s2_topPKfPfS0_E5q_buf_17_we0                       |  out|    1|   ap_memory|                  p_ZZ22transformer_blk_s2_topPKfPfS0_E5q_buf_17|         array|
|p_ZZ22transformer_blk_s2_topPKfPfS0_E5q_buf_17_d0                        |  out|   32|   ap_memory|                  p_ZZ22transformer_blk_s2_topPKfPfS0_E5q_buf_17|         array|
|p_ZZ22transformer_blk_s2_topPKfPfS0_E5q_buf_18_address0                  |  out|    9|   ap_memory|                  p_ZZ22transformer_blk_s2_topPKfPfS0_E5q_buf_18|         array|
|p_ZZ22transformer_blk_s2_topPKfPfS0_E5q_buf_18_ce0                       |  out|    1|   ap_memory|                  p_ZZ22transformer_blk_s2_topPKfPfS0_E5q_buf_18|         array|
|p_ZZ22transformer_blk_s2_topPKfPfS0_E5q_buf_18_we0                       |  out|    1|   ap_memory|                  p_ZZ22transformer_blk_s2_topPKfPfS0_E5q_buf_18|         array|
|p_ZZ22transformer_blk_s2_topPKfPfS0_E5q_buf_18_d0                        |  out|   32|   ap_memory|                  p_ZZ22transformer_blk_s2_topPKfPfS0_E5q_buf_18|         array|
|p_ZZ22transformer_blk_s2_topPKfPfS0_E5q_buf_19_address0                  |  out|    9|   ap_memory|                  p_ZZ22transformer_blk_s2_topPKfPfS0_E5q_buf_19|         array|
|p_ZZ22transformer_blk_s2_topPKfPfS0_E5q_buf_19_ce0                       |  out|    1|   ap_memory|                  p_ZZ22transformer_blk_s2_topPKfPfS0_E5q_buf_19|         array|
|p_ZZ22transformer_blk_s2_topPKfPfS0_E5q_buf_19_we0                       |  out|    1|   ap_memory|                  p_ZZ22transformer_blk_s2_topPKfPfS0_E5q_buf_19|         array|
|p_ZZ22transformer_blk_s2_topPKfPfS0_E5q_buf_19_d0                        |  out|   32|   ap_memory|                  p_ZZ22transformer_blk_s2_topPKfPfS0_E5q_buf_19|         array|
|p_ZZ22transformer_blk_s2_topPKfPfS0_E5q_buf_20_address0                  |  out|    9|   ap_memory|                  p_ZZ22transformer_blk_s2_topPKfPfS0_E5q_buf_20|         array|
|p_ZZ22transformer_blk_s2_topPKfPfS0_E5q_buf_20_ce0                       |  out|    1|   ap_memory|                  p_ZZ22transformer_blk_s2_topPKfPfS0_E5q_buf_20|         array|
|p_ZZ22transformer_blk_s2_topPKfPfS0_E5q_buf_20_we0                       |  out|    1|   ap_memory|                  p_ZZ22transformer_blk_s2_topPKfPfS0_E5q_buf_20|         array|
|p_ZZ22transformer_blk_s2_topPKfPfS0_E5q_buf_20_d0                        |  out|   32|   ap_memory|                  p_ZZ22transformer_blk_s2_topPKfPfS0_E5q_buf_20|         array|
|p_ZZ22transformer_blk_s2_topPKfPfS0_E5q_buf_21_address0                  |  out|    9|   ap_memory|                  p_ZZ22transformer_blk_s2_topPKfPfS0_E5q_buf_21|         array|
|p_ZZ22transformer_blk_s2_topPKfPfS0_E5q_buf_21_ce0                       |  out|    1|   ap_memory|                  p_ZZ22transformer_blk_s2_topPKfPfS0_E5q_buf_21|         array|
|p_ZZ22transformer_blk_s2_topPKfPfS0_E5q_buf_21_we0                       |  out|    1|   ap_memory|                  p_ZZ22transformer_blk_s2_topPKfPfS0_E5q_buf_21|         array|
|p_ZZ22transformer_blk_s2_topPKfPfS0_E5q_buf_21_d0                        |  out|   32|   ap_memory|                  p_ZZ22transformer_blk_s2_topPKfPfS0_E5q_buf_21|         array|
|p_ZZ22transformer_blk_s2_topPKfPfS0_E5q_buf_22_address0                  |  out|    9|   ap_memory|                  p_ZZ22transformer_blk_s2_topPKfPfS0_E5q_buf_22|         array|
|p_ZZ22transformer_blk_s2_topPKfPfS0_E5q_buf_22_ce0                       |  out|    1|   ap_memory|                  p_ZZ22transformer_blk_s2_topPKfPfS0_E5q_buf_22|         array|
|p_ZZ22transformer_blk_s2_topPKfPfS0_E5q_buf_22_we0                       |  out|    1|   ap_memory|                  p_ZZ22transformer_blk_s2_topPKfPfS0_E5q_buf_22|         array|
|p_ZZ22transformer_blk_s2_topPKfPfS0_E5q_buf_22_d0                        |  out|   32|   ap_memory|                  p_ZZ22transformer_blk_s2_topPKfPfS0_E5q_buf_22|         array|
|p_ZZ22transformer_blk_s2_topPKfPfS0_E5q_buf_23_address0                  |  out|    9|   ap_memory|                  p_ZZ22transformer_blk_s2_topPKfPfS0_E5q_buf_23|         array|
|p_ZZ22transformer_blk_s2_topPKfPfS0_E5q_buf_23_ce0                       |  out|    1|   ap_memory|                  p_ZZ22transformer_blk_s2_topPKfPfS0_E5q_buf_23|         array|
|p_ZZ22transformer_blk_s2_topPKfPfS0_E5q_buf_23_we0                       |  out|    1|   ap_memory|                  p_ZZ22transformer_blk_s2_topPKfPfS0_E5q_buf_23|         array|
|p_ZZ22transformer_blk_s2_topPKfPfS0_E5q_buf_23_d0                        |  out|   32|   ap_memory|                  p_ZZ22transformer_blk_s2_topPKfPfS0_E5q_buf_23|         array|
|p_ZZ22transformer_blk_s2_topPKfPfS0_E5q_buf_24_address0                  |  out|    9|   ap_memory|                  p_ZZ22transformer_blk_s2_topPKfPfS0_E5q_buf_24|         array|
|p_ZZ22transformer_blk_s2_topPKfPfS0_E5q_buf_24_ce0                       |  out|    1|   ap_memory|                  p_ZZ22transformer_blk_s2_topPKfPfS0_E5q_buf_24|         array|
|p_ZZ22transformer_blk_s2_topPKfPfS0_E5q_buf_24_we0                       |  out|    1|   ap_memory|                  p_ZZ22transformer_blk_s2_topPKfPfS0_E5q_buf_24|         array|
|p_ZZ22transformer_blk_s2_topPKfPfS0_E5q_buf_24_d0                        |  out|   32|   ap_memory|                  p_ZZ22transformer_blk_s2_topPKfPfS0_E5q_buf_24|         array|
|p_ZZ22transformer_blk_s2_topPKfPfS0_E5q_buf_25_address0                  |  out|    9|   ap_memory|                  p_ZZ22transformer_blk_s2_topPKfPfS0_E5q_buf_25|         array|
|p_ZZ22transformer_blk_s2_topPKfPfS0_E5q_buf_25_ce0                       |  out|    1|   ap_memory|                  p_ZZ22transformer_blk_s2_topPKfPfS0_E5q_buf_25|         array|
|p_ZZ22transformer_blk_s2_topPKfPfS0_E5q_buf_25_we0                       |  out|    1|   ap_memory|                  p_ZZ22transformer_blk_s2_topPKfPfS0_E5q_buf_25|         array|
|p_ZZ22transformer_blk_s2_topPKfPfS0_E5q_buf_25_d0                        |  out|   32|   ap_memory|                  p_ZZ22transformer_blk_s2_topPKfPfS0_E5q_buf_25|         array|
|p_ZZ22transformer_blk_s2_topPKfPfS0_E5q_buf_26_address0                  |  out|    9|   ap_memory|                  p_ZZ22transformer_blk_s2_topPKfPfS0_E5q_buf_26|         array|
|p_ZZ22transformer_blk_s2_topPKfPfS0_E5q_buf_26_ce0                       |  out|    1|   ap_memory|                  p_ZZ22transformer_blk_s2_topPKfPfS0_E5q_buf_26|         array|
|p_ZZ22transformer_blk_s2_topPKfPfS0_E5q_buf_26_we0                       |  out|    1|   ap_memory|                  p_ZZ22transformer_blk_s2_topPKfPfS0_E5q_buf_26|         array|
|p_ZZ22transformer_blk_s2_topPKfPfS0_E5q_buf_26_d0                        |  out|   32|   ap_memory|                  p_ZZ22transformer_blk_s2_topPKfPfS0_E5q_buf_26|         array|
|p_ZZ22transformer_blk_s2_topPKfPfS0_E5q_buf_27_address0                  |  out|    9|   ap_memory|                  p_ZZ22transformer_blk_s2_topPKfPfS0_E5q_buf_27|         array|
|p_ZZ22transformer_blk_s2_topPKfPfS0_E5q_buf_27_ce0                       |  out|    1|   ap_memory|                  p_ZZ22transformer_blk_s2_topPKfPfS0_E5q_buf_27|         array|
|p_ZZ22transformer_blk_s2_topPKfPfS0_E5q_buf_27_we0                       |  out|    1|   ap_memory|                  p_ZZ22transformer_blk_s2_topPKfPfS0_E5q_buf_27|         array|
|p_ZZ22transformer_blk_s2_topPKfPfS0_E5q_buf_27_d0                        |  out|   32|   ap_memory|                  p_ZZ22transformer_blk_s2_topPKfPfS0_E5q_buf_27|         array|
|p_ZZ22transformer_blk_s2_topPKfPfS0_E5q_buf_28_address0                  |  out|    9|   ap_memory|                  p_ZZ22transformer_blk_s2_topPKfPfS0_E5q_buf_28|         array|
|p_ZZ22transformer_blk_s2_topPKfPfS0_E5q_buf_28_ce0                       |  out|    1|   ap_memory|                  p_ZZ22transformer_blk_s2_topPKfPfS0_E5q_buf_28|         array|
|p_ZZ22transformer_blk_s2_topPKfPfS0_E5q_buf_28_we0                       |  out|    1|   ap_memory|                  p_ZZ22transformer_blk_s2_topPKfPfS0_E5q_buf_28|         array|
|p_ZZ22transformer_blk_s2_topPKfPfS0_E5q_buf_28_d0                        |  out|   32|   ap_memory|                  p_ZZ22transformer_blk_s2_topPKfPfS0_E5q_buf_28|         array|
|p_ZZ22transformer_blk_s2_topPKfPfS0_E5q_buf_29_address0                  |  out|    9|   ap_memory|                  p_ZZ22transformer_blk_s2_topPKfPfS0_E5q_buf_29|         array|
|p_ZZ22transformer_blk_s2_topPKfPfS0_E5q_buf_29_ce0                       |  out|    1|   ap_memory|                  p_ZZ22transformer_blk_s2_topPKfPfS0_E5q_buf_29|         array|
|p_ZZ22transformer_blk_s2_topPKfPfS0_E5q_buf_29_we0                       |  out|    1|   ap_memory|                  p_ZZ22transformer_blk_s2_topPKfPfS0_E5q_buf_29|         array|
|p_ZZ22transformer_blk_s2_topPKfPfS0_E5q_buf_29_d0                        |  out|   32|   ap_memory|                  p_ZZ22transformer_blk_s2_topPKfPfS0_E5q_buf_29|         array|
|p_ZZ22transformer_blk_s2_topPKfPfS0_E5q_buf_30_address0                  |  out|    9|   ap_memory|                  p_ZZ22transformer_blk_s2_topPKfPfS0_E5q_buf_30|         array|
|p_ZZ22transformer_blk_s2_topPKfPfS0_E5q_buf_30_ce0                       |  out|    1|   ap_memory|                  p_ZZ22transformer_blk_s2_topPKfPfS0_E5q_buf_30|         array|
|p_ZZ22transformer_blk_s2_topPKfPfS0_E5q_buf_30_we0                       |  out|    1|   ap_memory|                  p_ZZ22transformer_blk_s2_topPKfPfS0_E5q_buf_30|         array|
|p_ZZ22transformer_blk_s2_topPKfPfS0_E5q_buf_30_d0                        |  out|   32|   ap_memory|                  p_ZZ22transformer_blk_s2_topPKfPfS0_E5q_buf_30|         array|
|p_ZZ22transformer_blk_s2_topPKfPfS0_E5q_buf_31_address0                  |  out|    9|   ap_memory|                  p_ZZ22transformer_blk_s2_topPKfPfS0_E5q_buf_31|         array|
|p_ZZ22transformer_blk_s2_topPKfPfS0_E5q_buf_31_ce0                       |  out|    1|   ap_memory|                  p_ZZ22transformer_blk_s2_topPKfPfS0_E5q_buf_31|         array|
|p_ZZ22transformer_blk_s2_topPKfPfS0_E5q_buf_31_we0                       |  out|    1|   ap_memory|                  p_ZZ22transformer_blk_s2_topPKfPfS0_E5q_buf_31|         array|
|p_ZZ22transformer_blk_s2_topPKfPfS0_E5q_buf_31_d0                        |  out|   32|   ap_memory|                  p_ZZ22transformer_blk_s2_topPKfPfS0_E5q_buf_31|         array|
|p_ZZ22transformer_blk_s2_topPKfPfS0_E5q_buf_32_address0                  |  out|    9|   ap_memory|                  p_ZZ22transformer_blk_s2_topPKfPfS0_E5q_buf_32|         array|
|p_ZZ22transformer_blk_s2_topPKfPfS0_E5q_buf_32_ce0                       |  out|    1|   ap_memory|                  p_ZZ22transformer_blk_s2_topPKfPfS0_E5q_buf_32|         array|
|p_ZZ22transformer_blk_s2_topPKfPfS0_E5q_buf_32_we0                       |  out|    1|   ap_memory|                  p_ZZ22transformer_blk_s2_topPKfPfS0_E5q_buf_32|         array|
|p_ZZ22transformer_blk_s2_topPKfPfS0_E5q_buf_32_d0                        |  out|   32|   ap_memory|                  p_ZZ22transformer_blk_s2_topPKfPfS0_E5q_buf_32|         array|
|p_ZZ22transformer_blk_s2_topPKfPfS0_E5q_buf_33_address0                  |  out|    9|   ap_memory|                  p_ZZ22transformer_blk_s2_topPKfPfS0_E5q_buf_33|         array|
|p_ZZ22transformer_blk_s2_topPKfPfS0_E5q_buf_33_ce0                       |  out|    1|   ap_memory|                  p_ZZ22transformer_blk_s2_topPKfPfS0_E5q_buf_33|         array|
|p_ZZ22transformer_blk_s2_topPKfPfS0_E5q_buf_33_we0                       |  out|    1|   ap_memory|                  p_ZZ22transformer_blk_s2_topPKfPfS0_E5q_buf_33|         array|
|p_ZZ22transformer_blk_s2_topPKfPfS0_E5q_buf_33_d0                        |  out|   32|   ap_memory|                  p_ZZ22transformer_blk_s2_topPKfPfS0_E5q_buf_33|         array|
|p_ZZ22transformer_blk_s2_topPKfPfS0_E5q_buf_34_address0                  |  out|    9|   ap_memory|                  p_ZZ22transformer_blk_s2_topPKfPfS0_E5q_buf_34|         array|
|p_ZZ22transformer_blk_s2_topPKfPfS0_E5q_buf_34_ce0                       |  out|    1|   ap_memory|                  p_ZZ22transformer_blk_s2_topPKfPfS0_E5q_buf_34|         array|
|p_ZZ22transformer_blk_s2_topPKfPfS0_E5q_buf_34_we0                       |  out|    1|   ap_memory|                  p_ZZ22transformer_blk_s2_topPKfPfS0_E5q_buf_34|         array|
|p_ZZ22transformer_blk_s2_topPKfPfS0_E5q_buf_34_d0                        |  out|   32|   ap_memory|                  p_ZZ22transformer_blk_s2_topPKfPfS0_E5q_buf_34|         array|
|p_ZZ22transformer_blk_s2_topPKfPfS0_E5q_buf_35_address0                  |  out|    9|   ap_memory|                  p_ZZ22transformer_blk_s2_topPKfPfS0_E5q_buf_35|         array|
|p_ZZ22transformer_blk_s2_topPKfPfS0_E5q_buf_35_ce0                       |  out|    1|   ap_memory|                  p_ZZ22transformer_blk_s2_topPKfPfS0_E5q_buf_35|         array|
|p_ZZ22transformer_blk_s2_topPKfPfS0_E5q_buf_35_we0                       |  out|    1|   ap_memory|                  p_ZZ22transformer_blk_s2_topPKfPfS0_E5q_buf_35|         array|
|p_ZZ22transformer_blk_s2_topPKfPfS0_E5q_buf_35_d0                        |  out|   32|   ap_memory|                  p_ZZ22transformer_blk_s2_topPKfPfS0_E5q_buf_35|         array|
+-------------------------------------------------------------------------+-----+-----+------------+----------------------------------------------------------------+--------------+

