

================================================================
== Vitis HLS Report for 'transformer_blk_s2_top_Pipeline_LF_S_LF_OD3'
================================================================
* Date:           Sun May 31 16:34:38 2026

* Version:        2022.2 (Build 3670227 on Oct 13 2022)
* Project:        s2_transformer_block
* Solution:       solution1 (Vivado IP Flow Target)
* Product family: zynquplus
* Target device:  xczu28dr-ffvg1517-2-e


================================================================
== Performance Estimates
================================================================
+ Timing: 
    * Summary: 
    +--------+---------+----------+------------+
    |  Clock |  Target | Estimated| Uncertainty|
    +--------+---------+----------+------------+
    |ap_clk  |  5.00 ns|  4.290 ns|     1.35 ns|
    +--------+---------+----------+------------+

+ Latency: 
    * Summary: 
    +---------+---------+----------+----------+---------+---------+---------+
    |  Latency (cycles) |  Latency (absolute) |      Interval     | Pipeline|
    |   min   |   max   |    min   |    max   |   min   |   max   |   Type  |
    +---------+---------+----------+----------+---------+---------+---------+
    |  1052289|  1052289|  5.261 ms|  5.261 ms|  1052289|  1052289|       no|
    +---------+---------+----------+----------+---------+---------+---------+

    + Detail: 
        * Instance: 
        N/A

        * Loop: 
        +--------------+---------+---------+----------+-----------+-----------+-------+----------+
        |              |  Latency (cycles) | Iteration|  Initiation Interval  |  Trip |          |
        |   Loop Name  |   min   |   max   |  Latency |  achieved |   target  | Count | Pipelined|
        +--------------+---------+---------+----------+-----------+-----------+-------+----------+
        |- LF_S_LF_OD  |  1052287|  1052287|      1161|         73|          1|  14400|       yes|
        +--------------+---------+---------+----------+-----------+-----------+-------+----------+



================================================================
== Utilization Estimates
================================================================
* Summary: 
+-----------------+---------+------+--------+--------+-----+
|       Name      | BRAM_18K|  DSP |   FF   |   LUT  | URAM|
+-----------------+---------+------+--------+--------+-----+
|DSP              |        -|     -|       -|       -|    -|
|Expression       |        -|     -|       0|    3959|    -|
|FIFO             |        -|     -|       -|       -|    -|
|Instance         |        -|     -|       -|       -|    -|
|Memory           |        -|     -|       -|       -|    -|
|Multiplexer      |        -|     -|       -|    4768|    -|
|Register         |        -|     -|   18453|    4064|    -|
+-----------------+---------+------+--------+--------+-----+
|Total            |        0|     0|   18453|   12791|    0|
+-----------------+---------+------+--------+--------+-----+
|Available        |     2160|  4272|  850560|  425280|   80|
+-----------------+---------+------+--------+--------+-----+
|Utilization (%)  |        0|     0|       2|       3|    0|
+-----------------+---------+------+--------+--------+-----+

+ Detail: 
    * Instance: 
    N/A

    * DSP: 
    N/A

    * Memory: 
    N/A

    * FIFO: 
    N/A

    * Expression: 
    +---------------------------+----------+----+---+----+------------+------------+
    |       Variable Name       | Operation| DSP| FF| LUT| Bitwidth P0| Bitwidth P1|
    +---------------------------+----------+----+---+----+------------+------------+
    |add_ln162_7_fu_3264_p2     |         +|   0|  0|  21|          14|           1|
    |add_ln162_fu_3287_p2       |         +|   0|  0|  14|           7|           1|
    |add_ln163_fu_3436_p2       |         +|   0|  0|  15|           8|           1|
    |add_ln165_fu_3415_p2       |         +|   0|  0|  26|          19|          19|
    |add_ln170_416_fu_3592_p2   |         +|   0|  0|  26|          19|          18|
    |add_ln170_417_fu_3613_p2   |         +|   0|  0|  26|          19|          18|
    |add_ln170_418_fu_3650_p2   |         +|   0|  0|  26|          19|          18|
    |add_ln170_419_fu_3670_p2   |         +|   0|  0|  26|          19|          18|
    |add_ln170_420_fu_3700_p2   |         +|   0|  0|  26|          19|          18|
    |add_ln170_421_fu_3720_p2   |         +|   0|  0|  26|          19|          18|
    |add_ln170_422_fu_3750_p2   |         +|   0|  0|  26|          19|          18|
    |add_ln170_423_fu_3770_p2   |         +|   0|  0|  26|          19|          18|
    |add_ln170_424_fu_3800_p2   |         +|   0|  0|  26|          19|          18|
    |add_ln170_425_fu_3820_p2   |         +|   0|  0|  26|          19|          18|
    |add_ln170_426_fu_3850_p2   |         +|   0|  0|  26|          19|          18|
    |add_ln170_427_fu_3870_p2   |         +|   0|  0|  26|          19|          18|
    |add_ln170_428_fu_3900_p2   |         +|   0|  0|  26|          19|          18|
    |add_ln170_429_fu_3920_p2   |         +|   0|  0|  26|          19|          18|
    |add_ln170_430_fu_3955_p2   |         +|   0|  0|  26|          19|          18|
    |add_ln170_431_fu_3975_p2   |         +|   0|  0|  26|          19|          18|
    |add_ln170_432_fu_4005_p2   |         +|   0|  0|  26|          19|          18|
    |add_ln170_433_fu_4025_p2   |         +|   0|  0|  26|          19|          18|
    |add_ln170_434_fu_4055_p2   |         +|   0|  0|  26|          19|          18|
    |add_ln170_435_fu_4075_p2   |         +|   0|  0|  26|          19|          18|
    |add_ln170_436_fu_4105_p2   |         +|   0|  0|  26|          19|          18|
    |add_ln170_437_fu_4125_p2   |         +|   0|  0|  26|          19|          18|
    |add_ln170_438_fu_4155_p2   |         +|   0|  0|  26|          19|          18|
    |add_ln170_439_fu_4175_p2   |         +|   0|  0|  26|          19|          18|
    |add_ln170_440_fu_4205_p2   |         +|   0|  0|  26|          19|          18|
    |add_ln170_441_fu_4225_p2   |         +|   0|  0|  26|          19|          18|
    |add_ln170_442_fu_4255_p2   |         +|   0|  0|  26|          19|          18|
    |add_ln170_443_fu_4275_p2   |         +|   0|  0|  26|          19|          18|
    |add_ln170_444_fu_4305_p2   |         +|   0|  0|  26|          19|          18|
    |add_ln170_445_fu_4325_p2   |         +|   0|  0|  26|          19|          18|
    |add_ln170_446_fu_4355_p2   |         +|   0|  0|  26|          19|          18|
    |add_ln170_447_fu_4375_p2   |         +|   0|  0|  26|          19|          18|
    |add_ln170_448_fu_4405_p2   |         +|   0|  0|  26|          19|          18|
    |add_ln170_449_fu_4425_p2   |         +|   0|  0|  26|          19|          18|
    |add_ln170_450_fu_4455_p2   |         +|   0|  0|  26|          19|          18|
    |add_ln170_451_fu_4475_p2   |         +|   0|  0|  26|          19|          18|
    |add_ln170_452_fu_4505_p2   |         +|   0|  0|  26|          19|          18|
    |add_ln170_453_fu_4525_p2   |         +|   0|  0|  26|          19|          18|
    |add_ln170_454_fu_4555_p2   |         +|   0|  0|  26|          19|          18|
    |add_ln170_455_fu_4575_p2   |         +|   0|  0|  26|          19|          18|
    |add_ln170_456_fu_4605_p2   |         +|   0|  0|  26|          19|          18|
    |add_ln170_457_fu_4625_p2   |         +|   0|  0|  26|          19|          18|
    |add_ln170_458_fu_4655_p2   |         +|   0|  0|  26|          19|          18|
    |add_ln170_459_fu_4675_p2   |         +|   0|  0|  26|          19|          18|
    |add_ln170_460_fu_4705_p2   |         +|   0|  0|  26|          19|          18|
    |add_ln170_461_fu_4725_p2   |         +|   0|  0|  26|          19|          18|
    |add_ln170_462_fu_4755_p2   |         +|   0|  0|  26|          19|          18|
    |add_ln170_463_fu_4775_p2   |         +|   0|  0|  26|          19|          18|
    |add_ln170_464_fu_4805_p2   |         +|   0|  0|  26|          19|          18|
    |add_ln170_465_fu_4825_p2   |         +|   0|  0|  26|          19|          18|
    |add_ln170_466_fu_4855_p2   |         +|   0|  0|  26|          19|          18|
    |add_ln170_467_fu_4875_p2   |         +|   0|  0|  26|          19|          18|
    |add_ln170_468_fu_4905_p2   |         +|   0|  0|  26|          19|          18|
    |add_ln170_469_fu_4925_p2   |         +|   0|  0|  26|          19|          18|
    |add_ln170_470_fu_4955_p2   |         +|   0|  0|  26|          19|          18|
    |add_ln170_471_fu_4975_p2   |         +|   0|  0|  26|          19|          18|
    |add_ln170_472_fu_5005_p2   |         +|   0|  0|  26|          19|          18|
    |add_ln170_473_fu_5025_p2   |         +|   0|  0|  26|          19|          18|
    |add_ln170_474_fu_5055_p2   |         +|   0|  0|  26|          19|          18|
    |add_ln170_475_fu_5075_p2   |         +|   0|  0|  26|          19|          18|
    |add_ln170_476_fu_5105_p2   |         +|   0|  0|  26|          19|          18|
    |add_ln170_477_fu_5125_p2   |         +|   0|  0|  26|          19|          18|
    |add_ln170_478_fu_5155_p2   |         +|   0|  0|  26|          19|          18|
    |add_ln170_479_fu_5175_p2   |         +|   0|  0|  26|          19|          18|
    |add_ln170_480_fu_5205_p2   |         +|   0|  0|  26|          19|          18|
    |add_ln170_481_fu_5225_p2   |         +|   0|  0|  26|          19|          18|
    |add_ln170_482_fu_5255_p2   |         +|   0|  0|  26|          19|          18|
    |add_ln170_483_fu_5275_p2   |         +|   0|  0|  26|          19|          18|
    |add_ln170_484_fu_5305_p2   |         +|   0|  0|  26|          19|          18|
    |add_ln170_485_fu_5325_p2   |         +|   0|  0|  26|          19|          18|
    |add_ln170_486_fu_5355_p2   |         +|   0|  0|  26|          19|          18|
    |add_ln170_487_fu_5375_p2   |         +|   0|  0|  26|          19|          18|
    |add_ln170_488_fu_5405_p2   |         +|   0|  0|  26|          19|          18|
    |add_ln170_489_fu_5425_p2   |         +|   0|  0|  26|          19|          18|
    |add_ln170_490_fu_5455_p2   |         +|   0|  0|  26|          19|          18|
    |add_ln170_491_fu_5475_p2   |         +|   0|  0|  26|          19|          18|
    |add_ln170_492_fu_5505_p2   |         +|   0|  0|  26|          19|          18|
    |add_ln170_493_fu_5525_p2   |         +|   0|  0|  26|          19|          18|
    |add_ln170_494_fu_5555_p2   |         +|   0|  0|  26|          19|          18|
    |add_ln170_495_fu_5575_p2   |         +|   0|  0|  26|          19|          18|
    |add_ln170_496_fu_5605_p2   |         +|   0|  0|  26|          19|          18|
    |add_ln170_497_fu_5625_p2   |         +|   0|  0|  26|          19|          18|
    |add_ln170_498_fu_5655_p2   |         +|   0|  0|  26|          19|          18|
    |add_ln170_499_fu_5675_p2   |         +|   0|  0|  26|          19|          18|
    |add_ln170_500_fu_5705_p2   |         +|   0|  0|  26|          19|          18|
    |add_ln170_501_fu_5725_p2   |         +|   0|  0|  26|          19|          18|
    |add_ln170_502_fu_5755_p2   |         +|   0|  0|  26|          19|          18|
    |add_ln170_503_fu_5775_p2   |         +|   0|  0|  26|          19|          18|
    |add_ln170_504_fu_5805_p2   |         +|   0|  0|  26|          19|          18|
    |add_ln170_505_fu_5825_p2   |         +|   0|  0|  26|          19|          18|
    |add_ln170_506_fu_5855_p2   |         +|   0|  0|  26|          19|          18|
    |add_ln170_507_fu_5875_p2   |         +|   0|  0|  26|          19|          18|
    |add_ln170_508_fu_5905_p2   |         +|   0|  0|  26|          19|          18|
    |add_ln170_509_fu_5925_p2   |         +|   0|  0|  26|          19|          18|
    |add_ln170_510_fu_5955_p2   |         +|   0|  0|  26|          19|          18|
    |add_ln170_511_fu_5975_p2   |         +|   0|  0|  26|          19|          18|
    |add_ln170_512_fu_6005_p2   |         +|   0|  0|  26|          19|          18|
    |add_ln170_513_fu_6025_p2   |         +|   0|  0|  26|          19|          18|
    |add_ln170_514_fu_6055_p2   |         +|   0|  0|  26|          19|          18|
    |add_ln170_515_fu_6075_p2   |         +|   0|  0|  26|          19|          18|
    |add_ln170_516_fu_6105_p2   |         +|   0|  0|  26|          19|          18|
    |add_ln170_517_fu_6125_p2   |         +|   0|  0|  26|          19|          18|
    |add_ln170_518_fu_6155_p2   |         +|   0|  0|  26|          19|          18|
    |add_ln170_519_fu_6175_p2   |         +|   0|  0|  26|          19|          18|
    |add_ln170_520_fu_6205_p2   |         +|   0|  0|  26|          19|          18|
    |add_ln170_521_fu_6225_p2   |         +|   0|  0|  26|          19|          18|
    |add_ln170_522_fu_6255_p2   |         +|   0|  0|  26|          19|          18|
    |add_ln170_523_fu_6275_p2   |         +|   0|  0|  26|          19|          18|
    |add_ln170_524_fu_6305_p2   |         +|   0|  0|  26|          19|          18|
    |add_ln170_525_fu_6325_p2   |         +|   0|  0|  26|          19|          18|
    |add_ln170_526_fu_6355_p2   |         +|   0|  0|  26|          19|          18|
    |add_ln170_527_fu_6375_p2   |         +|   0|  0|  26|          19|          18|
    |add_ln170_528_fu_6405_p2   |         +|   0|  0|  26|          19|          18|
    |add_ln170_529_fu_6425_p2   |         +|   0|  0|  26|          19|          18|
    |add_ln170_530_fu_6455_p2   |         +|   0|  0|  26|          19|          18|
    |add_ln170_531_fu_6475_p2   |         +|   0|  0|  26|          19|          18|
    |add_ln170_532_fu_6505_p2   |         +|   0|  0|  26|          19|          18|
    |add_ln170_533_fu_6525_p2   |         +|   0|  0|  26|          19|          18|
    |add_ln170_534_fu_6555_p2   |         +|   0|  0|  26|          19|          18|
    |add_ln170_535_fu_6575_p2   |         +|   0|  0|  26|          19|          18|
    |add_ln170_536_fu_6605_p2   |         +|   0|  0|  26|          19|          18|
    |add_ln170_537_fu_6625_p2   |         +|   0|  0|  26|          19|          18|
    |add_ln170_538_fu_6655_p2   |         +|   0|  0|  26|          19|          18|
    |add_ln170_539_fu_6675_p2   |         +|   0|  0|  26|          19|          18|
    |add_ln170_540_fu_6705_p2   |         +|   0|  0|  26|          19|          18|
    |add_ln170_541_fu_6725_p2   |         +|   0|  0|  26|          19|          18|
    |add_ln170_542_fu_6755_p2   |         +|   0|  0|  26|          19|          18|
    |add_ln170_543_fu_6775_p2   |         +|   0|  0|  26|          19|          18|
    |add_ln170_544_fu_6805_p2   |         +|   0|  0|  26|          19|          18|
    |add_ln170_545_fu_6825_p2   |         +|   0|  0|  26|          19|          18|
    |add_ln170_546_fu_6855_p2   |         +|   0|  0|  26|          19|          18|
    |add_ln170_547_fu_6875_p2   |         +|   0|  0|  26|          19|          18|
    |add_ln170_548_fu_6905_p2   |         +|   0|  0|  26|          19|          18|
    |add_ln170_549_fu_6925_p2   |         +|   0|  0|  26|          19|          18|
    |add_ln170_550_fu_6955_p2   |         +|   0|  0|  26|          19|          18|
    |add_ln170_551_fu_6975_p2   |         +|   0|  0|  26|          19|          18|
    |add_ln170_552_fu_7005_p2   |         +|   0|  0|  26|          19|          18|
    |add_ln170_553_fu_7025_p2   |         +|   0|  0|  26|          19|          18|
    |add_ln170_554_fu_7055_p2   |         +|   0|  0|  26|          19|          18|
    |add_ln170_555_fu_7075_p2   |         +|   0|  0|  26|          19|          18|
    |add_ln170_556_fu_7105_p2   |         +|   0|  0|  26|          19|          18|
    |add_ln170_557_fu_7125_p2   |         +|   0|  0|  26|          19|          18|
    |add_ln170_558_fu_7155_p2   |         +|   0|  0|  26|          19|          18|
    |add_ln170_559_fu_7175_p2   |         +|   0|  0|  26|          19|          18|
    |add_ln170_fu_3582_p2       |         +|   0|  0|  24|          17|          17|
    |add_ln172_3_fu_3644_p2     |         +|   0|  0|  21|          14|          14|
    |add_ln172_fu_3634_p2       |         +|   0|  0|  18|          11|          11|
    |icmp_ln162_fu_3258_p2      |      icmp|   0|  0|  12|          14|          12|
    |icmp_ln163_fu_3273_p2      |      icmp|   0|  0|  11|           8|           8|
    |or_ln162_33_fu_3471_p2     |        or|   0|  0|   9|           9|           2|
    |or_ln162_34_fu_3516_p2     |        or|   0|  0|   9|           9|           2|
    |or_ln162_fu_3357_p2        |        or|   0|  0|   9|           9|           1|
    |select_ln162_6_fu_3293_p3  |    select|   0|  0|   7|           1|           7|
    |select_ln162_7_fu_3309_p3  |    select|   0|  0|   9|           1|           9|
    |select_ln162_fu_3279_p3    |    select|   0|  0|   8|           1|           1|
    |ap_enable_pp0              |       xor|   0|  0|   2|           1|           2|
    +---------------------------+----------+----+---+----+------------+------------+
    |Total                      |          |   0|  0|3959|        2879|        2700|
    +---------------------------+----------+----+---+----+------------+------------+

    * Multiplexer: 
    +------------------------------------------------------------------------+-----+-----------+-----+-----------+
    |                                  Name                                  | LUT | Input Size| Bits| Total Bits|
    +------------------------------------------------------------------------+-----+-----------+-----+-----------+
    |ap_NS_fsm                                                               |  389|         74|    1|         74|
    |ap_done_int                                                             |    9|          2|    1|          2|
    |ap_enable_reg_pp0_iter0                                                 |    9|          2|    1|          2|
    |ap_enable_reg_pp0_iter1                                                 |    9|          2|    1|          2|
    |ap_enable_reg_pp0_iter15                                                |    9|          2|    1|          2|
    |ap_loop_exit_ready_pp0_iter10_reg                                       |    9|          2|    1|          2|
    |ap_loop_exit_ready_pp0_iter11_reg                                       |    9|          2|    1|          2|
    |ap_loop_exit_ready_pp0_iter12_reg                                       |    9|          2|    1|          2|
    |ap_loop_exit_ready_pp0_iter13_reg                                       |    9|          2|    1|          2|
    |ap_loop_exit_ready_pp0_iter14_reg                                       |    9|          2|    1|          2|
    |ap_loop_exit_ready_pp0_iter1_reg                                        |    9|          2|    1|          2|
    |ap_loop_exit_ready_pp0_iter2_reg                                        |    9|          2|    1|          2|
    |ap_loop_exit_ready_pp0_iter3_reg                                        |    9|          2|    1|          2|
    |ap_loop_exit_ready_pp0_iter4_reg                                        |    9|          2|    1|          2|
    |ap_loop_exit_ready_pp0_iter5_reg                                        |    9|          2|    1|          2|
    |ap_loop_exit_ready_pp0_iter6_reg                                        |    9|          2|    1|          2|
    |ap_loop_exit_ready_pp0_iter7_reg                                        |    9|          2|    1|          2|
    |ap_loop_exit_ready_pp0_iter8_reg                                        |    9|          2|    1|          2|
    |ap_loop_exit_ready_pp0_iter9_reg                                        |    9|          2|    1|          2|
    |ap_sig_allocacmp_indvar_flatten1061_load                                |    9|          2|   14|         28|
    |ap_sig_allocacmp_od_load                                                |    9|          2|    8|         16|
    |ap_sig_allocacmp_s                                                      |    9|          2|    7|         14|
    |grp_fu_3118_p0                                                          |   54|         10|   32|        320|
    |grp_fu_3118_p1                                                          |  389|         74|   32|       2368|
    |grp_fu_3122_p0                                                          |   54|         10|   32|        320|
    |grp_fu_3122_p1                                                          |  366|         72|   32|       2304|
    |grp_fu_3126_p0                                                          |  377|         73|   32|       2336|
    |grp_fu_3126_p1                                                          |  377|         73|   32|       2336|
    |grp_fu_3130_p0                                                          |  377|         73|   32|       2336|
    |grp_fu_3130_p1                                                          |  377|         73|   32|       2336|
    |indvar_flatten1061_fu_456                                               |    9|          2|   14|         28|
    |od_fu_448                                                               |    9|          2|    8|         16|
    |p_ZZ22transformer_blk_s2_topPKfPfS0_E5q_buf_10_address0                 |   14|          3|    9|         27|
    |p_ZZ22transformer_blk_s2_topPKfPfS0_E5q_buf_10_address1                 |   14|          3|    9|         27|
    |p_ZZ22transformer_blk_s2_topPKfPfS0_E5q_buf_11_address0                 |   14|          3|    9|         27|
    |p_ZZ22transformer_blk_s2_topPKfPfS0_E5q_buf_11_address1                 |   14|          3|    9|         27|
    |p_ZZ22transformer_blk_s2_topPKfPfS0_E5q_buf_12_address0                 |   14|          3|    9|         27|
    |p_ZZ22transformer_blk_s2_topPKfPfS0_E5q_buf_12_address1                 |   14|          3|    9|         27|
    |p_ZZ22transformer_blk_s2_topPKfPfS0_E5q_buf_13_address0                 |   14|          3|    9|         27|
    |p_ZZ22transformer_blk_s2_topPKfPfS0_E5q_buf_13_address1                 |   14|          3|    9|         27|
    |p_ZZ22transformer_blk_s2_topPKfPfS0_E5q_buf_14_address0                 |   14|          3|    9|         27|
    |p_ZZ22transformer_blk_s2_topPKfPfS0_E5q_buf_14_address1                 |   14|          3|    9|         27|
    |p_ZZ22transformer_blk_s2_topPKfPfS0_E5q_buf_15_address0                 |   14|          3|    9|         27|
    |p_ZZ22transformer_blk_s2_topPKfPfS0_E5q_buf_15_address1                 |   14|          3|    9|         27|
    |p_ZZ22transformer_blk_s2_topPKfPfS0_E5q_buf_16_address0                 |   14|          3|    9|         27|
    |p_ZZ22transformer_blk_s2_topPKfPfS0_E5q_buf_16_address1                 |   14|          3|    9|         27|
    |p_ZZ22transformer_blk_s2_topPKfPfS0_E5q_buf_17_address0                 |   14|          3|    9|         27|
    |p_ZZ22transformer_blk_s2_topPKfPfS0_E5q_buf_17_address1                 |   14|          3|    9|         27|
    |p_ZZ22transformer_blk_s2_topPKfPfS0_E5q_buf_18_address0                 |   14|          3|    9|         27|
    |p_ZZ22transformer_blk_s2_topPKfPfS0_E5q_buf_18_address1                 |   14|          3|    9|         27|
    |p_ZZ22transformer_blk_s2_topPKfPfS0_E5q_buf_19_address0                 |   14|          3|    9|         27|
    |p_ZZ22transformer_blk_s2_topPKfPfS0_E5q_buf_19_address1                 |   14|          3|    9|         27|
    |p_ZZ22transformer_blk_s2_topPKfPfS0_E5q_buf_20_address0                 |   14|          3|    9|         27|
    |p_ZZ22transformer_blk_s2_topPKfPfS0_E5q_buf_20_address1                 |   14|          3|    9|         27|
    |p_ZZ22transformer_blk_s2_topPKfPfS0_E5q_buf_21_address0                 |   14|          3|    9|         27|
    |p_ZZ22transformer_blk_s2_topPKfPfS0_E5q_buf_21_address1                 |   14|          3|    9|         27|
    |p_ZZ22transformer_blk_s2_topPKfPfS0_E5q_buf_22_address0                 |   14|          3|    9|         27|
    |p_ZZ22transformer_blk_s2_topPKfPfS0_E5q_buf_22_address1                 |   14|          3|    9|         27|
    |p_ZZ22transformer_blk_s2_topPKfPfS0_E5q_buf_23_address0                 |   14|          3|    9|         27|
    |p_ZZ22transformer_blk_s2_topPKfPfS0_E5q_buf_23_address1                 |   14|          3|    9|         27|
    |p_ZZ22transformer_blk_s2_topPKfPfS0_E5q_buf_24_address0                 |   14|          3|    9|         27|
    |p_ZZ22transformer_blk_s2_topPKfPfS0_E5q_buf_24_address1                 |   14|          3|    9|         27|
    |p_ZZ22transformer_blk_s2_topPKfPfS0_E5q_buf_25_address0                 |   14|          3|    9|         27|
    |p_ZZ22transformer_blk_s2_topPKfPfS0_E5q_buf_25_address1                 |   14|          3|    9|         27|
    |p_ZZ22transformer_blk_s2_topPKfPfS0_E5q_buf_26_address0                 |   14|          3|    9|         27|
    |p_ZZ22transformer_blk_s2_topPKfPfS0_E5q_buf_26_address1                 |   14|          3|    9|         27|
    |p_ZZ22transformer_blk_s2_topPKfPfS0_E5q_buf_27_address0                 |   14|          3|    9|         27|
    |p_ZZ22transformer_blk_s2_topPKfPfS0_E5q_buf_27_address1                 |   14|          3|    9|         27|
    |p_ZZ22transformer_blk_s2_topPKfPfS0_E5q_buf_28_address0                 |   14|          3|    9|         27|
    |p_ZZ22transformer_blk_s2_topPKfPfS0_E5q_buf_28_address1                 |   14|          3|    9|         27|
    |p_ZZ22transformer_blk_s2_topPKfPfS0_E5q_buf_29_address0                 |   14|          3|    9|         27|
    |p_ZZ22transformer_blk_s2_topPKfPfS0_E5q_buf_29_address1                 |   14|          3|    9|         27|
    |p_ZZ22transformer_blk_s2_topPKfPfS0_E5q_buf_30_address0                 |   14|          3|    9|         27|
    |p_ZZ22transformer_blk_s2_topPKfPfS0_E5q_buf_30_address1                 |   14|          3|    9|         27|
    |p_ZZ22transformer_blk_s2_topPKfPfS0_E5q_buf_31_address0                 |   14|          3|    9|         27|
    |p_ZZ22transformer_blk_s2_topPKfPfS0_E5q_buf_31_address1                 |   14|          3|    9|         27|
    |p_ZZ22transformer_blk_s2_topPKfPfS0_E5q_buf_32_address0                 |   14|          3|    9|         27|
    |p_ZZ22transformer_blk_s2_topPKfPfS0_E5q_buf_32_address1                 |   14|          3|    9|         27|
    |p_ZZ22transformer_blk_s2_topPKfPfS0_E5q_buf_33_address0                 |   14|          3|    9|         27|
    |p_ZZ22transformer_blk_s2_topPKfPfS0_E5q_buf_33_address1                 |   14|          3|    9|         27|
    |p_ZZ22transformer_blk_s2_topPKfPfS0_E5q_buf_34_address0                 |   14|          3|    9|         27|
    |p_ZZ22transformer_blk_s2_topPKfPfS0_E5q_buf_34_address1                 |   14|          3|    9|         27|
    |p_ZZ22transformer_blk_s2_topPKfPfS0_E5q_buf_35_address0                 |   14|          3|    9|         27|
    |p_ZZ22transformer_blk_s2_topPKfPfS0_E5q_buf_35_address1                 |   14|          3|    9|         27|
    |reg_3138                                                                |    9|          2|   32|         64|
    |reg_3143                                                                |    9|          2|   32|         64|
    |s_4_fu_452                                                              |    9|          2|    7|         14|
    |transformer_blk_s2_top_float_const_float_float_const_q_buf_11_address0  |   14|          3|    9|         27|
    |transformer_blk_s2_top_float_const_float_float_const_q_buf_11_address1  |   14|          3|    9|         27|
    |transformer_blk_s2_top_float_const_float_float_const_q_buf_12_address0  |   14|          3|    9|         27|
    |transformer_blk_s2_top_float_const_float_float_const_q_buf_12_address1  |   14|          3|    9|         27|
    |transformer_blk_s2_top_float_const_float_float_const_q_buf_13_address0  |   14|          3|    9|         27|
    |transformer_blk_s2_top_float_const_float_float_const_q_buf_13_address1  |   14|          3|    9|         27|
    |transformer_blk_s2_top_float_const_float_float_const_q_buf_14_address0  |   14|          3|    9|         27|
    |transformer_blk_s2_top_float_const_float_float_const_q_buf_14_address1  |   14|          3|    9|         27|
    |transformer_blk_s2_top_float_const_float_float_const_q_buf_15_address0  |   14|          3|    9|         27|
    |transformer_blk_s2_top_float_const_float_float_const_q_buf_15_address1  |   14|          3|    9|         27|
    |transformer_blk_s2_top_float_const_float_float_const_q_buf_16_address0  |   14|          3|    9|         27|
    |transformer_blk_s2_top_float_const_float_float_const_q_buf_16_address1  |   14|          3|    9|         27|
    |transformer_blk_s2_top_float_const_float_float_const_q_buf_17_address0  |   14|          3|    9|         27|
    |transformer_blk_s2_top_float_const_float_float_const_q_buf_17_address1  |   14|          3|    9|         27|
    |transformer_blk_s2_top_float_const_float_float_const_q_buf_18_address0  |   14|          3|    9|         27|
    |transformer_blk_s2_top_float_const_float_float_const_q_buf_18_address1  |   14|          3|    9|         27|
    |transformer_blk_s2_top_float_const_float_float_const_q_buf_19_address0  |   14|          3|    9|         27|
    |transformer_blk_s2_top_float_const_float_float_const_q_buf_19_address1  |   14|          3|    9|         27|
    |transformer_blk_s2_top_float_const_float_float_const_q_buf_address0     |   14|          3|    9|         27|
    |transformer_blk_s2_top_float_const_float_float_const_q_buf_address1     |   14|          3|    9|         27|
    |w_Addr_A_orig                                                           |  389|         74|   32|       2368|
    |w_Addr_B_orig                                                           |  377|         73|   32|       2336|
    +------------------------------------------------------------------------+-----+-----------+-----+-----------+
    |Total                                                                   | 4768|        947| 1109|      21658|
    +------------------------------------------------------------------------+-----+-----------+-----+-----------+

    * Register: 
    +----------------------------------------------------------------------------------------------------------------------------+-----+----+-----+-----------+
    |                                                            Name                                                            |  FF | LUT| Bits| Const Bits|
    +----------------------------------------------------------------------------------------------------------------------------+-----+----+-----+-----------+
    |acc_652_reg_11024                                                                                                           |   32|   0|   32|          0|
    |add_ln172_3_reg_8504                                                                                                        |   14|   0|   14|          0|
    |ap_CS_fsm                                                                                                                   |   73|   0|   73|          0|
    |ap_done_reg                                                                                                                 |    1|   0|    1|          0|
    |ap_enable_reg_pp0_iter0_reg                                                                                                 |    1|   0|    1|          0|
    |ap_enable_reg_pp0_iter1                                                                                                     |    1|   0|    1|          0|
    |ap_enable_reg_pp0_iter10                                                                                                    |    1|   0|    1|          0|
    |ap_enable_reg_pp0_iter11                                                                                                    |    1|   0|    1|          0|
    |ap_enable_reg_pp0_iter12                                                                                                    |    1|   0|    1|          0|
    |ap_enable_reg_pp0_iter13                                                                                                    |    1|   0|    1|          0|
    |ap_enable_reg_pp0_iter14                                                                                                    |    1|   0|    1|          0|
    |ap_enable_reg_pp0_iter15                                                                                                    |    1|   0|    1|          0|
    |ap_enable_reg_pp0_iter2                                                                                                     |    1|   0|    1|          0|
    |ap_enable_reg_pp0_iter3                                                                                                     |    1|   0|    1|          0|
    |ap_enable_reg_pp0_iter4                                                                                                     |    1|   0|    1|          0|
    |ap_enable_reg_pp0_iter5                                                                                                     |    1|   0|    1|          0|
    |ap_enable_reg_pp0_iter6                                                                                                     |    1|   0|    1|          0|
    |ap_enable_reg_pp0_iter7                                                                                                     |    1|   0|    1|          0|
    |ap_enable_reg_pp0_iter8                                                                                                     |    1|   0|    1|          0|
    |ap_enable_reg_pp0_iter9                                                                                                     |    1|   0|    1|          0|
    |ap_loop_exit_ready_pp0_iter10_reg                                                                                           |    1|   0|    1|          0|
    |ap_loop_exit_ready_pp0_iter11_reg                                                                                           |    1|   0|    1|          0|
    |ap_loop_exit_ready_pp0_iter12_reg                                                                                           |    1|   0|    1|          0|
    |ap_loop_exit_ready_pp0_iter13_reg                                                                                           |    1|   0|    1|          0|
    |ap_loop_exit_ready_pp0_iter14_reg                                                                                           |    1|   0|    1|          0|
    |ap_loop_exit_ready_pp0_iter1_reg                                                                                            |    1|   0|    1|          0|
    |ap_loop_exit_ready_pp0_iter2_reg                                                                                            |    1|   0|    1|          0|
    |ap_loop_exit_ready_pp0_iter3_reg                                                                                            |    1|   0|    1|          0|
    |ap_loop_exit_ready_pp0_iter4_reg                                                                                            |    1|   0|    1|          0|
    |ap_loop_exit_ready_pp0_iter5_reg                                                                                            |    1|   0|    1|          0|
    |ap_loop_exit_ready_pp0_iter6_reg                                                                                            |    1|   0|    1|          0|
    |ap_loop_exit_ready_pp0_iter7_reg                                                                                            |    1|   0|    1|          0|
    |ap_loop_exit_ready_pp0_iter8_reg                                                                                            |    1|   0|    1|          0|
    |ap_loop_exit_ready_pp0_iter9_reg                                                                                            |    1|   0|    1|          0|
    |icmp_ln162_reg_7240                                                                                                         |    1|   0|    1|          0|
    |indvar_flatten1061_fu_456                                                                                                   |   14|   0|   14|          0|
    |mul15_i25_i_i_100_reg_10469                                                                                                 |   32|   0|   32|          0|
    |mul15_i25_i_i_101_reg_10494                                                                                                 |   32|   0|   32|          0|
    |mul15_i25_i_i_102_reg_10499                                                                                                 |   32|   0|   32|          0|
    |mul15_i25_i_i_103_reg_10524                                                                                                 |   32|   0|   32|          0|
    |mul15_i25_i_i_104_reg_10529                                                                                                 |   32|   0|   32|          0|
    |mul15_i25_i_i_105_reg_10554                                                                                                 |   32|   0|   32|          0|
    |mul15_i25_i_i_106_reg_10559                                                                                                 |   32|   0|   32|          0|
    |mul15_i25_i_i_107_reg_10584                                                                                                 |   32|   0|   32|          0|
    |mul15_i25_i_i_108_reg_10589                                                                                                 |   32|   0|   32|          0|
    |mul15_i25_i_i_109_reg_10614                                                                                                 |   32|   0|   32|          0|
    |mul15_i25_i_i_10_reg_9119                                                                                                   |   32|   0|   32|          0|
    |mul15_i25_i_i_10_reg_9119_pp0_iter1_reg                                                                                     |   32|   0|   32|          0|
    |mul15_i25_i_i_110_reg_10619                                                                                                 |   32|   0|   32|          0|
    |mul15_i25_i_i_111_reg_10644                                                                                                 |   32|   0|   32|          0|
    |mul15_i25_i_i_112_reg_10649                                                                                                 |   32|   0|   32|          0|
    |mul15_i25_i_i_113_reg_10674                                                                                                 |   32|   0|   32|          0|
    |mul15_i25_i_i_114_reg_10679                                                                                                 |   32|   0|   32|          0|
    |mul15_i25_i_i_115_reg_10704                                                                                                 |   32|   0|   32|          0|
    |mul15_i25_i_i_116_reg_10709                                                                                                 |   32|   0|   32|          0|
    |mul15_i25_i_i_117_reg_10734                                                                                                 |   32|   0|   32|          0|
    |mul15_i25_i_i_118_reg_10739                                                                                                 |   32|   0|   32|          0|
    |mul15_i25_i_i_119_reg_10764                                                                                                 |   32|   0|   32|          0|
    |mul15_i25_i_i_11_reg_9144                                                                                                   |   32|   0|   32|          0|
    |mul15_i25_i_i_11_reg_9144_pp0_iter1_reg                                                                                     |   32|   0|   32|          0|
    |mul15_i25_i_i_120_reg_10769                                                                                                 |   32|   0|   32|          0|
    |mul15_i25_i_i_121_reg_10794                                                                                                 |   32|   0|   32|          0|
    |mul15_i25_i_i_122_reg_10799                                                                                                 |   32|   0|   32|          0|
    |mul15_i25_i_i_123_reg_10824                                                                                                 |   32|   0|   32|          0|
    |mul15_i25_i_i_124_reg_10829                                                                                                 |   32|   0|   32|          0|
    |mul15_i25_i_i_125_reg_10854                                                                                                 |   32|   0|   32|          0|
    |mul15_i25_i_i_126_reg_10859                                                                                                 |   32|   0|   32|          0|
    |mul15_i25_i_i_127_reg_10884                                                                                                 |   32|   0|   32|          0|
    |mul15_i25_i_i_128_reg_10889                                                                                                 |   32|   0|   32|          0|
    |mul15_i25_i_i_129_reg_10914                                                                                                 |   32|   0|   32|          0|
    |mul15_i25_i_i_12_reg_9149                                                                                                   |   32|   0|   32|          0|
    |mul15_i25_i_i_12_reg_9149_pp0_iter1_reg                                                                                     |   32|   0|   32|          0|
    |mul15_i25_i_i_130_reg_10919                                                                                                 |   32|   0|   32|          0|
    |mul15_i25_i_i_131_reg_10944                                                                                                 |   32|   0|   32|          0|
    |mul15_i25_i_i_132_reg_10949                                                                                                 |   32|   0|   32|          0|
    |mul15_i25_i_i_133_reg_10964                                                                                                 |   32|   0|   32|          0|
    |mul15_i25_i_i_134_reg_10969                                                                                                 |   32|   0|   32|          0|
    |mul15_i25_i_i_135_reg_10984                                                                                                 |   32|   0|   32|          0|
    |mul15_i25_i_i_136_reg_10989                                                                                                 |   32|   0|   32|          0|
    |mul15_i25_i_i_137_reg_10994                                                                                                 |   32|   0|   32|          0|
    |mul15_i25_i_i_138_reg_10999                                                                                                 |   32|   0|   32|          0|
    |mul15_i25_i_i_139_reg_11004                                                                                                 |   32|   0|   32|          0|
    |mul15_i25_i_i_13_reg_9174                                                                                                   |   32|   0|   32|          0|
    |mul15_i25_i_i_13_reg_9174_pp0_iter1_reg                                                                                     |   32|   0|   32|          0|
    |mul15_i25_i_i_140_reg_11009                                                                                                 |   32|   0|   32|          0|
    |mul15_i25_i_i_141_reg_11014                                                                                                 |   32|   0|   32|          0|
    |mul15_i25_i_i_142_reg_11019                                                                                                 |   32|   0|   32|          0|
    |mul15_i25_i_i_14_reg_9179                                                                                                   |   32|   0|   32|          0|
    |mul15_i25_i_i_14_reg_9179_pp0_iter1_reg                                                                                     |   32|   0|   32|          0|
    |mul15_i25_i_i_15_reg_9204                                                                                                   |   32|   0|   32|          0|
    |mul15_i25_i_i_15_reg_9204_pp0_iter1_reg                                                                                     |   32|   0|   32|          0|
    |mul15_i25_i_i_16_reg_9209                                                                                                   |   32|   0|   32|          0|
    |mul15_i25_i_i_16_reg_9209_pp0_iter1_reg                                                                                     |   32|   0|   32|          0|
    |mul15_i25_i_i_17_reg_9234                                                                                                   |   32|   0|   32|          0|
    |mul15_i25_i_i_17_reg_9234_pp0_iter1_reg                                                                                     |   32|   0|   32|          0|
    |mul15_i25_i_i_18_reg_9239                                                                                                   |   32|   0|   32|          0|
    |mul15_i25_i_i_19_reg_9264                                                                                                   |   32|   0|   32|          0|
    |mul15_i25_i_i_1_reg_8964                                                                                                    |   32|   0|   32|          0|
    |mul15_i25_i_i_20_reg_9269                                                                                                   |   32|   0|   32|          0|
    |mul15_i25_i_i_21_reg_9294                                                                                                   |   32|   0|   32|          0|
    |mul15_i25_i_i_22_reg_9299                                                                                                   |   32|   0|   32|          0|
    |mul15_i25_i_i_23_reg_9324                                                                                                   |   32|   0|   32|          0|
    |mul15_i25_i_i_24_reg_9329                                                                                                   |   32|   0|   32|          0|
    |mul15_i25_i_i_25_reg_9354                                                                                                   |   32|   0|   32|          0|
    |mul15_i25_i_i_26_reg_9359                                                                                                   |   32|   0|   32|          0|
    |mul15_i25_i_i_27_reg_9384                                                                                                   |   32|   0|   32|          0|
    |mul15_i25_i_i_28_reg_9389                                                                                                   |   32|   0|   32|          0|
    |mul15_i25_i_i_29_reg_9414                                                                                                   |   32|   0|   32|          0|
    |mul15_i25_i_i_2_reg_8994                                                                                                    |   32|   0|   32|          0|
    |mul15_i25_i_i_30_reg_9419                                                                                                   |   32|   0|   32|          0|
    |mul15_i25_i_i_31_reg_9444                                                                                                   |   32|   0|   32|          0|
    |mul15_i25_i_i_32_reg_9449                                                                                                   |   32|   0|   32|          0|
    |mul15_i25_i_i_33_reg_9474                                                                                                   |   32|   0|   32|          0|
    |mul15_i25_i_i_34_reg_9479                                                                                                   |   32|   0|   32|          0|
    |mul15_i25_i_i_35_reg_9504                                                                                                   |   32|   0|   32|          0|
    |mul15_i25_i_i_36_reg_9509                                                                                                   |   32|   0|   32|          0|
    |mul15_i25_i_i_37_reg_9534                                                                                                   |   32|   0|   32|          0|
    |mul15_i25_i_i_38_reg_9539                                                                                                   |   32|   0|   32|          0|
    |mul15_i25_i_i_39_reg_9564                                                                                                   |   32|   0|   32|          0|
    |mul15_i25_i_i_3_reg_8999                                                                                                    |   32|   0|   32|          0|
    |mul15_i25_i_i_40_reg_9569                                                                                                   |   32|   0|   32|          0|
    |mul15_i25_i_i_41_reg_9594                                                                                                   |   32|   0|   32|          0|
    |mul15_i25_i_i_42_reg_9599                                                                                                   |   32|   0|   32|          0|
    |mul15_i25_i_i_43_reg_9624                                                                                                   |   32|   0|   32|          0|
    |mul15_i25_i_i_44_reg_9629                                                                                                   |   32|   0|   32|          0|
    |mul15_i25_i_i_45_reg_9654                                                                                                   |   32|   0|   32|          0|
    |mul15_i25_i_i_46_reg_9659                                                                                                   |   32|   0|   32|          0|
    |mul15_i25_i_i_47_reg_9684                                                                                                   |   32|   0|   32|          0|
    |mul15_i25_i_i_48_reg_9689                                                                                                   |   32|   0|   32|          0|
    |mul15_i25_i_i_49_reg_9714                                                                                                   |   32|   0|   32|          0|
    |mul15_i25_i_i_4_reg_9024                                                                                                    |   32|   0|   32|          0|
    |mul15_i25_i_i_50_reg_9719                                                                                                   |   32|   0|   32|          0|
    |mul15_i25_i_i_51_reg_9744                                                                                                   |   32|   0|   32|          0|
    |mul15_i25_i_i_52_reg_9749                                                                                                   |   32|   0|   32|          0|
    |mul15_i25_i_i_53_reg_9774                                                                                                   |   32|   0|   32|          0|
    |mul15_i25_i_i_54_reg_9779                                                                                                   |   32|   0|   32|          0|
    |mul15_i25_i_i_55_reg_9804                                                                                                   |   32|   0|   32|          0|
    |mul15_i25_i_i_56_reg_9809                                                                                                   |   32|   0|   32|          0|
    |mul15_i25_i_i_57_reg_9834                                                                                                   |   32|   0|   32|          0|
    |mul15_i25_i_i_58_reg_9839                                                                                                   |   32|   0|   32|          0|
    |mul15_i25_i_i_59_reg_9864                                                                                                   |   32|   0|   32|          0|
    |mul15_i25_i_i_5_reg_9029                                                                                                    |   32|   0|   32|          0|
    |mul15_i25_i_i_60_reg_9869                                                                                                   |   32|   0|   32|          0|
    |mul15_i25_i_i_61_reg_9894                                                                                                   |   32|   0|   32|          0|
    |mul15_i25_i_i_62_reg_9899                                                                                                   |   32|   0|   32|          0|
    |mul15_i25_i_i_63_reg_9924                                                                                                   |   32|   0|   32|          0|
    |mul15_i25_i_i_64_reg_9929                                                                                                   |   32|   0|   32|          0|
    |mul15_i25_i_i_65_reg_9954                                                                                                   |   32|   0|   32|          0|
    |mul15_i25_i_i_66_reg_9959                                                                                                   |   32|   0|   32|          0|
    |mul15_i25_i_i_67_reg_9984                                                                                                   |   32|   0|   32|          0|
    |mul15_i25_i_i_68_reg_9989                                                                                                   |   32|   0|   32|          0|
    |mul15_i25_i_i_69_reg_10014                                                                                                  |   32|   0|   32|          0|
    |mul15_i25_i_i_6_reg_9054                                                                                                    |   32|   0|   32|          0|
    |mul15_i25_i_i_70_reg_10019                                                                                                  |   32|   0|   32|          0|
    |mul15_i25_i_i_71_reg_10044                                                                                                  |   32|   0|   32|          0|
    |mul15_i25_i_i_72_reg_10049                                                                                                  |   32|   0|   32|          0|
    |mul15_i25_i_i_73_reg_10074                                                                                                  |   32|   0|   32|          0|
    |mul15_i25_i_i_74_reg_10079                                                                                                  |   32|   0|   32|          0|
    |mul15_i25_i_i_75_reg_10104                                                                                                  |   32|   0|   32|          0|
    |mul15_i25_i_i_76_reg_10109                                                                                                  |   32|   0|   32|          0|
    |mul15_i25_i_i_77_reg_10134                                                                                                  |   32|   0|   32|          0|
    |mul15_i25_i_i_78_reg_10139                                                                                                  |   32|   0|   32|          0|
    |mul15_i25_i_i_79_reg_10164                                                                                                  |   32|   0|   32|          0|
    |mul15_i25_i_i_7_reg_9059                                                                                                    |   32|   0|   32|          0|
    |mul15_i25_i_i_80_reg_10169                                                                                                  |   32|   0|   32|          0|
    |mul15_i25_i_i_81_reg_10194                                                                                                  |   32|   0|   32|          0|
    |mul15_i25_i_i_82_reg_10199                                                                                                  |   32|   0|   32|          0|
    |mul15_i25_i_i_83_reg_10224                                                                                                  |   32|   0|   32|          0|
    |mul15_i25_i_i_84_reg_10229                                                                                                  |   32|   0|   32|          0|
    |mul15_i25_i_i_85_reg_10254                                                                                                  |   32|   0|   32|          0|
    |mul15_i25_i_i_86_reg_10259                                                                                                  |   32|   0|   32|          0|
    |mul15_i25_i_i_87_reg_10284                                                                                                  |   32|   0|   32|          0|
    |mul15_i25_i_i_88_reg_10289                                                                                                  |   32|   0|   32|          0|
    |mul15_i25_i_i_89_reg_10314                                                                                                  |   32|   0|   32|          0|
    |mul15_i25_i_i_8_reg_9084                                                                                                    |   32|   0|   32|          0|
    |mul15_i25_i_i_90_reg_10319                                                                                                  |   32|   0|   32|          0|
    |mul15_i25_i_i_91_reg_10344                                                                                                  |   32|   0|   32|          0|
    |mul15_i25_i_i_92_reg_10349                                                                                                  |   32|   0|   32|          0|
    |mul15_i25_i_i_93_reg_10374                                                                                                  |   32|   0|   32|          0|
    |mul15_i25_i_i_94_reg_10379                                                                                                  |   32|   0|   32|          0|
    |mul15_i25_i_i_95_reg_10404                                                                                                  |   32|   0|   32|          0|
    |mul15_i25_i_i_96_reg_10409                                                                                                  |   32|   0|   32|          0|
    |mul15_i25_i_i_97_reg_10434                                                                                                  |   32|   0|   32|          0|
    |mul15_i25_i_i_98_reg_10439                                                                                                  |   32|   0|   32|          0|
    |mul15_i25_i_i_99_reg_10464                                                                                                  |   32|   0|   32|          0|
    |mul15_i25_i_i_9_reg_9089                                                                                                    |   32|   0|   32|          0|
    |mul15_i25_i_i_reg_8959                                                                                                      |   32|   0|   32|          0|
    |mul15_i25_i_i_s_reg_9114                                                                                                    |   32|   0|   32|          0|
    |mul15_i25_i_i_s_reg_9114_pp0_iter1_reg                                                                                      |   32|   0|   32|          0|
    |od_fu_448                                                                                                                   |    8|   0|    8|          0|
    |p_ZZ22transformer_blk_s2_topPKfPfS0_E5q_buf_10_load_1_reg_7858                                                              |   32|   0|   32|          0|
    |p_ZZ22transformer_blk_s2_topPKfPfS0_E5q_buf_10_load_2_reg_8559                                                              |   32|   0|   32|          0|
    |p_ZZ22transformer_blk_s2_topPKfPfS0_E5q_buf_10_load_3_reg_8739                                                              |   32|   0|   32|          0|
    |p_ZZ22transformer_blk_s2_topPKfPfS0_E5q_buf_10_load_reg_7678                                                                |   32|   0|   32|          0|
    |p_ZZ22transformer_blk_s2_topPKfPfS0_E5q_buf_16_load_1_reg_7888                                                              |   32|   0|   32|          0|
    |p_ZZ22transformer_blk_s2_topPKfPfS0_E5q_buf_16_load_2_reg_8589                                                              |   32|   0|   32|          0|
    |p_ZZ22transformer_blk_s2_topPKfPfS0_E5q_buf_16_load_3_reg_8769                                                              |   32|   0|   32|          0|
    |p_ZZ22transformer_blk_s2_topPKfPfS0_E5q_buf_16_load_reg_7708                                                                |   32|   0|   32|          0|
    |p_ZZ22transformer_blk_s2_topPKfPfS0_E5q_buf_17_load_reg_7713                                                                |   32|   0|   32|          0|
    |p_ZZ22transformer_blk_s2_topPKfPfS0_E5q_buf_18_load_1_reg_7898                                                              |   32|   0|   32|          0|
    |p_ZZ22transformer_blk_s2_topPKfPfS0_E5q_buf_18_load_2_reg_8599                                                              |   32|   0|   32|          0|
    |p_ZZ22transformer_blk_s2_topPKfPfS0_E5q_buf_18_load_3_reg_8779                                                              |   32|   0|   32|          0|
    |p_ZZ22transformer_blk_s2_topPKfPfS0_E5q_buf_18_load_reg_7718                                                                |   32|   0|   32|          0|
    |p_ZZ22transformer_blk_s2_topPKfPfS0_E5q_buf_19_load_1_reg_7903                                                              |   32|   0|   32|          0|
    |p_ZZ22transformer_blk_s2_topPKfPfS0_E5q_buf_19_load_2_reg_8604                                                              |   32|   0|   32|          0|
    |p_ZZ22transformer_blk_s2_topPKfPfS0_E5q_buf_19_load_3_reg_8784                                                              |   32|   0|   32|          0|
    |p_ZZ22transformer_blk_s2_topPKfPfS0_E5q_buf_19_load_reg_7723                                                                |   32|   0|   32|          0|
    |p_ZZ22transformer_blk_s2_topPKfPfS0_E5q_buf_20_load_1_reg_7908                                                              |   32|   0|   32|          0|
    |p_ZZ22transformer_blk_s2_topPKfPfS0_E5q_buf_20_load_2_reg_8609                                                              |   32|   0|   32|          0|
    |p_ZZ22transformer_blk_s2_topPKfPfS0_E5q_buf_20_load_3_reg_8789                                                              |   32|   0|   32|          0|
    |p_ZZ22transformer_blk_s2_topPKfPfS0_E5q_buf_20_load_reg_7728                                                                |   32|   0|   32|          0|
    |p_ZZ22transformer_blk_s2_topPKfPfS0_E5q_buf_26_load_1_reg_7938                                                              |   32|   0|   32|          0|
    |p_ZZ22transformer_blk_s2_topPKfPfS0_E5q_buf_26_load_2_reg_8639                                                              |   32|   0|   32|          0|
    |p_ZZ22transformer_blk_s2_topPKfPfS0_E5q_buf_26_load_3_reg_8819                                                              |   32|   0|   32|          0|
    |p_ZZ22transformer_blk_s2_topPKfPfS0_E5q_buf_26_load_reg_7758                                                                |   32|   0|   32|          0|
    |p_ZZ22transformer_blk_s2_topPKfPfS0_E5q_buf_27_load_reg_7763                                                                |   32|   0|   32|          0|
    |p_ZZ22transformer_blk_s2_topPKfPfS0_E5q_buf_28_load_1_reg_7948                                                              |   32|   0|   32|          0|
    |p_ZZ22transformer_blk_s2_topPKfPfS0_E5q_buf_28_load_2_reg_8649                                                              |   32|   0|   32|          0|
    |p_ZZ22transformer_blk_s2_topPKfPfS0_E5q_buf_28_load_3_reg_8829                                                              |   32|   0|   32|          0|
    |p_ZZ22transformer_blk_s2_topPKfPfS0_E5q_buf_28_load_reg_7768                                                                |   32|   0|   32|          0|
    |p_ZZ22transformer_blk_s2_topPKfPfS0_E5q_buf_29_load_1_reg_7953                                                              |   32|   0|   32|          0|
    |p_ZZ22transformer_blk_s2_topPKfPfS0_E5q_buf_29_load_2_reg_8654                                                              |   32|   0|   32|          0|
    |p_ZZ22transformer_blk_s2_topPKfPfS0_E5q_buf_29_load_3_reg_8834                                                              |   32|   0|   32|          0|
    |p_ZZ22transformer_blk_s2_topPKfPfS0_E5q_buf_29_load_reg_7773                                                                |   32|   0|   32|          0|
    |p_ZZ22transformer_blk_s2_topPKfPfS0_E5q_buf_30_load_1_reg_7958                                                              |   32|   0|   32|          0|
    |p_ZZ22transformer_blk_s2_topPKfPfS0_E5q_buf_30_load_2_reg_8659                                                              |   32|   0|   32|          0|
    |p_ZZ22transformer_blk_s2_topPKfPfS0_E5q_buf_30_load_3_reg_8839                                                              |   32|   0|   32|          0|
    |p_ZZ22transformer_blk_s2_topPKfPfS0_E5q_buf_30_load_reg_7778                                                                |   32|   0|   32|          0|
    |reg_3134                                                                                                                    |   32|   0|   32|          0|
    |reg_3138                                                                                                                    |   32|   0|   32|          0|
    |reg_3143                                                                                                                    |   32|   0|   32|          0|
    |reg_3148                                                                                                                    |   32|   0|   32|          0|
    |reg_3153                                                                                                                    |   32|   0|   32|          0|
    |reg_3158                                                                                                                    |   32|   0|   32|          0|
    |reg_3163                                                                                                                    |   32|   0|   32|          0|
    |reg_3168                                                                                                                    |   32|   0|   32|          0|
    |reg_3173                                                                                                                    |   32|   0|   32|          0|
    |reg_3178                                                                                                                    |   32|   0|   32|          0|
    |reg_3183                                                                                                                    |   32|   0|   32|          0|
    |reg_3188                                                                                                                    |   32|   0|   32|          0|
    |reg_3193                                                                                                                    |   32|   0|   32|          0|
    |reg_3198                                                                                                                    |   32|   0|   32|          0|
    |reg_3203                                                                                                                    |   32|   0|   32|          0|
    |reg_3208                                                                                                                    |   32|   0|   32|          0|
    |reg_3213                                                                                                                    |   32|   0|   32|          0|
    |reg_3218                                                                                                                    |   32|   0|   32|          0|
    |reg_3223                                                                                                                    |   32|   0|   32|          0|
    |s_4_fu_452                                                                                                                  |    7|   0|    7|          0|
    |select_ln162_6_reg_7251                                                                                                     |    7|   0|    7|          0|
    |select_ln162_7_reg_7257                                                                                                     |    7|   0|    9|          2|
    |select_ln162_reg_7244                                                                                                       |    8|   0|    8|          0|
    |transformer_blk_s2_top_float_const_float_float_const_q_buf_11_load_1_reg_7813                                               |   32|   0|   32|          0|
    |transformer_blk_s2_top_float_const_float_float_const_q_buf_11_load_2_reg_8514                                               |   32|   0|   32|          0|
    |transformer_blk_s2_top_float_const_float_float_const_q_buf_11_load_3_reg_8694                                               |   32|   0|   32|          0|
    |transformer_blk_s2_top_float_const_float_float_const_q_buf_11_load_reg_7633                                                 |   32|   0|   32|          0|
    |transformer_blk_s2_top_float_const_float_float_const_q_buf_12_load_1_reg_7818                                               |   32|   0|   32|          0|
    |transformer_blk_s2_top_float_const_float_float_const_q_buf_12_load_2_reg_8519                                               |   32|   0|   32|          0|
    |transformer_blk_s2_top_float_const_float_float_const_q_buf_12_load_3_reg_8699                                               |   32|   0|   32|          0|
    |transformer_blk_s2_top_float_const_float_float_const_q_buf_12_load_reg_7638                                                 |   32|   0|   32|          0|
    |transformer_blk_s2_top_float_const_float_float_const_q_buf_13_load_1_reg_7823                                               |   32|   0|   32|          0|
    |transformer_blk_s2_top_float_const_float_float_const_q_buf_13_load_2_reg_8524                                               |   32|   0|   32|          0|
    |transformer_blk_s2_top_float_const_float_float_const_q_buf_13_load_3_reg_8704                                               |   32|   0|   32|          0|
    |transformer_blk_s2_top_float_const_float_float_const_q_buf_13_load_reg_7643                                                 |   32|   0|   32|          0|
    |transformer_blk_s2_top_float_const_float_float_const_q_buf_14_load_1_reg_7828                                               |   32|   0|   32|          0|
    |transformer_blk_s2_top_float_const_float_float_const_q_buf_14_load_2_reg_8529                                               |   32|   0|   32|          0|
    |transformer_blk_s2_top_float_const_float_float_const_q_buf_14_load_3_reg_8709                                               |   32|   0|   32|          0|
    |transformer_blk_s2_top_float_const_float_float_const_q_buf_14_load_reg_7648                                                 |   32|   0|   32|          0|
    |transformer_blk_s2_top_float_const_float_float_const_q_buf_15_load_1_reg_7833                                               |   32|   0|   32|          0|
    |transformer_blk_s2_top_float_const_float_float_const_q_buf_15_load_2_reg_8534                                               |   32|   0|   32|          0|
    |transformer_blk_s2_top_float_const_float_float_const_q_buf_15_load_3_reg_8714                                               |   32|   0|   32|          0|
    |transformer_blk_s2_top_float_const_float_float_const_q_buf_15_load_reg_7653                                                 |   32|   0|   32|          0|
    |transformer_blk_s2_top_float_const_float_float_const_q_buf_16_load_1_reg_7838                                               |   32|   0|   32|          0|
    |transformer_blk_s2_top_float_const_float_float_const_q_buf_16_load_2_reg_8539                                               |   32|   0|   32|          0|
    |transformer_blk_s2_top_float_const_float_float_const_q_buf_16_load_3_reg_8719                                               |   32|   0|   32|          0|
    |transformer_blk_s2_top_float_const_float_float_const_q_buf_16_load_reg_7658                                                 |   32|   0|   32|          0|
    |transformer_blk_s2_top_float_const_float_float_const_q_buf_17_load_1_reg_7843                                               |   32|   0|   32|          0|
    |transformer_blk_s2_top_float_const_float_float_const_q_buf_17_load_2_reg_8544                                               |   32|   0|   32|          0|
    |transformer_blk_s2_top_float_const_float_float_const_q_buf_17_load_3_reg_8724                                               |   32|   0|   32|          0|
    |transformer_blk_s2_top_float_const_float_float_const_q_buf_17_load_reg_7663                                                 |   32|   0|   32|          0|
    |transformer_blk_s2_top_float_const_float_float_const_q_buf_18_load_1_reg_7848                                               |   32|   0|   32|          0|
    |transformer_blk_s2_top_float_const_float_float_const_q_buf_18_load_2_reg_8549                                               |   32|   0|   32|          0|
    |transformer_blk_s2_top_float_const_float_float_const_q_buf_18_load_3_reg_8729                                               |   32|   0|   32|          0|
    |transformer_blk_s2_top_float_const_float_float_const_q_buf_18_load_reg_7668                                                 |   32|   0|   32|          0|
    |transformer_blk_s2_top_float_const_float_float_const_q_buf_19_load_1_reg_7853                                               |   32|   0|   32|          0|
    |transformer_blk_s2_top_float_const_float_float_const_q_buf_19_load_2_reg_8554                                               |   32|   0|   32|          0|
    |transformer_blk_s2_top_float_const_float_float_const_q_buf_19_load_3_reg_8734                                               |   32|   0|   32|          0|
    |transformer_blk_s2_top_float_const_float_float_const_q_buf_19_load_reg_7673                                                 |   32|   0|   32|          0|
    |transformer_blk_s2_top_float_const_float_float_const_q_buf_330_reg_7688                                                     |   32|   0|   32|          0|
    |transformer_blk_s2_top_float_const_float_float_const_q_buf_331_reg_7693                                                     |   32|   0|   32|          0|
    |transformer_blk_s2_top_float_const_float_float_const_q_buf_332_reg_7698                                                     |   32|   0|   32|          0|
    |transformer_blk_s2_top_float_const_float_float_const_q_buf_334_reg_7703                                                     |   32|   0|   32|          0|
    |transformer_blk_s2_top_float_const_float_float_const_q_buf_335_reg_7733                                                     |   32|   0|   32|          0|
    |transformer_blk_s2_top_float_const_float_float_const_q_buf_336_reg_7738                                                     |   32|   0|   32|          0|
    |transformer_blk_s2_top_float_const_float_float_const_q_buf_337_reg_7743                                                     |   32|   0|   32|          0|
    |transformer_blk_s2_top_float_const_float_float_const_q_buf_338_reg_7748                                                     |   32|   0|   32|          0|
    |transformer_blk_s2_top_float_const_float_float_const_q_buf_340_reg_7753                                                     |   32|   0|   32|          0|
    |transformer_blk_s2_top_float_const_float_float_const_q_buf_341_reg_7783                                                     |   32|   0|   32|          0|
    |transformer_blk_s2_top_float_const_float_float_const_q_buf_342_reg_7788                                                     |   32|   0|   32|          0|
    |transformer_blk_s2_top_float_const_float_float_const_q_buf_343_reg_7793                                                     |   32|   0|   32|          0|
    |transformer_blk_s2_top_float_const_float_float_const_q_buf_344_reg_7798                                                     |   32|   0|   32|          0|
    |transformer_blk_s2_top_float_const_float_float_const_q_buf_346_reg_7803                                                     |   32|   0|   32|          0|
    |transformer_blk_s2_top_float_const_float_float_const_q_buf_348_reg_7893                                                     |   32|   0|   32|          0|
    |transformer_blk_s2_top_float_const_float_float_const_q_buf_356_reg_7943                                                     |   32|   0|   32|          0|
    |transformer_blk_s2_top_float_const_float_float_const_q_buf_364_reg_8594                                                     |   32|   0|   32|          0|
    |transformer_blk_s2_top_float_const_float_float_const_q_buf_372_reg_8644                                                     |   32|   0|   32|          0|
    |transformer_blk_s2_top_float_const_float_float_const_q_buf_380_reg_8774                                                     |   32|   0|   32|          0|
    |transformer_blk_s2_top_float_const_float_float_const_q_buf_388_reg_8824                                                     |   32|   0|   32|          0|
    |transformer_blk_s2_top_float_const_float_float_const_q_buf_load_1_reg_7808                                                  |   32|   0|   32|          0|
    |transformer_blk_s2_top_float_const_float_float_const_q_buf_load_2_reg_8509                                                  |   32|   0|   32|          0|
    |transformer_blk_s2_top_float_const_float_float_const_q_buf_load_3_reg_8689                                                  |   32|   0|   32|          0|
    |transformer_blk_s2_top_float_const_float_float_const_q_buf_load_reg_7628                                                    |   32|   0|   32|          0|
    |transformer_blk_s2_top_float_const_float_float_const_q_buf_reg_7683                                                         |   32|   0|   32|          0|
    |transformer_mulmulmulblk_s2_top_float_const_float_float_const_q_buf_l_unsigned_int128_signed_char_double_1_350_reg_7918     |   32|   0|   32|          0|
    |transformer_mulmulmulblk_s2_top_float_const_float_float_const_q_buf_l_unsigned_int128_signed_char_double_1_358_reg_7968     |   32|   0|   32|          0|
    |transformer_mulmulmulblk_s2_top_float_const_float_float_const_q_buf_l_unsigned_int128_signed_char_double_1_reg_7868         |   32|   0|   32|          0|
    |transformer_mulmulmulblk_s2_top_float_const_float_float_const_q_buf_l_unsigned_int128_signed_char_double_2_366_reg_8619     |   32|   0|   32|          0|
    |transformer_mulmulmulblk_s2_top_float_const_float_float_const_q_buf_l_unsigned_int128_signed_char_double_2_374_reg_8669     |   32|   0|   32|          0|
    |transformer_mulmulmulblk_s2_top_float_const_float_float_const_q_buf_l_unsigned_int128_signed_char_double_2_reg_8569         |   32|   0|   32|          0|
    |transformer_mulmulmulblk_s2_top_float_const_float_float_const_q_buf_l_unsigned_int128_signed_char_double_3_382_reg_8799     |   32|   0|   32|          0|
    |transformer_mulmulmulblk_s2_top_float_const_float_float_const_q_buf_l_unsigned_int128_signed_char_double_3_390_reg_8849     |   32|   0|   32|          0|
    |transformer_mulmulmulblk_s2_top_float_const_float_float_const_q_buf_l_unsigned_int128_signed_char_double_3_reg_8749         |   32|   0|   32|          0|
    |transformer_mulmulmulblk_s2_top_float_const_float_float_const_q_buf_lo_signed_char_double_1_351_reg_7923                    |   32|   0|   32|          0|
    |transformer_mulmulmulblk_s2_top_float_const_float_float_const_q_buf_lo_signed_char_double_1_359_reg_7973                    |   32|   0|   32|          0|
    |transformer_mulmulmulblk_s2_top_float_const_float_float_const_q_buf_lo_signed_char_double_1_reg_7873                        |   32|   0|   32|          0|
    |transformer_mulmulmulblk_s2_top_float_const_float_float_const_q_buf_lo_signed_char_double_2_367_reg_8624                    |   32|   0|   32|          0|
    |transformer_mulmulmulblk_s2_top_float_const_float_float_const_q_buf_lo_signed_char_double_2_375_reg_8674                    |   32|   0|   32|          0|
    |transformer_mulmulmulblk_s2_top_float_const_float_float_const_q_buf_lo_signed_char_double_2_reg_8574                        |   32|   0|   32|          0|
    |transformer_mulmulmulblk_s2_top_float_const_float_float_const_q_buf_lo_signed_char_double_3_383_reg_8804                    |   32|   0|   32|          0|
    |transformer_mulmulmulblk_s2_top_float_const_float_float_const_q_buf_lo_signed_char_double_3_391_reg_8854                    |   32|   0|   32|          0|
    |transformer_mulmulmulblk_s2_top_float_const_float_float_const_q_buf_lo_signed_char_double_3_reg_8754                        |   32|   0|   32|          0|
    |transformer_mulmulmulblk_s2_top_float_const_float_float_const_q_buf_loa_double_1_352_reg_7928                               |   32|   0|   32|          0|
    |transformer_mulmulmulblk_s2_top_float_const_float_float_const_q_buf_loa_double_1_360_reg_7978                               |   32|   0|   32|          0|
    |transformer_mulmulmulblk_s2_top_float_const_float_float_const_q_buf_loa_double_1_reg_7878                                   |   32|   0|   32|          0|
    |transformer_mulmulmulblk_s2_top_float_const_float_float_const_q_buf_loa_double_2_368_reg_8629                               |   32|   0|   32|          0|
    |transformer_mulmulmulblk_s2_top_float_const_float_float_const_q_buf_loa_double_2_376_reg_8679                               |   32|   0|   32|          0|
    |transformer_mulmulmulblk_s2_top_float_const_float_float_const_q_buf_loa_double_2_reg_8579                                   |   32|   0|   32|          0|
    |transformer_mulmulmulblk_s2_top_float_const_float_float_const_q_buf_loa_double_3_384_reg_8809                               |   32|   0|   32|          0|
    |transformer_mulmulmulblk_s2_top_float_const_float_float_const_q_buf_loa_double_3_392_reg_8859                               |   32|   0|   32|          0|
    |transformer_mulmulmulblk_s2_top_float_const_float_float_const_q_buf_loa_double_3_reg_8759                                   |   32|   0|   32|          0|
    |transformer_mulmulmulblk_s2_top_float_const_float_float_const_q_buf_load_1_354_reg_7933                                     |   32|   0|   32|          0|
    |transformer_mulmulmulblk_s2_top_float_const_float_float_const_q_buf_load_1_362_reg_7983                                     |   32|   0|   32|          0|
    |transformer_mulmulmulblk_s2_top_float_const_float_float_const_q_buf_load_1_reg_7883                                         |   32|   0|   32|          0|
    |transformer_mulmulmulblk_s2_top_float_const_float_float_const_q_buf_load_2_370_reg_8634                                     |   32|   0|   32|          0|
    |transformer_mulmulmulblk_s2_top_float_const_float_float_const_q_buf_load_2_378_reg_8684                                     |   32|   0|   32|          0|
    |transformer_mulmulmulblk_s2_top_float_const_float_float_const_q_buf_load_2_reg_8584                                         |   32|   0|   32|          0|
    |transformer_mulmulmulblk_s2_top_float_const_float_float_const_q_buf_load_3_386_reg_8814                                     |   32|   0|   32|          0|
    |transformer_mulmulmulblk_s2_top_float_const_float_float_const_q_buf_load_3_394_reg_8864                                     |   32|   0|   32|          0|
    |transformer_mulmulmulblk_s2_top_float_const_float_float_const_q_buf_load_3_reg_8764                                         |   32|   0|   32|          0|
    |transformer_mulmulmulblk_s2_top_float_const_float_float_const_q_buf_long_unsigned_int128_signed_char_double_1_349_reg_7913  |   32|   0|   32|          0|
    |transformer_mulmulmulblk_s2_top_float_const_float_float_const_q_buf_long_unsigned_int128_signed_char_double_1_357_reg_7963  |   32|   0|   32|          0|
    |transformer_mulmulmulblk_s2_top_float_const_float_float_const_q_buf_long_unsigned_int128_signed_char_double_1_reg_7863      |   32|   0|   32|          0|
    |transformer_mulmulmulblk_s2_top_float_const_float_float_const_q_buf_long_unsigned_int128_signed_char_double_2_365_reg_8614  |   32|   0|   32|          0|
    |transformer_mulmulmulblk_s2_top_float_const_float_float_const_q_buf_long_unsigned_int128_signed_char_double_2_373_reg_8664  |   32|   0|   32|          0|
    |transformer_mulmulmulblk_s2_top_float_const_float_float_const_q_buf_long_unsigned_int128_signed_char_double_2_reg_8564      |   32|   0|   32|          0|
    |transformer_mulmulmulblk_s2_top_float_const_float_float_const_q_buf_long_unsigned_int128_signed_char_double_3_381_reg_8794  |   32|   0|   32|          0|
    |transformer_mulmulmulblk_s2_top_float_const_float_float_const_q_buf_long_unsigned_int128_signed_char_double_3_389_reg_8844  |   32|   0|   32|          0|
    |transformer_mulmulmulblk_s2_top_float_const_float_float_const_q_buf_long_unsigned_int128_signed_char_double_3_reg_8744      |   32|   0|   32|          0|
    |zext_ln170_561_reg_8348                                                                                                     |   11|   0|   19|          8|
    |add_ln172_3_reg_8504                                                                                                        |   64|  32|   14|          0|
    |icmp_ln162_reg_7240                                                                                                         |   64|  32|    1|          0|
    |mul15_i25_i_i_100_reg_10469                                                                                                 |   64|  32|   32|          0|
    |mul15_i25_i_i_101_reg_10494                                                                                                 |   64|  32|   32|          0|
    |mul15_i25_i_i_102_reg_10499                                                                                                 |   64|  32|   32|          0|
    |mul15_i25_i_i_103_reg_10524                                                                                                 |   64|  32|   32|          0|
    |mul15_i25_i_i_104_reg_10529                                                                                                 |   64|  32|   32|          0|
    |mul15_i25_i_i_105_reg_10554                                                                                                 |   64|  32|   32|          0|
    |mul15_i25_i_i_106_reg_10559                                                                                                 |   64|  32|   32|          0|
    |mul15_i25_i_i_107_reg_10584                                                                                                 |   64|  32|   32|          0|
    |mul15_i25_i_i_108_reg_10589                                                                                                 |   64|  32|   32|          0|
    |mul15_i25_i_i_109_reg_10614                                                                                                 |   64|  32|   32|          0|
    |mul15_i25_i_i_110_reg_10619                                                                                                 |   64|  32|   32|          0|
    |mul15_i25_i_i_111_reg_10644                                                                                                 |   64|  32|   32|          0|
    |mul15_i25_i_i_112_reg_10649                                                                                                 |   64|  32|   32|          0|
    |mul15_i25_i_i_113_reg_10674                                                                                                 |   64|  32|   32|          0|
    |mul15_i25_i_i_114_reg_10679                                                                                                 |   64|  32|   32|          0|
    |mul15_i25_i_i_115_reg_10704                                                                                                 |   64|  32|   32|          0|
    |mul15_i25_i_i_116_reg_10709                                                                                                 |   64|  32|   32|          0|
    |mul15_i25_i_i_117_reg_10734                                                                                                 |   64|  32|   32|          0|
    |mul15_i25_i_i_118_reg_10739                                                                                                 |   64|  32|   32|          0|
    |mul15_i25_i_i_119_reg_10764                                                                                                 |   64|  32|   32|          0|
    |mul15_i25_i_i_120_reg_10769                                                                                                 |   64|  32|   32|          0|
    |mul15_i25_i_i_121_reg_10794                                                                                                 |   64|  32|   32|          0|
    |mul15_i25_i_i_122_reg_10799                                                                                                 |   64|  32|   32|          0|
    |mul15_i25_i_i_123_reg_10824                                                                                                 |   64|  32|   32|          0|
    |mul15_i25_i_i_124_reg_10829                                                                                                 |   64|  32|   32|          0|
    |mul15_i25_i_i_125_reg_10854                                                                                                 |   64|  32|   32|          0|
    |mul15_i25_i_i_126_reg_10859                                                                                                 |   64|  32|   32|          0|
    |mul15_i25_i_i_127_reg_10884                                                                                                 |   64|  32|   32|          0|
    |mul15_i25_i_i_128_reg_10889                                                                                                 |   64|  32|   32|          0|
    |mul15_i25_i_i_129_reg_10914                                                                                                 |   64|  32|   32|          0|
    |mul15_i25_i_i_130_reg_10919                                                                                                 |   64|  32|   32|          0|
    |mul15_i25_i_i_131_reg_10944                                                                                                 |   64|  32|   32|          0|
    |mul15_i25_i_i_132_reg_10949                                                                                                 |   64|  32|   32|          0|
    |mul15_i25_i_i_133_reg_10964                                                                                                 |   64|  32|   32|          0|
    |mul15_i25_i_i_134_reg_10969                                                                                                 |   64|  32|   32|          0|
    |mul15_i25_i_i_135_reg_10984                                                                                                 |   64|  32|   32|          0|
    |mul15_i25_i_i_136_reg_10989                                                                                                 |   64|  32|   32|          0|
    |mul15_i25_i_i_137_reg_10994                                                                                                 |   64|  32|   32|          0|
    |mul15_i25_i_i_138_reg_10999                                                                                                 |   64|  32|   32|          0|
    |mul15_i25_i_i_139_reg_11004                                                                                                 |   64|  32|   32|          0|
    |mul15_i25_i_i_140_reg_11009                                                                                                 |   64|  32|   32|          0|
    |mul15_i25_i_i_141_reg_11014                                                                                                 |   64|  32|   32|          0|
    |mul15_i25_i_i_142_reg_11019                                                                                                 |   64|  32|   32|          0|
    |mul15_i25_i_i_18_reg_9239                                                                                                   |   64|  32|   32|          0|
    |mul15_i25_i_i_19_reg_9264                                                                                                   |   64|  32|   32|          0|
    |mul15_i25_i_i_20_reg_9269                                                                                                   |   64|  32|   32|          0|
    |mul15_i25_i_i_21_reg_9294                                                                                                   |   64|  32|   32|          0|
    |mul15_i25_i_i_22_reg_9299                                                                                                   |   64|  32|   32|          0|
    |mul15_i25_i_i_23_reg_9324                                                                                                   |   64|  32|   32|          0|
    |mul15_i25_i_i_24_reg_9329                                                                                                   |   64|  32|   32|          0|
    |mul15_i25_i_i_25_reg_9354                                                                                                   |   64|  32|   32|          0|
    |mul15_i25_i_i_26_reg_9359                                                                                                   |   64|  32|   32|          0|
    |mul15_i25_i_i_27_reg_9384                                                                                                   |   64|  32|   32|          0|
    |mul15_i25_i_i_28_reg_9389                                                                                                   |   64|  32|   32|          0|
    |mul15_i25_i_i_29_reg_9414                                                                                                   |   64|  32|   32|          0|
    |mul15_i25_i_i_30_reg_9419                                                                                                   |   64|  32|   32|          0|
    |mul15_i25_i_i_31_reg_9444                                                                                                   |   64|  32|   32|          0|
    |mul15_i25_i_i_32_reg_9449                                                                                                   |   64|  32|   32|          0|
    |mul15_i25_i_i_33_reg_9474                                                                                                   |   64|  32|   32|          0|
    |mul15_i25_i_i_34_reg_9479                                                                                                   |   64|  32|   32|          0|
    |mul15_i25_i_i_35_reg_9504                                                                                                   |   64|  32|   32|          0|
    |mul15_i25_i_i_36_reg_9509                                                                                                   |   64|  32|   32|          0|
    |mul15_i25_i_i_37_reg_9534                                                                                                   |   64|  32|   32|          0|
    |mul15_i25_i_i_38_reg_9539                                                                                                   |   64|  32|   32|          0|
    |mul15_i25_i_i_39_reg_9564                                                                                                   |   64|  32|   32|          0|
    |mul15_i25_i_i_40_reg_9569                                                                                                   |   64|  32|   32|          0|
    |mul15_i25_i_i_41_reg_9594                                                                                                   |   64|  32|   32|          0|
    |mul15_i25_i_i_42_reg_9599                                                                                                   |   64|  32|   32|          0|
    |mul15_i25_i_i_43_reg_9624                                                                                                   |   64|  32|   32|          0|
    |mul15_i25_i_i_44_reg_9629                                                                                                   |   64|  32|   32|          0|
    |mul15_i25_i_i_45_reg_9654                                                                                                   |   64|  32|   32|          0|
    |mul15_i25_i_i_46_reg_9659                                                                                                   |   64|  32|   32|          0|
    |mul15_i25_i_i_47_reg_9684                                                                                                   |   64|  32|   32|          0|
    |mul15_i25_i_i_48_reg_9689                                                                                                   |   64|  32|   32|          0|
    |mul15_i25_i_i_49_reg_9714                                                                                                   |   64|  32|   32|          0|
    |mul15_i25_i_i_50_reg_9719                                                                                                   |   64|  32|   32|          0|
    |mul15_i25_i_i_51_reg_9744                                                                                                   |   64|  32|   32|          0|
    |mul15_i25_i_i_52_reg_9749                                                                                                   |   64|  32|   32|          0|
    |mul15_i25_i_i_53_reg_9774                                                                                                   |   64|  32|   32|          0|
    |mul15_i25_i_i_54_reg_9779                                                                                                   |   64|  32|   32|          0|
    |mul15_i25_i_i_55_reg_9804                                                                                                   |   64|  32|   32|          0|
    |mul15_i25_i_i_56_reg_9809                                                                                                   |   64|  32|   32|          0|
    |mul15_i25_i_i_57_reg_9834                                                                                                   |   64|  32|   32|          0|
    |mul15_i25_i_i_58_reg_9839                                                                                                   |   64|  32|   32|          0|
    |mul15_i25_i_i_59_reg_9864                                                                                                   |   64|  32|   32|          0|
    |mul15_i25_i_i_60_reg_9869                                                                                                   |   64|  32|   32|          0|
    |mul15_i25_i_i_61_reg_9894                                                                                                   |   64|  32|   32|          0|
    |mul15_i25_i_i_62_reg_9899                                                                                                   |   64|  32|   32|          0|
    |mul15_i25_i_i_63_reg_9924                                                                                                   |   64|  32|   32|          0|
    |mul15_i25_i_i_64_reg_9929                                                                                                   |   64|  32|   32|          0|
    |mul15_i25_i_i_65_reg_9954                                                                                                   |   64|  32|   32|          0|
    |mul15_i25_i_i_66_reg_9959                                                                                                   |   64|  32|   32|          0|
    |mul15_i25_i_i_67_reg_9984                                                                                                   |   64|  32|   32|          0|
    |mul15_i25_i_i_68_reg_9989                                                                                                   |   64|  32|   32|          0|
    |mul15_i25_i_i_69_reg_10014                                                                                                  |   64|  32|   32|          0|
    |mul15_i25_i_i_70_reg_10019                                                                                                  |   64|  32|   32|          0|
    |mul15_i25_i_i_71_reg_10044                                                                                                  |   64|  32|   32|          0|
    |mul15_i25_i_i_72_reg_10049                                                                                                  |   64|  32|   32|          0|
    |mul15_i25_i_i_73_reg_10074                                                                                                  |   64|  32|   32|          0|
    |mul15_i25_i_i_74_reg_10079                                                                                                  |   64|  32|   32|          0|
    |mul15_i25_i_i_75_reg_10104                                                                                                  |   64|  32|   32|          0|
    |mul15_i25_i_i_76_reg_10109                                                                                                  |   64|  32|   32|          0|
    |mul15_i25_i_i_77_reg_10134                                                                                                  |   64|  32|   32|          0|
    |mul15_i25_i_i_78_reg_10139                                                                                                  |   64|  32|   32|          0|
    |mul15_i25_i_i_79_reg_10164                                                                                                  |   64|  32|   32|          0|
    |mul15_i25_i_i_80_reg_10169                                                                                                  |   64|  32|   32|          0|
    |mul15_i25_i_i_81_reg_10194                                                                                                  |   64|  32|   32|          0|
    |mul15_i25_i_i_82_reg_10199                                                                                                  |   64|  32|   32|          0|
    |mul15_i25_i_i_83_reg_10224                                                                                                  |   64|  32|   32|          0|
    |mul15_i25_i_i_84_reg_10229                                                                                                  |   64|  32|   32|          0|
    |mul15_i25_i_i_85_reg_10254                                                                                                  |   64|  32|   32|          0|
    |mul15_i25_i_i_86_reg_10259                                                                                                  |   64|  32|   32|          0|
    |mul15_i25_i_i_87_reg_10284                                                                                                  |   64|  32|   32|          0|
    |mul15_i25_i_i_88_reg_10289                                                                                                  |   64|  32|   32|          0|
    |mul15_i25_i_i_89_reg_10314                                                                                                  |   64|  32|   32|          0|
    |mul15_i25_i_i_90_reg_10319                                                                                                  |   64|  32|   32|          0|
    |mul15_i25_i_i_91_reg_10344                                                                                                  |   64|  32|   32|          0|
    |mul15_i25_i_i_92_reg_10349                                                                                                  |   64|  32|   32|          0|
    |mul15_i25_i_i_93_reg_10374                                                                                                  |   64|  32|   32|          0|
    |mul15_i25_i_i_94_reg_10379                                                                                                  |   64|  32|   32|          0|
    |mul15_i25_i_i_95_reg_10404                                                                                                  |   64|  32|   32|          0|
    |mul15_i25_i_i_96_reg_10409                                                                                                  |   64|  32|   32|          0|
    |mul15_i25_i_i_97_reg_10434                                                                                                  |   64|  32|   32|          0|
    |mul15_i25_i_i_98_reg_10439                                                                                                  |   64|  32|   32|          0|
    |mul15_i25_i_i_99_reg_10464                                                                                                  |   64|  32|   32|          0|
    +----------------------------------------------------------------------------------------------------------------------------+-----+----+-----+-----------+
    |Total                                                                                                                       |18453|4064|14350|         10|
    +----------------------------------------------------------------------------------------------------------------------------+-----+----+-----+-----------+



================================================================
== Interface
================================================================
* Summary: 
+------------------------------------------------------------------------+-----+-----+------------+---------------------------------------------------------------+--------------+
|                                RTL Ports                               | Dir | Bits|  Protocol  |                         Source Object                         |    C Type    |
+------------------------------------------------------------------------+-----+-----+------------+---------------------------------------------------------------+--------------+
|ap_clk                                                                  |   in|    1|  ap_ctrl_hs|                    transformer_blk_s2_top_Pipeline_LF_S_LF_OD3|  return value|
|ap_rst                                                                  |   in|    1|  ap_ctrl_hs|                    transformer_blk_s2_top_Pipeline_LF_S_LF_OD3|  return value|
|ap_start                                                                |   in|    1|  ap_ctrl_hs|                    transformer_blk_s2_top_Pipeline_LF_S_LF_OD3|  return value|
|ap_done                                                                 |  out|    1|  ap_ctrl_hs|                    transformer_blk_s2_top_Pipeline_LF_S_LF_OD3|  return value|
|ap_idle                                                                 |  out|    1|  ap_ctrl_hs|                    transformer_blk_s2_top_Pipeline_LF_S_LF_OD3|  return value|
|ap_ready                                                                |  out|    1|  ap_ctrl_hs|                    transformer_blk_s2_top_Pipeline_LF_S_LF_OD3|  return value|
|grp_fu_2377_p_din0                                                      |  out|   32|  ap_ctrl_hs|                    transformer_blk_s2_top_Pipeline_LF_S_LF_OD3|  return value|
|grp_fu_2377_p_din1                                                      |  out|   32|  ap_ctrl_hs|                    transformer_blk_s2_top_Pipeline_LF_S_LF_OD3|  return value|
|grp_fu_2377_p_opcode                                                    |  out|    1|  ap_ctrl_hs|                    transformer_blk_s2_top_Pipeline_LF_S_LF_OD3|  return value|
|grp_fu_2377_p_dout0                                                     |   in|   32|  ap_ctrl_hs|                    transformer_blk_s2_top_Pipeline_LF_S_LF_OD3|  return value|
|grp_fu_2377_p_ce                                                        |  out|    1|  ap_ctrl_hs|                    transformer_blk_s2_top_Pipeline_LF_S_LF_OD3|  return value|
|grp_fu_4550_p_din0                                                      |  out|   32|  ap_ctrl_hs|                    transformer_blk_s2_top_Pipeline_LF_S_LF_OD3|  return value|
|grp_fu_4550_p_din1                                                      |  out|   32|  ap_ctrl_hs|                    transformer_blk_s2_top_Pipeline_LF_S_LF_OD3|  return value|
|grp_fu_4550_p_opcode                                                    |  out|    1|  ap_ctrl_hs|                    transformer_blk_s2_top_Pipeline_LF_S_LF_OD3|  return value|
|grp_fu_4550_p_dout0                                                     |   in|   32|  ap_ctrl_hs|                    transformer_blk_s2_top_Pipeline_LF_S_LF_OD3|  return value|
|grp_fu_4550_p_ce                                                        |  out|    1|  ap_ctrl_hs|                    transformer_blk_s2_top_Pipeline_LF_S_LF_OD3|  return value|
|grp_fu_4578_p_din0                                                      |  out|   32|  ap_ctrl_hs|                    transformer_blk_s2_top_Pipeline_LF_S_LF_OD3|  return value|
|grp_fu_4578_p_din1                                                      |  out|   32|  ap_ctrl_hs|                    transformer_blk_s2_top_Pipeline_LF_S_LF_OD3|  return value|
|grp_fu_4578_p_dout0                                                     |   in|   32|  ap_ctrl_hs|                    transformer_blk_s2_top_Pipeline_LF_S_LF_OD3|  return value|
|grp_fu_4578_p_ce                                                        |  out|    1|  ap_ctrl_hs|                    transformer_blk_s2_top_Pipeline_LF_S_LF_OD3|  return value|
|grp_fu_4582_p_din0                                                      |  out|   32|  ap_ctrl_hs|                    transformer_blk_s2_top_Pipeline_LF_S_LF_OD3|  return value|
|grp_fu_4582_p_din1                                                      |  out|   32|  ap_ctrl_hs|                    transformer_blk_s2_top_Pipeline_LF_S_LF_OD3|  return value|
|grp_fu_4582_p_dout0                                                     |   in|   32|  ap_ctrl_hs|                    transformer_blk_s2_top_Pipeline_LF_S_LF_OD3|  return value|
|grp_fu_4582_p_ce                                                        |  out|    1|  ap_ctrl_hs|                    transformer_blk_s2_top_Pipeline_LF_S_LF_OD3|  return value|
|w_Addr_A                                                                |  out|   32|        bram|                                                              w|         array|
|w_EN_A                                                                  |  out|    1|        bram|                                                              w|         array|
|w_WEN_A                                                                 |  out|    4|        bram|                                                              w|         array|
|w_Din_A                                                                 |  out|   32|        bram|                                                              w|         array|
|w_Dout_A                                                                |   in|   32|        bram|                                                              w|         array|
|w_Addr_B                                                                |  out|   32|        bram|                                                              w|         array|
|w_EN_B                                                                  |  out|    1|        bram|                                                              w|         array|
|w_WEN_B                                                                 |  out|    4|        bram|                                                              w|         array|
|w_Din_B                                                                 |  out|   32|        bram|                                                              w|         array|
|w_Dout_B                                                                |   in|   32|        bram|                                                              w|         array|
|transformer_blk_s2_top_float_const_float_float_const_q_buf_address0     |  out|    9|   ap_memory|     transformer_blk_s2_top_float_const_float_float_const_q_buf|         array|
|transformer_blk_s2_top_float_const_float_float_const_q_buf_ce0          |  out|    1|   ap_memory|     transformer_blk_s2_top_float_const_float_float_const_q_buf|         array|
|transformer_blk_s2_top_float_const_float_float_const_q_buf_q0           |   in|   32|   ap_memory|     transformer_blk_s2_top_float_const_float_float_const_q_buf|         array|
|transformer_blk_s2_top_float_const_float_float_const_q_buf_address1     |  out|    9|   ap_memory|     transformer_blk_s2_top_float_const_float_float_const_q_buf|         array|
|transformer_blk_s2_top_float_const_float_float_const_q_buf_ce1          |  out|    1|   ap_memory|     transformer_blk_s2_top_float_const_float_float_const_q_buf|         array|
|transformer_blk_s2_top_float_const_float_float_const_q_buf_q1           |   in|   32|   ap_memory|     transformer_blk_s2_top_float_const_float_float_const_q_buf|         array|
|transformer_blk_s2_top_float_const_float_float_const_q_buf_11_address0  |  out|    9|   ap_memory|  transformer_blk_s2_top_float_const_float_float_const_q_buf_11|         array|
|transformer_blk_s2_top_float_const_float_float_const_q_buf_11_ce0       |  out|    1|   ap_memory|  transformer_blk_s2_top_float_const_float_float_const_q_buf_11|         array|
|transformer_blk_s2_top_float_const_float_float_const_q_buf_11_q0        |   in|   32|   ap_memory|  transformer_blk_s2_top_float_const_float_float_const_q_buf_11|         array|
|transformer_blk_s2_top_float_const_float_float_const_q_buf_11_address1  |  out|    9|   ap_memory|  transformer_blk_s2_top_float_const_float_float_const_q_buf_11|         array|
|transformer_blk_s2_top_float_const_float_float_const_q_buf_11_ce1       |  out|    1|   ap_memory|  transformer_blk_s2_top_float_const_float_float_const_q_buf_11|         array|
|transformer_blk_s2_top_float_const_float_float_const_q_buf_11_q1        |   in|   32|   ap_memory|  transformer_blk_s2_top_float_const_float_float_const_q_buf_11|         array|
|transformer_blk_s2_top_float_const_float_float_const_q_buf_12_address0  |  out|    9|   ap_memory|  transformer_blk_s2_top_float_const_float_float_const_q_buf_12|         array|
|transformer_blk_s2_top_float_const_float_float_const_q_buf_12_ce0       |  out|    1|   ap_memory|  transformer_blk_s2_top_float_const_float_float_const_q_buf_12|         array|
|transformer_blk_s2_top_float_const_float_float_const_q_buf_12_q0        |   in|   32|   ap_memory|  transformer_blk_s2_top_float_const_float_float_const_q_buf_12|         array|
|transformer_blk_s2_top_float_const_float_float_const_q_buf_12_address1  |  out|    9|   ap_memory|  transformer_blk_s2_top_float_const_float_float_const_q_buf_12|         array|
|transformer_blk_s2_top_float_const_float_float_const_q_buf_12_ce1       |  out|    1|   ap_memory|  transformer_blk_s2_top_float_const_float_float_const_q_buf_12|         array|
|transformer_blk_s2_top_float_const_float_float_const_q_buf_12_q1        |   in|   32|   ap_memory|  transformer_blk_s2_top_float_const_float_float_const_q_buf_12|         array|
|transformer_blk_s2_top_float_const_float_float_const_q_buf_13_address0  |  out|    9|   ap_memory|  transformer_blk_s2_top_float_const_float_float_const_q_buf_13|         array|
|transformer_blk_s2_top_float_const_float_float_const_q_buf_13_ce0       |  out|    1|   ap_memory|  transformer_blk_s2_top_float_const_float_float_const_q_buf_13|         array|
|transformer_blk_s2_top_float_const_float_float_const_q_buf_13_q0        |   in|   32|   ap_memory|  transformer_blk_s2_top_float_const_float_float_const_q_buf_13|         array|
|transformer_blk_s2_top_float_const_float_float_const_q_buf_13_address1  |  out|    9|   ap_memory|  transformer_blk_s2_top_float_const_float_float_const_q_buf_13|         array|
|transformer_blk_s2_top_float_const_float_float_const_q_buf_13_ce1       |  out|    1|   ap_memory|  transformer_blk_s2_top_float_const_float_float_const_q_buf_13|         array|
|transformer_blk_s2_top_float_const_float_float_const_q_buf_13_q1        |   in|   32|   ap_memory|  transformer_blk_s2_top_float_const_float_float_const_q_buf_13|         array|
|transformer_blk_s2_top_float_const_float_float_const_q_buf_14_address0  |  out|    9|   ap_memory|  transformer_blk_s2_top_float_const_float_float_const_q_buf_14|         array|
|transformer_blk_s2_top_float_const_float_float_const_q_buf_14_ce0       |  out|    1|   ap_memory|  transformer_blk_s2_top_float_const_float_float_const_q_buf_14|         array|
|transformer_blk_s2_top_float_const_float_float_const_q_buf_14_q0        |   in|   32|   ap_memory|  transformer_blk_s2_top_float_const_float_float_const_q_buf_14|         array|
|transformer_blk_s2_top_float_const_float_float_const_q_buf_14_address1  |  out|    9|   ap_memory|  transformer_blk_s2_top_float_const_float_float_const_q_buf_14|         array|
|transformer_blk_s2_top_float_const_float_float_const_q_buf_14_ce1       |  out|    1|   ap_memory|  transformer_blk_s2_top_float_const_float_float_const_q_buf_14|         array|
|transformer_blk_s2_top_float_const_float_float_const_q_buf_14_q1        |   in|   32|   ap_memory|  transformer_blk_s2_top_float_const_float_float_const_q_buf_14|         array|
|transformer_blk_s2_top_float_const_float_float_const_q_buf_15_address0  |  out|    9|   ap_memory|  transformer_blk_s2_top_float_const_float_float_const_q_buf_15|         array|
|transformer_blk_s2_top_float_const_float_float_const_q_buf_15_ce0       |  out|    1|   ap_memory|  transformer_blk_s2_top_float_const_float_float_const_q_buf_15|         array|
|transformer_blk_s2_top_float_const_float_float_const_q_buf_15_q0        |   in|   32|   ap_memory|  transformer_blk_s2_top_float_const_float_float_const_q_buf_15|         array|
|transformer_blk_s2_top_float_const_float_float_const_q_buf_15_address1  |  out|    9|   ap_memory|  transformer_blk_s2_top_float_const_float_float_const_q_buf_15|         array|
|transformer_blk_s2_top_float_const_float_float_const_q_buf_15_ce1       |  out|    1|   ap_memory|  transformer_blk_s2_top_float_const_float_float_const_q_buf_15|         array|
|transformer_blk_s2_top_float_const_float_float_const_q_buf_15_q1        |   in|   32|   ap_memory|  transformer_blk_s2_top_float_const_float_float_const_q_buf_15|         array|
|transformer_blk_s2_top_float_const_float_float_const_q_buf_16_address0  |  out|    9|   ap_memory|  transformer_blk_s2_top_float_const_float_float_const_q_buf_16|         array|
|transformer_blk_s2_top_float_const_float_float_const_q_buf_16_ce0       |  out|    1|   ap_memory|  transformer_blk_s2_top_float_const_float_float_const_q_buf_16|         array|
|transformer_blk_s2_top_float_const_float_float_const_q_buf_16_q0        |   in|   32|   ap_memory|  transformer_blk_s2_top_float_const_float_float_const_q_buf_16|         array|
|transformer_blk_s2_top_float_const_float_float_const_q_buf_16_address1  |  out|    9|   ap_memory|  transformer_blk_s2_top_float_const_float_float_const_q_buf_16|         array|
|transformer_blk_s2_top_float_const_float_float_const_q_buf_16_ce1       |  out|    1|   ap_memory|  transformer_blk_s2_top_float_const_float_float_const_q_buf_16|         array|
|transformer_blk_s2_top_float_const_float_float_const_q_buf_16_q1        |   in|   32|   ap_memory|  transformer_blk_s2_top_float_const_float_float_const_q_buf_16|         array|
|transformer_blk_s2_top_float_const_float_float_const_q_buf_17_address0  |  out|    9|   ap_memory|  transformer_blk_s2_top_float_const_float_float_const_q_buf_17|         array|
|transformer_blk_s2_top_float_const_float_float_const_q_buf_17_ce0       |  out|    1|   ap_memory|  transformer_blk_s2_top_float_const_float_float_const_q_buf_17|         array|
|transformer_blk_s2_top_float_const_float_float_const_q_buf_17_q0        |   in|   32|   ap_memory|  transformer_blk_s2_top_float_const_float_float_const_q_buf_17|         array|
|transformer_blk_s2_top_float_const_float_float_const_q_buf_17_address1  |  out|    9|   ap_memory|  transformer_blk_s2_top_float_const_float_float_const_q_buf_17|         array|
|transformer_blk_s2_top_float_const_float_float_const_q_buf_17_ce1       |  out|    1|   ap_memory|  transformer_blk_s2_top_float_const_float_float_const_q_buf_17|         array|
|transformer_blk_s2_top_float_const_float_float_const_q_buf_17_q1        |   in|   32|   ap_memory|  transformer_blk_s2_top_float_const_float_float_const_q_buf_17|         array|
|transformer_blk_s2_top_float_const_float_float_const_q_buf_18_address0  |  out|    9|   ap_memory|  transformer_blk_s2_top_float_const_float_float_const_q_buf_18|         array|
|transformer_blk_s2_top_float_const_float_float_const_q_buf_18_ce0       |  out|    1|   ap_memory|  transformer_blk_s2_top_float_const_float_float_const_q_buf_18|         array|
|transformer_blk_s2_top_float_const_float_float_const_q_buf_18_q0        |   in|   32|   ap_memory|  transformer_blk_s2_top_float_const_float_float_const_q_buf_18|         array|
|transformer_blk_s2_top_float_const_float_float_const_q_buf_18_address1  |  out|    9|   ap_memory|  transformer_blk_s2_top_float_const_float_float_const_q_buf_18|         array|
|transformer_blk_s2_top_float_const_float_float_const_q_buf_18_ce1       |  out|    1|   ap_memory|  transformer_blk_s2_top_float_const_float_float_const_q_buf_18|         array|
|transformer_blk_s2_top_float_const_float_float_const_q_buf_18_q1        |   in|   32|   ap_memory|  transformer_blk_s2_top_float_const_float_float_const_q_buf_18|         array|
|transformer_blk_s2_top_float_const_float_float_const_q_buf_19_address0  |  out|    9|   ap_memory|  transformer_blk_s2_top_float_const_float_float_const_q_buf_19|         array|
|transformer_blk_s2_top_float_const_float_float_const_q_buf_19_ce0       |  out|    1|   ap_memory|  transformer_blk_s2_top_float_const_float_float_const_q_buf_19|         array|
|transformer_blk_s2_top_float_const_float_float_const_q_buf_19_q0        |   in|   32|   ap_memory|  transformer_blk_s2_top_float_const_float_float_const_q_buf_19|         array|
|transformer_blk_s2_top_float_const_float_float_const_q_buf_19_address1  |  out|    9|   ap_memory|  transformer_blk_s2_top_float_const_float_float_const_q_buf_19|         array|
|transformer_blk_s2_top_float_const_float_float_const_q_buf_19_ce1       |  out|    1|   ap_memory|  transformer_blk_s2_top_float_const_float_float_const_q_buf_19|         array|
|transformer_blk_s2_top_float_const_float_float_const_q_buf_19_q1        |   in|   32|   ap_memory|  transformer_blk_s2_top_float_const_float_float_const_q_buf_19|         array|
|p_ZZ22transformer_blk_s2_topPKfPfS0_E5q_buf_10_address0                 |  out|    9|   ap_memory|                 p_ZZ22transformer_blk_s2_topPKfPfS0_E5q_buf_10|         array|
|p_ZZ22transformer_blk_s2_topPKfPfS0_E5q_buf_10_ce0                      |  out|    1|   ap_memory|                 p_ZZ22transformer_blk_s2_topPKfPfS0_E5q_buf_10|         array|
|p_ZZ22transformer_blk_s2_topPKfPfS0_E5q_buf_10_q0                       |   in|   32|   ap_memory|                 p_ZZ22transformer_blk_s2_topPKfPfS0_E5q_buf_10|         array|
|p_ZZ22transformer_blk_s2_topPKfPfS0_E5q_buf_10_address1                 |  out|    9|   ap_memory|                 p_ZZ22transformer_blk_s2_topPKfPfS0_E5q_buf_10|         array|
|p_ZZ22transformer_blk_s2_topPKfPfS0_E5q_buf_10_ce1                      |  out|    1|   ap_memory|                 p_ZZ22transformer_blk_s2_topPKfPfS0_E5q_buf_10|         array|
|p_ZZ22transformer_blk_s2_topPKfPfS0_E5q_buf_10_q1                       |   in|   32|   ap_memory|                 p_ZZ22transformer_blk_s2_topPKfPfS0_E5q_buf_10|         array|
|p_ZZ22transformer_blk_s2_topPKfPfS0_E5q_buf_11_address0                 |  out|    9|   ap_memory|                 p_ZZ22transformer_blk_s2_topPKfPfS0_E5q_buf_11|         array|
|p_ZZ22transformer_blk_s2_topPKfPfS0_E5q_buf_11_ce0                      |  out|    1|   ap_memory|                 p_ZZ22transformer_blk_s2_topPKfPfS0_E5q_buf_11|         array|
|p_ZZ22transformer_blk_s2_topPKfPfS0_E5q_buf_11_q0                       |   in|   32|   ap_memory|                 p_ZZ22transformer_blk_s2_topPKfPfS0_E5q_buf_11|         array|
|p_ZZ22transformer_blk_s2_topPKfPfS0_E5q_buf_11_address1                 |  out|    9|   ap_memory|                 p_ZZ22transformer_blk_s2_topPKfPfS0_E5q_buf_11|         array|
|p_ZZ22transformer_blk_s2_topPKfPfS0_E5q_buf_11_ce1                      |  out|    1|   ap_memory|                 p_ZZ22transformer_blk_s2_topPKfPfS0_E5q_buf_11|         array|
|p_ZZ22transformer_blk_s2_topPKfPfS0_E5q_buf_11_q1                       |   in|   32|   ap_memory|                 p_ZZ22transformer_blk_s2_topPKfPfS0_E5q_buf_11|         array|
|p_ZZ22transformer_blk_s2_topPKfPfS0_E5q_buf_12_address0                 |  out|    9|   ap_memory|                 p_ZZ22transformer_blk_s2_topPKfPfS0_E5q_buf_12|         array|
|p_ZZ22transformer_blk_s2_topPKfPfS0_E5q_buf_12_ce0                      |  out|    1|   ap_memory|                 p_ZZ22transformer_blk_s2_topPKfPfS0_E5q_buf_12|         array|
|p_ZZ22transformer_blk_s2_topPKfPfS0_E5q_buf_12_q0                       |   in|   32|   ap_memory|                 p_ZZ22transformer_blk_s2_topPKfPfS0_E5q_buf_12|         array|
|p_ZZ22transformer_blk_s2_topPKfPfS0_E5q_buf_12_address1                 |  out|    9|   ap_memory|                 p_ZZ22transformer_blk_s2_topPKfPfS0_E5q_buf_12|         array|
|p_ZZ22transformer_blk_s2_topPKfPfS0_E5q_buf_12_ce1                      |  out|    1|   ap_memory|                 p_ZZ22transformer_blk_s2_topPKfPfS0_E5q_buf_12|         array|
|p_ZZ22transformer_blk_s2_topPKfPfS0_E5q_buf_12_q1                       |   in|   32|   ap_memory|                 p_ZZ22transformer_blk_s2_topPKfPfS0_E5q_buf_12|         array|
|p_ZZ22transformer_blk_s2_topPKfPfS0_E5q_buf_13_address0                 |  out|    9|   ap_memory|                 p_ZZ22transformer_blk_s2_topPKfPfS0_E5q_buf_13|         array|
|p_ZZ22transformer_blk_s2_topPKfPfS0_E5q_buf_13_ce0                      |  out|    1|   ap_memory|                 p_ZZ22transformer_blk_s2_topPKfPfS0_E5q_buf_13|         array|
|p_ZZ22transformer_blk_s2_topPKfPfS0_E5q_buf_13_q0                       |   in|   32|   ap_memory|                 p_ZZ22transformer_blk_s2_topPKfPfS0_E5q_buf_13|         array|
|p_ZZ22transformer_blk_s2_topPKfPfS0_E5q_buf_13_address1                 |  out|    9|   ap_memory|                 p_ZZ22transformer_blk_s2_topPKfPfS0_E5q_buf_13|         array|
|p_ZZ22transformer_blk_s2_topPKfPfS0_E5q_buf_13_ce1                      |  out|    1|   ap_memory|                 p_ZZ22transformer_blk_s2_topPKfPfS0_E5q_buf_13|         array|
|p_ZZ22transformer_blk_s2_topPKfPfS0_E5q_buf_13_q1                       |   in|   32|   ap_memory|                 p_ZZ22transformer_blk_s2_topPKfPfS0_E5q_buf_13|         array|
|p_ZZ22transformer_blk_s2_topPKfPfS0_E5q_buf_14_address0                 |  out|    9|   ap_memory|                 p_ZZ22transformer_blk_s2_topPKfPfS0_E5q_buf_14|         array|
|p_ZZ22transformer_blk_s2_topPKfPfS0_E5q_buf_14_ce0                      |  out|    1|   ap_memory|                 p_ZZ22transformer_blk_s2_topPKfPfS0_E5q_buf_14|         array|
|p_ZZ22transformer_blk_s2_topPKfPfS0_E5q_buf_14_q0                       |   in|   32|   ap_memory|                 p_ZZ22transformer_blk_s2_topPKfPfS0_E5q_buf_14|         array|
|p_ZZ22transformer_blk_s2_topPKfPfS0_E5q_buf_14_address1                 |  out|    9|   ap_memory|                 p_ZZ22transformer_blk_s2_topPKfPfS0_E5q_buf_14|         array|
|p_ZZ22transformer_blk_s2_topPKfPfS0_E5q_buf_14_ce1                      |  out|    1|   ap_memory|                 p_ZZ22transformer_blk_s2_topPKfPfS0_E5q_buf_14|         array|
|p_ZZ22transformer_blk_s2_topPKfPfS0_E5q_buf_14_q1                       |   in|   32|   ap_memory|                 p_ZZ22transformer_blk_s2_topPKfPfS0_E5q_buf_14|         array|
|p_ZZ22transformer_blk_s2_topPKfPfS0_E5q_buf_15_address0                 |  out|    9|   ap_memory|                 p_ZZ22transformer_blk_s2_topPKfPfS0_E5q_buf_15|         array|
|p_ZZ22transformer_blk_s2_topPKfPfS0_E5q_buf_15_ce0                      |  out|    1|   ap_memory|                 p_ZZ22transformer_blk_s2_topPKfPfS0_E5q_buf_15|         array|
|p_ZZ22transformer_blk_s2_topPKfPfS0_E5q_buf_15_q0                       |   in|   32|   ap_memory|                 p_ZZ22transformer_blk_s2_topPKfPfS0_E5q_buf_15|         array|
|p_ZZ22transformer_blk_s2_topPKfPfS0_E5q_buf_15_address1                 |  out|    9|   ap_memory|                 p_ZZ22transformer_blk_s2_topPKfPfS0_E5q_buf_15|         array|
|p_ZZ22transformer_blk_s2_topPKfPfS0_E5q_buf_15_ce1                      |  out|    1|   ap_memory|                 p_ZZ22transformer_blk_s2_topPKfPfS0_E5q_buf_15|         array|
|p_ZZ22transformer_blk_s2_topPKfPfS0_E5q_buf_15_q1                       |   in|   32|   ap_memory|                 p_ZZ22transformer_blk_s2_topPKfPfS0_E5q_buf_15|         array|
|p_ZZ22transformer_blk_s2_topPKfPfS0_E5q_buf_16_address0                 |  out|    9|   ap_memory|                 p_ZZ22transformer_blk_s2_topPKfPfS0_E5q_buf_16|         array|
|p_ZZ22transformer_blk_s2_topPKfPfS0_E5q_buf_16_ce0                      |  out|    1|   ap_memory|                 p_ZZ22transformer_blk_s2_topPKfPfS0_E5q_buf_16|         array|
|p_ZZ22transformer_blk_s2_topPKfPfS0_E5q_buf_16_q0                       |   in|   32|   ap_memory|                 p_ZZ22transformer_blk_s2_topPKfPfS0_E5q_buf_16|         array|
|p_ZZ22transformer_blk_s2_topPKfPfS0_E5q_buf_16_address1                 |  out|    9|   ap_memory|                 p_ZZ22transformer_blk_s2_topPKfPfS0_E5q_buf_16|         array|
|p_ZZ22transformer_blk_s2_topPKfPfS0_E5q_buf_16_ce1                      |  out|    1|   ap_memory|                 p_ZZ22transformer_blk_s2_topPKfPfS0_E5q_buf_16|         array|
|p_ZZ22transformer_blk_s2_topPKfPfS0_E5q_buf_16_q1                       |   in|   32|   ap_memory|                 p_ZZ22transformer_blk_s2_topPKfPfS0_E5q_buf_16|         array|
|p_ZZ22transformer_blk_s2_topPKfPfS0_E5q_buf_17_address0                 |  out|    9|   ap_memory|                 p_ZZ22transformer_blk_s2_topPKfPfS0_E5q_buf_17|         array|
|p_ZZ22transformer_blk_s2_topPKfPfS0_E5q_buf_17_ce0                      |  out|    1|   ap_memory|                 p_ZZ22transformer_blk_s2_topPKfPfS0_E5q_buf_17|         array|
|p_ZZ22transformer_blk_s2_topPKfPfS0_E5q_buf_17_q0                       |   in|   32|   ap_memory|                 p_ZZ22transformer_blk_s2_topPKfPfS0_E5q_buf_17|         array|
|p_ZZ22transformer_blk_s2_topPKfPfS0_E5q_buf_17_address1                 |  out|    9|   ap_memory|                 p_ZZ22transformer_blk_s2_topPKfPfS0_E5q_buf_17|         array|
|p_ZZ22transformer_blk_s2_topPKfPfS0_E5q_buf_17_ce1                      |  out|    1|   ap_memory|                 p_ZZ22transformer_blk_s2_topPKfPfS0_E5q_buf_17|         array|
|p_ZZ22transformer_blk_s2_topPKfPfS0_E5q_buf_17_q1                       |   in|   32|   ap_memory|                 p_ZZ22transformer_blk_s2_topPKfPfS0_E5q_buf_17|         array|
|p_ZZ22transformer_blk_s2_topPKfPfS0_E5q_buf_18_address0                 |  out|    9|   ap_memory|                 p_ZZ22transformer_blk_s2_topPKfPfS0_E5q_buf_18|         array|
|p_ZZ22transformer_blk_s2_topPKfPfS0_E5q_buf_18_ce0                      |  out|    1|   ap_memory|                 p_ZZ22transformer_blk_s2_topPKfPfS0_E5q_buf_18|         array|
|p_ZZ22transformer_blk_s2_topPKfPfS0_E5q_buf_18_q0                       |   in|   32|   ap_memory|                 p_ZZ22transformer_blk_s2_topPKfPfS0_E5q_buf_18|         array|
|p_ZZ22transformer_blk_s2_topPKfPfS0_E5q_buf_18_address1                 |  out|    9|   ap_memory|                 p_ZZ22transformer_blk_s2_topPKfPfS0_E5q_buf_18|         array|
|p_ZZ22transformer_blk_s2_topPKfPfS0_E5q_buf_18_ce1                      |  out|    1|   ap_memory|                 p_ZZ22transformer_blk_s2_topPKfPfS0_E5q_buf_18|         array|
|p_ZZ22transformer_blk_s2_topPKfPfS0_E5q_buf_18_q1                       |   in|   32|   ap_memory|                 p_ZZ22transformer_blk_s2_topPKfPfS0_E5q_buf_18|         array|
|p_ZZ22transformer_blk_s2_topPKfPfS0_E5q_buf_19_address0                 |  out|    9|   ap_memory|                 p_ZZ22transformer_blk_s2_topPKfPfS0_E5q_buf_19|         array|
|p_ZZ22transformer_blk_s2_topPKfPfS0_E5q_buf_19_ce0                      |  out|    1|   ap_memory|                 p_ZZ22transformer_blk_s2_topPKfPfS0_E5q_buf_19|         array|
|p_ZZ22transformer_blk_s2_topPKfPfS0_E5q_buf_19_q0                       |   in|   32|   ap_memory|                 p_ZZ22transformer_blk_s2_topPKfPfS0_E5q_buf_19|         array|
|p_ZZ22transformer_blk_s2_topPKfPfS0_E5q_buf_19_address1                 |  out|    9|   ap_memory|                 p_ZZ22transformer_blk_s2_topPKfPfS0_E5q_buf_19|         array|
|p_ZZ22transformer_blk_s2_topPKfPfS0_E5q_buf_19_ce1                      |  out|    1|   ap_memory|                 p_ZZ22transformer_blk_s2_topPKfPfS0_E5q_buf_19|         array|
|p_ZZ22transformer_blk_s2_topPKfPfS0_E5q_buf_19_q1                       |   in|   32|   ap_memory|                 p_ZZ22transformer_blk_s2_topPKfPfS0_E5q_buf_19|         array|
|p_ZZ22transformer_blk_s2_topPKfPfS0_E5q_buf_20_address0                 |  out|    9|   ap_memory|                 p_ZZ22transformer_blk_s2_topPKfPfS0_E5q_buf_20|         array|
|p_ZZ22transformer_blk_s2_topPKfPfS0_E5q_buf_20_ce0                      |  out|    1|   ap_memory|                 p_ZZ22transformer_blk_s2_topPKfPfS0_E5q_buf_20|         array|
|p_ZZ22transformer_blk_s2_topPKfPfS0_E5q_buf_20_q0                       |   in|   32|   ap_memory|                 p_ZZ22transformer_blk_s2_topPKfPfS0_E5q_buf_20|         array|
|p_ZZ22transformer_blk_s2_topPKfPfS0_E5q_buf_20_address1                 |  out|    9|   ap_memory|                 p_ZZ22transformer_blk_s2_topPKfPfS0_E5q_buf_20|         array|
|p_ZZ22transformer_blk_s2_topPKfPfS0_E5q_buf_20_ce1                      |  out|    1|   ap_memory|                 p_ZZ22transformer_blk_s2_topPKfPfS0_E5q_buf_20|         array|
|p_ZZ22transformer_blk_s2_topPKfPfS0_E5q_buf_20_q1                       |   in|   32|   ap_memory|                 p_ZZ22transformer_blk_s2_topPKfPfS0_E5q_buf_20|         array|
|p_ZZ22transformer_blk_s2_topPKfPfS0_E5q_buf_21_address0                 |  out|    9|   ap_memory|                 p_ZZ22transformer_blk_s2_topPKfPfS0_E5q_buf_21|         array|
|p_ZZ22transformer_blk_s2_topPKfPfS0_E5q_buf_21_ce0                      |  out|    1|   ap_memory|                 p_ZZ22transformer_blk_s2_topPKfPfS0_E5q_buf_21|         array|
|p_ZZ22transformer_blk_s2_topPKfPfS0_E5q_buf_21_q0                       |   in|   32|   ap_memory|                 p_ZZ22transformer_blk_s2_topPKfPfS0_E5q_buf_21|         array|
|p_ZZ22transformer_blk_s2_topPKfPfS0_E5q_buf_21_address1                 |  out|    9|   ap_memory|                 p_ZZ22transformer_blk_s2_topPKfPfS0_E5q_buf_21|         array|
|p_ZZ22transformer_blk_s2_topPKfPfS0_E5q_buf_21_ce1                      |  out|    1|   ap_memory|                 p_ZZ22transformer_blk_s2_topPKfPfS0_E5q_buf_21|         array|
|p_ZZ22transformer_blk_s2_topPKfPfS0_E5q_buf_21_q1                       |   in|   32|   ap_memory|                 p_ZZ22transformer_blk_s2_topPKfPfS0_E5q_buf_21|         array|
|p_ZZ22transformer_blk_s2_topPKfPfS0_E5q_buf_22_address0                 |  out|    9|   ap_memory|                 p_ZZ22transformer_blk_s2_topPKfPfS0_E5q_buf_22|         array|
|p_ZZ22transformer_blk_s2_topPKfPfS0_E5q_buf_22_ce0                      |  out|    1|   ap_memory|                 p_ZZ22transformer_blk_s2_topPKfPfS0_E5q_buf_22|         array|
|p_ZZ22transformer_blk_s2_topPKfPfS0_E5q_buf_22_q0                       |   in|   32|   ap_memory|                 p_ZZ22transformer_blk_s2_topPKfPfS0_E5q_buf_22|         array|
|p_ZZ22transformer_blk_s2_topPKfPfS0_E5q_buf_22_address1                 |  out|    9|   ap_memory|                 p_ZZ22transformer_blk_s2_topPKfPfS0_E5q_buf_22|         array|
|p_ZZ22transformer_blk_s2_topPKfPfS0_E5q_buf_22_ce1                      |  out|    1|   ap_memory|                 p_ZZ22transformer_blk_s2_topPKfPfS0_E5q_buf_22|         array|
|p_ZZ22transformer_blk_s2_topPKfPfS0_E5q_buf_22_q1                       |   in|   32|   ap_memory|                 p_ZZ22transformer_blk_s2_topPKfPfS0_E5q_buf_22|         array|
|p_ZZ22transformer_blk_s2_topPKfPfS0_E5q_buf_23_address0                 |  out|    9|   ap_memory|                 p_ZZ22transformer_blk_s2_topPKfPfS0_E5q_buf_23|         array|
|p_ZZ22transformer_blk_s2_topPKfPfS0_E5q_buf_23_ce0                      |  out|    1|   ap_memory|                 p_ZZ22transformer_blk_s2_topPKfPfS0_E5q_buf_23|         array|
|p_ZZ22transformer_blk_s2_topPKfPfS0_E5q_buf_23_q0                       |   in|   32|   ap_memory|                 p_ZZ22transformer_blk_s2_topPKfPfS0_E5q_buf_23|         array|
|p_ZZ22transformer_blk_s2_topPKfPfS0_E5q_buf_23_address1                 |  out|    9|   ap_memory|                 p_ZZ22transformer_blk_s2_topPKfPfS0_E5q_buf_23|         array|
|p_ZZ22transformer_blk_s2_topPKfPfS0_E5q_buf_23_ce1                      |  out|    1|   ap_memory|                 p_ZZ22transformer_blk_s2_topPKfPfS0_E5q_buf_23|         array|
|p_ZZ22transformer_blk_s2_topPKfPfS0_E5q_buf_23_q1                       |   in|   32|   ap_memory|                 p_ZZ22transformer_blk_s2_topPKfPfS0_E5q_buf_23|         array|
|p_ZZ22transformer_blk_s2_topPKfPfS0_E5q_buf_24_address0                 |  out|    9|   ap_memory|                 p_ZZ22transformer_blk_s2_topPKfPfS0_E5q_buf_24|         array|
|p_ZZ22transformer_blk_s2_topPKfPfS0_E5q_buf_24_ce0                      |  out|    1|   ap_memory|                 p_ZZ22transformer_blk_s2_topPKfPfS0_E5q_buf_24|         array|
|p_ZZ22transformer_blk_s2_topPKfPfS0_E5q_buf_24_q0                       |   in|   32|   ap_memory|                 p_ZZ22transformer_blk_s2_topPKfPfS0_E5q_buf_24|         array|
|p_ZZ22transformer_blk_s2_topPKfPfS0_E5q_buf_24_address1                 |  out|    9|   ap_memory|                 p_ZZ22transformer_blk_s2_topPKfPfS0_E5q_buf_24|         array|
|p_ZZ22transformer_blk_s2_topPKfPfS0_E5q_buf_24_ce1                      |  out|    1|   ap_memory|                 p_ZZ22transformer_blk_s2_topPKfPfS0_E5q_buf_24|         array|
|p_ZZ22transformer_blk_s2_topPKfPfS0_E5q_buf_24_q1                       |   in|   32|   ap_memory|                 p_ZZ22transformer_blk_s2_topPKfPfS0_E5q_buf_24|         array|
|p_ZZ22transformer_blk_s2_topPKfPfS0_E5q_buf_25_address0                 |  out|    9|   ap_memory|                 p_ZZ22transformer_blk_s2_topPKfPfS0_E5q_buf_25|         array|
|p_ZZ22transformer_blk_s2_topPKfPfS0_E5q_buf_25_ce0                      |  out|    1|   ap_memory|                 p_ZZ22transformer_blk_s2_topPKfPfS0_E5q_buf_25|         array|
|p_ZZ22transformer_blk_s2_topPKfPfS0_E5q_buf_25_q0                       |   in|   32|   ap_memory|                 p_ZZ22transformer_blk_s2_topPKfPfS0_E5q_buf_25|         array|
|p_ZZ22transformer_blk_s2_topPKfPfS0_E5q_buf_25_address1                 |  out|    9|   ap_memory|                 p_ZZ22transformer_blk_s2_topPKfPfS0_E5q_buf_25|         array|
|p_ZZ22transformer_blk_s2_topPKfPfS0_E5q_buf_25_ce1                      |  out|    1|   ap_memory|                 p_ZZ22transformer_blk_s2_topPKfPfS0_E5q_buf_25|         array|
|p_ZZ22transformer_blk_s2_topPKfPfS0_E5q_buf_25_q1                       |   in|   32|   ap_memory|                 p_ZZ22transformer_blk_s2_topPKfPfS0_E5q_buf_25|         array|
|p_ZZ22transformer_blk_s2_topPKfPfS0_E5q_buf_26_address0                 |  out|    9|   ap_memory|                 p_ZZ22transformer_blk_s2_topPKfPfS0_E5q_buf_26|         array|
|p_ZZ22transformer_blk_s2_topPKfPfS0_E5q_buf_26_ce0                      |  out|    1|   ap_memory|                 p_ZZ22transformer_blk_s2_topPKfPfS0_E5q_buf_26|         array|
|p_ZZ22transformer_blk_s2_topPKfPfS0_E5q_buf_26_q0                       |   in|   32|   ap_memory|                 p_ZZ22transformer_blk_s2_topPKfPfS0_E5q_buf_26|         array|
|p_ZZ22transformer_blk_s2_topPKfPfS0_E5q_buf_26_address1                 |  out|    9|   ap_memory|                 p_ZZ22transformer_blk_s2_topPKfPfS0_E5q_buf_26|         array|
|p_ZZ22transformer_blk_s2_topPKfPfS0_E5q_buf_26_ce1                      |  out|    1|   ap_memory|                 p_ZZ22transformer_blk_s2_topPKfPfS0_E5q_buf_26|         array|
|p_ZZ22transformer_blk_s2_topPKfPfS0_E5q_buf_26_q1                       |   in|   32|   ap_memory|                 p_ZZ22transformer_blk_s2_topPKfPfS0_E5q_buf_26|         array|
|p_ZZ22transformer_blk_s2_topPKfPfS0_E5q_buf_27_address0                 |  out|    9|   ap_memory|                 p_ZZ22transformer_blk_s2_topPKfPfS0_E5q_buf_27|         array|
|p_ZZ22transformer_blk_s2_topPKfPfS0_E5q_buf_27_ce0                      |  out|    1|   ap_memory|                 p_ZZ22transformer_blk_s2_topPKfPfS0_E5q_buf_27|         array|
|p_ZZ22transformer_blk_s2_topPKfPfS0_E5q_buf_27_q0                       |   in|   32|   ap_memory|                 p_ZZ22transformer_blk_s2_topPKfPfS0_E5q_buf_27|         array|
|p_ZZ22transformer_blk_s2_topPKfPfS0_E5q_buf_27_address1                 |  out|    9|   ap_memory|                 p_ZZ22transformer_blk_s2_topPKfPfS0_E5q_buf_27|         array|
|p_ZZ22transformer_blk_s2_topPKfPfS0_E5q_buf_27_ce1                      |  out|    1|   ap_memory|                 p_ZZ22transformer_blk_s2_topPKfPfS0_E5q_buf_27|         array|
|p_ZZ22transformer_blk_s2_topPKfPfS0_E5q_buf_27_q1                       |   in|   32|   ap_memory|                 p_ZZ22transformer_blk_s2_topPKfPfS0_E5q_buf_27|         array|
|p_ZZ22transformer_blk_s2_topPKfPfS0_E5q_buf_28_address0                 |  out|    9|   ap_memory|                 p_ZZ22transformer_blk_s2_topPKfPfS0_E5q_buf_28|         array|
|p_ZZ22transformer_blk_s2_topPKfPfS0_E5q_buf_28_ce0                      |  out|    1|   ap_memory|                 p_ZZ22transformer_blk_s2_topPKfPfS0_E5q_buf_28|         array|
|p_ZZ22transformer_blk_s2_topPKfPfS0_E5q_buf_28_q0                       |   in|   32|   ap_memory|                 p_ZZ22transformer_blk_s2_topPKfPfS0_E5q_buf_28|         array|
|p_ZZ22transformer_blk_s2_topPKfPfS0_E5q_buf_28_address1                 |  out|    9|   ap_memory|                 p_ZZ22transformer_blk_s2_topPKfPfS0_E5q_buf_28|         array|
|p_ZZ22transformer_blk_s2_topPKfPfS0_E5q_buf_28_ce1                      |  out|    1|   ap_memory|                 p_ZZ22transformer_blk_s2_topPKfPfS0_E5q_buf_28|         array|
|p_ZZ22transformer_blk_s2_topPKfPfS0_E5q_buf_28_q1                       |   in|   32|   ap_memory|                 p_ZZ22transformer_blk_s2_topPKfPfS0_E5q_buf_28|         array|
|p_ZZ22transformer_blk_s2_topPKfPfS0_E5q_buf_29_address0                 |  out|    9|   ap_memory|                 p_ZZ22transformer_blk_s2_topPKfPfS0_E5q_buf_29|         array|
|p_ZZ22transformer_blk_s2_topPKfPfS0_E5q_buf_29_ce0                      |  out|    1|   ap_memory|                 p_ZZ22transformer_blk_s2_topPKfPfS0_E5q_buf_29|         array|
|p_ZZ22transformer_blk_s2_topPKfPfS0_E5q_buf_29_q0                       |   in|   32|   ap_memory|                 p_ZZ22transformer_blk_s2_topPKfPfS0_E5q_buf_29|         array|
|p_ZZ22transformer_blk_s2_topPKfPfS0_E5q_buf_29_address1                 |  out|    9|   ap_memory|                 p_ZZ22transformer_blk_s2_topPKfPfS0_E5q_buf_29|         array|
|p_ZZ22transformer_blk_s2_topPKfPfS0_E5q_buf_29_ce1                      |  out|    1|   ap_memory|                 p_ZZ22transformer_blk_s2_topPKfPfS0_E5q_buf_29|         array|
|p_ZZ22transformer_blk_s2_topPKfPfS0_E5q_buf_29_q1                       |   in|   32|   ap_memory|                 p_ZZ22transformer_blk_s2_topPKfPfS0_E5q_buf_29|         array|
|p_ZZ22transformer_blk_s2_topPKfPfS0_E5q_buf_30_address0                 |  out|    9|   ap_memory|                 p_ZZ22transformer_blk_s2_topPKfPfS0_E5q_buf_30|         array|
|p_ZZ22transformer_blk_s2_topPKfPfS0_E5q_buf_30_ce0                      |  out|    1|   ap_memory|                 p_ZZ22transformer_blk_s2_topPKfPfS0_E5q_buf_30|         array|
|p_ZZ22transformer_blk_s2_topPKfPfS0_E5q_buf_30_q0                       |   in|   32|   ap_memory|                 p_ZZ22transformer_blk_s2_topPKfPfS0_E5q_buf_30|         array|
|p_ZZ22transformer_blk_s2_topPKfPfS0_E5q_buf_30_address1                 |  out|    9|   ap_memory|                 p_ZZ22transformer_blk_s2_topPKfPfS0_E5q_buf_30|         array|
|p_ZZ22transformer_blk_s2_topPKfPfS0_E5q_buf_30_ce1                      |  out|    1|   ap_memory|                 p_ZZ22transformer_blk_s2_topPKfPfS0_E5q_buf_30|         array|
|p_ZZ22transformer_blk_s2_topPKfPfS0_E5q_buf_30_q1                       |   in|   32|   ap_memory|                 p_ZZ22transformer_blk_s2_topPKfPfS0_E5q_buf_30|         array|
|p_ZZ22transformer_blk_s2_topPKfPfS0_E5q_buf_31_address0                 |  out|    9|   ap_memory|                 p_ZZ22transformer_blk_s2_topPKfPfS0_E5q_buf_31|         array|
|p_ZZ22transformer_blk_s2_topPKfPfS0_E5q_buf_31_ce0                      |  out|    1|   ap_memory|                 p_ZZ22transformer_blk_s2_topPKfPfS0_E5q_buf_31|         array|
|p_ZZ22transformer_blk_s2_topPKfPfS0_E5q_buf_31_q0                       |   in|   32|   ap_memory|                 p_ZZ22transformer_blk_s2_topPKfPfS0_E5q_buf_31|         array|
|p_ZZ22transformer_blk_s2_topPKfPfS0_E5q_buf_31_address1                 |  out|    9|   ap_memory|                 p_ZZ22transformer_blk_s2_topPKfPfS0_E5q_buf_31|         array|
|p_ZZ22transformer_blk_s2_topPKfPfS0_E5q_buf_31_ce1                      |  out|    1|   ap_memory|                 p_ZZ22transformer_blk_s2_topPKfPfS0_E5q_buf_31|         array|
|p_ZZ22transformer_blk_s2_topPKfPfS0_E5q_buf_31_q1                       |   in|   32|   ap_memory|                 p_ZZ22transformer_blk_s2_topPKfPfS0_E5q_buf_31|         array|
|p_ZZ22transformer_blk_s2_topPKfPfS0_E5q_buf_32_address0                 |  out|    9|   ap_memory|                 p_ZZ22transformer_blk_s2_topPKfPfS0_E5q_buf_32|         array|
|p_ZZ22transformer_blk_s2_topPKfPfS0_E5q_buf_32_ce0                      |  out|    1|   ap_memory|                 p_ZZ22transformer_blk_s2_topPKfPfS0_E5q_buf_32|         array|
|p_ZZ22transformer_blk_s2_topPKfPfS0_E5q_buf_32_q0                       |   in|   32|   ap_memory|                 p_ZZ22transformer_blk_s2_topPKfPfS0_E5q_buf_32|         array|
|p_ZZ22transformer_blk_s2_topPKfPfS0_E5q_buf_32_address1                 |  out|    9|   ap_memory|                 p_ZZ22transformer_blk_s2_topPKfPfS0_E5q_buf_32|         array|
|p_ZZ22transformer_blk_s2_topPKfPfS0_E5q_buf_32_ce1                      |  out|    1|   ap_memory|                 p_ZZ22transformer_blk_s2_topPKfPfS0_E5q_buf_32|         array|
|p_ZZ22transformer_blk_s2_topPKfPfS0_E5q_buf_32_q1                       |   in|   32|   ap_memory|                 p_ZZ22transformer_blk_s2_topPKfPfS0_E5q_buf_32|         array|
|p_ZZ22transformer_blk_s2_topPKfPfS0_E5q_buf_33_address0                 |  out|    9|   ap_memory|                 p_ZZ22transformer_blk_s2_topPKfPfS0_E5q_buf_33|         array|
|p_ZZ22transformer_blk_s2_topPKfPfS0_E5q_buf_33_ce0                      |  out|    1|   ap_memory|                 p_ZZ22transformer_blk_s2_topPKfPfS0_E5q_buf_33|         array|
|p_ZZ22transformer_blk_s2_topPKfPfS0_E5q_buf_33_q0                       |   in|   32|   ap_memory|                 p_ZZ22transformer_blk_s2_topPKfPfS0_E5q_buf_33|         array|
|p_ZZ22transformer_blk_s2_topPKfPfS0_E5q_buf_33_address1                 |  out|    9|   ap_memory|                 p_ZZ22transformer_blk_s2_topPKfPfS0_E5q_buf_33|         array|
|p_ZZ22transformer_blk_s2_topPKfPfS0_E5q_buf_33_ce1                      |  out|    1|   ap_memory|                 p_ZZ22transformer_blk_s2_topPKfPfS0_E5q_buf_33|         array|
|p_ZZ22transformer_blk_s2_topPKfPfS0_E5q_buf_33_q1                       |   in|   32|   ap_memory|                 p_ZZ22transformer_blk_s2_topPKfPfS0_E5q_buf_33|         array|
|p_ZZ22transformer_blk_s2_topPKfPfS0_E5q_buf_34_address0                 |  out|    9|   ap_memory|                 p_ZZ22transformer_blk_s2_topPKfPfS0_E5q_buf_34|         array|
|p_ZZ22transformer_blk_s2_topPKfPfS0_E5q_buf_34_ce0                      |  out|    1|   ap_memory|                 p_ZZ22transformer_blk_s2_topPKfPfS0_E5q_buf_34|         array|
|p_ZZ22transformer_blk_s2_topPKfPfS0_E5q_buf_34_q0                       |   in|   32|   ap_memory|                 p_ZZ22transformer_blk_s2_topPKfPfS0_E5q_buf_34|         array|
|p_ZZ22transformer_blk_s2_topPKfPfS0_E5q_buf_34_address1                 |  out|    9|   ap_memory|                 p_ZZ22transformer_blk_s2_topPKfPfS0_E5q_buf_34|         array|
|p_ZZ22transformer_blk_s2_topPKfPfS0_E5q_buf_34_ce1                      |  out|    1|   ap_memory|                 p_ZZ22transformer_blk_s2_topPKfPfS0_E5q_buf_34|         array|
|p_ZZ22transformer_blk_s2_topPKfPfS0_E5q_buf_34_q1                       |   in|   32|   ap_memory|                 p_ZZ22transformer_blk_s2_topPKfPfS0_E5q_buf_34|         array|
|p_ZZ22transformer_blk_s2_topPKfPfS0_E5q_buf_35_address0                 |  out|    9|   ap_memory|                 p_ZZ22transformer_blk_s2_topPKfPfS0_E5q_buf_35|         array|
|p_ZZ22transformer_blk_s2_topPKfPfS0_E5q_buf_35_ce0                      |  out|    1|   ap_memory|                 p_ZZ22transformer_blk_s2_topPKfPfS0_E5q_buf_35|         array|
|p_ZZ22transformer_blk_s2_topPKfPfS0_E5q_buf_35_q0                       |   in|   32|   ap_memory|                 p_ZZ22transformer_blk_s2_topPKfPfS0_E5q_buf_35|         array|
|p_ZZ22transformer_blk_s2_topPKfPfS0_E5q_buf_35_address1                 |  out|    9|   ap_memory|                 p_ZZ22transformer_blk_s2_topPKfPfS0_E5q_buf_35|         array|
|p_ZZ22transformer_blk_s2_topPKfPfS0_E5q_buf_35_ce1                      |  out|    1|   ap_memory|                 p_ZZ22transformer_blk_s2_topPKfPfS0_E5q_buf_35|         array|
|p_ZZ22transformer_blk_s2_topPKfPfS0_E5q_buf_35_q1                       |   in|   32|   ap_memory|                 p_ZZ22transformer_blk_s2_topPKfPfS0_E5q_buf_35|         array|
|attn_out_address0                                                       |  out|   14|   ap_memory|                                                       attn_out|         array|
|attn_out_ce0                                                            |  out|    1|   ap_memory|                                                       attn_out|         array|
|attn_out_we0                                                            |  out|    1|   ap_memory|                                                       attn_out|         array|
|attn_out_d0                                                             |  out|   32|   ap_memory|                                                       attn_out|         array|
+------------------------------------------------------------------------+-----+-----+------------+---------------------------------------------------------------+--------------+

