

================================================================
== Vitis HLS Report for 'transformer_blk_s2_top_Pipeline_LF_S_LF_OD1'
================================================================
* Date:           Sun May 31 16:34:18 2026

* Version:        2022.2 (Build 3670227 on Oct 13 2022)
* Project:        s2_transformer_block
* Solution:       solution1 (Vivado IP Flow Target)
* Product family: zynquplus
* Target device:  xczu28dr-ffvg1517-2-e


================================================================
== Performance Estimates
================================================================
+ Timing: 
    * Summary: 
    +--------+---------+----------+------------+
    |  Clock |  Target | Estimated| Uncertainty|
    +--------+---------+----------+------------+
    |ap_clk  |  5.00 ns|  4.290 ns|     1.35 ns|
    +--------+---------+----------+------------+

+ Latency: 
    * Summary: 
    +---------+---------+----------+----------+---------+---------+---------+
    |  Latency (cycles) |  Latency (absolute) |      Interval     | Pipeline|
    |   min   |   max   |    min   |    max   |   min   |   max   |   Type  |
    +---------+---------+----------+----------+---------+---------+---------+
    |  1052289|  1052289|  5.261 ms|  5.261 ms|  1052289|  1052289|       no|
    +---------+---------+----------+----------+---------+---------+---------+

    + Detail: 
        * Instance: 
        N/A

        * Loop: 
        +--------------+---------+---------+----------+-----------+-----------+-------+----------+
        |              |  Latency (cycles) | Iteration|  Initiation Interval  |  Trip |          |
        |   Loop Name  |   min   |   max   |  Latency |  achieved |   target  | Count | Pipelined|
        +--------------+---------+---------+----------+-----------+-----------+-------+----------+
        |- LF_S_LF_OD  |  1052287|  1052287|      1161|         73|          1|  14400|       yes|
        +--------------+---------+---------+----------+-----------+-----------+-------+----------+



================================================================
== Utilization Estimates
================================================================
* Summary: 
+-----------------+---------+------+--------+--------+-----+
|       Name      | BRAM_18K|  DSP |   FF   |   LUT  | URAM|
+-----------------+---------+------+--------+--------+-----+
|DSP              |        -|     -|       -|       -|    -|
|Expression       |        -|     -|       0|    4457|    -|
|FIFO             |        -|     -|       -|       -|    -|
|Instance         |        -|     0|     189|     168|    -|
|Memory           |        -|     -|       -|       -|    -|
|Multiplexer      |        -|     -|       -|    4414|    -|
|Register         |        -|     -|   17782|    4096|    -|
+-----------------+---------+------+--------+--------+-----+
|Total            |        0|     0|   17971|   13135|    0|
+-----------------+---------+------+--------+--------+-----+
|Available        |     2160|  4272|  850560|  425280|   80|
+-----------------+---------+------+--------+--------+-----+
|Utilization (%)  |        0|     0|       2|       3|    0|
+-----------------+---------+------+--------+--------+-----+

+ Detail: 
    * Instance: 
    +--------------------------+---------------------+---------+----+-----+-----+-----+
    |         Instance         |        Module       | BRAM_18K| DSP|  FF | LUT | URAM|
    +--------------------------+---------------------+---------+----+-----+-----+-----+
    |mul_8ns_10ns_17_1_1_U175  |mul_8ns_10ns_17_1_1  |        0|   0|    0|   62|    0|
    |urem_8ns_7ns_6_12_1_U174  |urem_8ns_7ns_6_12_1  |        0|   0|  189|  106|    0|
    +--------------------------+---------------------+---------+----+-----+-----+-----+
    |Total                     |                     |        0|   0|  189|  168|    0|
    +--------------------------+---------------------+---------+----+-----+-----+-----+

    * DSP: 
    N/A

    * Memory: 
    N/A

    * FIFO: 
    N/A

    * Expression: 
    +----------------------------+----------+----+---+----+------------+------------+
    |        Variable Name       | Operation| DSP| FF| LUT| Bitwidth P0| Bitwidth P1|
    +----------------------------+----------+----+---+----+------------+------------+
    |add_ln162_322_fu_4016_p2    |         +|   0|  0|  19|          12|           3|
    |add_ln162_323_fu_4029_p2    |         +|   0|  0|  19|          12|           3|
    |add_ln162_324_fu_4082_p2    |         +|   0|  0|  19|          12|           3|
    |add_ln162_325_fu_4095_p2    |         +|   0|  0|  19|          12|           3|
    |add_ln162_326_fu_4158_p2    |         +|   0|  0|  19|          12|           4|
    |add_ln162_327_fu_4171_p2    |         +|   0|  0|  19|          12|           4|
    |add_ln162_328_fu_4234_p2    |         +|   0|  0|  19|          12|           4|
    |add_ln162_329_fu_4247_p2    |         +|   0|  0|  19|          12|           4|
    |add_ln162_330_fu_4310_p2    |         +|   0|  0|  19|          12|           4|
    |add_ln162_331_fu_4323_p2    |         +|   0|  0|  19|          12|           4|
    |add_ln162_332_fu_4386_p2    |         +|   0|  0|  19|          12|           4|
    |add_ln162_333_fu_4399_p2    |         +|   0|  0|  19|          12|           4|
    |add_ln162_334_fu_4462_p2    |         +|   0|  0|  19|          12|           5|
    |add_ln162_335_fu_4475_p2    |         +|   0|  0|  19|          12|           5|
    |add_ln162_336_fu_4543_p2    |         +|   0|  0|  19|          12|           5|
    |add_ln162_337_fu_4556_p2    |         +|   0|  0|  19|          12|           5|
    |add_ln162_338_fu_4619_p2    |         +|   0|  0|  19|          12|           5|
    |add_ln162_339_fu_4632_p2    |         +|   0|  0|  19|          12|           5|
    |add_ln162_340_fu_4695_p2    |         +|   0|  0|  19|          12|           5|
    |add_ln162_341_fu_4708_p2    |         +|   0|  0|  19|          12|           5|
    |add_ln162_342_fu_4775_p2    |         +|   0|  0|  19|          12|           5|
    |add_ln162_343_fu_4788_p2    |         +|   0|  0|  19|          12|           5|
    |add_ln162_344_fu_4869_p2    |         +|   0|  0|  19|          12|           5|
    |add_ln162_345_fu_4882_p2    |         +|   0|  0|  19|          12|           5|
    |add_ln162_346_fu_4945_p2    |         +|   0|  0|  19|          12|           5|
    |add_ln162_347_fu_4958_p2    |         +|   0|  0|  19|          12|           5|
    |add_ln162_348_fu_5021_p2    |         +|   0|  0|  19|          12|           5|
    |add_ln162_349_fu_5034_p2    |         +|   0|  0|  19|          12|           5|
    |add_ln162_350_fu_5097_p2    |         +|   0|  0|  19|          12|           6|
    |add_ln162_351_fu_5110_p2    |         +|   0|  0|  19|          12|           6|
    |add_ln162_352_fu_5173_p2    |         +|   0|  0|  19|          12|           6|
    |add_ln162_353_fu_5186_p2    |         +|   0|  0|  19|          12|           6|
    |add_ln162_4_fu_3754_p2      |         +|   0|  0|  21|          14|           1|
    |add_ln162_fu_3777_p2        |         +|   0|  0|  14|           7|           1|
    |add_ln163_fu_4851_p2        |         +|   0|  0|  15|           8|           1|
    |add_ln165_fu_3859_p2        |         +|   0|  0|  25|          18|          18|
    |add_ln170_128_fu_3945_p2    |         +|   0|  0|  25|          18|          17|
    |add_ln170_129_fu_3966_p2    |         +|   0|  0|  25|          18|          17|
    |add_ln170_130_fu_4042_p2    |         +|   0|  0|  25|          18|          17|
    |add_ln170_131_fu_4062_p2    |         +|   0|  0|  25|          18|          17|
    |add_ln170_132_fu_4118_p2    |         +|   0|  0|  25|          18|          17|
    |add_ln170_133_fu_4138_p2    |         +|   0|  0|  25|          18|          17|
    |add_ln170_134_fu_4194_p2    |         +|   0|  0|  25|          18|          17|
    |add_ln170_135_fu_4214_p2    |         +|   0|  0|  25|          18|          17|
    |add_ln170_136_fu_4270_p2    |         +|   0|  0|  25|          18|          17|
    |add_ln170_137_fu_4290_p2    |         +|   0|  0|  25|          18|          17|
    |add_ln170_138_fu_4346_p2    |         +|   0|  0|  25|          18|          17|
    |add_ln170_139_fu_4366_p2    |         +|   0|  0|  25|          18|          17|
    |add_ln170_140_fu_4422_p2    |         +|   0|  0|  25|          18|          17|
    |add_ln170_141_fu_4442_p2    |         +|   0|  0|  25|          18|          17|
    |add_ln170_142_fu_4503_p2    |         +|   0|  0|  25|          18|          17|
    |add_ln170_143_fu_4523_p2    |         +|   0|  0|  25|          18|          17|
    |add_ln170_144_fu_4579_p2    |         +|   0|  0|  25|          18|          17|
    |add_ln170_145_fu_4599_p2    |         +|   0|  0|  25|          18|          17|
    |add_ln170_146_fu_4655_p2    |         +|   0|  0|  25|          18|          17|
    |add_ln170_147_fu_4675_p2    |         +|   0|  0|  25|          18|          17|
    |add_ln170_148_fu_4731_p2    |         +|   0|  0|  25|          18|          17|
    |add_ln170_149_fu_4751_p2    |         +|   0|  0|  25|          18|          17|
    |add_ln170_150_fu_4811_p2    |         +|   0|  0|  25|          18|          17|
    |add_ln170_151_fu_4831_p2    |         +|   0|  0|  25|          18|          17|
    |add_ln170_152_fu_4905_p2    |         +|   0|  0|  25|          18|          17|
    |add_ln170_153_fu_4925_p2    |         +|   0|  0|  25|          18|          17|
    |add_ln170_154_fu_4981_p2    |         +|   0|  0|  25|          18|          17|
    |add_ln170_155_fu_5001_p2    |         +|   0|  0|  25|          18|          17|
    |add_ln170_156_fu_5057_p2    |         +|   0|  0|  25|          18|          17|
    |add_ln170_157_fu_5077_p2    |         +|   0|  0|  25|          18|          17|
    |add_ln170_158_fu_5133_p2    |         +|   0|  0|  25|          18|          17|
    |add_ln170_159_fu_5153_p2    |         +|   0|  0|  25|          18|          17|
    |add_ln170_160_fu_5209_p2    |         +|   0|  0|  25|          18|          17|
    |add_ln170_161_fu_5229_p2    |         +|   0|  0|  25|          18|          17|
    |add_ln170_162_fu_5259_p2    |         +|   0|  0|  25|          18|          17|
    |add_ln170_163_fu_5279_p2    |         +|   0|  0|  25|          18|          17|
    |add_ln170_164_fu_5309_p2    |         +|   0|  0|  25|          18|          17|
    |add_ln170_165_fu_5329_p2    |         +|   0|  0|  25|          18|          17|
    |add_ln170_166_fu_5359_p2    |         +|   0|  0|  25|          18|          17|
    |add_ln170_167_fu_5379_p2    |         +|   0|  0|  25|          18|          17|
    |add_ln170_168_fu_5409_p2    |         +|   0|  0|  25|          18|          17|
    |add_ln170_169_fu_5429_p2    |         +|   0|  0|  25|          18|          17|
    |add_ln170_170_fu_5459_p2    |         +|   0|  0|  25|          18|          17|
    |add_ln170_171_fu_5479_p2    |         +|   0|  0|  25|          18|          17|
    |add_ln170_172_fu_5509_p2    |         +|   0|  0|  25|          18|          17|
    |add_ln170_173_fu_5529_p2    |         +|   0|  0|  25|          18|          17|
    |add_ln170_174_fu_5559_p2    |         +|   0|  0|  25|          18|          17|
    |add_ln170_175_fu_5579_p2    |         +|   0|  0|  25|          18|          17|
    |add_ln170_176_fu_5609_p2    |         +|   0|  0|  25|          18|          17|
    |add_ln170_177_fu_5629_p2    |         +|   0|  0|  25|          18|          17|
    |add_ln170_178_fu_5659_p2    |         +|   0|  0|  25|          18|          17|
    |add_ln170_179_fu_5679_p2    |         +|   0|  0|  25|          18|          17|
    |add_ln170_180_fu_5709_p2    |         +|   0|  0|  25|          18|          17|
    |add_ln170_181_fu_5729_p2    |         +|   0|  0|  25|          18|          17|
    |add_ln170_182_fu_5759_p2    |         +|   0|  0|  25|          18|          17|
    |add_ln170_183_fu_5779_p2    |         +|   0|  0|  25|          18|          17|
    |add_ln170_184_fu_5809_p2    |         +|   0|  0|  25|          18|          17|
    |add_ln170_185_fu_5829_p2    |         +|   0|  0|  25|          18|          17|
    |add_ln170_186_fu_5859_p2    |         +|   0|  0|  25|          18|          17|
    |add_ln170_187_fu_5879_p2    |         +|   0|  0|  25|          18|          17|
    |add_ln170_188_fu_5909_p2    |         +|   0|  0|  25|          18|          17|
    |add_ln170_189_fu_5929_p2    |         +|   0|  0|  25|          18|          17|
    |add_ln170_190_fu_5959_p2    |         +|   0|  0|  25|          18|          17|
    |add_ln170_191_fu_5979_p2    |         +|   0|  0|  25|          18|          17|
    |add_ln170_192_fu_6009_p2    |         +|   0|  0|  25|          18|          17|
    |add_ln170_193_fu_6029_p2    |         +|   0|  0|  25|          18|          17|
    |add_ln170_194_fu_6059_p2    |         +|   0|  0|  25|          18|          17|
    |add_ln170_195_fu_6079_p2    |         +|   0|  0|  25|          18|          17|
    |add_ln170_196_fu_6109_p2    |         +|   0|  0|  25|          18|          17|
    |add_ln170_197_fu_6129_p2    |         +|   0|  0|  25|          18|          17|
    |add_ln170_198_fu_6159_p2    |         +|   0|  0|  25|          18|          17|
    |add_ln170_199_fu_6179_p2    |         +|   0|  0|  25|          18|          17|
    |add_ln170_200_fu_6209_p2    |         +|   0|  0|  25|          18|          17|
    |add_ln170_201_fu_6229_p2    |         +|   0|  0|  25|          18|          17|
    |add_ln170_202_fu_6259_p2    |         +|   0|  0|  25|          18|          17|
    |add_ln170_203_fu_6279_p2    |         +|   0|  0|  25|          18|          17|
    |add_ln170_204_fu_6309_p2    |         +|   0|  0|  25|          18|          17|
    |add_ln170_205_fu_6329_p2    |         +|   0|  0|  25|          18|          17|
    |add_ln170_206_fu_6359_p2    |         +|   0|  0|  25|          18|          17|
    |add_ln170_207_fu_6379_p2    |         +|   0|  0|  25|          18|          17|
    |add_ln170_208_fu_6409_p2    |         +|   0|  0|  25|          18|          17|
    |add_ln170_209_fu_6429_p2    |         +|   0|  0|  25|          18|          17|
    |add_ln170_210_fu_6459_p2    |         +|   0|  0|  25|          18|          17|
    |add_ln170_211_fu_6479_p2    |         +|   0|  0|  25|          18|          17|
    |add_ln170_212_fu_6509_p2    |         +|   0|  0|  25|          18|          17|
    |add_ln170_213_fu_6529_p2    |         +|   0|  0|  25|          18|          17|
    |add_ln170_214_fu_6559_p2    |         +|   0|  0|  25|          18|          17|
    |add_ln170_215_fu_6579_p2    |         +|   0|  0|  25|          18|          17|
    |add_ln170_216_fu_6609_p2    |         +|   0|  0|  25|          18|          17|
    |add_ln170_217_fu_6629_p2    |         +|   0|  0|  25|          18|          17|
    |add_ln170_218_fu_6659_p2    |         +|   0|  0|  25|          18|          17|
    |add_ln170_219_fu_6679_p2    |         +|   0|  0|  25|          18|          17|
    |add_ln170_220_fu_6709_p2    |         +|   0|  0|  25|          18|          17|
    |add_ln170_221_fu_6729_p2    |         +|   0|  0|  25|          18|          17|
    |add_ln170_222_fu_6759_p2    |         +|   0|  0|  25|          18|          17|
    |add_ln170_223_fu_6779_p2    |         +|   0|  0|  25|          18|          17|
    |add_ln170_224_fu_6809_p2    |         +|   0|  0|  25|          18|          17|
    |add_ln170_225_fu_6829_p2    |         +|   0|  0|  25|          18|          17|
    |add_ln170_226_fu_6859_p2    |         +|   0|  0|  25|          18|          17|
    |add_ln170_227_fu_6879_p2    |         +|   0|  0|  25|          18|          17|
    |add_ln170_228_fu_6909_p2    |         +|   0|  0|  25|          18|          17|
    |add_ln170_229_fu_6929_p2    |         +|   0|  0|  25|          18|          17|
    |add_ln170_230_fu_6959_p2    |         +|   0|  0|  25|          18|          17|
    |add_ln170_231_fu_6979_p2    |         +|   0|  0|  25|          18|          17|
    |add_ln170_232_fu_7009_p2    |         +|   0|  0|  25|          18|          17|
    |add_ln170_233_fu_7029_p2    |         +|   0|  0|  25|          18|          17|
    |add_ln170_234_fu_7059_p2    |         +|   0|  0|  25|          18|          17|
    |add_ln170_235_fu_7079_p2    |         +|   0|  0|  25|          18|          17|
    |add_ln170_236_fu_7109_p2    |         +|   0|  0|  25|          18|          17|
    |add_ln170_237_fu_7129_p2    |         +|   0|  0|  25|          18|          17|
    |add_ln170_238_fu_7159_p2    |         +|   0|  0|  25|          18|          17|
    |add_ln170_239_fu_7179_p2    |         +|   0|  0|  25|          18|          17|
    |add_ln170_240_fu_7209_p2    |         +|   0|  0|  25|          18|          17|
    |add_ln170_241_fu_7229_p2    |         +|   0|  0|  25|          18|          17|
    |add_ln170_242_fu_7259_p2    |         +|   0|  0|  25|          18|          17|
    |add_ln170_243_fu_7279_p2    |         +|   0|  0|  25|          18|          17|
    |add_ln170_244_fu_7309_p2    |         +|   0|  0|  25|          18|          17|
    |add_ln170_245_fu_7329_p2    |         +|   0|  0|  25|          18|          17|
    |add_ln170_246_fu_7359_p2    |         +|   0|  0|  25|          18|          17|
    |add_ln170_247_fu_7379_p2    |         +|   0|  0|  25|          18|          17|
    |add_ln170_248_fu_7409_p2    |         +|   0|  0|  25|          18|          17|
    |add_ln170_249_fu_7429_p2    |         +|   0|  0|  25|          18|          17|
    |add_ln170_250_fu_7459_p2    |         +|   0|  0|  25|          18|          17|
    |add_ln170_251_fu_7479_p2    |         +|   0|  0|  25|          18|          17|
    |add_ln170_252_fu_7509_p2    |         +|   0|  0|  25|          18|          17|
    |add_ln170_253_fu_7529_p2    |         +|   0|  0|  25|          18|          17|
    |add_ln170_254_fu_7559_p2    |         +|   0|  0|  25|          18|          17|
    |add_ln170_255_fu_7579_p2    |         +|   0|  0|  25|          18|          17|
    |add_ln170_256_fu_7609_p2    |         +|   0|  0|  25|          18|          17|
    |add_ln170_257_fu_7629_p2    |         +|   0|  0|  25|          18|          17|
    |add_ln170_258_fu_7659_p2    |         +|   0|  0|  25|          18|          17|
    |add_ln170_259_fu_7679_p2    |         +|   0|  0|  25|          18|          17|
    |add_ln170_260_fu_7709_p2    |         +|   0|  0|  25|          18|          17|
    |add_ln170_261_fu_7729_p2    |         +|   0|  0|  25|          18|          17|
    |add_ln170_262_fu_7759_p2    |         +|   0|  0|  25|          18|          17|
    |add_ln170_263_fu_7779_p2    |         +|   0|  0|  25|          18|          17|
    |add_ln170_264_fu_7809_p2    |         +|   0|  0|  25|          18|          17|
    |add_ln170_265_fu_7829_p2    |         +|   0|  0|  25|          18|          17|
    |add_ln170_266_fu_7859_p2    |         +|   0|  0|  25|          18|          17|
    |add_ln170_267_fu_7879_p2    |         +|   0|  0|  25|          18|          17|
    |add_ln170_268_fu_7909_p2    |         +|   0|  0|  25|          18|          17|
    |add_ln170_269_fu_7929_p2    |         +|   0|  0|  25|          18|          17|
    |add_ln170_270_fu_7959_p2    |         +|   0|  0|  25|          18|          17|
    |add_ln170_271_fu_7979_p2    |         +|   0|  0|  25|          18|          17|
    |add_ln170_562_fu_3803_p2    |         +|   0|  0|  19|          12|          12|
    |add_ln170_563_fu_3935_p2    |         +|   0|  0|  24|          17|          17|
    |add_ln170_fu_3742_p2        |         +|   0|  0|  19|          12|          12|
    |add_ln172_1_fu_4010_p2      |         +|   0|  0|  16|           9|           9|
    |icmp_ln162_fu_3748_p2       |      icmp|   0|  0|  12|          14|          12|
    |icmp_ln163_fu_3763_p2       |      icmp|   0|  0|  11|           8|           8|
    |or_ln162_37_fu_3891_p2      |        or|   0|  0|  12|          12|           2|
    |or_ln162_38_fu_3904_p2      |        or|   0|  0|  12|          12|           2|
    |or_ln162_fu_3825_p2         |        or|   0|  0|  12|          12|           1|
    |select_ln162_10_fu_3886_p3  |    select|   0|  0|   9|           1|           9|
    |select_ln162_11_fu_3809_p3  |    select|   0|  0|  11|           1|          12|
    |select_ln162_12_fu_3839_p3  |    select|   0|  0|   7|           1|           7|
    |select_ln162_fu_3769_p3     |    select|   0|  0|   8|           1|           1|
    |ap_enable_pp0               |       xor|   0|  0|   2|           1|           2|
    +----------------------------+----------+----+---+----+------------+------------+
    |Total                       |          |   0|  0|4457|        3136|        2723|
    +----------------------------+----------+----+---+----+------------+------------+

    * Multiplexer: 
    +-------------------------------------------------------------------------+-----+-----------+-----+-----------+
    |                                   Name                                  | LUT | Input Size| Bits| Total Bits|
    +-------------------------------------------------------------------------+-----+-----------+-----+-----------+
    |ap_NS_fsm                                                                |  389|         74|    1|         74|
    |ap_done_int                                                              |    9|          2|    1|          2|
    |ap_enable_reg_pp0_iter0                                                  |    9|          2|    1|          2|
    |ap_enable_reg_pp0_iter1                                                  |    9|          2|    1|          2|
    |ap_enable_reg_pp0_iter15                                                 |    9|          2|    1|          2|
    |ap_loop_exit_ready_pp0_iter10_reg                                        |    9|          2|    1|          2|
    |ap_loop_exit_ready_pp0_iter11_reg                                        |    9|          2|    1|          2|
    |ap_loop_exit_ready_pp0_iter12_reg                                        |    9|          2|    1|          2|
    |ap_loop_exit_ready_pp0_iter13_reg                                        |    9|          2|    1|          2|
    |ap_loop_exit_ready_pp0_iter14_reg                                        |    9|          2|    1|          2|
    |ap_loop_exit_ready_pp0_iter1_reg                                         |    9|          2|    1|          2|
    |ap_loop_exit_ready_pp0_iter2_reg                                         |    9|          2|    1|          2|
    |ap_loop_exit_ready_pp0_iter3_reg                                         |    9|          2|    1|          2|
    |ap_loop_exit_ready_pp0_iter4_reg                                         |    9|          2|    1|          2|
    |ap_loop_exit_ready_pp0_iter5_reg                                         |    9|          2|    1|          2|
    |ap_loop_exit_ready_pp0_iter6_reg                                         |    9|          2|    1|          2|
    |ap_loop_exit_ready_pp0_iter7_reg                                         |    9|          2|    1|          2|
    |ap_loop_exit_ready_pp0_iter8_reg                                         |    9|          2|    1|          2|
    |ap_loop_exit_ready_pp0_iter9_reg                                         |    9|          2|    1|          2|
    |ap_sig_allocacmp_indvar_flatten542_load                                  |    9|          2|   14|         28|
    |ap_sig_allocacmp_od_load                                                 |    9|          2|    8|         16|
    |ap_sig_allocacmp_s                                                       |    9|          2|    7|         14|
    |grp_fu_3423_p0                                                           |   54|         10|   32|        320|
    |grp_fu_3423_p1                                                           |  389|         74|   32|       2368|
    |grp_fu_3427_p0                                                           |   54|         10|   32|        320|
    |grp_fu_3427_p1                                                           |  366|         72|   32|       2304|
    |grp_fu_3431_p0                                                           |  262|         61|   32|       1952|
    |grp_fu_3431_p1                                                           |  377|         73|   32|       2336|
    |grp_fu_3435_p0                                                           |  262|         61|   32|       1952|
    |grp_fu_3435_p1                                                           |  377|         73|   32|       2336|
    |indvar_flatten542_fu_594                                                 |    9|          2|   14|         28|
    |od_fu_586                                                                |    9|          2|    8|         16|
    |reg_3459                                                                 |    9|          2|   32|         64|
    |reg_3465                                                                 |    9|          2|   32|         64|
    |reg_3471                                                                 |    9|          2|   32|         64|
    |reg_3477                                                                 |    9|          2|   32|         64|
    |reg_3507                                                                 |    9|          2|   32|         64|
    |reg_3513                                                                 |    9|          2|   32|         64|
    |reg_3519                                                                 |    9|          2|   32|         64|
    |reg_3525                                                                 |    9|          2|   32|         64|
    |reg_3531                                                                 |    9|          2|   32|         64|
    |reg_3536                                                                 |    9|          2|   32|         64|
    |reg_3561                                                                 |    9|          2|   32|         64|
    |reg_3567                                                                 |    9|          2|   32|         64|
    |reg_3573                                                                 |    9|          2|   32|         64|
    |reg_3579                                                                 |    9|          2|   32|         64|
    |s_2_fu_590                                                               |    9|          2|    7|         14|
    |transformer_blk_s2_top_float_const_float_float_const_ln_buf_10_address0  |   97|         19|   12|        228|
    |transformer_blk_s2_top_float_const_float_float_const_ln_buf_10_address1  |   97|         19|   12|        228|
    |transformer_blk_s2_top_float_const_float_float_const_ln_buf_8_address0   |   97|         19|   12|        228|
    |transformer_blk_s2_top_float_const_float_float_const_ln_buf_8_address1   |   97|         19|   12|        228|
    |transformer_blk_s2_top_float_const_float_float_const_ln_buf_9_address0   |   97|         19|   12|        228|
    |transformer_blk_s2_top_float_const_float_float_const_ln_buf_9_address1   |   97|         19|   12|        228|
    |transformer_blk_s2_top_float_const_float_float_const_ln_buf_address0     |   97|         19|   12|        228|
    |transformer_blk_s2_top_float_const_float_float_const_ln_buf_address1     |   97|         19|   12|        228|
    |w_Addr_A_orig                                                            |  389|         74|   32|       2368|
    |w_Addr_B_orig                                                            |  377|         73|   32|       2336|
    +-------------------------------------------------------------------------+-----+-----------+-----+-----------+
    |Total                                                                    | 4414|        883|  941|      21538|
    +-------------------------------------------------------------------------+-----+-----------+-----+-----------+

    * Register: 
    +---------------------------------------------------------------------------------+-----+----+-----+-----------+
    |                                       Name                                      |  FF | LUT| Bits| Const Bits|
    +---------------------------------------------------------------------------------+-----+----+-----+-----------+
    |acc_940_reg_11680                                                                |   32|   0|   32|          0|
    |add_ln162_4_reg_8088                                                             |   14|   0|   14|          0|
    |add_ln172_1_reg_8396                                                             |    9|   0|    9|          0|
    |ap_CS_fsm                                                                        |   73|   0|   73|          0|
    |ap_done_reg                                                                      |    1|   0|    1|          0|
    |ap_enable_reg_pp0_iter0_reg                                                      |    1|   0|    1|          0|
    |ap_enable_reg_pp0_iter1                                                          |    1|   0|    1|          0|
    |ap_enable_reg_pp0_iter10                                                         |    1|   0|    1|          0|
    |ap_enable_reg_pp0_iter11                                                         |    1|   0|    1|          0|
    |ap_enable_reg_pp0_iter12                                                         |    1|   0|    1|          0|
    |ap_enable_reg_pp0_iter13                                                         |    1|   0|    1|          0|
    |ap_enable_reg_pp0_iter14                                                         |    1|   0|    1|          0|
    |ap_enable_reg_pp0_iter15                                                         |    1|   0|    1|          0|
    |ap_enable_reg_pp0_iter2                                                          |    1|   0|    1|          0|
    |ap_enable_reg_pp0_iter3                                                          |    1|   0|    1|          0|
    |ap_enable_reg_pp0_iter4                                                          |    1|   0|    1|          0|
    |ap_enable_reg_pp0_iter5                                                          |    1|   0|    1|          0|
    |ap_enable_reg_pp0_iter6                                                          |    1|   0|    1|          0|
    |ap_enable_reg_pp0_iter7                                                          |    1|   0|    1|          0|
    |ap_enable_reg_pp0_iter8                                                          |    1|   0|    1|          0|
    |ap_enable_reg_pp0_iter9                                                          |    1|   0|    1|          0|
    |ap_loop_exit_ready_pp0_iter10_reg                                                |    1|   0|    1|          0|
    |ap_loop_exit_ready_pp0_iter11_reg                                                |    1|   0|    1|          0|
    |ap_loop_exit_ready_pp0_iter12_reg                                                |    1|   0|    1|          0|
    |ap_loop_exit_ready_pp0_iter13_reg                                                |    1|   0|    1|          0|
    |ap_loop_exit_ready_pp0_iter14_reg                                                |    1|   0|    1|          0|
    |ap_loop_exit_ready_pp0_iter1_reg                                                 |    1|   0|    1|          0|
    |ap_loop_exit_ready_pp0_iter2_reg                                                 |    1|   0|    1|          0|
    |ap_loop_exit_ready_pp0_iter3_reg                                                 |    1|   0|    1|          0|
    |ap_loop_exit_ready_pp0_iter4_reg                                                 |    1|   0|    1|          0|
    |ap_loop_exit_ready_pp0_iter5_reg                                                 |    1|   0|    1|          0|
    |ap_loop_exit_ready_pp0_iter6_reg                                                 |    1|   0|    1|          0|
    |ap_loop_exit_ready_pp0_iter7_reg                                                 |    1|   0|    1|          0|
    |ap_loop_exit_ready_pp0_iter8_reg                                                 |    1|   0|    1|          0|
    |ap_loop_exit_ready_pp0_iter9_reg                                                 |    1|   0|    1|          0|
    |icmp_ln162_reg_8084                                                              |    1|   0|    1|          0|
    |icmp_ln163_reg_8093                                                              |    1|   0|    1|          0|
    |indvar_flatten542_fu_594                                                         |   14|   0|   14|          0|
    |mul15_i106_i_i_100_reg_11125                                                     |   32|   0|   32|          0|
    |mul15_i106_i_i_101_reg_11150                                                     |   32|   0|   32|          0|
    |mul15_i106_i_i_102_reg_11155                                                     |   32|   0|   32|          0|
    |mul15_i106_i_i_103_reg_11180                                                     |   32|   0|   32|          0|
    |mul15_i106_i_i_104_reg_11185                                                     |   32|   0|   32|          0|
    |mul15_i106_i_i_105_reg_11210                                                     |   32|   0|   32|          0|
    |mul15_i106_i_i_106_reg_11215                                                     |   32|   0|   32|          0|
    |mul15_i106_i_i_107_reg_11240                                                     |   32|   0|   32|          0|
    |mul15_i106_i_i_108_reg_11245                                                     |   32|   0|   32|          0|
    |mul15_i106_i_i_109_reg_11270                                                     |   32|   0|   32|          0|
    |mul15_i106_i_i_10_reg_9395                                                       |   32|   0|   32|          0|
    |mul15_i106_i_i_10_reg_9395_pp0_iter1_reg                                         |   32|   0|   32|          0|
    |mul15_i106_i_i_110_reg_11275                                                     |   32|   0|   32|          0|
    |mul15_i106_i_i_111_reg_11300                                                     |   32|   0|   32|          0|
    |mul15_i106_i_i_112_reg_11305                                                     |   32|   0|   32|          0|
    |mul15_i106_i_i_113_reg_11330                                                     |   32|   0|   32|          0|
    |mul15_i106_i_i_114_reg_11335                                                     |   32|   0|   32|          0|
    |mul15_i106_i_i_115_reg_11360                                                     |   32|   0|   32|          0|
    |mul15_i106_i_i_116_reg_11365                                                     |   32|   0|   32|          0|
    |mul15_i106_i_i_117_reg_11390                                                     |   32|   0|   32|          0|
    |mul15_i106_i_i_118_reg_11395                                                     |   32|   0|   32|          0|
    |mul15_i106_i_i_119_reg_11420                                                     |   32|   0|   32|          0|
    |mul15_i106_i_i_11_reg_9490                                                       |   32|   0|   32|          0|
    |mul15_i106_i_i_11_reg_9490_pp0_iter1_reg                                         |   32|   0|   32|          0|
    |mul15_i106_i_i_120_reg_11425                                                     |   32|   0|   32|          0|
    |mul15_i106_i_i_121_reg_11450                                                     |   32|   0|   32|          0|
    |mul15_i106_i_i_122_reg_11455                                                     |   32|   0|   32|          0|
    |mul15_i106_i_i_123_reg_11480                                                     |   32|   0|   32|          0|
    |mul15_i106_i_i_124_reg_11485                                                     |   32|   0|   32|          0|
    |mul15_i106_i_i_125_reg_11510                                                     |   32|   0|   32|          0|
    |mul15_i106_i_i_126_reg_11515                                                     |   32|   0|   32|          0|
    |mul15_i106_i_i_127_reg_11540                                                     |   32|   0|   32|          0|
    |mul15_i106_i_i_128_reg_11545                                                     |   32|   0|   32|          0|
    |mul15_i106_i_i_129_reg_11570                                                     |   32|   0|   32|          0|
    |mul15_i106_i_i_12_reg_9495                                                       |   32|   0|   32|          0|
    |mul15_i106_i_i_12_reg_9495_pp0_iter1_reg                                         |   32|   0|   32|          0|
    |mul15_i106_i_i_130_reg_11575                                                     |   32|   0|   32|          0|
    |mul15_i106_i_i_131_reg_11600                                                     |   32|   0|   32|          0|
    |mul15_i106_i_i_132_reg_11605                                                     |   32|   0|   32|          0|
    |mul15_i106_i_i_133_reg_11620                                                     |   32|   0|   32|          0|
    |mul15_i106_i_i_134_reg_11625                                                     |   32|   0|   32|          0|
    |mul15_i106_i_i_135_reg_11640                                                     |   32|   0|   32|          0|
    |mul15_i106_i_i_136_reg_11645                                                     |   32|   0|   32|          0|
    |mul15_i106_i_i_137_reg_11650                                                     |   32|   0|   32|          0|
    |mul15_i106_i_i_138_reg_11655                                                     |   32|   0|   32|          0|
    |mul15_i106_i_i_139_reg_11660                                                     |   32|   0|   32|          0|
    |mul15_i106_i_i_13_reg_9590                                                       |   32|   0|   32|          0|
    |mul15_i106_i_i_13_reg_9590_pp0_iter1_reg                                         |   32|   0|   32|          0|
    |mul15_i106_i_i_140_reg_11665                                                     |   32|   0|   32|          0|
    |mul15_i106_i_i_141_reg_11670                                                     |   32|   0|   32|          0|
    |mul15_i106_i_i_142_reg_11675                                                     |   32|   0|   32|          0|
    |mul15_i106_i_i_14_reg_9595                                                       |   32|   0|   32|          0|
    |mul15_i106_i_i_14_reg_9595_pp0_iter1_reg                                         |   32|   0|   32|          0|
    |mul15_i106_i_i_15_reg_9690                                                       |   32|   0|   32|          0|
    |mul15_i106_i_i_15_reg_9690_pp0_iter1_reg                                         |   32|   0|   32|          0|
    |mul15_i106_i_i_16_reg_9695                                                       |   32|   0|   32|          0|
    |mul15_i106_i_i_16_reg_9695_pp0_iter1_reg                                         |   32|   0|   32|          0|
    |mul15_i106_i_i_17_reg_9790                                                       |   32|   0|   32|          0|
    |mul15_i106_i_i_17_reg_9790_pp0_iter1_reg                                         |   32|   0|   32|          0|
    |mul15_i106_i_i_18_reg_9795                                                       |   32|   0|   32|          0|
    |mul15_i106_i_i_19_reg_9890                                                       |   32|   0|   32|          0|
    |mul15_i106_i_i_1_reg_8886                                                        |   32|   0|   32|          0|
    |mul15_i106_i_i_20_reg_9895                                                       |   32|   0|   32|          0|
    |mul15_i106_i_i_21_reg_9950                                                       |   32|   0|   32|          0|
    |mul15_i106_i_i_22_reg_9955                                                       |   32|   0|   32|          0|
    |mul15_i106_i_i_23_reg_9980                                                       |   32|   0|   32|          0|
    |mul15_i106_i_i_24_reg_9985                                                       |   32|   0|   32|          0|
    |mul15_i106_i_i_25_reg_10010                                                      |   32|   0|   32|          0|
    |mul15_i106_i_i_26_reg_10015                                                      |   32|   0|   32|          0|
    |mul15_i106_i_i_27_reg_10040                                                      |   32|   0|   32|          0|
    |mul15_i106_i_i_28_reg_10045                                                      |   32|   0|   32|          0|
    |mul15_i106_i_i_29_reg_10070                                                      |   32|   0|   32|          0|
    |mul15_i106_i_i_2_reg_8986                                                        |   32|   0|   32|          0|
    |mul15_i106_i_i_30_reg_10075                                                      |   32|   0|   32|          0|
    |mul15_i106_i_i_31_reg_10100                                                      |   32|   0|   32|          0|
    |mul15_i106_i_i_32_reg_10105                                                      |   32|   0|   32|          0|
    |mul15_i106_i_i_33_reg_10130                                                      |   32|   0|   32|          0|
    |mul15_i106_i_i_34_reg_10135                                                      |   32|   0|   32|          0|
    |mul15_i106_i_i_35_reg_10160                                                      |   32|   0|   32|          0|
    |mul15_i106_i_i_36_reg_10165                                                      |   32|   0|   32|          0|
    |mul15_i106_i_i_37_reg_10190                                                      |   32|   0|   32|          0|
    |mul15_i106_i_i_38_reg_10195                                                      |   32|   0|   32|          0|
    |mul15_i106_i_i_39_reg_10220                                                      |   32|   0|   32|          0|
    |mul15_i106_i_i_3_reg_8991                                                        |   32|   0|   32|          0|
    |mul15_i106_i_i_40_reg_10225                                                      |   32|   0|   32|          0|
    |mul15_i106_i_i_41_reg_10250                                                      |   32|   0|   32|          0|
    |mul15_i106_i_i_42_reg_10255                                                      |   32|   0|   32|          0|
    |mul15_i106_i_i_43_reg_10280                                                      |   32|   0|   32|          0|
    |mul15_i106_i_i_44_reg_10285                                                      |   32|   0|   32|          0|
    |mul15_i106_i_i_45_reg_10310                                                      |   32|   0|   32|          0|
    |mul15_i106_i_i_46_reg_10315                                                      |   32|   0|   32|          0|
    |mul15_i106_i_i_47_reg_10340                                                      |   32|   0|   32|          0|
    |mul15_i106_i_i_48_reg_10345                                                      |   32|   0|   32|          0|
    |mul15_i106_i_i_49_reg_10370                                                      |   32|   0|   32|          0|
    |mul15_i106_i_i_4_reg_9086                                                        |   32|   0|   32|          0|
    |mul15_i106_i_i_50_reg_10375                                                      |   32|   0|   32|          0|
    |mul15_i106_i_i_51_reg_10400                                                      |   32|   0|   32|          0|
    |mul15_i106_i_i_52_reg_10405                                                      |   32|   0|   32|          0|
    |mul15_i106_i_i_53_reg_10430                                                      |   32|   0|   32|          0|
    |mul15_i106_i_i_54_reg_10435                                                      |   32|   0|   32|          0|
    |mul15_i106_i_i_55_reg_10460                                                      |   32|   0|   32|          0|
    |mul15_i106_i_i_56_reg_10465                                                      |   32|   0|   32|          0|
    |mul15_i106_i_i_57_reg_10490                                                      |   32|   0|   32|          0|
    |mul15_i106_i_i_58_reg_10495                                                      |   32|   0|   32|          0|
    |mul15_i106_i_i_59_reg_10520                                                      |   32|   0|   32|          0|
    |mul15_i106_i_i_5_reg_9091                                                        |   32|   0|   32|          0|
    |mul15_i106_i_i_60_reg_10525                                                      |   32|   0|   32|          0|
    |mul15_i106_i_i_61_reg_10550                                                      |   32|   0|   32|          0|
    |mul15_i106_i_i_62_reg_10555                                                      |   32|   0|   32|          0|
    |mul15_i106_i_i_63_reg_10580                                                      |   32|   0|   32|          0|
    |mul15_i106_i_i_64_reg_10585                                                      |   32|   0|   32|          0|
    |mul15_i106_i_i_65_reg_10610                                                      |   32|   0|   32|          0|
    |mul15_i106_i_i_66_reg_10615                                                      |   32|   0|   32|          0|
    |mul15_i106_i_i_67_reg_10640                                                      |   32|   0|   32|          0|
    |mul15_i106_i_i_68_reg_10645                                                      |   32|   0|   32|          0|
    |mul15_i106_i_i_69_reg_10670                                                      |   32|   0|   32|          0|
    |mul15_i106_i_i_6_reg_9186                                                        |   32|   0|   32|          0|
    |mul15_i106_i_i_70_reg_10675                                                      |   32|   0|   32|          0|
    |mul15_i106_i_i_71_reg_10700                                                      |   32|   0|   32|          0|
    |mul15_i106_i_i_72_reg_10705                                                      |   32|   0|   32|          0|
    |mul15_i106_i_i_73_reg_10730                                                      |   32|   0|   32|          0|
    |mul15_i106_i_i_74_reg_10735                                                      |   32|   0|   32|          0|
    |mul15_i106_i_i_75_reg_10760                                                      |   32|   0|   32|          0|
    |mul15_i106_i_i_76_reg_10765                                                      |   32|   0|   32|          0|
    |mul15_i106_i_i_77_reg_10790                                                      |   32|   0|   32|          0|
    |mul15_i106_i_i_78_reg_10795                                                      |   32|   0|   32|          0|
    |mul15_i106_i_i_79_reg_10820                                                      |   32|   0|   32|          0|
    |mul15_i106_i_i_7_reg_9191                                                        |   32|   0|   32|          0|
    |mul15_i106_i_i_80_reg_10825                                                      |   32|   0|   32|          0|
    |mul15_i106_i_i_81_reg_10850                                                      |   32|   0|   32|          0|
    |mul15_i106_i_i_82_reg_10855                                                      |   32|   0|   32|          0|
    |mul15_i106_i_i_83_reg_10880                                                      |   32|   0|   32|          0|
    |mul15_i106_i_i_84_reg_10885                                                      |   32|   0|   32|          0|
    |mul15_i106_i_i_85_reg_10910                                                      |   32|   0|   32|          0|
    |mul15_i106_i_i_86_reg_10915                                                      |   32|   0|   32|          0|
    |mul15_i106_i_i_87_reg_10940                                                      |   32|   0|   32|          0|
    |mul15_i106_i_i_88_reg_10945                                                      |   32|   0|   32|          0|
    |mul15_i106_i_i_89_reg_10970                                                      |   32|   0|   32|          0|
    |mul15_i106_i_i_8_reg_9286                                                        |   32|   0|   32|          0|
    |mul15_i106_i_i_90_reg_10975                                                      |   32|   0|   32|          0|
    |mul15_i106_i_i_91_reg_11000                                                      |   32|   0|   32|          0|
    |mul15_i106_i_i_92_reg_11005                                                      |   32|   0|   32|          0|
    |mul15_i106_i_i_93_reg_11030                                                      |   32|   0|   32|          0|
    |mul15_i106_i_i_94_reg_11035                                                      |   32|   0|   32|          0|
    |mul15_i106_i_i_95_reg_11060                                                      |   32|   0|   32|          0|
    |mul15_i106_i_i_96_reg_11065                                                      |   32|   0|   32|          0|
    |mul15_i106_i_i_97_reg_11090                                                      |   32|   0|   32|          0|
    |mul15_i106_i_i_98_reg_11095                                                      |   32|   0|   32|          0|
    |mul15_i106_i_i_99_reg_11120                                                      |   32|   0|   32|          0|
    |mul15_i106_i_i_9_reg_9291                                                        |   32|   0|   32|          0|
    |mul15_i106_i_i_reg_8881                                                          |   32|   0|   32|          0|
    |mul15_i106_i_i_s_reg_9390                                                        |   32|   0|   32|          0|
    |mul15_i106_i_i_s_reg_9390_pp0_iter1_reg                                          |   32|   0|   32|          0|
    |od_fu_586                                                                        |    8|   0|    8|          0|
    |reg_3439                                                                         |   32|   0|   32|          0|
    |reg_3444                                                                         |   32|   0|   32|          0|
    |reg_3449                                                                         |   32|   0|   32|          0|
    |reg_3454                                                                         |   32|   0|   32|          0|
    |reg_3459                                                                         |   32|   0|   32|          0|
    |reg_3465                                                                         |   32|   0|   32|          0|
    |reg_3471                                                                         |   32|   0|   32|          0|
    |reg_3477                                                                         |   32|   0|   32|          0|
    |reg_3483                                                                         |   32|   0|   32|          0|
    |reg_3487                                                                         |   32|   0|   32|          0|
    |reg_3492                                                                         |   32|   0|   32|          0|
    |reg_3497                                                                         |   32|   0|   32|          0|
    |reg_3502                                                                         |   32|   0|   32|          0|
    |reg_3507                                                                         |   32|   0|   32|          0|
    |reg_3513                                                                         |   32|   0|   32|          0|
    |reg_3519                                                                         |   32|   0|   32|          0|
    |reg_3525                                                                         |   32|   0|   32|          0|
    |reg_3531                                                                         |   32|   0|   32|          0|
    |reg_3536                                                                         |   32|   0|   32|          0|
    |reg_3541                                                                         |   32|   0|   32|          0|
    |reg_3546                                                                         |   32|   0|   32|          0|
    |reg_3551                                                                         |   32|   0|   32|          0|
    |reg_3556                                                                         |   32|   0|   32|          0|
    |reg_3561                                                                         |   32|   0|   32|          0|
    |reg_3567                                                                         |   32|   0|   32|          0|
    |reg_3573                                                                         |   32|   0|   32|          0|
    |reg_3579                                                                         |   32|   0|   32|          0|
    |reg_3585                                                                         |   32|   0|   32|          0|
    |reg_3590                                                                         |   32|   0|   32|          0|
    |reg_3595                                                                         |   32|   0|   32|          0|
    |reg_3600                                                                         |   32|   0|   32|          0|
    |reg_3605                                                                         |   32|   0|   32|          0|
    |reg_3610                                                                         |   32|   0|   32|          0|
    |reg_3615                                                                         |   32|   0|   32|          0|
    |reg_3620                                                                         |   32|   0|   32|          0|
    |reg_3625                                                                         |   32|   0|   32|          0|
    |reg_3630                                                                         |   32|   0|   32|          0|
    |reg_3635                                                                         |   32|   0|   32|          0|
    |reg_3640                                                                         |   32|   0|   32|          0|
    |reg_3645                                                                         |   32|   0|   32|          0|
    |reg_3650                                                                         |   32|   0|   32|          0|
    |reg_3655                                                                         |   32|   0|   32|          0|
    |reg_3660                                                                         |   32|   0|   32|          0|
    |s_2_fu_590                                                                       |    7|   0|    7|          0|
    |select_ln162_11_reg_8112                                                         |   10|   0|   12|          2|
    |select_ln162_12_reg_8190                                                         |    7|   0|    7|          0|
    |select_ln162_reg_8098                                                            |    8|   0|    8|          0|
    |shl_ln170_4_mid1_reg_8107                                                        |    7|   0|    9|          2|
    |shl_ln170_4_reg_8079                                                             |    7|   0|    9|          2|
    |transformer_blk_s2_top_float_const_float_float_const_ln_buf_10_load_42_reg_8526  |   32|   0|   32|          0|
    |transformer_blk_s2_top_float_const_float_float_const_ln_buf_10_load_43_reg_8546  |   32|   0|   32|          0|
    |transformer_blk_s2_top_float_const_float_float_const_ln_buf_10_load_44_reg_8626  |   32|   0|   32|          0|
    |transformer_blk_s2_top_float_const_float_float_const_ln_buf_10_load_45_reg_8646  |   32|   0|   32|          0|
    |transformer_blk_s2_top_float_const_float_float_const_ln_buf_10_load_46_reg_8726  |   32|   0|   32|          0|
    |transformer_blk_s2_top_float_const_float_float_const_ln_buf_10_load_47_reg_8746  |   32|   0|   32|          0|
    |transformer_blk_s2_top_float_const_float_float_const_ln_buf_10_load_48_reg_8816  |   32|   0|   32|          0|
    |transformer_blk_s2_top_float_const_float_float_const_ln_buf_10_load_49_reg_8836  |   32|   0|   32|          0|
    |transformer_blk_s2_top_float_const_float_float_const_ln_buf_10_load_51_reg_8936  |   32|   0|   32|          0|
    |transformer_blk_s2_top_float_const_float_float_const_ln_buf_10_load_52_reg_9021  |   32|   0|   32|          0|
    |transformer_blk_s2_top_float_const_float_float_const_ln_buf_10_load_53_reg_9041  |   32|   0|   32|          0|
    |transformer_blk_s2_top_float_const_float_float_const_ln_buf_10_load_55_reg_9141  |   32|   0|   32|          0|
    |transformer_blk_s2_top_float_const_float_float_const_ln_buf_10_load_56_reg_9221  |   32|   0|   32|          0|
    |transformer_blk_s2_top_float_const_float_float_const_ln_buf_10_load_57_reg_9241  |   32|   0|   32|          0|
    |transformer_blk_s2_top_float_const_float_float_const_ln_buf_10_load_59_reg_9345  |   32|   0|   32|          0|
    |transformer_blk_s2_top_float_const_float_float_const_ln_buf_10_load_60_reg_9425  |   32|   0|   32|          0|
    |transformer_blk_s2_top_float_const_float_float_const_ln_buf_10_load_61_reg_9445  |   32|   0|   32|          0|
    |transformer_blk_s2_top_float_const_float_float_const_ln_buf_10_load_63_reg_9545  |   32|   0|   32|          0|
    |transformer_blk_s2_top_float_const_float_float_const_ln_buf_10_load_64_reg_9625  |   32|   0|   32|          0|
    |transformer_blk_s2_top_float_const_float_float_const_ln_buf_10_load_65_reg_9645  |   32|   0|   32|          0|
    |transformer_blk_s2_top_float_const_float_float_const_ln_buf_10_load_67_reg_9745  |   32|   0|   32|          0|
    |transformer_blk_s2_top_float_const_float_float_const_ln_buf_10_load_68_reg_9825  |   32|   0|   32|          0|
    |transformer_blk_s2_top_float_const_float_float_const_ln_buf_10_load_69_reg_9845  |   32|   0|   32|          0|
    |transformer_blk_s2_top_float_const_float_float_const_ln_buf_10_load_reg_9945     |   32|   0|   32|          0|
    |transformer_blk_s2_top_float_const_float_float_const_ln_buf_8_load_42_reg_8516   |   32|   0|   32|          0|
    |transformer_blk_s2_top_float_const_float_float_const_ln_buf_8_load_43_reg_8536   |   32|   0|   32|          0|
    |transformer_blk_s2_top_float_const_float_float_const_ln_buf_8_load_44_reg_8616   |   32|   0|   32|          0|
    |transformer_blk_s2_top_float_const_float_float_const_ln_buf_8_load_45_reg_8636   |   32|   0|   32|          0|
    |transformer_blk_s2_top_float_const_float_float_const_ln_buf_8_load_46_reg_8716   |   32|   0|   32|          0|
    |transformer_blk_s2_top_float_const_float_float_const_ln_buf_8_load_47_reg_8736   |   32|   0|   32|          0|
    |transformer_blk_s2_top_float_const_float_float_const_ln_buf_8_load_49_reg_8826   |   32|   0|   32|          0|
    |transformer_blk_s2_top_float_const_float_float_const_ln_buf_8_load_50_reg_8916   |   32|   0|   32|          0|
    |transformer_blk_s2_top_float_const_float_float_const_ln_buf_8_load_51_reg_8926   |   32|   0|   32|          0|
    |transformer_blk_s2_top_float_const_float_float_const_ln_buf_8_load_53_reg_9031   |   32|   0|   32|          0|
    |transformer_blk_s2_top_float_const_float_float_const_ln_buf_8_load_54_reg_9121   |   32|   0|   32|          0|
    |transformer_blk_s2_top_float_const_float_float_const_ln_buf_8_load_55_reg_9131   |   32|   0|   32|          0|
    |transformer_blk_s2_top_float_const_float_float_const_ln_buf_8_load_57_reg_9231   |   32|   0|   32|          0|
    |transformer_blk_s2_top_float_const_float_float_const_ln_buf_8_load_58_reg_9325   |   32|   0|   32|          0|
    |transformer_blk_s2_top_float_const_float_float_const_ln_buf_8_load_59_reg_9335   |   32|   0|   32|          0|
    |transformer_blk_s2_top_float_const_float_float_const_ln_buf_8_load_61_reg_9435   |   32|   0|   32|          0|
    |transformer_blk_s2_top_float_const_float_float_const_ln_buf_8_load_62_reg_9525   |   32|   0|   32|          0|
    |transformer_blk_s2_top_float_const_float_float_const_ln_buf_8_load_63_reg_9535   |   32|   0|   32|          0|
    |transformer_blk_s2_top_float_const_float_float_const_ln_buf_8_load_65_reg_9635   |   32|   0|   32|          0|
    |transformer_blk_s2_top_float_const_float_float_const_ln_buf_8_load_66_reg_9725   |   32|   0|   32|          0|
    |transformer_blk_s2_top_float_const_float_float_const_ln_buf_8_load_67_reg_9735   |   32|   0|   32|          0|
    |transformer_blk_s2_top_float_const_float_float_const_ln_buf_8_load_69_reg_9835   |   32|   0|   32|          0|
    |transformer_blk_s2_top_float_const_float_float_const_ln_buf_8_load_70_reg_9925   |   32|   0|   32|          0|
    |transformer_blk_s2_top_float_const_float_float_const_ln_buf_8_load_reg_9935      |   32|   0|   32|          0|
    |transformer_blk_s2_top_float_const_float_float_const_ln_buf_9_load_42_reg_8521   |   32|   0|   32|          0|
    |transformer_blk_s2_top_float_const_float_float_const_ln_buf_9_load_43_reg_8541   |   32|   0|   32|          0|
    |transformer_blk_s2_top_float_const_float_float_const_ln_buf_9_load_44_reg_8621   |   32|   0|   32|          0|
    |transformer_blk_s2_top_float_const_float_float_const_ln_buf_9_load_45_reg_8641   |   32|   0|   32|          0|
    |transformer_blk_s2_top_float_const_float_float_const_ln_buf_9_load_46_reg_8721   |   32|   0|   32|          0|
    |transformer_blk_s2_top_float_const_float_float_const_ln_buf_9_load_47_reg_8741   |   32|   0|   32|          0|
    |transformer_blk_s2_top_float_const_float_float_const_ln_buf_9_load_48_reg_8811   |   32|   0|   32|          0|
    |transformer_blk_s2_top_float_const_float_float_const_ln_buf_9_load_49_reg_8831   |   32|   0|   32|          0|
    |transformer_blk_s2_top_float_const_float_float_const_ln_buf_9_load_51_reg_8931   |   32|   0|   32|          0|
    |transformer_blk_s2_top_float_const_float_float_const_ln_buf_9_load_52_reg_9016   |   32|   0|   32|          0|
    |transformer_blk_s2_top_float_const_float_float_const_ln_buf_9_load_53_reg_9036   |   32|   0|   32|          0|
    |transformer_blk_s2_top_float_const_float_float_const_ln_buf_9_load_55_reg_9136   |   32|   0|   32|          0|
    |transformer_blk_s2_top_float_const_float_float_const_ln_buf_9_load_56_reg_9216   |   32|   0|   32|          0|
    |transformer_blk_s2_top_float_const_float_float_const_ln_buf_9_load_57_reg_9236   |   32|   0|   32|          0|
    |transformer_blk_s2_top_float_const_float_float_const_ln_buf_9_load_59_reg_9340   |   32|   0|   32|          0|
    |transformer_blk_s2_top_float_const_float_float_const_ln_buf_9_load_60_reg_9420   |   32|   0|   32|          0|
    |transformer_blk_s2_top_float_const_float_float_const_ln_buf_9_load_61_reg_9440   |   32|   0|   32|          0|
    |transformer_blk_s2_top_float_const_float_float_const_ln_buf_9_load_63_reg_9540   |   32|   0|   32|          0|
    |transformer_blk_s2_top_float_const_float_float_const_ln_buf_9_load_64_reg_9620   |   32|   0|   32|          0|
    |transformer_blk_s2_top_float_const_float_float_const_ln_buf_9_load_65_reg_9640   |   32|   0|   32|          0|
    |transformer_blk_s2_top_float_const_float_float_const_ln_buf_9_load_67_reg_9740   |   32|   0|   32|          0|
    |transformer_blk_s2_top_float_const_float_float_const_ln_buf_9_load_68_reg_9820   |   32|   0|   32|          0|
    |transformer_blk_s2_top_float_const_float_float_const_ln_buf_9_load_69_reg_9840   |   32|   0|   32|          0|
    |transformer_blk_s2_top_float_const_float_float_const_ln_buf_9_load_reg_9940      |   32|   0|   32|          0|
    |transformer_blk_s2_top_float_const_float_float_const_ln_buf_load_42_reg_8511     |   32|   0|   32|          0|
    |transformer_blk_s2_top_float_const_float_float_const_ln_buf_load_43_reg_8531     |   32|   0|   32|          0|
    |transformer_blk_s2_top_float_const_float_float_const_ln_buf_load_44_reg_8611     |   32|   0|   32|          0|
    |transformer_blk_s2_top_float_const_float_float_const_ln_buf_load_45_reg_8631     |   32|   0|   32|          0|
    |transformer_blk_s2_top_float_const_float_float_const_ln_buf_load_46_reg_8711     |   32|   0|   32|          0|
    |transformer_blk_s2_top_float_const_float_float_const_ln_buf_load_47_reg_8731     |   32|   0|   32|          0|
    |transformer_blk_s2_top_float_const_float_float_const_ln_buf_load_49_reg_8821     |   32|   0|   32|          0|
    |transformer_blk_s2_top_float_const_float_float_const_ln_buf_load_50_reg_8911     |   32|   0|   32|          0|
    |transformer_blk_s2_top_float_const_float_float_const_ln_buf_load_51_reg_8921     |   32|   0|   32|          0|
    |transformer_blk_s2_top_float_const_float_float_const_ln_buf_load_53_reg_9026     |   32|   0|   32|          0|
    |transformer_blk_s2_top_float_const_float_float_const_ln_buf_load_54_reg_9116     |   32|   0|   32|          0|
    |transformer_blk_s2_top_float_const_float_float_const_ln_buf_load_55_reg_9126     |   32|   0|   32|          0|
    |transformer_blk_s2_top_float_const_float_float_const_ln_buf_load_57_reg_9226     |   32|   0|   32|          0|
    |transformer_blk_s2_top_float_const_float_float_const_ln_buf_load_58_reg_9320     |   32|   0|   32|          0|
    |transformer_blk_s2_top_float_const_float_float_const_ln_buf_load_59_reg_9330     |   32|   0|   32|          0|
    |transformer_blk_s2_top_float_const_float_float_const_ln_buf_load_61_reg_9430     |   32|   0|   32|          0|
    |transformer_blk_s2_top_float_const_float_float_const_ln_buf_load_62_reg_9520     |   32|   0|   32|          0|
    |transformer_blk_s2_top_float_const_float_float_const_ln_buf_load_63_reg_9530     |   32|   0|   32|          0|
    |transformer_blk_s2_top_float_const_float_float_const_ln_buf_load_65_reg_9630     |   32|   0|   32|          0|
    |transformer_blk_s2_top_float_const_float_float_const_ln_buf_load_66_reg_9720     |   32|   0|   32|          0|
    |transformer_blk_s2_top_float_const_float_float_const_ln_buf_load_67_reg_9730     |   32|   0|   32|          0|
    |transformer_blk_s2_top_float_const_float_float_const_ln_buf_load_69_reg_9830     |   32|   0|   32|          0|
    |transformer_blk_s2_top_float_const_float_float_const_ln_buf_load_70_reg_9920     |   32|   0|   32|          0|
    |transformer_blk_s2_top_float_const_float_float_const_ln_buf_load_reg_9930        |   32|   0|   32|          0|
    |trunc_ln172_reg_9316                                                             |    6|   0|    6|          0|
    |zext_ln170_567_reg_8240                                                          |   11|   0|   18|          7|
    |add_ln172_1_reg_8396                                                             |   64|  32|    9|          0|
    |icmp_ln162_reg_8084                                                              |   64|  32|    1|          0|
    |mul15_i106_i_i_100_reg_11125                                                     |   64|  32|   32|          0|
    |mul15_i106_i_i_101_reg_11150                                                     |   64|  32|   32|          0|
    |mul15_i106_i_i_102_reg_11155                                                     |   64|  32|   32|          0|
    |mul15_i106_i_i_103_reg_11180                                                     |   64|  32|   32|          0|
    |mul15_i106_i_i_104_reg_11185                                                     |   64|  32|   32|          0|
    |mul15_i106_i_i_105_reg_11210                                                     |   64|  32|   32|          0|
    |mul15_i106_i_i_106_reg_11215                                                     |   64|  32|   32|          0|
    |mul15_i106_i_i_107_reg_11240                                                     |   64|  32|   32|          0|
    |mul15_i106_i_i_108_reg_11245                                                     |   64|  32|   32|          0|
    |mul15_i106_i_i_109_reg_11270                                                     |   64|  32|   32|          0|
    |mul15_i106_i_i_110_reg_11275                                                     |   64|  32|   32|          0|
    |mul15_i106_i_i_111_reg_11300                                                     |   64|  32|   32|          0|
    |mul15_i106_i_i_112_reg_11305                                                     |   64|  32|   32|          0|
    |mul15_i106_i_i_113_reg_11330                                                     |   64|  32|   32|          0|
    |mul15_i106_i_i_114_reg_11335                                                     |   64|  32|   32|          0|
    |mul15_i106_i_i_115_reg_11360                                                     |   64|  32|   32|          0|
    |mul15_i106_i_i_116_reg_11365                                                     |   64|  32|   32|          0|
    |mul15_i106_i_i_117_reg_11390                                                     |   64|  32|   32|          0|
    |mul15_i106_i_i_118_reg_11395                                                     |   64|  32|   32|          0|
    |mul15_i106_i_i_119_reg_11420                                                     |   64|  32|   32|          0|
    |mul15_i106_i_i_120_reg_11425                                                     |   64|  32|   32|          0|
    |mul15_i106_i_i_121_reg_11450                                                     |   64|  32|   32|          0|
    |mul15_i106_i_i_122_reg_11455                                                     |   64|  32|   32|          0|
    |mul15_i106_i_i_123_reg_11480                                                     |   64|  32|   32|          0|
    |mul15_i106_i_i_124_reg_11485                                                     |   64|  32|   32|          0|
    |mul15_i106_i_i_125_reg_11510                                                     |   64|  32|   32|          0|
    |mul15_i106_i_i_126_reg_11515                                                     |   64|  32|   32|          0|
    |mul15_i106_i_i_127_reg_11540                                                     |   64|  32|   32|          0|
    |mul15_i106_i_i_128_reg_11545                                                     |   64|  32|   32|          0|
    |mul15_i106_i_i_129_reg_11570                                                     |   64|  32|   32|          0|
    |mul15_i106_i_i_130_reg_11575                                                     |   64|  32|   32|          0|
    |mul15_i106_i_i_131_reg_11600                                                     |   64|  32|   32|          0|
    |mul15_i106_i_i_132_reg_11605                                                     |   64|  32|   32|          0|
    |mul15_i106_i_i_133_reg_11620                                                     |   64|  32|   32|          0|
    |mul15_i106_i_i_134_reg_11625                                                     |   64|  32|   32|          0|
    |mul15_i106_i_i_135_reg_11640                                                     |   64|  32|   32|          0|
    |mul15_i106_i_i_136_reg_11645                                                     |   64|  32|   32|          0|
    |mul15_i106_i_i_137_reg_11650                                                     |   64|  32|   32|          0|
    |mul15_i106_i_i_138_reg_11655                                                     |   64|  32|   32|          0|
    |mul15_i106_i_i_139_reg_11660                                                     |   64|  32|   32|          0|
    |mul15_i106_i_i_140_reg_11665                                                     |   64|  32|   32|          0|
    |mul15_i106_i_i_141_reg_11670                                                     |   64|  32|   32|          0|
    |mul15_i106_i_i_142_reg_11675                                                     |   64|  32|   32|          0|
    |mul15_i106_i_i_18_reg_9795                                                       |   64|  32|   32|          0|
    |mul15_i106_i_i_19_reg_9890                                                       |   64|  32|   32|          0|
    |mul15_i106_i_i_20_reg_9895                                                       |   64|  32|   32|          0|
    |mul15_i106_i_i_21_reg_9950                                                       |   64|  32|   32|          0|
    |mul15_i106_i_i_22_reg_9955                                                       |   64|  32|   32|          0|
    |mul15_i106_i_i_23_reg_9980                                                       |   64|  32|   32|          0|
    |mul15_i106_i_i_24_reg_9985                                                       |   64|  32|   32|          0|
    |mul15_i106_i_i_25_reg_10010                                                      |   64|  32|   32|          0|
    |mul15_i106_i_i_26_reg_10015                                                      |   64|  32|   32|          0|
    |mul15_i106_i_i_27_reg_10040                                                      |   64|  32|   32|          0|
    |mul15_i106_i_i_28_reg_10045                                                      |   64|  32|   32|          0|
    |mul15_i106_i_i_29_reg_10070                                                      |   64|  32|   32|          0|
    |mul15_i106_i_i_30_reg_10075                                                      |   64|  32|   32|          0|
    |mul15_i106_i_i_31_reg_10100                                                      |   64|  32|   32|          0|
    |mul15_i106_i_i_32_reg_10105                                                      |   64|  32|   32|          0|
    |mul15_i106_i_i_33_reg_10130                                                      |   64|  32|   32|          0|
    |mul15_i106_i_i_34_reg_10135                                                      |   64|  32|   32|          0|
    |mul15_i106_i_i_35_reg_10160                                                      |   64|  32|   32|          0|
    |mul15_i106_i_i_36_reg_10165                                                      |   64|  32|   32|          0|
    |mul15_i106_i_i_37_reg_10190                                                      |   64|  32|   32|          0|
    |mul15_i106_i_i_38_reg_10195                                                      |   64|  32|   32|          0|
    |mul15_i106_i_i_39_reg_10220                                                      |   64|  32|   32|          0|
    |mul15_i106_i_i_40_reg_10225                                                      |   64|  32|   32|          0|
    |mul15_i106_i_i_41_reg_10250                                                      |   64|  32|   32|          0|
    |mul15_i106_i_i_42_reg_10255                                                      |   64|  32|   32|          0|
    |mul15_i106_i_i_43_reg_10280                                                      |   64|  32|   32|          0|
    |mul15_i106_i_i_44_reg_10285                                                      |   64|  32|   32|          0|
    |mul15_i106_i_i_45_reg_10310                                                      |   64|  32|   32|          0|
    |mul15_i106_i_i_46_reg_10315                                                      |   64|  32|   32|          0|
    |mul15_i106_i_i_47_reg_10340                                                      |   64|  32|   32|          0|
    |mul15_i106_i_i_48_reg_10345                                                      |   64|  32|   32|          0|
    |mul15_i106_i_i_49_reg_10370                                                      |   64|  32|   32|          0|
    |mul15_i106_i_i_50_reg_10375                                                      |   64|  32|   32|          0|
    |mul15_i106_i_i_51_reg_10400                                                      |   64|  32|   32|          0|
    |mul15_i106_i_i_52_reg_10405                                                      |   64|  32|   32|          0|
    |mul15_i106_i_i_53_reg_10430                                                      |   64|  32|   32|          0|
    |mul15_i106_i_i_54_reg_10435                                                      |   64|  32|   32|          0|
    |mul15_i106_i_i_55_reg_10460                                                      |   64|  32|   32|          0|
    |mul15_i106_i_i_56_reg_10465                                                      |   64|  32|   32|          0|
    |mul15_i106_i_i_57_reg_10490                                                      |   64|  32|   32|          0|
    |mul15_i106_i_i_58_reg_10495                                                      |   64|  32|   32|          0|
    |mul15_i106_i_i_59_reg_10520                                                      |   64|  32|   32|          0|
    |mul15_i106_i_i_60_reg_10525                                                      |   64|  32|   32|          0|
    |mul15_i106_i_i_61_reg_10550                                                      |   64|  32|   32|          0|
    |mul15_i106_i_i_62_reg_10555                                                      |   64|  32|   32|          0|
    |mul15_i106_i_i_63_reg_10580                                                      |   64|  32|   32|          0|
    |mul15_i106_i_i_64_reg_10585                                                      |   64|  32|   32|          0|
    |mul15_i106_i_i_65_reg_10610                                                      |   64|  32|   32|          0|
    |mul15_i106_i_i_66_reg_10615                                                      |   64|  32|   32|          0|
    |mul15_i106_i_i_67_reg_10640                                                      |   64|  32|   32|          0|
    |mul15_i106_i_i_68_reg_10645                                                      |   64|  32|   32|          0|
    |mul15_i106_i_i_69_reg_10670                                                      |   64|  32|   32|          0|
    |mul15_i106_i_i_70_reg_10675                                                      |   64|  32|   32|          0|
    |mul15_i106_i_i_71_reg_10700                                                      |   64|  32|   32|          0|
    |mul15_i106_i_i_72_reg_10705                                                      |   64|  32|   32|          0|
    |mul15_i106_i_i_73_reg_10730                                                      |   64|  32|   32|          0|
    |mul15_i106_i_i_74_reg_10735                                                      |   64|  32|   32|          0|
    |mul15_i106_i_i_75_reg_10760                                                      |   64|  32|   32|          0|
    |mul15_i106_i_i_76_reg_10765                                                      |   64|  32|   32|          0|
    |mul15_i106_i_i_77_reg_10790                                                      |   64|  32|   32|          0|
    |mul15_i106_i_i_78_reg_10795                                                      |   64|  32|   32|          0|
    |mul15_i106_i_i_79_reg_10820                                                      |   64|  32|   32|          0|
    |mul15_i106_i_i_80_reg_10825                                                      |   64|  32|   32|          0|
    |mul15_i106_i_i_81_reg_10850                                                      |   64|  32|   32|          0|
    |mul15_i106_i_i_82_reg_10855                                                      |   64|  32|   32|          0|
    |mul15_i106_i_i_83_reg_10880                                                      |   64|  32|   32|          0|
    |mul15_i106_i_i_84_reg_10885                                                      |   64|  32|   32|          0|
    |mul15_i106_i_i_85_reg_10910                                                      |   64|  32|   32|          0|
    |mul15_i106_i_i_86_reg_10915                                                      |   64|  32|   32|          0|
    |mul15_i106_i_i_87_reg_10940                                                      |   64|  32|   32|          0|
    |mul15_i106_i_i_88_reg_10945                                                      |   64|  32|   32|          0|
    |mul15_i106_i_i_89_reg_10970                                                      |   64|  32|   32|          0|
    |mul15_i106_i_i_90_reg_10975                                                      |   64|  32|   32|          0|
    |mul15_i106_i_i_91_reg_11000                                                      |   64|  32|   32|          0|
    |mul15_i106_i_i_92_reg_11005                                                      |   64|  32|   32|          0|
    |mul15_i106_i_i_93_reg_11030                                                      |   64|  32|   32|          0|
    |mul15_i106_i_i_94_reg_11035                                                      |   64|  32|   32|          0|
    |mul15_i106_i_i_95_reg_11060                                                      |   64|  32|   32|          0|
    |mul15_i106_i_i_96_reg_11065                                                      |   64|  32|   32|          0|
    |mul15_i106_i_i_97_reg_11090                                                      |   64|  32|   32|          0|
    |mul15_i106_i_i_98_reg_11095                                                      |   64|  32|   32|          0|
    |mul15_i106_i_i_99_reg_11120                                                      |   64|  32|   32|          0|
    |trunc_ln172_reg_9316                                                             |   64|  32|    6|          0|
    +---------------------------------------------------------------------------------+-----+----+-----+-----------+
    |Total                                                                            |17782|4096|13619|         13|
    +---------------------------------------------------------------------------------+-----+----+-----+-----------+



================================================================
== Interface
================================================================
* Summary: 
+-------------------------------------------------------------------------+-----+-----+------------+----------------------------------------------------------------+--------------+
|                                RTL Ports                                | Dir | Bits|  Protocol  |                          Source Object                         |    C Type    |
+-------------------------------------------------------------------------+-----+-----+------------+----------------------------------------------------------------+--------------+
|ap_clk                                                                   |   in|    1|  ap_ctrl_hs|                     transformer_blk_s2_top_Pipeline_LF_S_LF_OD1|  return value|
|ap_rst                                                                   |   in|    1|  ap_ctrl_hs|                     transformer_blk_s2_top_Pipeline_LF_S_LF_OD1|  return value|
|ap_start                                                                 |   in|    1|  ap_ctrl_hs|                     transformer_blk_s2_top_Pipeline_LF_S_LF_OD1|  return value|
|ap_done                                                                  |  out|    1|  ap_ctrl_hs|                     transformer_blk_s2_top_Pipeline_LF_S_LF_OD1|  return value|
|ap_idle                                                                  |  out|    1|  ap_ctrl_hs|                     transformer_blk_s2_top_Pipeline_LF_S_LF_OD1|  return value|
|ap_ready                                                                 |  out|    1|  ap_ctrl_hs|                     transformer_blk_s2_top_Pipeline_LF_S_LF_OD1|  return value|
|grp_fu_2377_p_din0                                                       |  out|   32|  ap_ctrl_hs|                     transformer_blk_s2_top_Pipeline_LF_S_LF_OD1|  return value|
|grp_fu_2377_p_din1                                                       |  out|   32|  ap_ctrl_hs|                     transformer_blk_s2_top_Pipeline_LF_S_LF_OD1|  return value|
|grp_fu_2377_p_opcode                                                     |  out|    1|  ap_ctrl_hs|                     transformer_blk_s2_top_Pipeline_LF_S_LF_OD1|  return value|
|grp_fu_2377_p_dout0                                                      |   in|   32|  ap_ctrl_hs|                     transformer_blk_s2_top_Pipeline_LF_S_LF_OD1|  return value|
|grp_fu_2377_p_ce                                                         |  out|    1|  ap_ctrl_hs|                     transformer_blk_s2_top_Pipeline_LF_S_LF_OD1|  return value|
|grp_fu_4550_p_din0                                                       |  out|   32|  ap_ctrl_hs|                     transformer_blk_s2_top_Pipeline_LF_S_LF_OD1|  return value|
|grp_fu_4550_p_din1                                                       |  out|   32|  ap_ctrl_hs|                     transformer_blk_s2_top_Pipeline_LF_S_LF_OD1|  return value|
|grp_fu_4550_p_opcode                                                     |  out|    1|  ap_ctrl_hs|                     transformer_blk_s2_top_Pipeline_LF_S_LF_OD1|  return value|
|grp_fu_4550_p_dout0                                                      |   in|   32|  ap_ctrl_hs|                     transformer_blk_s2_top_Pipeline_LF_S_LF_OD1|  return value|
|grp_fu_4550_p_ce                                                         |  out|    1|  ap_ctrl_hs|                     transformer_blk_s2_top_Pipeline_LF_S_LF_OD1|  return value|
|grp_fu_4578_p_din0                                                       |  out|   32|  ap_ctrl_hs|                     transformer_blk_s2_top_Pipeline_LF_S_LF_OD1|  return value|
|grp_fu_4578_p_din1                                                       |  out|   32|  ap_ctrl_hs|                     transformer_blk_s2_top_Pipeline_LF_S_LF_OD1|  return value|
|grp_fu_4578_p_dout0                                                      |   in|   32|  ap_ctrl_hs|                     transformer_blk_s2_top_Pipeline_LF_S_LF_OD1|  return value|
|grp_fu_4578_p_ce                                                         |  out|    1|  ap_ctrl_hs|                     transformer_blk_s2_top_Pipeline_LF_S_LF_OD1|  return value|
|grp_fu_4582_p_din0                                                       |  out|   32|  ap_ctrl_hs|                     transformer_blk_s2_top_Pipeline_LF_S_LF_OD1|  return value|
|grp_fu_4582_p_din1                                                       |  out|   32|  ap_ctrl_hs|                     transformer_blk_s2_top_Pipeline_LF_S_LF_OD1|  return value|
|grp_fu_4582_p_dout0                                                      |   in|   32|  ap_ctrl_hs|                     transformer_blk_s2_top_Pipeline_LF_S_LF_OD1|  return value|
|grp_fu_4582_p_ce                                                         |  out|    1|  ap_ctrl_hs|                     transformer_blk_s2_top_Pipeline_LF_S_LF_OD1|  return value|
|w_Addr_A                                                                 |  out|   32|        bram|                                                               w|         array|
|w_EN_A                                                                   |  out|    1|        bram|                                                               w|         array|
|w_WEN_A                                                                  |  out|    4|        bram|                                                               w|         array|
|w_Din_A                                                                  |  out|   32|        bram|                                                               w|         array|
|w_Dout_A                                                                 |   in|   32|        bram|                                                               w|         array|
|w_Addr_B                                                                 |  out|   32|        bram|                                                               w|         array|
|w_EN_B                                                                   |  out|    1|        bram|                                                               w|         array|
|w_WEN_B                                                                  |  out|    4|        bram|                                                               w|         array|
|w_Din_B                                                                  |  out|   32|        bram|                                                               w|         array|
|w_Dout_B                                                                 |   in|   32|        bram|                                                               w|         array|
|transformer_blk_s2_top_float_const_float_float_const_k_buf_address0      |  out|    9|   ap_memory|      transformer_blk_s2_top_float_const_float_float_const_k_buf|         array|
|transformer_blk_s2_top_float_const_float_float_const_k_buf_ce0           |  out|    1|   ap_memory|      transformer_blk_s2_top_float_const_float_float_const_k_buf|         array|
|transformer_blk_s2_top_float_const_float_float_const_k_buf_we0           |  out|    1|   ap_memory|      transformer_blk_s2_top_float_const_float_float_const_k_buf|         array|
|transformer_blk_s2_top_float_const_float_float_const_k_buf_d0            |  out|   32|   ap_memory|      transformer_blk_s2_top_float_const_float_float_const_k_buf|         array|
|transformer_blk_s2_top_float_const_float_float_const_ln_buf_address0     |  out|   12|   ap_memory|     transformer_blk_s2_top_float_const_float_float_const_ln_buf|         array|
|transformer_blk_s2_top_float_const_float_float_const_ln_buf_ce0          |  out|    1|   ap_memory|     transformer_blk_s2_top_float_const_float_float_const_ln_buf|         array|
|transformer_blk_s2_top_float_const_float_float_const_ln_buf_q0           |   in|   32|   ap_memory|     transformer_blk_s2_top_float_const_float_float_const_ln_buf|         array|
|transformer_blk_s2_top_float_const_float_float_const_ln_buf_address1     |  out|   12|   ap_memory|     transformer_blk_s2_top_float_const_float_float_const_ln_buf|         array|
|transformer_blk_s2_top_float_const_float_float_const_ln_buf_ce1          |  out|    1|   ap_memory|     transformer_blk_s2_top_float_const_float_float_const_ln_buf|         array|
|transformer_blk_s2_top_float_const_float_float_const_ln_buf_q1           |   in|   32|   ap_memory|     transformer_blk_s2_top_float_const_float_float_const_ln_buf|         array|
|transformer_blk_s2_top_float_const_float_float_const_ln_buf_8_address0   |  out|   12|   ap_memory|   transformer_blk_s2_top_float_const_float_float_const_ln_buf_8|         array|
|transformer_blk_s2_top_float_const_float_float_const_ln_buf_8_ce0        |  out|    1|   ap_memory|   transformer_blk_s2_top_float_const_float_float_const_ln_buf_8|         array|
|transformer_blk_s2_top_float_const_float_float_const_ln_buf_8_q0         |   in|   32|   ap_memory|   transformer_blk_s2_top_float_const_float_float_const_ln_buf_8|         array|
|transformer_blk_s2_top_float_const_float_float_const_ln_buf_8_address1   |  out|   12|   ap_memory|   transformer_blk_s2_top_float_const_float_float_const_ln_buf_8|         array|
|transformer_blk_s2_top_float_const_float_float_const_ln_buf_8_ce1        |  out|    1|   ap_memory|   transformer_blk_s2_top_float_const_float_float_const_ln_buf_8|         array|
|transformer_blk_s2_top_float_const_float_float_const_ln_buf_8_q1         |   in|   32|   ap_memory|   transformer_blk_s2_top_float_const_float_float_const_ln_buf_8|         array|
|transformer_blk_s2_top_float_const_float_float_const_ln_buf_9_address0   |  out|   12|   ap_memory|   transformer_blk_s2_top_float_const_float_float_const_ln_buf_9|         array|
|transformer_blk_s2_top_float_const_float_float_const_ln_buf_9_ce0        |  out|    1|   ap_memory|   transformer_blk_s2_top_float_const_float_float_const_ln_buf_9|         array|
|transformer_blk_s2_top_float_const_float_float_const_ln_buf_9_q0         |   in|   32|   ap_memory|   transformer_blk_s2_top_float_const_float_float_const_ln_buf_9|         array|
|transformer_blk_s2_top_float_const_float_float_const_ln_buf_9_address1   |  out|   12|   ap_memory|   transformer_blk_s2_top_float_const_float_float_const_ln_buf_9|         array|
|transformer_blk_s2_top_float_const_float_float_const_ln_buf_9_ce1        |  out|    1|   ap_memory|   transformer_blk_s2_top_float_const_float_float_const_ln_buf_9|         array|
|transformer_blk_s2_top_float_const_float_float_const_ln_buf_9_q1         |   in|   32|   ap_memory|   transformer_blk_s2_top_float_const_float_float_const_ln_buf_9|         array|
|transformer_blk_s2_top_float_const_float_float_const_ln_buf_10_address0  |  out|   12|   ap_memory|  transformer_blk_s2_top_float_const_float_float_const_ln_buf_10|         array|
|transformer_blk_s2_top_float_const_float_float_const_ln_buf_10_ce0       |  out|    1|   ap_memory|  transformer_blk_s2_top_float_const_float_float_const_ln_buf_10|         array|
|transformer_blk_s2_top_float_const_float_float_const_ln_buf_10_q0        |   in|   32|   ap_memory|  transformer_blk_s2_top_float_const_float_float_const_ln_buf_10|         array|
|transformer_blk_s2_top_float_const_float_float_const_ln_buf_10_address1  |  out|   12|   ap_memory|  transformer_blk_s2_top_float_const_float_float_const_ln_buf_10|         array|
|transformer_blk_s2_top_float_const_float_float_const_ln_buf_10_ce1       |  out|    1|   ap_memory|  transformer_blk_s2_top_float_const_float_float_const_ln_buf_10|         array|
|transformer_blk_s2_top_float_const_float_float_const_ln_buf_10_q1        |   in|   32|   ap_memory|  transformer_blk_s2_top_float_const_float_float_const_ln_buf_10|         array|
|transformer_blk_s2_top_float_const_float_float_const_k_buf_20_address0   |  out|    9|   ap_memory|   transformer_blk_s2_top_float_const_float_float_const_k_buf_20|         array|
|transformer_blk_s2_top_float_const_float_float_const_k_buf_20_ce0        |  out|    1|   ap_memory|   transformer_blk_s2_top_float_const_float_float_const_k_buf_20|         array|
|transformer_blk_s2_top_float_const_float_float_const_k_buf_20_we0        |  out|    1|   ap_memory|   transformer_blk_s2_top_float_const_float_float_const_k_buf_20|         array|
|transformer_blk_s2_top_float_const_float_float_const_k_buf_20_d0         |  out|   32|   ap_memory|   transformer_blk_s2_top_float_const_float_float_const_k_buf_20|         array|
|transformer_blk_s2_top_float_const_float_float_const_k_buf_21_address0   |  out|    9|   ap_memory|   transformer_blk_s2_top_float_const_float_float_const_k_buf_21|         array|
|transformer_blk_s2_top_float_const_float_float_const_k_buf_21_ce0        |  out|    1|   ap_memory|   transformer_blk_s2_top_float_const_float_float_const_k_buf_21|         array|
|transformer_blk_s2_top_float_const_float_float_const_k_buf_21_we0        |  out|    1|   ap_memory|   transformer_blk_s2_top_float_const_float_float_const_k_buf_21|         array|
|transformer_blk_s2_top_float_const_float_float_const_k_buf_21_d0         |  out|   32|   ap_memory|   transformer_blk_s2_top_float_const_float_float_const_k_buf_21|         array|
|transformer_blk_s2_top_float_const_float_float_const_k_buf_22_address0   |  out|    9|   ap_memory|   transformer_blk_s2_top_float_const_float_float_const_k_buf_22|         array|
|transformer_blk_s2_top_float_const_float_float_const_k_buf_22_ce0        |  out|    1|   ap_memory|   transformer_blk_s2_top_float_const_float_float_const_k_buf_22|         array|
|transformer_blk_s2_top_float_const_float_float_const_k_buf_22_we0        |  out|    1|   ap_memory|   transformer_blk_s2_top_float_const_float_float_const_k_buf_22|         array|
|transformer_blk_s2_top_float_const_float_float_const_k_buf_22_d0         |  out|   32|   ap_memory|   transformer_blk_s2_top_float_const_float_float_const_k_buf_22|         array|
|transformer_blk_s2_top_float_const_float_float_const_k_buf_23_address0   |  out|    9|   ap_memory|   transformer_blk_s2_top_float_const_float_float_const_k_buf_23|         array|
|transformer_blk_s2_top_float_const_float_float_const_k_buf_23_ce0        |  out|    1|   ap_memory|   transformer_blk_s2_top_float_const_float_float_const_k_buf_23|         array|
|transformer_blk_s2_top_float_const_float_float_const_k_buf_23_we0        |  out|    1|   ap_memory|   transformer_blk_s2_top_float_const_float_float_const_k_buf_23|         array|
|transformer_blk_s2_top_float_const_float_float_const_k_buf_23_d0         |  out|   32|   ap_memory|   transformer_blk_s2_top_float_const_float_float_const_k_buf_23|         array|
|transformer_blk_s2_top_float_const_float_float_const_k_buf_24_address0   |  out|    9|   ap_memory|   transformer_blk_s2_top_float_const_float_float_const_k_buf_24|         array|
|transformer_blk_s2_top_float_const_float_float_const_k_buf_24_ce0        |  out|    1|   ap_memory|   transformer_blk_s2_top_float_const_float_float_const_k_buf_24|         array|
|transformer_blk_s2_top_float_const_float_float_const_k_buf_24_we0        |  out|    1|   ap_memory|   transformer_blk_s2_top_float_const_float_float_const_k_buf_24|         array|
|transformer_blk_s2_top_float_const_float_float_const_k_buf_24_d0         |  out|   32|   ap_memory|   transformer_blk_s2_top_float_const_float_float_const_k_buf_24|         array|
|transformer_blk_s2_top_float_const_float_float_const_k_buf_25_address0   |  out|    9|   ap_memory|   transformer_blk_s2_top_float_const_float_float_const_k_buf_25|         array|
|transformer_blk_s2_top_float_const_float_float_const_k_buf_25_ce0        |  out|    1|   ap_memory|   transformer_blk_s2_top_float_const_float_float_const_k_buf_25|         array|
|transformer_blk_s2_top_float_const_float_float_const_k_buf_25_we0        |  out|    1|   ap_memory|   transformer_blk_s2_top_float_const_float_float_const_k_buf_25|         array|
|transformer_blk_s2_top_float_const_float_float_const_k_buf_25_d0         |  out|   32|   ap_memory|   transformer_blk_s2_top_float_const_float_float_const_k_buf_25|         array|
|transformer_blk_s2_top_float_const_float_float_const_k_buf_26_address0   |  out|    9|   ap_memory|   transformer_blk_s2_top_float_const_float_float_const_k_buf_26|         array|
|transformer_blk_s2_top_float_const_float_float_const_k_buf_26_ce0        |  out|    1|   ap_memory|   transformer_blk_s2_top_float_const_float_float_const_k_buf_26|         array|
|transformer_blk_s2_top_float_const_float_float_const_k_buf_26_we0        |  out|    1|   ap_memory|   transformer_blk_s2_top_float_const_float_float_const_k_buf_26|         array|
|transformer_blk_s2_top_float_const_float_float_const_k_buf_26_d0         |  out|   32|   ap_memory|   transformer_blk_s2_top_float_const_float_float_const_k_buf_26|         array|
|transformer_blk_s2_top_float_const_float_float_const_k_buf_27_address0   |  out|    9|   ap_memory|   transformer_blk_s2_top_float_const_float_float_const_k_buf_27|         array|
|transformer_blk_s2_top_float_const_float_float_const_k_buf_27_ce0        |  out|    1|   ap_memory|   transformer_blk_s2_top_float_const_float_float_const_k_buf_27|         array|
|transformer_blk_s2_top_float_const_float_float_const_k_buf_27_we0        |  out|    1|   ap_memory|   transformer_blk_s2_top_float_const_float_float_const_k_buf_27|         array|
|transformer_blk_s2_top_float_const_float_float_const_k_buf_27_d0         |  out|   32|   ap_memory|   transformer_blk_s2_top_float_const_float_float_const_k_buf_27|         array|
|transformer_blk_s2_top_float_const_float_float_const_k_buf_28_address0   |  out|    9|   ap_memory|   transformer_blk_s2_top_float_const_float_float_const_k_buf_28|         array|
|transformer_blk_s2_top_float_const_float_float_const_k_buf_28_ce0        |  out|    1|   ap_memory|   transformer_blk_s2_top_float_const_float_float_const_k_buf_28|         array|
|transformer_blk_s2_top_float_const_float_float_const_k_buf_28_we0        |  out|    1|   ap_memory|   transformer_blk_s2_top_float_const_float_float_const_k_buf_28|         array|
|transformer_blk_s2_top_float_const_float_float_const_k_buf_28_d0         |  out|   32|   ap_memory|   transformer_blk_s2_top_float_const_float_float_const_k_buf_28|         array|
|p_ZZ22transformer_blk_s2_topPKfPfS0_E5k_buf_10_address0                  |  out|    9|   ap_memory|                  p_ZZ22transformer_blk_s2_topPKfPfS0_E5k_buf_10|         array|
|p_ZZ22transformer_blk_s2_topPKfPfS0_E5k_buf_10_ce0                       |  out|    1|   ap_memory|                  p_ZZ22transformer_blk_s2_topPKfPfS0_E5k_buf_10|         array|
|p_ZZ22transformer_blk_s2_topPKfPfS0_E5k_buf_10_we0                       |  out|    1|   ap_memory|                  p_ZZ22transformer_blk_s2_topPKfPfS0_E5k_buf_10|         array|
|p_ZZ22transformer_blk_s2_topPKfPfS0_E5k_buf_10_d0                        |  out|   32|   ap_memory|                  p_ZZ22transformer_blk_s2_topPKfPfS0_E5k_buf_10|         array|
|p_ZZ22transformer_blk_s2_topPKfPfS0_E5k_buf_11_address0                  |  out|    9|   ap_memory|                  p_ZZ22transformer_blk_s2_topPKfPfS0_E5k_buf_11|         array|
|p_ZZ22transformer_blk_s2_topPKfPfS0_E5k_buf_11_ce0                       |  out|    1|   ap_memory|                  p_ZZ22transformer_blk_s2_topPKfPfS0_E5k_buf_11|         array|
|p_ZZ22transformer_blk_s2_topPKfPfS0_E5k_buf_11_we0                       |  out|    1|   ap_memory|                  p_ZZ22transformer_blk_s2_topPKfPfS0_E5k_buf_11|         array|
|p_ZZ22transformer_blk_s2_topPKfPfS0_E5k_buf_11_d0                        |  out|   32|   ap_memory|                  p_ZZ22transformer_blk_s2_topPKfPfS0_E5k_buf_11|         array|
|p_ZZ22transformer_blk_s2_topPKfPfS0_E5k_buf_12_address0                  |  out|    9|   ap_memory|                  p_ZZ22transformer_blk_s2_topPKfPfS0_E5k_buf_12|         array|
|p_ZZ22transformer_blk_s2_topPKfPfS0_E5k_buf_12_ce0                       |  out|    1|   ap_memory|                  p_ZZ22transformer_blk_s2_topPKfPfS0_E5k_buf_12|         array|
|p_ZZ22transformer_blk_s2_topPKfPfS0_E5k_buf_12_we0                       |  out|    1|   ap_memory|                  p_ZZ22transformer_blk_s2_topPKfPfS0_E5k_buf_12|         array|
|p_ZZ22transformer_blk_s2_topPKfPfS0_E5k_buf_12_d0                        |  out|   32|   ap_memory|                  p_ZZ22transformer_blk_s2_topPKfPfS0_E5k_buf_12|         array|
|p_ZZ22transformer_blk_s2_topPKfPfS0_E5k_buf_13_address0                  |  out|    9|   ap_memory|                  p_ZZ22transformer_blk_s2_topPKfPfS0_E5k_buf_13|         array|
|p_ZZ22transformer_blk_s2_topPKfPfS0_E5k_buf_13_ce0                       |  out|    1|   ap_memory|                  p_ZZ22transformer_blk_s2_topPKfPfS0_E5k_buf_13|         array|
|p_ZZ22transformer_blk_s2_topPKfPfS0_E5k_buf_13_we0                       |  out|    1|   ap_memory|                  p_ZZ22transformer_blk_s2_topPKfPfS0_E5k_buf_13|         array|
|p_ZZ22transformer_blk_s2_topPKfPfS0_E5k_buf_13_d0                        |  out|   32|   ap_memory|                  p_ZZ22transformer_blk_s2_topPKfPfS0_E5k_buf_13|         array|
|p_ZZ22transformer_blk_s2_topPKfPfS0_E5k_buf_14_address0                  |  out|    9|   ap_memory|                  p_ZZ22transformer_blk_s2_topPKfPfS0_E5k_buf_14|         array|
|p_ZZ22transformer_blk_s2_topPKfPfS0_E5k_buf_14_ce0                       |  out|    1|   ap_memory|                  p_ZZ22transformer_blk_s2_topPKfPfS0_E5k_buf_14|         array|
|p_ZZ22transformer_blk_s2_topPKfPfS0_E5k_buf_14_we0                       |  out|    1|   ap_memory|                  p_ZZ22transformer_blk_s2_topPKfPfS0_E5k_buf_14|         array|
|p_ZZ22transformer_blk_s2_topPKfPfS0_E5k_buf_14_d0                        |  out|   32|   ap_memory|                  p_ZZ22transformer_blk_s2_topPKfPfS0_E5k_buf_14|         array|
|p_ZZ22transformer_blk_s2_topPKfPfS0_E5k_buf_15_address0                  |  out|    9|   ap_memory|                  p_ZZ22transformer_blk_s2_topPKfPfS0_E5k_buf_15|         array|
|p_ZZ22transformer_blk_s2_topPKfPfS0_E5k_buf_15_ce0                       |  out|    1|   ap_memory|                  p_ZZ22transformer_blk_s2_topPKfPfS0_E5k_buf_15|         array|
|p_ZZ22transformer_blk_s2_topPKfPfS0_E5k_buf_15_we0                       |  out|    1|   ap_memory|                  p_ZZ22transformer_blk_s2_topPKfPfS0_E5k_buf_15|         array|
|p_ZZ22transformer_blk_s2_topPKfPfS0_E5k_buf_15_d0                        |  out|   32|   ap_memory|                  p_ZZ22transformer_blk_s2_topPKfPfS0_E5k_buf_15|         array|
|p_ZZ22transformer_blk_s2_topPKfPfS0_E5k_buf_16_address0                  |  out|    9|   ap_memory|                  p_ZZ22transformer_blk_s2_topPKfPfS0_E5k_buf_16|         array|
|p_ZZ22transformer_blk_s2_topPKfPfS0_E5k_buf_16_ce0                       |  out|    1|   ap_memory|                  p_ZZ22transformer_blk_s2_topPKfPfS0_E5k_buf_16|         array|
|p_ZZ22transformer_blk_s2_topPKfPfS0_E5k_buf_16_we0                       |  out|    1|   ap_memory|                  p_ZZ22transformer_blk_s2_topPKfPfS0_E5k_buf_16|         array|
|p_ZZ22transformer_blk_s2_topPKfPfS0_E5k_buf_16_d0                        |  out|   32|   ap_memory|                  p_ZZ22transformer_blk_s2_topPKfPfS0_E5k_buf_16|         array|
|p_ZZ22transformer_blk_s2_topPKfPfS0_E5k_buf_17_address0                  |  out|    9|   ap_memory|                  p_ZZ22transformer_blk_s2_topPKfPfS0_E5k_buf_17|         array|
|p_ZZ22transformer_blk_s2_topPKfPfS0_E5k_buf_17_ce0                       |  out|    1|   ap_memory|                  p_ZZ22transformer_blk_s2_topPKfPfS0_E5k_buf_17|         array|
|p_ZZ22transformer_blk_s2_topPKfPfS0_E5k_buf_17_we0                       |  out|    1|   ap_memory|                  p_ZZ22transformer_blk_s2_topPKfPfS0_E5k_buf_17|         array|
|p_ZZ22transformer_blk_s2_topPKfPfS0_E5k_buf_17_d0                        |  out|   32|   ap_memory|                  p_ZZ22transformer_blk_s2_topPKfPfS0_E5k_buf_17|         array|
|p_ZZ22transformer_blk_s2_topPKfPfS0_E5k_buf_18_address0                  |  out|    9|   ap_memory|                  p_ZZ22transformer_blk_s2_topPKfPfS0_E5k_buf_18|         array|
|p_ZZ22transformer_blk_s2_topPKfPfS0_E5k_buf_18_ce0                       |  out|    1|   ap_memory|                  p_ZZ22transformer_blk_s2_topPKfPfS0_E5k_buf_18|         array|
|p_ZZ22transformer_blk_s2_topPKfPfS0_E5k_buf_18_we0                       |  out|    1|   ap_memory|                  p_ZZ22transformer_blk_s2_topPKfPfS0_E5k_buf_18|         array|
|p_ZZ22transformer_blk_s2_topPKfPfS0_E5k_buf_18_d0                        |  out|   32|   ap_memory|                  p_ZZ22transformer_blk_s2_topPKfPfS0_E5k_buf_18|         array|
|p_ZZ22transformer_blk_s2_topPKfPfS0_E5k_buf_19_address0                  |  out|    9|   ap_memory|                  p_ZZ22transformer_blk_s2_topPKfPfS0_E5k_buf_19|         array|
|p_ZZ22transformer_blk_s2_topPKfPfS0_E5k_buf_19_ce0                       |  out|    1|   ap_memory|                  p_ZZ22transformer_blk_s2_topPKfPfS0_E5k_buf_19|         array|
|p_ZZ22transformer_blk_s2_topPKfPfS0_E5k_buf_19_we0                       |  out|    1|   ap_memory|                  p_ZZ22transformer_blk_s2_topPKfPfS0_E5k_buf_19|         array|
|p_ZZ22transformer_blk_s2_topPKfPfS0_E5k_buf_19_d0                        |  out|   32|   ap_memory|                  p_ZZ22transformer_blk_s2_topPKfPfS0_E5k_buf_19|         array|
|p_ZZ22transformer_blk_s2_topPKfPfS0_E5k_buf_20_address0                  |  out|    9|   ap_memory|                  p_ZZ22transformer_blk_s2_topPKfPfS0_E5k_buf_20|         array|
|p_ZZ22transformer_blk_s2_topPKfPfS0_E5k_buf_20_ce0                       |  out|    1|   ap_memory|                  p_ZZ22transformer_blk_s2_topPKfPfS0_E5k_buf_20|         array|
|p_ZZ22transformer_blk_s2_topPKfPfS0_E5k_buf_20_we0                       |  out|    1|   ap_memory|                  p_ZZ22transformer_blk_s2_topPKfPfS0_E5k_buf_20|         array|
|p_ZZ22transformer_blk_s2_topPKfPfS0_E5k_buf_20_d0                        |  out|   32|   ap_memory|                  p_ZZ22transformer_blk_s2_topPKfPfS0_E5k_buf_20|         array|
|p_ZZ22transformer_blk_s2_topPKfPfS0_E5k_buf_21_address0                  |  out|    9|   ap_memory|                  p_ZZ22transformer_blk_s2_topPKfPfS0_E5k_buf_21|         array|
|p_ZZ22transformer_blk_s2_topPKfPfS0_E5k_buf_21_ce0                       |  out|    1|   ap_memory|                  p_ZZ22transformer_blk_s2_topPKfPfS0_E5k_buf_21|         array|
|p_ZZ22transformer_blk_s2_topPKfPfS0_E5k_buf_21_we0                       |  out|    1|   ap_memory|                  p_ZZ22transformer_blk_s2_topPKfPfS0_E5k_buf_21|         array|
|p_ZZ22transformer_blk_s2_topPKfPfS0_E5k_buf_21_d0                        |  out|   32|   ap_memory|                  p_ZZ22transformer_blk_s2_topPKfPfS0_E5k_buf_21|         array|
|p_ZZ22transformer_blk_s2_topPKfPfS0_E5k_buf_22_address0                  |  out|    9|   ap_memory|                  p_ZZ22transformer_blk_s2_topPKfPfS0_E5k_buf_22|         array|
|p_ZZ22transformer_blk_s2_topPKfPfS0_E5k_buf_22_ce0                       |  out|    1|   ap_memory|                  p_ZZ22transformer_blk_s2_topPKfPfS0_E5k_buf_22|         array|
|p_ZZ22transformer_blk_s2_topPKfPfS0_E5k_buf_22_we0                       |  out|    1|   ap_memory|                  p_ZZ22transformer_blk_s2_topPKfPfS0_E5k_buf_22|         array|
|p_ZZ22transformer_blk_s2_topPKfPfS0_E5k_buf_22_d0                        |  out|   32|   ap_memory|                  p_ZZ22transformer_blk_s2_topPKfPfS0_E5k_buf_22|         array|
|p_ZZ22transformer_blk_s2_topPKfPfS0_E5k_buf_23_address0                  |  out|    9|   ap_memory|                  p_ZZ22transformer_blk_s2_topPKfPfS0_E5k_buf_23|         array|
|p_ZZ22transformer_blk_s2_topPKfPfS0_E5k_buf_23_ce0                       |  out|    1|   ap_memory|                  p_ZZ22transformer_blk_s2_topPKfPfS0_E5k_buf_23|         array|
|p_ZZ22transformer_blk_s2_topPKfPfS0_E5k_buf_23_we0                       |  out|    1|   ap_memory|                  p_ZZ22transformer_blk_s2_topPKfPfS0_E5k_buf_23|         array|
|p_ZZ22transformer_blk_s2_topPKfPfS0_E5k_buf_23_d0                        |  out|   32|   ap_memory|                  p_ZZ22transformer_blk_s2_topPKfPfS0_E5k_buf_23|         array|
|p_ZZ22transformer_blk_s2_topPKfPfS0_E5k_buf_24_address0                  |  out|    9|   ap_memory|                  p_ZZ22transformer_blk_s2_topPKfPfS0_E5k_buf_24|         array|
|p_ZZ22transformer_blk_s2_topPKfPfS0_E5k_buf_24_ce0                       |  out|    1|   ap_memory|                  p_ZZ22transformer_blk_s2_topPKfPfS0_E5k_buf_24|         array|
|p_ZZ22transformer_blk_s2_topPKfPfS0_E5k_buf_24_we0                       |  out|    1|   ap_memory|                  p_ZZ22transformer_blk_s2_topPKfPfS0_E5k_buf_24|         array|
|p_ZZ22transformer_blk_s2_topPKfPfS0_E5k_buf_24_d0                        |  out|   32|   ap_memory|                  p_ZZ22transformer_blk_s2_topPKfPfS0_E5k_buf_24|         array|
|p_ZZ22transformer_blk_s2_topPKfPfS0_E5k_buf_25_address0                  |  out|    9|   ap_memory|                  p_ZZ22transformer_blk_s2_topPKfPfS0_E5k_buf_25|         array|
|p_ZZ22transformer_blk_s2_topPKfPfS0_E5k_buf_25_ce0                       |  out|    1|   ap_memory|                  p_ZZ22transformer_blk_s2_topPKfPfS0_E5k_buf_25|         array|
|p_ZZ22transformer_blk_s2_topPKfPfS0_E5k_buf_25_we0                       |  out|    1|   ap_memory|                  p_ZZ22transformer_blk_s2_topPKfPfS0_E5k_buf_25|         array|
|p_ZZ22transformer_blk_s2_topPKfPfS0_E5k_buf_25_d0                        |  out|   32|   ap_memory|                  p_ZZ22transformer_blk_s2_topPKfPfS0_E5k_buf_25|         array|
|p_ZZ22transformer_blk_s2_topPKfPfS0_E5k_buf_26_address0                  |  out|    9|   ap_memory|                  p_ZZ22transformer_blk_s2_topPKfPfS0_E5k_buf_26|         array|
|p_ZZ22transformer_blk_s2_topPKfPfS0_E5k_buf_26_ce0                       |  out|    1|   ap_memory|                  p_ZZ22transformer_blk_s2_topPKfPfS0_E5k_buf_26|         array|
|p_ZZ22transformer_blk_s2_topPKfPfS0_E5k_buf_26_we0                       |  out|    1|   ap_memory|                  p_ZZ22transformer_blk_s2_topPKfPfS0_E5k_buf_26|         array|
|p_ZZ22transformer_blk_s2_topPKfPfS0_E5k_buf_26_d0                        |  out|   32|   ap_memory|                  p_ZZ22transformer_blk_s2_topPKfPfS0_E5k_buf_26|         array|
|p_ZZ22transformer_blk_s2_topPKfPfS0_E5k_buf_27_address0                  |  out|    9|   ap_memory|                  p_ZZ22transformer_blk_s2_topPKfPfS0_E5k_buf_27|         array|
|p_ZZ22transformer_blk_s2_topPKfPfS0_E5k_buf_27_ce0                       |  out|    1|   ap_memory|                  p_ZZ22transformer_blk_s2_topPKfPfS0_E5k_buf_27|         array|
|p_ZZ22transformer_blk_s2_topPKfPfS0_E5k_buf_27_we0                       |  out|    1|   ap_memory|                  p_ZZ22transformer_blk_s2_topPKfPfS0_E5k_buf_27|         array|
|p_ZZ22transformer_blk_s2_topPKfPfS0_E5k_buf_27_d0                        |  out|   32|   ap_memory|                  p_ZZ22transformer_blk_s2_topPKfPfS0_E5k_buf_27|         array|
|p_ZZ22transformer_blk_s2_topPKfPfS0_E5k_buf_28_address0                  |  out|    9|   ap_memory|                  p_ZZ22transformer_blk_s2_topPKfPfS0_E5k_buf_28|         array|
|p_ZZ22transformer_blk_s2_topPKfPfS0_E5k_buf_28_ce0                       |  out|    1|   ap_memory|                  p_ZZ22transformer_blk_s2_topPKfPfS0_E5k_buf_28|         array|
|p_ZZ22transformer_blk_s2_topPKfPfS0_E5k_buf_28_we0                       |  out|    1|   ap_memory|                  p_ZZ22transformer_blk_s2_topPKfPfS0_E5k_buf_28|         array|
|p_ZZ22transformer_blk_s2_topPKfPfS0_E5k_buf_28_d0                        |  out|   32|   ap_memory|                  p_ZZ22transformer_blk_s2_topPKfPfS0_E5k_buf_28|         array|
|p_ZZ22transformer_blk_s2_topPKfPfS0_E5k_buf_29_address0                  |  out|    9|   ap_memory|                  p_ZZ22transformer_blk_s2_topPKfPfS0_E5k_buf_29|         array|
|p_ZZ22transformer_blk_s2_topPKfPfS0_E5k_buf_29_ce0                       |  out|    1|   ap_memory|                  p_ZZ22transformer_blk_s2_topPKfPfS0_E5k_buf_29|         array|
|p_ZZ22transformer_blk_s2_topPKfPfS0_E5k_buf_29_we0                       |  out|    1|   ap_memory|                  p_ZZ22transformer_blk_s2_topPKfPfS0_E5k_buf_29|         array|
|p_ZZ22transformer_blk_s2_topPKfPfS0_E5k_buf_29_d0                        |  out|   32|   ap_memory|                  p_ZZ22transformer_blk_s2_topPKfPfS0_E5k_buf_29|         array|
|p_ZZ22transformer_blk_s2_topPKfPfS0_E5k_buf_30_address0                  |  out|    9|   ap_memory|                  p_ZZ22transformer_blk_s2_topPKfPfS0_E5k_buf_30|         array|
|p_ZZ22transformer_blk_s2_topPKfPfS0_E5k_buf_30_ce0                       |  out|    1|   ap_memory|                  p_ZZ22transformer_blk_s2_topPKfPfS0_E5k_buf_30|         array|
|p_ZZ22transformer_blk_s2_topPKfPfS0_E5k_buf_30_we0                       |  out|    1|   ap_memory|                  p_ZZ22transformer_blk_s2_topPKfPfS0_E5k_buf_30|         array|
|p_ZZ22transformer_blk_s2_topPKfPfS0_E5k_buf_30_d0                        |  out|   32|   ap_memory|                  p_ZZ22transformer_blk_s2_topPKfPfS0_E5k_buf_30|         array|
|p_ZZ22transformer_blk_s2_topPKfPfS0_E5k_buf_31_address0                  |  out|    9|   ap_memory|                  p_ZZ22transformer_blk_s2_topPKfPfS0_E5k_buf_31|         array|
|p_ZZ22transformer_blk_s2_topPKfPfS0_E5k_buf_31_ce0                       |  out|    1|   ap_memory|                  p_ZZ22transformer_blk_s2_topPKfPfS0_E5k_buf_31|         array|
|p_ZZ22transformer_blk_s2_topPKfPfS0_E5k_buf_31_we0                       |  out|    1|   ap_memory|                  p_ZZ22transformer_blk_s2_topPKfPfS0_E5k_buf_31|         array|
|p_ZZ22transformer_blk_s2_topPKfPfS0_E5k_buf_31_d0                        |  out|   32|   ap_memory|                  p_ZZ22transformer_blk_s2_topPKfPfS0_E5k_buf_31|         array|
|p_ZZ22transformer_blk_s2_topPKfPfS0_E5k_buf_32_address0                  |  out|    9|   ap_memory|                  p_ZZ22transformer_blk_s2_topPKfPfS0_E5k_buf_32|         array|
|p_ZZ22transformer_blk_s2_topPKfPfS0_E5k_buf_32_ce0                       |  out|    1|   ap_memory|                  p_ZZ22transformer_blk_s2_topPKfPfS0_E5k_buf_32|         array|
|p_ZZ22transformer_blk_s2_topPKfPfS0_E5k_buf_32_we0                       |  out|    1|   ap_memory|                  p_ZZ22transformer_blk_s2_topPKfPfS0_E5k_buf_32|         array|
|p_ZZ22transformer_blk_s2_topPKfPfS0_E5k_buf_32_d0                        |  out|   32|   ap_memory|                  p_ZZ22transformer_blk_s2_topPKfPfS0_E5k_buf_32|         array|
|p_ZZ22transformer_blk_s2_topPKfPfS0_E5k_buf_33_address0                  |  out|    9|   ap_memory|                  p_ZZ22transformer_blk_s2_topPKfPfS0_E5k_buf_33|         array|
|p_ZZ22transformer_blk_s2_topPKfPfS0_E5k_buf_33_ce0                       |  out|    1|   ap_memory|                  p_ZZ22transformer_blk_s2_topPKfPfS0_E5k_buf_33|         array|
|p_ZZ22transformer_blk_s2_topPKfPfS0_E5k_buf_33_we0                       |  out|    1|   ap_memory|                  p_ZZ22transformer_blk_s2_topPKfPfS0_E5k_buf_33|         array|
|p_ZZ22transformer_blk_s2_topPKfPfS0_E5k_buf_33_d0                        |  out|   32|   ap_memory|                  p_ZZ22transformer_blk_s2_topPKfPfS0_E5k_buf_33|         array|
|p_ZZ22transformer_blk_s2_topPKfPfS0_E5k_buf_34_address0                  |  out|    9|   ap_memory|                  p_ZZ22transformer_blk_s2_topPKfPfS0_E5k_buf_34|         array|
|p_ZZ22transformer_blk_s2_topPKfPfS0_E5k_buf_34_ce0                       |  out|    1|   ap_memory|                  p_ZZ22transformer_blk_s2_topPKfPfS0_E5k_buf_34|         array|
|p_ZZ22transformer_blk_s2_topPKfPfS0_E5k_buf_34_we0                       |  out|    1|   ap_memory|                  p_ZZ22transformer_blk_s2_topPKfPfS0_E5k_buf_34|         array|
|p_ZZ22transformer_blk_s2_topPKfPfS0_E5k_buf_34_d0                        |  out|   32|   ap_memory|                  p_ZZ22transformer_blk_s2_topPKfPfS0_E5k_buf_34|         array|
|p_ZZ22transformer_blk_s2_topPKfPfS0_E5k_buf_35_address0                  |  out|    9|   ap_memory|                  p_ZZ22transformer_blk_s2_topPKfPfS0_E5k_buf_35|         array|
|p_ZZ22transformer_blk_s2_topPKfPfS0_E5k_buf_35_ce0                       |  out|    1|   ap_memory|                  p_ZZ22transformer_blk_s2_topPKfPfS0_E5k_buf_35|         array|
|p_ZZ22transformer_blk_s2_topPKfPfS0_E5k_buf_35_we0                       |  out|    1|   ap_memory|                  p_ZZ22transformer_blk_s2_topPKfPfS0_E5k_buf_35|         array|
|p_ZZ22transformer_blk_s2_topPKfPfS0_E5k_buf_35_d0                        |  out|   32|   ap_memory|                  p_ZZ22transformer_blk_s2_topPKfPfS0_E5k_buf_35|         array|
+-------------------------------------------------------------------------+-----+-----+------------+----------------------------------------------------------------+--------------+

