

================================================================
== Vitis HLS Report for 'transformer_blk_s2_top_Pipeline_LF_S_LF_OD8'
================================================================
* Date:           Sun May 31 16:34:46 2026

* Version:        2022.2 (Build 3670227 on Oct 13 2022)
* Project:        s2_transformer_block
* Solution:       solution1 (Vivado IP Flow Target)
* Product family: zynquplus
* Target device:  xczu28dr-ffvg1517-2-e


================================================================
== Performance Estimates
================================================================
+ Timing: 
    * Summary: 
    +--------+---------+----------+------------+
    |  Clock |  Target | Estimated| Uncertainty|
    +--------+---------+----------+------------+
    |ap_clk  |  5.00 ns|  4.317 ns|     1.35 ns|
    +--------+---------+----------+------------+

+ Latency: 
    * Summary: 
    +---------+---------+-----------+-----------+---------+---------+---------+
    |  Latency (cycles) |   Latency (absolute)  |      Interval     | Pipeline|
    |   min   |   max   |    min    |    max    |   min   |   max   |   Type  |
    +---------+---------+-----------+-----------+---------+---------+---------+
    |  2090169|  2090169|  10.451 ms|  10.451 ms|  2090169|  2090169|       no|
    +---------+---------+-----------+-----------+---------+---------+---------+

    + Detail: 
        * Instance: 
        N/A

        * Loop: 
        +--------------+---------+---------+----------+-----------+-----------+-------+----------+
        |              |  Latency (cycles) | Iteration|  Initiation Interval  |  Trip |          |
        |   Loop Name  |   min   |   max   |  Latency |  achieved |   target  | Count | Pipelined|
        +--------------+---------+---------+----------+-----------+-----------+-------+----------+
        |- LF_S_LF_OD  |  2090167|  2090167|      2313|        145|          1|  14400|       yes|
        +--------------+---------+---------+----------+-----------+-----------+-------+----------+



================================================================
== Utilization Estimates
================================================================
* Summary: 
+-----------------+---------+------+--------+--------+-----+
|       Name      | BRAM_18K|  DSP |   FF   |   LUT  | URAM|
+-----------------+---------+------+--------+--------+-----+
|DSP              |        -|     -|       -|       -|    -|
|Expression       |        -|     -|       0|   14113|    -|
|FIFO             |        -|     -|       -|       -|    -|
|Instance         |        -|     -|       -|       -|    -|
|Memory           |        -|     -|       -|       -|    -|
|Multiplexer      |        -|     -|       -|    7297|    -|
|Register         |        -|     -|   27168|    8064|    -|
+-----------------+---------+------+--------+--------+-----+
|Total            |        0|     0|   27168|   29474|    0|
+-----------------+---------+------+--------+--------+-----+
|Available        |     2160|  4272|  850560|  425280|   80|
+-----------------+---------+------+--------+--------+-----+
|Utilization (%)  |        0|     0|       3|       6|    0|
+-----------------+---------+------+--------+--------+-----+

+ Detail: 
    * Instance: 
    N/A

    * DSP: 
    N/A

    * Memory: 
    N/A

    * FIFO: 
    N/A

    * Expression: 
    +---------------------------+----------+----+---+-----+------------+------------+
    |       Variable Name       | Operation| DSP| FF| LUT | Bitwidth P0| Bitwidth P1|
    +---------------------------+----------+----+---+-----+------------+------------+
    |add_ln162_100_fu_10793_p2  |         +|   0|  0|   22|          15|           8|
    |add_ln162_101_fu_10803_p2  |         +|   0|  0|   22|          15|           8|
    |add_ln162_102_fu_10863_p2  |         +|   0|  0|   22|          15|           8|
    |add_ln162_103_fu_10873_p2  |         +|   0|  0|   22|          15|           8|
    |add_ln162_104_fu_10933_p2  |         +|   0|  0|   22|          15|           8|
    |add_ln162_105_fu_10943_p2  |         +|   0|  0|   22|          15|           8|
    |add_ln162_106_fu_11003_p2  |         +|   0|  0|   22|          15|           8|
    |add_ln162_107_fu_11013_p2  |         +|   0|  0|   22|          15|           8|
    |add_ln162_108_fu_11073_p2  |         +|   0|  0|   22|          15|           8|
    |add_ln162_109_fu_11083_p2  |         +|   0|  0|   22|          15|           8|
    |add_ln162_10_fu_7643_p2    |         +|   0|  0|   22|          15|           6|
    |add_ln162_110_fu_11143_p2  |         +|   0|  0|   22|          15|           8|
    |add_ln162_111_fu_11153_p2  |         +|   0|  0|   22|          15|           8|
    |add_ln162_112_fu_11213_p2  |         +|   0|  0|   22|          15|           8|
    |add_ln162_113_fu_11223_p2  |         +|   0|  0|   22|          15|           8|
    |add_ln162_114_fu_11283_p2  |         +|   0|  0|   22|          15|           8|
    |add_ln162_115_fu_11293_p2  |         +|   0|  0|   22|          15|           8|
    |add_ln162_116_fu_11353_p2  |         +|   0|  0|   22|          15|           8|
    |add_ln162_117_fu_11363_p2  |         +|   0|  0|   22|          15|           8|
    |add_ln162_118_fu_11423_p2  |         +|   0|  0|   22|          15|           8|
    |add_ln162_119_fu_11433_p2  |         +|   0|  0|   22|          15|           8|
    |add_ln162_11_fu_7653_p2    |         +|   0|  0|   22|          15|           6|
    |add_ln162_120_fu_11493_p2  |         +|   0|  0|   22|          15|           8|
    |add_ln162_121_fu_11503_p2  |         +|   0|  0|   22|          15|           8|
    |add_ln162_122_fu_11563_p2  |         +|   0|  0|   22|          15|           8|
    |add_ln162_123_fu_11573_p2  |         +|   0|  0|   22|          15|           8|
    |add_ln162_124_fu_11633_p2  |         +|   0|  0|   22|          15|           8|
    |add_ln162_125_fu_11643_p2  |         +|   0|  0|   22|          15|           8|
    |add_ln162_126_fu_11703_p2  |         +|   0|  0|   22|          15|           8|
    |add_ln162_127_fu_11713_p2  |         +|   0|  0|   22|          15|           8|
    |add_ln162_128_fu_11773_p2  |         +|   0|  0|   22|          15|           8|
    |add_ln162_129_fu_11783_p2  |         +|   0|  0|   22|          15|           8|
    |add_ln162_12_fu_7713_p2    |         +|   0|  0|   22|          15|           6|
    |add_ln162_130_fu_11843_p2  |         +|   0|  0|   22|          15|           8|
    |add_ln162_131_fu_11853_p2  |         +|   0|  0|   22|          15|           8|
    |add_ln162_132_fu_11913_p2  |         +|   0|  0|   22|          15|           8|
    |add_ln162_133_fu_11923_p2  |         +|   0|  0|   22|          15|           8|
    |add_ln162_134_fu_11983_p2  |         +|   0|  0|   22|          15|           8|
    |add_ln162_135_fu_11993_p2  |         +|   0|  0|   22|          15|           8|
    |add_ln162_136_fu_12053_p2  |         +|   0|  0|   22|          15|           8|
    |add_ln162_137_fu_12063_p2  |         +|   0|  0|   22|          15|           8|
    |add_ln162_138_fu_12123_p2  |         +|   0|  0|   22|          15|           8|
    |add_ln162_139_fu_12133_p2  |         +|   0|  0|   22|          15|           8|
    |add_ln162_13_fu_7723_p2    |         +|   0|  0|   22|          15|           6|
    |add_ln162_140_fu_12193_p2  |         +|   0|  0|   22|          15|           8|
    |add_ln162_141_fu_12203_p2  |         +|   0|  0|   22|          15|           8|
    |add_ln162_142_fu_12263_p2  |         +|   0|  0|   22|          15|           8|
    |add_ln162_143_fu_12273_p2  |         +|   0|  0|   22|          15|           8|
    |add_ln162_144_fu_12333_p2  |         +|   0|  0|   22|          15|           8|
    |add_ln162_145_fu_12343_p2  |         +|   0|  0|   22|          15|           8|
    |add_ln162_146_fu_12403_p2  |         +|   0|  0|   22|          15|           8|
    |add_ln162_147_fu_12413_p2  |         +|   0|  0|   22|          15|           8|
    |add_ln162_148_fu_12473_p2  |         +|   0|  0|   22|          15|           8|
    |add_ln162_149_fu_12483_p2  |         +|   0|  0|   22|          15|           8|
    |add_ln162_14_fu_7783_p2    |         +|   0|  0|   22|          15|           6|
    |add_ln162_150_fu_12543_p2  |         +|   0|  0|   22|          15|           8|
    |add_ln162_151_fu_12553_p2  |         +|   0|  0|   22|          15|           8|
    |add_ln162_152_fu_12613_p2  |         +|   0|  0|   22|          15|           8|
    |add_ln162_153_fu_12623_p2  |         +|   0|  0|   22|          15|           8|
    |add_ln162_154_fu_12683_p2  |         +|   0|  0|   22|          15|           8|
    |add_ln162_155_fu_12693_p2  |         +|   0|  0|   22|          15|           8|
    |add_ln162_156_fu_12753_p2  |         +|   0|  0|   22|          15|           8|
    |add_ln162_157_fu_12763_p2  |         +|   0|  0|   22|          15|           8|
    |add_ln162_158_fu_12823_p2  |         +|   0|  0|   22|          15|           8|
    |add_ln162_159_fu_12833_p2  |         +|   0|  0|   22|          15|           8|
    |add_ln162_15_fu_7793_p2    |         +|   0|  0|   22|          15|           6|
    |add_ln162_160_fu_12893_p2  |         +|   0|  0|   22|          15|           8|
    |add_ln162_161_fu_12903_p2  |         +|   0|  0|   22|          15|           8|
    |add_ln162_162_fu_12963_p2  |         +|   0|  0|   22|          15|           8|
    |add_ln162_163_fu_12973_p2  |         +|   0|  0|   22|          15|           8|
    |add_ln162_164_fu_13033_p2  |         +|   0|  0|   22|          15|           8|
    |add_ln162_165_fu_13043_p2  |         +|   0|  0|   22|          15|           8|
    |add_ln162_166_fu_13103_p2  |         +|   0|  0|   22|          15|           8|
    |add_ln162_167_fu_13113_p2  |         +|   0|  0|   22|          15|           8|
    |add_ln162_168_fu_13173_p2  |         +|   0|  0|   22|          15|           8|
    |add_ln162_169_fu_13183_p2  |         +|   0|  0|   22|          15|           8|
    |add_ln162_16_fu_7853_p2    |         +|   0|  0|   22|          15|           6|
    |add_ln162_170_fu_13243_p2  |         +|   0|  0|   22|          15|           8|
    |add_ln162_171_fu_13253_p2  |         +|   0|  0|   22|          15|           8|
    |add_ln162_172_fu_13313_p2  |         +|   0|  0|   22|          15|           8|
    |add_ln162_173_fu_13323_p2  |         +|   0|  0|   22|          15|           8|
    |add_ln162_174_fu_13383_p2  |         +|   0|  0|   22|          15|           8|
    |add_ln162_175_fu_13393_p2  |         +|   0|  0|   22|          15|           8|
    |add_ln162_176_fu_13453_p2  |         +|   0|  0|   22|          15|           8|
    |add_ln162_177_fu_13463_p2  |         +|   0|  0|   22|          15|           8|
    |add_ln162_178_fu_13523_p2  |         +|   0|  0|   22|          15|           8|
    |add_ln162_179_fu_13533_p2  |         +|   0|  0|   22|          15|           8|
    |add_ln162_17_fu_7863_p2    |         +|   0|  0|   22|          15|           6|
    |add_ln162_180_fu_13593_p2  |         +|   0|  0|   22|          15|           8|
    |add_ln162_181_fu_13603_p2  |         +|   0|  0|   22|          15|           8|
    |add_ln162_182_fu_13663_p2  |         +|   0|  0|   22|          15|           8|
    |add_ln162_183_fu_13673_p2  |         +|   0|  0|   22|          15|           8|
    |add_ln162_184_fu_13733_p2  |         +|   0|  0|   22|          15|           8|
    |add_ln162_185_fu_13743_p2  |         +|   0|  0|   22|          15|           8|
    |add_ln162_186_fu_13803_p2  |         +|   0|  0|   22|          15|           8|
    |add_ln162_187_fu_13813_p2  |         +|   0|  0|   22|          15|           8|
    |add_ln162_188_fu_13873_p2  |         +|   0|  0|   22|          15|           8|
    |add_ln162_189_fu_13883_p2  |         +|   0|  0|   22|          15|           8|
    |add_ln162_18_fu_7923_p2    |         +|   0|  0|   22|          15|           6|
    |add_ln162_190_fu_13943_p2  |         +|   0|  0|   22|          15|           8|
    |add_ln162_191_fu_13953_p2  |         +|   0|  0|   22|          15|           8|
    |add_ln162_192_fu_14013_p2  |         +|   0|  0|   22|          15|           8|
    |add_ln162_193_fu_14023_p2  |         +|   0|  0|   22|          15|           8|
    |add_ln162_194_fu_14083_p2  |         +|   0|  0|   22|          15|           8|
    |add_ln162_195_fu_14093_p2  |         +|   0|  0|   22|          15|           8|
    |add_ln162_196_fu_14153_p2  |         +|   0|  0|   22|          15|           8|
    |add_ln162_197_fu_14163_p2  |         +|   0|  0|   22|          15|           8|
    |add_ln162_198_fu_14223_p2  |         +|   0|  0|   22|          15|           8|
    |add_ln162_199_fu_14233_p2  |         +|   0|  0|   22|          15|           8|
    |add_ln162_19_fu_7933_p2    |         +|   0|  0|   22|          15|           6|
    |add_ln162_1_fu_6147_p2     |         +|   0|  0|   14|           7|           1|
    |add_ln162_200_fu_14293_p2  |         +|   0|  0|   22|          15|           8|
    |add_ln162_201_fu_14303_p2  |         +|   0|  0|   22|          15|           8|
    |add_ln162_202_fu_14363_p2  |         +|   0|  0|   22|          15|           8|
    |add_ln162_203_fu_14373_p2  |         +|   0|  0|   22|          15|           8|
    |add_ln162_204_fu_14433_p2  |         +|   0|  0|   22|          15|           8|
    |add_ln162_205_fu_14443_p2  |         +|   0|  0|   22|          15|           8|
    |add_ln162_206_fu_14503_p2  |         +|   0|  0|   22|          15|           8|
    |add_ln162_207_fu_14513_p2  |         +|   0|  0|   22|          15|           8|
    |add_ln162_208_fu_14573_p2  |         +|   0|  0|   22|          15|           8|
    |add_ln162_209_fu_14583_p2  |         +|   0|  0|   22|          15|           8|
    |add_ln162_20_fu_7993_p2    |         +|   0|  0|   22|          15|           6|
    |add_ln162_210_fu_14643_p2  |         +|   0|  0|   22|          15|           8|
    |add_ln162_211_fu_14653_p2  |         +|   0|  0|   22|          15|           8|
    |add_ln162_212_fu_14713_p2  |         +|   0|  0|   22|          15|           8|
    |add_ln162_213_fu_14723_p2  |         +|   0|  0|   22|          15|           8|
    |add_ln162_214_fu_14783_p2  |         +|   0|  0|   22|          15|           8|
    |add_ln162_215_fu_14793_p2  |         +|   0|  0|   22|          15|           8|
    |add_ln162_216_fu_14853_p2  |         +|   0|  0|   22|          15|           8|
    |add_ln162_217_fu_14863_p2  |         +|   0|  0|   22|          15|           8|
    |add_ln162_218_fu_14923_p2  |         +|   0|  0|   22|          15|           8|
    |add_ln162_219_fu_14933_p2  |         +|   0|  0|   22|          15|           8|
    |add_ln162_21_fu_8003_p2    |         +|   0|  0|   22|          15|           6|
    |add_ln162_220_fu_14993_p2  |         +|   0|  0|   22|          15|           8|
    |add_ln162_221_fu_15003_p2  |         +|   0|  0|   22|          15|           8|
    |add_ln162_222_fu_15063_p2  |         +|   0|  0|   22|          15|           8|
    |add_ln162_223_fu_15073_p2  |         +|   0|  0|   22|          15|           8|
    |add_ln162_224_fu_15133_p2  |         +|   0|  0|   22|          15|           8|
    |add_ln162_225_fu_15143_p2  |         +|   0|  0|   22|          15|           8|
    |add_ln162_226_fu_15203_p2  |         +|   0|  0|   22|          15|           9|
    |add_ln162_227_fu_15213_p2  |         +|   0|  0|   22|          15|           9|
    |add_ln162_228_fu_15273_p2  |         +|   0|  0|   22|          15|           9|
    |add_ln162_229_fu_15283_p2  |         +|   0|  0|   22|          15|           9|
    |add_ln162_22_fu_8063_p2    |         +|   0|  0|   22|          15|           6|
    |add_ln162_230_fu_15343_p2  |         +|   0|  0|   22|          15|           9|
    |add_ln162_231_fu_15353_p2  |         +|   0|  0|   22|          15|           9|
    |add_ln162_232_fu_15413_p2  |         +|   0|  0|   22|          15|           9|
    |add_ln162_233_fu_15423_p2  |         +|   0|  0|   22|          15|           9|
    |add_ln162_234_fu_15483_p2  |         +|   0|  0|   22|          15|           9|
    |add_ln162_235_fu_15493_p2  |         +|   0|  0|   22|          15|           9|
    |add_ln162_236_fu_15553_p2  |         +|   0|  0|   22|          15|           9|
    |add_ln162_237_fu_15563_p2  |         +|   0|  0|   22|          15|           9|
    |add_ln162_238_fu_15623_p2  |         +|   0|  0|   22|          15|           9|
    |add_ln162_239_fu_15633_p2  |         +|   0|  0|   22|          15|           9|
    |add_ln162_23_fu_8073_p2    |         +|   0|  0|   22|          15|           6|
    |add_ln162_240_fu_15693_p2  |         +|   0|  0|   22|          15|           9|
    |add_ln162_241_fu_15703_p2  |         +|   0|  0|   22|          15|           9|
    |add_ln162_242_fu_15763_p2  |         +|   0|  0|   22|          15|           9|
    |add_ln162_243_fu_15773_p2  |         +|   0|  0|   22|          15|           9|
    |add_ln162_244_fu_15833_p2  |         +|   0|  0|   22|          15|           9|
    |add_ln162_245_fu_15843_p2  |         +|   0|  0|   22|          15|           9|
    |add_ln162_246_fu_15903_p2  |         +|   0|  0|   22|          15|           9|
    |add_ln162_247_fu_15913_p2  |         +|   0|  0|   22|          15|           9|
    |add_ln162_248_fu_15973_p2  |         +|   0|  0|   22|          15|           9|
    |add_ln162_249_fu_15983_p2  |         +|   0|  0|   22|          15|           9|
    |add_ln162_24_fu_8133_p2    |         +|   0|  0|   22|          15|           6|
    |add_ln162_250_fu_16043_p2  |         +|   0|  0|   22|          15|           9|
    |add_ln162_251_fu_16053_p2  |         +|   0|  0|   22|          15|           9|
    |add_ln162_252_fu_16113_p2  |         +|   0|  0|   22|          15|           9|
    |add_ln162_253_fu_16123_p2  |         +|   0|  0|   22|          15|           9|
    |add_ln162_254_fu_16183_p2  |         +|   0|  0|   22|          15|           9|
    |add_ln162_255_fu_16193_p2  |         +|   0|  0|   22|          15|           9|
    |add_ln162_256_fu_16253_p2  |         +|   0|  0|   22|          15|           9|
    |add_ln162_257_fu_16263_p2  |         +|   0|  0|   22|          15|           9|
    |add_ln162_25_fu_8143_p2    |         +|   0|  0|   22|          15|           6|
    |add_ln162_26_fu_8203_p2    |         +|   0|  0|   22|          15|           6|
    |add_ln162_27_fu_8213_p2    |         +|   0|  0|   22|          15|           6|
    |add_ln162_28_fu_8273_p2    |         +|   0|  0|   22|          15|           6|
    |add_ln162_29_fu_8283_p2    |         +|   0|  0|   22|          15|           6|
    |add_ln162_2_fu_7363_p2     |         +|   0|  0|   22|          15|           6|
    |add_ln162_30_fu_8343_p2    |         +|   0|  0|   22|          15|           6|
    |add_ln162_31_fu_8353_p2    |         +|   0|  0|   22|          15|           6|
    |add_ln162_32_fu_8413_p2    |         +|   0|  0|   22|          15|           6|
    |add_ln162_33_fu_8423_p2    |         +|   0|  0|   22|          15|           6|
    |add_ln162_34_fu_8483_p2    |         +|   0|  0|   22|          15|           7|
    |add_ln162_35_fu_8493_p2    |         +|   0|  0|   22|          15|           7|
    |add_ln162_36_fu_8553_p2    |         +|   0|  0|   22|          15|           7|
    |add_ln162_37_fu_8563_p2    |         +|   0|  0|   22|          15|           7|
    |add_ln162_38_fu_8623_p2    |         +|   0|  0|   22|          15|           7|
    |add_ln162_39_fu_8633_p2    |         +|   0|  0|   22|          15|           7|
    |add_ln162_3_fu_7373_p2     |         +|   0|  0|   22|          15|           6|
    |add_ln162_40_fu_8693_p2    |         +|   0|  0|   22|          15|           7|
    |add_ln162_41_fu_8703_p2    |         +|   0|  0|   22|          15|           7|
    |add_ln162_42_fu_8763_p2    |         +|   0|  0|   22|          15|           7|
    |add_ln162_43_fu_8773_p2    |         +|   0|  0|   22|          15|           7|
    |add_ln162_44_fu_8833_p2    |         +|   0|  0|   22|          15|           7|
    |add_ln162_45_fu_8843_p2    |         +|   0|  0|   22|          15|           7|
    |add_ln162_46_fu_8903_p2    |         +|   0|  0|   22|          15|           7|
    |add_ln162_47_fu_8913_p2    |         +|   0|  0|   22|          15|           7|
    |add_ln162_48_fu_8973_p2    |         +|   0|  0|   22|          15|           7|
    |add_ln162_49_fu_8983_p2    |         +|   0|  0|   22|          15|           7|
    |add_ln162_4_fu_7433_p2     |         +|   0|  0|   22|          15|           6|
    |add_ln162_50_fu_9043_p2    |         +|   0|  0|   22|          15|           7|
    |add_ln162_51_fu_9053_p2    |         +|   0|  0|   22|          15|           7|
    |add_ln162_52_fu_9113_p2    |         +|   0|  0|   22|          15|           7|
    |add_ln162_53_fu_9123_p2    |         +|   0|  0|   22|          15|           7|
    |add_ln162_54_fu_9183_p2    |         +|   0|  0|   22|          15|           7|
    |add_ln162_55_fu_9193_p2    |         +|   0|  0|   22|          15|           7|
    |add_ln162_56_fu_9253_p2    |         +|   0|  0|   22|          15|           7|
    |add_ln162_57_fu_9263_p2    |         +|   0|  0|   22|          15|           7|
    |add_ln162_58_fu_9323_p2    |         +|   0|  0|   22|          15|           7|
    |add_ln162_59_fu_9333_p2    |         +|   0|  0|   22|          15|           7|
    |add_ln162_5_fu_7443_p2     |         +|   0|  0|   22|          15|           6|
    |add_ln162_60_fu_9393_p2    |         +|   0|  0|   22|          15|           7|
    |add_ln162_61_fu_9403_p2    |         +|   0|  0|   22|          15|           7|
    |add_ln162_62_fu_9463_p2    |         +|   0|  0|   22|          15|           7|
    |add_ln162_63_fu_9473_p2    |         +|   0|  0|   22|          15|           7|
    |add_ln162_64_fu_9533_p2    |         +|   0|  0|   22|          15|           7|
    |add_ln162_65_fu_9543_p2    |         +|   0|  0|   22|          15|           7|
    |add_ln162_66_fu_9603_p2    |         +|   0|  0|   22|          15|           7|
    |add_ln162_67_fu_9613_p2    |         +|   0|  0|   22|          15|           7|
    |add_ln162_68_fu_9673_p2    |         +|   0|  0|   22|          15|           7|
    |add_ln162_69_fu_9683_p2    |         +|   0|  0|   22|          15|           7|
    |add_ln162_6_fu_7503_p2     |         +|   0|  0|   22|          15|           6|
    |add_ln162_70_fu_9743_p2    |         +|   0|  0|   22|          15|           7|
    |add_ln162_71_fu_9753_p2    |         +|   0|  0|   22|          15|           7|
    |add_ln162_72_fu_9813_p2    |         +|   0|  0|   22|          15|           7|
    |add_ln162_73_fu_9823_p2    |         +|   0|  0|   22|          15|           7|
    |add_ln162_74_fu_9883_p2    |         +|   0|  0|   22|          15|           7|
    |add_ln162_75_fu_9893_p2    |         +|   0|  0|   22|          15|           7|
    |add_ln162_76_fu_9953_p2    |         +|   0|  0|   22|          15|           7|
    |add_ln162_77_fu_9963_p2    |         +|   0|  0|   22|          15|           7|
    |add_ln162_78_fu_10023_p2   |         +|   0|  0|   22|          15|           7|
    |add_ln162_79_fu_10033_p2   |         +|   0|  0|   22|          15|           7|
    |add_ln162_7_fu_7513_p2     |         +|   0|  0|   22|          15|           6|
    |add_ln162_80_fu_10093_p2   |         +|   0|  0|   22|          15|           7|
    |add_ln162_81_fu_10103_p2   |         +|   0|  0|   22|          15|           7|
    |add_ln162_82_fu_10163_p2   |         +|   0|  0|   22|          15|           7|
    |add_ln162_83_fu_10173_p2   |         +|   0|  0|   22|          15|           7|
    |add_ln162_84_fu_10233_p2   |         +|   0|  0|   22|          15|           7|
    |add_ln162_85_fu_10243_p2   |         +|   0|  0|   22|          15|           7|
    |add_ln162_86_fu_10303_p2   |         +|   0|  0|   22|          15|           7|
    |add_ln162_87_fu_10313_p2   |         +|   0|  0|   22|          15|           7|
    |add_ln162_88_fu_10373_p2   |         +|   0|  0|   22|          15|           7|
    |add_ln162_89_fu_10383_p2   |         +|   0|  0|   22|          15|           7|
    |add_ln162_8_fu_7573_p2     |         +|   0|  0|   22|          15|           6|
    |add_ln162_90_fu_10443_p2   |         +|   0|  0|   22|          15|           7|
    |add_ln162_91_fu_10453_p2   |         +|   0|  0|   22|          15|           7|
    |add_ln162_92_fu_10513_p2   |         +|   0|  0|   22|          15|           7|
    |add_ln162_93_fu_10523_p2   |         +|   0|  0|   22|          15|           7|
    |add_ln162_94_fu_10583_p2   |         +|   0|  0|   22|          15|           7|
    |add_ln162_95_fu_10593_p2   |         +|   0|  0|   22|          15|           7|
    |add_ln162_96_fu_10653_p2   |         +|   0|  0|   22|          15|           7|
    |add_ln162_97_fu_10663_p2   |         +|   0|  0|   22|          15|           7|
    |add_ln162_98_fu_10723_p2   |         +|   0|  0|   22|          15|           8|
    |add_ln162_99_fu_10733_p2   |         +|   0|  0|   22|          15|           8|
    |add_ln162_9_fu_7583_p2     |         +|   0|  0|   22|          15|           6|
    |add_ln162_fu_6124_p2       |         +|   0|  0|   21|          14|           1|
    |add_ln163_fu_6244_p2       |         +|   0|  0|   15|           8|           1|
    |add_ln165_fu_6223_p2       |         +|   0|  0|   27|          20|          20|
    |add_ln170_100_fu_9793_p2   |         +|   0|  0|   27|          20|          19|
    |add_ln170_101_fu_9843_p2   |         +|   0|  0|   27|          20|          19|
    |add_ln170_102_fu_9863_p2   |         +|   0|  0|   27|          20|          19|
    |add_ln170_103_fu_9913_p2   |         +|   0|  0|   27|          20|          19|
    |add_ln170_104_fu_9933_p2   |         +|   0|  0|   27|          20|          19|
    |add_ln170_105_fu_9983_p2   |         +|   0|  0|   27|          20|          19|
    |add_ln170_106_fu_10003_p2  |         +|   0|  0|   27|          20|          19|
    |add_ln170_107_fu_10053_p2  |         +|   0|  0|   27|          20|          19|
    |add_ln170_108_fu_10073_p2  |         +|   0|  0|   27|          20|          19|
    |add_ln170_109_fu_10123_p2  |         +|   0|  0|   27|          20|          19|
    |add_ln170_10_fu_6638_p2    |         +|   0|  0|   27|          20|          19|
    |add_ln170_110_fu_10143_p2  |         +|   0|  0|   27|          20|          19|
    |add_ln170_111_fu_10193_p2  |         +|   0|  0|   27|          20|          19|
    |add_ln170_112_fu_10213_p2  |         +|   0|  0|   27|          20|          19|
    |add_ln170_113_fu_10263_p2  |         +|   0|  0|   27|          20|          19|
    |add_ln170_114_fu_10283_p2  |         +|   0|  0|   27|          20|          19|
    |add_ln170_115_fu_10333_p2  |         +|   0|  0|   27|          20|          19|
    |add_ln170_116_fu_10353_p2  |         +|   0|  0|   27|          20|          19|
    |add_ln170_117_fu_10403_p2  |         +|   0|  0|   27|          20|          19|
    |add_ln170_118_fu_10423_p2  |         +|   0|  0|   27|          20|          19|
    |add_ln170_119_fu_10473_p2  |         +|   0|  0|   27|          20|          19|
    |add_ln170_11_fu_6688_p2    |         +|   0|  0|   27|          20|          19|
    |add_ln170_120_fu_10493_p2  |         +|   0|  0|   27|          20|          19|
    |add_ln170_121_fu_10543_p2  |         +|   0|  0|   27|          20|          19|
    |add_ln170_122_fu_10563_p2  |         +|   0|  0|   27|          20|          19|
    |add_ln170_123_fu_10613_p2  |         +|   0|  0|   27|          20|          19|
    |add_ln170_124_fu_10633_p2  |         +|   0|  0|   27|          20|          19|
    |add_ln170_125_fu_10683_p2  |         +|   0|  0|   27|          20|          19|
    |add_ln170_126_fu_10703_p2  |         +|   0|  0|   27|          20|          19|
    |add_ln170_127_fu_10753_p2  |         +|   0|  0|   27|          20|          19|
    |add_ln170_128_fu_10773_p2  |         +|   0|  0|   27|          20|          19|
    |add_ln170_129_fu_10823_p2  |         +|   0|  0|   27|          20|          19|
    |add_ln170_12_fu_6708_p2    |         +|   0|  0|   27|          20|          19|
    |add_ln170_130_fu_10843_p2  |         +|   0|  0|   27|          20|          19|
    |add_ln170_131_fu_10893_p2  |         +|   0|  0|   27|          20|          19|
    |add_ln170_132_fu_10913_p2  |         +|   0|  0|   27|          20|          19|
    |add_ln170_133_fu_10963_p2  |         +|   0|  0|   27|          20|          19|
    |add_ln170_134_fu_10983_p2  |         +|   0|  0|   27|          20|          19|
    |add_ln170_135_fu_11033_p2  |         +|   0|  0|   27|          20|          19|
    |add_ln170_136_fu_11053_p2  |         +|   0|  0|   27|          20|          19|
    |add_ln170_137_fu_11103_p2  |         +|   0|  0|   27|          20|          19|
    |add_ln170_138_fu_11123_p2  |         +|   0|  0|   27|          20|          19|
    |add_ln170_139_fu_11173_p2  |         +|   0|  0|   27|          20|          19|
    |add_ln170_13_fu_6758_p2    |         +|   0|  0|   27|          20|          19|
    |add_ln170_140_fu_11193_p2  |         +|   0|  0|   27|          20|          19|
    |add_ln170_141_fu_11243_p2  |         +|   0|  0|   27|          20|          19|
    |add_ln170_142_fu_11263_p2  |         +|   0|  0|   27|          20|          19|
    |add_ln170_143_fu_11313_p2  |         +|   0|  0|   27|          20|          19|
    |add_ln170_144_fu_11333_p2  |         +|   0|  0|   27|          20|          19|
    |add_ln170_145_fu_11383_p2  |         +|   0|  0|   27|          20|          19|
    |add_ln170_146_fu_11403_p2  |         +|   0|  0|   27|          20|          19|
    |add_ln170_147_fu_11453_p2  |         +|   0|  0|   27|          20|          19|
    |add_ln170_148_fu_11473_p2  |         +|   0|  0|   27|          20|          19|
    |add_ln170_149_fu_11523_p2  |         +|   0|  0|   27|          20|          19|
    |add_ln170_14_fu_6778_p2    |         +|   0|  0|   27|          20|          19|
    |add_ln170_150_fu_11543_p2  |         +|   0|  0|   27|          20|          19|
    |add_ln170_151_fu_11593_p2  |         +|   0|  0|   27|          20|          19|
    |add_ln170_152_fu_11613_p2  |         +|   0|  0|   27|          20|          19|
    |add_ln170_153_fu_11663_p2  |         +|   0|  0|   27|          20|          19|
    |add_ln170_154_fu_11683_p2  |         +|   0|  0|   27|          20|          19|
    |add_ln170_155_fu_11733_p2  |         +|   0|  0|   27|          20|          19|
    |add_ln170_156_fu_11753_p2  |         +|   0|  0|   27|          20|          19|
    |add_ln170_157_fu_11803_p2  |         +|   0|  0|   27|          20|          19|
    |add_ln170_158_fu_11823_p2  |         +|   0|  0|   27|          20|          19|
    |add_ln170_159_fu_11873_p2  |         +|   0|  0|   27|          20|          19|
    |add_ln170_15_fu_6833_p2    |         +|   0|  0|   27|          20|          19|
    |add_ln170_160_fu_11893_p2  |         +|   0|  0|   27|          20|          19|
    |add_ln170_161_fu_11943_p2  |         +|   0|  0|   27|          20|          19|
    |add_ln170_162_fu_11963_p2  |         +|   0|  0|   27|          20|          19|
    |add_ln170_163_fu_12013_p2  |         +|   0|  0|   27|          20|          19|
    |add_ln170_164_fu_12033_p2  |         +|   0|  0|   27|          20|          19|
    |add_ln170_165_fu_12083_p2  |         +|   0|  0|   27|          20|          19|
    |add_ln170_166_fu_12103_p2  |         +|   0|  0|   27|          20|          19|
    |add_ln170_167_fu_12153_p2  |         +|   0|  0|   27|          20|          19|
    |add_ln170_168_fu_12173_p2  |         +|   0|  0|   27|          20|          19|
    |add_ln170_169_fu_12223_p2  |         +|   0|  0|   27|          20|          19|
    |add_ln170_16_fu_6853_p2    |         +|   0|  0|   27|          20|          19|
    |add_ln170_170_fu_12243_p2  |         +|   0|  0|   27|          20|          19|
    |add_ln170_171_fu_12293_p2  |         +|   0|  0|   27|          20|          19|
    |add_ln170_172_fu_12313_p2  |         +|   0|  0|   27|          20|          19|
    |add_ln170_173_fu_12363_p2  |         +|   0|  0|   27|          20|          19|
    |add_ln170_174_fu_12383_p2  |         +|   0|  0|   27|          20|          19|
    |add_ln170_175_fu_12433_p2  |         +|   0|  0|   27|          20|          19|
    |add_ln170_176_fu_12453_p2  |         +|   0|  0|   27|          20|          19|
    |add_ln170_177_fu_12503_p2  |         +|   0|  0|   27|          20|          19|
    |add_ln170_178_fu_12523_p2  |         +|   0|  0|   27|          20|          19|
    |add_ln170_179_fu_12573_p2  |         +|   0|  0|   27|          20|          19|
    |add_ln170_17_fu_6903_p2    |         +|   0|  0|   27|          20|          19|
    |add_ln170_180_fu_12593_p2  |         +|   0|  0|   27|          20|          19|
    |add_ln170_181_fu_12643_p2  |         +|   0|  0|   27|          20|          19|
    |add_ln170_182_fu_12663_p2  |         +|   0|  0|   27|          20|          19|
    |add_ln170_183_fu_12713_p2  |         +|   0|  0|   27|          20|          19|
    |add_ln170_184_fu_12733_p2  |         +|   0|  0|   27|          20|          19|
    |add_ln170_185_fu_12783_p2  |         +|   0|  0|   27|          20|          19|
    |add_ln170_186_fu_12803_p2  |         +|   0|  0|   27|          20|          19|
    |add_ln170_187_fu_12853_p2  |         +|   0|  0|   27|          20|          19|
    |add_ln170_188_fu_12873_p2  |         +|   0|  0|   27|          20|          19|
    |add_ln170_189_fu_12923_p2  |         +|   0|  0|   27|          20|          19|
    |add_ln170_18_fu_6923_p2    |         +|   0|  0|   27|          20|          19|
    |add_ln170_190_fu_12943_p2  |         +|   0|  0|   27|          20|          19|
    |add_ln170_191_fu_12993_p2  |         +|   0|  0|   27|          20|          19|
    |add_ln170_192_fu_13013_p2  |         +|   0|  0|   27|          20|          19|
    |add_ln170_193_fu_13063_p2  |         +|   0|  0|   27|          20|          19|
    |add_ln170_194_fu_13083_p2  |         +|   0|  0|   27|          20|          19|
    |add_ln170_195_fu_13133_p2  |         +|   0|  0|   27|          20|          19|
    |add_ln170_196_fu_13153_p2  |         +|   0|  0|   27|          20|          19|
    |add_ln170_197_fu_13203_p2  |         +|   0|  0|   27|          20|          19|
    |add_ln170_198_fu_13223_p2  |         +|   0|  0|   27|          20|          19|
    |add_ln170_199_fu_13273_p2  |         +|   0|  0|   27|          20|          19|
    |add_ln170_19_fu_6973_p2    |         +|   0|  0|   27|          20|          19|
    |add_ln170_1_fu_6330_p2     |         +|   0|  0|   27|          20|          19|
    |add_ln170_200_fu_13293_p2  |         +|   0|  0|   27|          20|          19|
    |add_ln170_201_fu_13343_p2  |         +|   0|  0|   27|          20|          19|
    |add_ln170_202_fu_13363_p2  |         +|   0|  0|   27|          20|          19|
    |add_ln170_203_fu_13413_p2  |         +|   0|  0|   27|          20|          19|
    |add_ln170_204_fu_13433_p2  |         +|   0|  0|   27|          20|          19|
    |add_ln170_205_fu_13483_p2  |         +|   0|  0|   27|          20|          19|
    |add_ln170_206_fu_13503_p2  |         +|   0|  0|   27|          20|          19|
    |add_ln170_207_fu_13553_p2  |         +|   0|  0|   27|          20|          19|
    |add_ln170_208_fu_13573_p2  |         +|   0|  0|   27|          20|          19|
    |add_ln170_209_fu_13623_p2  |         +|   0|  0|   27|          20|          19|
    |add_ln170_20_fu_6993_p2    |         +|   0|  0|   27|          20|          19|
    |add_ln170_210_fu_13643_p2  |         +|   0|  0|   27|          20|          19|
    |add_ln170_211_fu_13693_p2  |         +|   0|  0|   27|          20|          19|
    |add_ln170_212_fu_13713_p2  |         +|   0|  0|   27|          20|          19|
    |add_ln170_213_fu_13763_p2  |         +|   0|  0|   27|          20|          19|
    |add_ln170_214_fu_13783_p2  |         +|   0|  0|   27|          20|          19|
    |add_ln170_215_fu_13833_p2  |         +|   0|  0|   27|          20|          19|
    |add_ln170_216_fu_13853_p2  |         +|   0|  0|   27|          20|          19|
    |add_ln170_217_fu_13903_p2  |         +|   0|  0|   27|          20|          19|
    |add_ln170_218_fu_13923_p2  |         +|   0|  0|   27|          20|          19|
    |add_ln170_219_fu_13973_p2  |         +|   0|  0|   27|          20|          19|
    |add_ln170_21_fu_7043_p2    |         +|   0|  0|   27|          20|          19|
    |add_ln170_220_fu_13993_p2  |         +|   0|  0|   27|          20|          19|
    |add_ln170_221_fu_14043_p2  |         +|   0|  0|   27|          20|          19|
    |add_ln170_222_fu_14063_p2  |         +|   0|  0|   27|          20|          19|
    |add_ln170_223_fu_14113_p2  |         +|   0|  0|   27|          20|          19|
    |add_ln170_224_fu_14133_p2  |         +|   0|  0|   27|          20|          19|
    |add_ln170_225_fu_14183_p2  |         +|   0|  0|   27|          20|          19|
    |add_ln170_226_fu_14203_p2  |         +|   0|  0|   27|          20|          19|
    |add_ln170_227_fu_14253_p2  |         +|   0|  0|   27|          20|          19|
    |add_ln170_228_fu_14273_p2  |         +|   0|  0|   27|          20|          19|
    |add_ln170_229_fu_14323_p2  |         +|   0|  0|   27|          20|          19|
    |add_ln170_22_fu_7063_p2    |         +|   0|  0|   27|          20|          19|
    |add_ln170_230_fu_14343_p2  |         +|   0|  0|   27|          20|          19|
    |add_ln170_231_fu_14393_p2  |         +|   0|  0|   27|          20|          19|
    |add_ln170_232_fu_14413_p2  |         +|   0|  0|   27|          20|          19|
    |add_ln170_233_fu_14463_p2  |         +|   0|  0|   27|          20|          19|
    |add_ln170_234_fu_14483_p2  |         +|   0|  0|   27|          20|          19|
    |add_ln170_235_fu_14533_p2  |         +|   0|  0|   27|          20|          19|
    |add_ln170_236_fu_14553_p2  |         +|   0|  0|   27|          20|          19|
    |add_ln170_237_fu_14603_p2  |         +|   0|  0|   27|          20|          19|
    |add_ln170_238_fu_14623_p2  |         +|   0|  0|   27|          20|          19|
    |add_ln170_239_fu_14673_p2  |         +|   0|  0|   27|          20|          19|
    |add_ln170_23_fu_7113_p2    |         +|   0|  0|   27|          20|          19|
    |add_ln170_240_fu_14693_p2  |         +|   0|  0|   27|          20|          19|
    |add_ln170_241_fu_14743_p2  |         +|   0|  0|   27|          20|          19|
    |add_ln170_242_fu_14763_p2  |         +|   0|  0|   27|          20|          19|
    |add_ln170_243_fu_14813_p2  |         +|   0|  0|   27|          20|          19|
    |add_ln170_244_fu_14833_p2  |         +|   0|  0|   27|          20|          19|
    |add_ln170_245_fu_14883_p2  |         +|   0|  0|   27|          20|          19|
    |add_ln170_246_fu_14903_p2  |         +|   0|  0|   27|          20|          19|
    |add_ln170_247_fu_14953_p2  |         +|   0|  0|   27|          20|          19|
    |add_ln170_248_fu_14973_p2  |         +|   0|  0|   27|          20|          19|
    |add_ln170_249_fu_15023_p2  |         +|   0|  0|   27|          20|          19|
    |add_ln170_24_fu_7133_p2    |         +|   0|  0|   27|          20|          19|
    |add_ln170_250_fu_15043_p2  |         +|   0|  0|   27|          20|          19|
    |add_ln170_251_fu_15093_p2  |         +|   0|  0|   27|          20|          19|
    |add_ln170_252_fu_15113_p2  |         +|   0|  0|   27|          20|          19|
    |add_ln170_253_fu_15163_p2  |         +|   0|  0|   27|          20|          19|
    |add_ln170_254_fu_15183_p2  |         +|   0|  0|   27|          20|          19|
    |add_ln170_255_fu_15233_p2  |         +|   0|  0|   27|          20|          19|
    |add_ln170_256_fu_15253_p2  |         +|   0|  0|   27|          20|          19|
    |add_ln170_257_fu_15303_p2  |         +|   0|  0|   27|          20|          19|
    |add_ln170_258_fu_15323_p2  |         +|   0|  0|   27|          20|          19|
    |add_ln170_259_fu_15373_p2  |         +|   0|  0|   27|          20|          19|
    |add_ln170_25_fu_7183_p2    |         +|   0|  0|   27|          20|          19|
    |add_ln170_260_fu_15393_p2  |         +|   0|  0|   27|          20|          19|
    |add_ln170_261_fu_15443_p2  |         +|   0|  0|   27|          20|          19|
    |add_ln170_262_fu_15463_p2  |         +|   0|  0|   27|          20|          19|
    |add_ln170_263_fu_15513_p2  |         +|   0|  0|   27|          20|          19|
    |add_ln170_264_fu_15533_p2  |         +|   0|  0|   27|          20|          19|
    |add_ln170_265_fu_15583_p2  |         +|   0|  0|   27|          20|          19|
    |add_ln170_266_fu_15603_p2  |         +|   0|  0|   27|          20|          19|
    |add_ln170_267_fu_15653_p2  |         +|   0|  0|   27|          20|          19|
    |add_ln170_268_fu_15673_p2  |         +|   0|  0|   27|          20|          19|
    |add_ln170_269_fu_15723_p2  |         +|   0|  0|   27|          20|          19|
    |add_ln170_26_fu_7203_p2    |         +|   0|  0|   27|          20|          19|
    |add_ln170_270_fu_15743_p2  |         +|   0|  0|   27|          20|          19|
    |add_ln170_271_fu_15793_p2  |         +|   0|  0|   27|          20|          19|
    |add_ln170_272_fu_15813_p2  |         +|   0|  0|   27|          20|          19|
    |add_ln170_273_fu_15863_p2  |         +|   0|  0|   27|          20|          19|
    |add_ln170_274_fu_15883_p2  |         +|   0|  0|   27|          20|          19|
    |add_ln170_275_fu_15933_p2  |         +|   0|  0|   27|          20|          19|
    |add_ln170_276_fu_15953_p2  |         +|   0|  0|   27|          20|          19|
    |add_ln170_277_fu_16003_p2  |         +|   0|  0|   27|          20|          19|
    |add_ln170_278_fu_16023_p2  |         +|   0|  0|   27|          20|          19|
    |add_ln170_279_fu_16073_p2  |         +|   0|  0|   27|          20|          19|
    |add_ln170_27_fu_7253_p2    |         +|   0|  0|   27|          20|          19|
    |add_ln170_280_fu_16093_p2  |         +|   0|  0|   27|          20|          19|
    |add_ln170_281_fu_16143_p2  |         +|   0|  0|   27|          20|          19|
    |add_ln170_282_fu_16163_p2  |         +|   0|  0|   27|          20|          19|
    |add_ln170_283_fu_16213_p2  |         +|   0|  0|   27|          20|          19|
    |add_ln170_284_fu_16233_p2  |         +|   0|  0|   27|          20|          19|
    |add_ln170_285_fu_16283_p2  |         +|   0|  0|   27|          20|          19|
    |add_ln170_286_fu_16303_p2  |         +|   0|  0|   27|          20|          19|
    |add_ln170_287_fu_16333_p2  |         +|   0|  0|   27|          20|          19|
    |add_ln170_288_fu_16353_p2  |         +|   0|  0|   27|          20|          19|
    |add_ln170_28_fu_7273_p2    |         +|   0|  0|   27|          20|          19|
    |add_ln170_29_fu_7323_p2    |         +|   0|  0|   27|          20|          19|
    |add_ln170_2_fu_6351_p2     |         +|   0|  0|   27|          20|          19|
    |add_ln170_30_fu_7343_p2    |         +|   0|  0|   27|          20|          19|
    |add_ln170_31_fu_7393_p2    |         +|   0|  0|   27|          20|          19|
    |add_ln170_32_fu_7413_p2    |         +|   0|  0|   27|          20|          19|
    |add_ln170_33_fu_7463_p2    |         +|   0|  0|   27|          20|          19|
    |add_ln170_34_fu_7483_p2    |         +|   0|  0|   27|          20|          19|
    |add_ln170_35_fu_7533_p2    |         +|   0|  0|   27|          20|          19|
    |add_ln170_36_fu_7553_p2    |         +|   0|  0|   27|          20|          19|
    |add_ln170_37_fu_7603_p2    |         +|   0|  0|   27|          20|          19|
    |add_ln170_38_fu_7623_p2    |         +|   0|  0|   27|          20|          19|
    |add_ln170_39_fu_7673_p2    |         +|   0|  0|   27|          20|          19|
    |add_ln170_3_fu_6408_p2     |         +|   0|  0|   27|          20|          19|
    |add_ln170_40_fu_7693_p2    |         +|   0|  0|   27|          20|          19|
    |add_ln170_41_fu_7743_p2    |         +|   0|  0|   27|          20|          19|
    |add_ln170_42_fu_7763_p2    |         +|   0|  0|   27|          20|          19|
    |add_ln170_43_fu_7813_p2    |         +|   0|  0|   27|          20|          19|
    |add_ln170_44_fu_7833_p2    |         +|   0|  0|   27|          20|          19|
    |add_ln170_45_fu_7883_p2    |         +|   0|  0|   27|          20|          19|
    |add_ln170_46_fu_7903_p2    |         +|   0|  0|   27|          20|          19|
    |add_ln170_47_fu_7953_p2    |         +|   0|  0|   27|          20|          19|
    |add_ln170_48_fu_7973_p2    |         +|   0|  0|   27|          20|          19|
    |add_ln170_49_fu_8023_p2    |         +|   0|  0|   27|          20|          19|
    |add_ln170_4_fu_6428_p2     |         +|   0|  0|   27|          20|          19|
    |add_ln170_50_fu_8043_p2    |         +|   0|  0|   27|          20|          19|
    |add_ln170_51_fu_8093_p2    |         +|   0|  0|   27|          20|          19|
    |add_ln170_52_fu_8113_p2    |         +|   0|  0|   27|          20|          19|
    |add_ln170_53_fu_8163_p2    |         +|   0|  0|   27|          20|          19|
    |add_ln170_54_fu_8183_p2    |         +|   0|  0|   27|          20|          19|
    |add_ln170_55_fu_8233_p2    |         +|   0|  0|   27|          20|          19|
    |add_ln170_56_fu_8253_p2    |         +|   0|  0|   27|          20|          19|
    |add_ln170_57_fu_8303_p2    |         +|   0|  0|   27|          20|          19|
    |add_ln170_58_fu_8323_p2    |         +|   0|  0|   27|          20|          19|
    |add_ln170_59_fu_8373_p2    |         +|   0|  0|   27|          20|          19|
    |add_ln170_5_fu_6478_p2     |         +|   0|  0|   27|          20|          19|
    |add_ln170_60_fu_8393_p2    |         +|   0|  0|   27|          20|          19|
    |add_ln170_61_fu_8443_p2    |         +|   0|  0|   27|          20|          19|
    |add_ln170_62_fu_8463_p2    |         +|   0|  0|   27|          20|          19|
    |add_ln170_63_fu_8513_p2    |         +|   0|  0|   27|          20|          19|
    |add_ln170_64_fu_8533_p2    |         +|   0|  0|   27|          20|          19|
    |add_ln170_65_fu_8583_p2    |         +|   0|  0|   27|          20|          19|
    |add_ln170_66_fu_8603_p2    |         +|   0|  0|   27|          20|          19|
    |add_ln170_67_fu_8653_p2    |         +|   0|  0|   27|          20|          19|
    |add_ln170_68_fu_8673_p2    |         +|   0|  0|   27|          20|          19|
    |add_ln170_69_fu_8723_p2    |         +|   0|  0|   27|          20|          19|
    |add_ln170_6_fu_6498_p2     |         +|   0|  0|   27|          20|          19|
    |add_ln170_70_fu_8743_p2    |         +|   0|  0|   27|          20|          19|
    |add_ln170_71_fu_8793_p2    |         +|   0|  0|   27|          20|          19|
    |add_ln170_72_fu_8813_p2    |         +|   0|  0|   27|          20|          19|
    |add_ln170_73_fu_8863_p2    |         +|   0|  0|   27|          20|          19|
    |add_ln170_74_fu_8883_p2    |         +|   0|  0|   27|          20|          19|
    |add_ln170_75_fu_8933_p2    |         +|   0|  0|   27|          20|          19|
    |add_ln170_76_fu_8953_p2    |         +|   0|  0|   27|          20|          19|
    |add_ln170_77_fu_9003_p2    |         +|   0|  0|   27|          20|          19|
    |add_ln170_78_fu_9023_p2    |         +|   0|  0|   27|          20|          19|
    |add_ln170_79_fu_9073_p2    |         +|   0|  0|   27|          20|          19|
    |add_ln170_7_fu_6548_p2     |         +|   0|  0|   27|          20|          19|
    |add_ln170_80_fu_9093_p2    |         +|   0|  0|   27|          20|          19|
    |add_ln170_81_fu_9143_p2    |         +|   0|  0|   27|          20|          19|
    |add_ln170_82_fu_9163_p2    |         +|   0|  0|   27|          20|          19|
    |add_ln170_83_fu_9213_p2    |         +|   0|  0|   27|          20|          19|
    |add_ln170_84_fu_9233_p2    |         +|   0|  0|   27|          20|          19|
    |add_ln170_85_fu_9283_p2    |         +|   0|  0|   27|          20|          19|
    |add_ln170_86_fu_9303_p2    |         +|   0|  0|   27|          20|          19|
    |add_ln170_87_fu_9353_p2    |         +|   0|  0|   27|          20|          19|
    |add_ln170_88_fu_9373_p2    |         +|   0|  0|   27|          20|          19|
    |add_ln170_89_fu_9423_p2    |         +|   0|  0|   27|          20|          19|
    |add_ln170_8_fu_6568_p2     |         +|   0|  0|   27|          20|          19|
    |add_ln170_90_fu_9443_p2    |         +|   0|  0|   27|          20|          19|
    |add_ln170_91_fu_9493_p2    |         +|   0|  0|   27|          20|          19|
    |add_ln170_92_fu_9513_p2    |         +|   0|  0|   27|          20|          19|
    |add_ln170_93_fu_9563_p2    |         +|   0|  0|   27|          20|          19|
    |add_ln170_94_fu_9583_p2    |         +|   0|  0|   27|          20|          19|
    |add_ln170_95_fu_9633_p2    |         +|   0|  0|   27|          20|          19|
    |add_ln170_96_fu_9653_p2    |         +|   0|  0|   27|          20|          19|
    |add_ln170_97_fu_9703_p2    |         +|   0|  0|   27|          20|          19|
    |add_ln170_98_fu_9723_p2    |         +|   0|  0|   27|          20|          19|
    |add_ln170_99_fu_9773_p2    |         +|   0|  0|   27|          20|          19|
    |add_ln170_9_fu_6618_p2     |         +|   0|  0|   27|          20|          19|
    |add_ln170_fu_6320_p2       |         +|   0|  0|   25|          18|          18|
    |add_ln172_1_fu_6382_p2     |         +|   0|  0|   21|          14|          14|
    |add_ln172_fu_6372_p2       |         +|   0|  0|   18|          11|          11|
    |empty_fu_6112_p2           |         +|   0|  0|   22|          15|          15|
    |p_mid11900_fu_6173_p2      |         +|   0|  0|   22|          15|          15|
    |icmp_ln162_fu_6118_p2      |      icmp|   0|  0|   12|          14|          12|
    |icmp_ln163_fu_6133_p2      |      icmp|   0|  0|   11|           8|           8|
    |or_ln162_10_fu_6598_p2     |        or|   0|  0|   15|          15|           4|
    |or_ln162_11_fu_6658_p2     |        or|   0|  0|   15|          15|           4|
    |or_ln162_12_fu_6668_p2     |        or|   0|  0|   15|          15|           4|
    |or_ln162_13_fu_6728_p2     |        or|   0|  0|   15|          15|           4|
    |or_ln162_14_fu_6738_p2     |        or|   0|  0|   15|          15|           4|
    |or_ln162_15_fu_6798_p2     |        or|   0|  0|   15|          15|           5|
    |or_ln162_16_fu_6808_p2     |        or|   0|  0|   15|          15|           5|
    |or_ln162_17_fu_6873_p2     |        or|   0|  0|   15|          15|           5|
    |or_ln162_18_fu_6883_p2     |        or|   0|  0|   15|          15|           5|
    |or_ln162_19_fu_6943_p2     |        or|   0|  0|   15|          15|           5|
    |or_ln162_1_fu_6279_p2      |        or|   0|  0|   15|          15|           2|
    |or_ln162_20_fu_6953_p2     |        or|   0|  0|   15|          15|           5|
    |or_ln162_21_fu_7013_p2     |        or|   0|  0|   15|          15|           5|
    |or_ln162_22_fu_7023_p2     |        or|   0|  0|   15|          15|           5|
    |or_ln162_23_fu_7083_p2     |        or|   0|  0|   15|          15|           5|
    |or_ln162_24_fu_7093_p2     |        or|   0|  0|   15|          15|           5|
    |or_ln162_25_fu_7153_p2     |        or|   0|  0|   15|          15|           5|
    |or_ln162_26_fu_7163_p2     |        or|   0|  0|   15|          15|           5|
    |or_ln162_27_fu_7223_p2     |        or|   0|  0|   15|          15|           5|
    |or_ln162_28_fu_7233_p2     |        or|   0|  0|   15|          15|           5|
    |or_ln162_29_fu_7293_p2     |        or|   0|  0|   15|          15|           5|
    |or_ln162_2_fu_6289_p2      |        or|   0|  0|   15|          15|           2|
    |or_ln162_30_fu_7303_p2     |        or|   0|  0|   15|          15|           5|
    |or_ln162_3_fu_6388_p2      |        or|   0|  0|   15|          15|           3|
    |or_ln162_4_fu_6398_p2      |        or|   0|  0|   15|          15|           3|
    |or_ln162_5_fu_6448_p2      |        or|   0|  0|   15|          15|           3|
    |or_ln162_6_fu_6458_p2      |        or|   0|  0|   15|          15|           3|
    |or_ln162_7_fu_6518_p2      |        or|   0|  0|   15|          15|           4|
    |or_ln162_8_fu_6528_p2      |        or|   0|  0|   15|          15|           4|
    |or_ln162_9_fu_6588_p2      |        or|   0|  0|   15|          15|           4|
    |or_ln162_fu_6200_p2        |        or|   0|  0|   15|          15|           1|
    |select_ln162_1_fu_6179_p3  |    select|   0|  0|    7|           1|           7|
    |select_ln162_2_fu_6187_p3  |    select|   0|  0|   15|           1|          15|
    |select_ln162_fu_6139_p3    |    select|   0|  0|    8|           1|           1|
    |ap_enable_pp0              |       xor|   0|  0|    2|           1|           2|
    +---------------------------+----------+----+---+-----+------------+------------+
    |Total                      |          |   0|  0|14113|       10213|        7694|
    +---------------------------+----------+----+---+-----+------------+------------+

    * Multiplexer: 
    +------------------------------------------+-----+-----------+-----+-----------+
    |                   Name                   | LUT | Input Size| Bits| Total Bits|
    +------------------------------------------+-----+-----------+-----+-----------+
    |ap_NS_fsm                                 |  769|        146|    1|        146|
    |ap_done_int                               |    9|          2|    1|          2|
    |ap_enable_reg_pp0_iter0                   |    9|          2|    1|          2|
    |ap_enable_reg_pp0_iter1                   |    9|          2|    1|          2|
    |ap_enable_reg_pp0_iter15                  |    9|          2|    1|          2|
    |ap_loop_exit_ready_pp0_iter10_reg         |    9|          2|    1|          2|
    |ap_loop_exit_ready_pp0_iter11_reg         |    9|          2|    1|          2|
    |ap_loop_exit_ready_pp0_iter12_reg         |    9|          2|    1|          2|
    |ap_loop_exit_ready_pp0_iter13_reg         |    9|          2|    1|          2|
    |ap_loop_exit_ready_pp0_iter14_reg         |    9|          2|    1|          2|
    |ap_loop_exit_ready_pp0_iter1_reg          |    9|          2|    1|          2|
    |ap_loop_exit_ready_pp0_iter2_reg          |    9|          2|    1|          2|
    |ap_loop_exit_ready_pp0_iter3_reg          |    9|          2|    1|          2|
    |ap_loop_exit_ready_pp0_iter4_reg          |    9|          2|    1|          2|
    |ap_loop_exit_ready_pp0_iter5_reg          |    9|          2|    1|          2|
    |ap_loop_exit_ready_pp0_iter6_reg          |    9|          2|    1|          2|
    |ap_loop_exit_ready_pp0_iter7_reg          |    9|          2|    1|          2|
    |ap_loop_exit_ready_pp0_iter8_reg          |    9|          2|    1|          2|
    |ap_loop_exit_ready_pp0_iter9_reg          |    9|          2|    1|          2|
    |ap_sig_allocacmp_indvar_flatten2476_load  |    9|          2|   14|         28|
    |ap_sig_allocacmp_od_load                  |    9|          2|    8|         16|
    |ap_sig_allocacmp_s_25                     |    9|          2|    7|         14|
    |grp_fu_5895_p0                            |   54|         10|   32|        320|
    |grp_fu_5895_p1                            |  764|        145|   32|       4640|
    |grp_fu_5899_p0                            |   54|         10|   32|        320|
    |grp_fu_5899_p1                            |  759|        144|   32|       4608|
    |grp_fu_5903_p0                            |   37|          7|   32|        224|
    |grp_fu_5903_p1                            |  764|        145|   32|       4640|
    |grp_fu_5907_p0                            |   37|          7|   32|        224|
    |grp_fu_5907_p1                            |  764|        145|   32|       4640|
    |indvar_flatten2476_fu_1244                |    9|          2|   14|         28|
    |mlp_buf_address0                          |  764|        145|   15|       2175|
    |mlp_buf_address1                          |  764|        145|   15|       2175|
    |od_fu_1236                                |    9|          2|    8|         16|
    |reg_5935                                  |    9|          2|   32|         64|
    |reg_5940                                  |    9|          2|   32|         64|
    |s_fu_1240                                 |    9|          2|    7|         14|
    |w_Addr_A_orig                             |  769|        146|   32|       4672|
    |w_Addr_B_orig                             |  764|        145|   32|       4640|
    +------------------------------------------+-----+-----------+-----+-----------+
    |Total                                     | 7297|       1392|  491|      33704|
    +------------------------------------------+-----+-----------+-----+-----------+

    * Register: 
    +--------------------------------------+-----+----+-----+-----------+
    |                 Name                 |  FF | LUT| Bits| Const Bits|
    +--------------------------------------+-----+----+-----+-----------+
    |acc_169_reg_22780                     |   32|   0|   32|          0|
    |add_ln172_1_reg_17050                 |   14|   0|   14|          0|
    |ap_CS_fsm                             |  145|   0|  145|          0|
    |ap_done_reg                           |    1|   0|    1|          0|
    |ap_enable_reg_pp0_iter0_reg           |    1|   0|    1|          0|
    |ap_enable_reg_pp0_iter1               |    1|   0|    1|          0|
    |ap_enable_reg_pp0_iter10              |    1|   0|    1|          0|
    |ap_enable_reg_pp0_iter11              |    1|   0|    1|          0|
    |ap_enable_reg_pp0_iter12              |    1|   0|    1|          0|
    |ap_enable_reg_pp0_iter13              |    1|   0|    1|          0|
    |ap_enable_reg_pp0_iter14              |    1|   0|    1|          0|
    |ap_enable_reg_pp0_iter15              |    1|   0|    1|          0|
    |ap_enable_reg_pp0_iter2               |    1|   0|    1|          0|
    |ap_enable_reg_pp0_iter3               |    1|   0|    1|          0|
    |ap_enable_reg_pp0_iter4               |    1|   0|    1|          0|
    |ap_enable_reg_pp0_iter5               |    1|   0|    1|          0|
    |ap_enable_reg_pp0_iter6               |    1|   0|    1|          0|
    |ap_enable_reg_pp0_iter7               |    1|   0|    1|          0|
    |ap_enable_reg_pp0_iter8               |    1|   0|    1|          0|
    |ap_enable_reg_pp0_iter9               |    1|   0|    1|          0|
    |ap_loop_exit_ready_pp0_iter10_reg     |    1|   0|    1|          0|
    |ap_loop_exit_ready_pp0_iter11_reg     |    1|   0|    1|          0|
    |ap_loop_exit_ready_pp0_iter12_reg     |    1|   0|    1|          0|
    |ap_loop_exit_ready_pp0_iter13_reg     |    1|   0|    1|          0|
    |ap_loop_exit_ready_pp0_iter14_reg     |    1|   0|    1|          0|
    |ap_loop_exit_ready_pp0_iter1_reg      |    1|   0|    1|          0|
    |ap_loop_exit_ready_pp0_iter2_reg      |    1|   0|    1|          0|
    |ap_loop_exit_ready_pp0_iter3_reg      |    1|   0|    1|          0|
    |ap_loop_exit_ready_pp0_iter4_reg      |    1|   0|    1|          0|
    |ap_loop_exit_ready_pp0_iter5_reg      |    1|   0|    1|          0|
    |ap_loop_exit_ready_pp0_iter6_reg      |    1|   0|    1|          0|
    |ap_loop_exit_ready_pp0_iter7_reg      |    1|   0|    1|          0|
    |ap_loop_exit_ready_pp0_iter8_reg      |    1|   0|    1|          0|
    |ap_loop_exit_ready_pp0_iter9_reg      |    1|   0|    1|          0|
    |icmp_ln162_reg_16418                  |    1|   0|    1|          0|
    |indvar_flatten2476_fu_1244            |   14|   0|   14|          0|
    |mul15_i_i_100_reg_19205               |   32|   0|   32|          0|
    |mul15_i_i_101_reg_19240               |   32|   0|   32|          0|
    |mul15_i_i_102_reg_19245               |   32|   0|   32|          0|
    |mul15_i_i_103_reg_19280               |   32|   0|   32|          0|
    |mul15_i_i_104_reg_19285               |   32|   0|   32|          0|
    |mul15_i_i_105_reg_19320               |   32|   0|   32|          0|
    |mul15_i_i_106_reg_19325               |   32|   0|   32|          0|
    |mul15_i_i_107_reg_19360               |   32|   0|   32|          0|
    |mul15_i_i_108_reg_19365               |   32|   0|   32|          0|
    |mul15_i_i_109_reg_19400               |   32|   0|   32|          0|
    |mul15_i_i_10_reg_17410                |   32|   0|   32|          0|
    |mul15_i_i_110_reg_19405               |   32|   0|   32|          0|
    |mul15_i_i_111_reg_19440               |   32|   0|   32|          0|
    |mul15_i_i_112_reg_19445               |   32|   0|   32|          0|
    |mul15_i_i_113_reg_19480               |   32|   0|   32|          0|
    |mul15_i_i_114_reg_19485               |   32|   0|   32|          0|
    |mul15_i_i_115_reg_19520               |   32|   0|   32|          0|
    |mul15_i_i_116_reg_19525               |   32|   0|   32|          0|
    |mul15_i_i_117_reg_19560               |   32|   0|   32|          0|
    |mul15_i_i_118_reg_19565               |   32|   0|   32|          0|
    |mul15_i_i_119_reg_19600               |   32|   0|   32|          0|
    |mul15_i_i_11_reg_17445                |   32|   0|   32|          0|
    |mul15_i_i_120_reg_19605               |   32|   0|   32|          0|
    |mul15_i_i_121_reg_19640               |   32|   0|   32|          0|
    |mul15_i_i_122_reg_19645               |   32|   0|   32|          0|
    |mul15_i_i_123_reg_19680               |   32|   0|   32|          0|
    |mul15_i_i_124_reg_19685               |   32|   0|   32|          0|
    |mul15_i_i_125_reg_19720               |   32|   0|   32|          0|
    |mul15_i_i_126_reg_19725               |   32|   0|   32|          0|
    |mul15_i_i_127_reg_19760               |   32|   0|   32|          0|
    |mul15_i_i_128_reg_19765               |   32|   0|   32|          0|
    |mul15_i_i_129_reg_19800               |   32|   0|   32|          0|
    |mul15_i_i_12_reg_17450                |   32|   0|   32|          0|
    |mul15_i_i_130_reg_19805               |   32|   0|   32|          0|
    |mul15_i_i_131_reg_19840               |   32|   0|   32|          0|
    |mul15_i_i_132_reg_19845               |   32|   0|   32|          0|
    |mul15_i_i_133_reg_19880               |   32|   0|   32|          0|
    |mul15_i_i_134_reg_19885               |   32|   0|   32|          0|
    |mul15_i_i_135_reg_19920               |   32|   0|   32|          0|
    |mul15_i_i_136_reg_19925               |   32|   0|   32|          0|
    |mul15_i_i_137_reg_19960               |   32|   0|   32|          0|
    |mul15_i_i_138_reg_19965               |   32|   0|   32|          0|
    |mul15_i_i_139_reg_20000               |   32|   0|   32|          0|
    |mul15_i_i_13_reg_17485                |   32|   0|   32|          0|
    |mul15_i_i_140_reg_20005               |   32|   0|   32|          0|
    |mul15_i_i_141_reg_20040               |   32|   0|   32|          0|
    |mul15_i_i_142_reg_20045               |   32|   0|   32|          0|
    |mul15_i_i_143_reg_20080               |   32|   0|   32|          0|
    |mul15_i_i_144_reg_20085               |   32|   0|   32|          0|
    |mul15_i_i_145_reg_20120               |   32|   0|   32|          0|
    |mul15_i_i_146_reg_20125               |   32|   0|   32|          0|
    |mul15_i_i_147_reg_20160               |   32|   0|   32|          0|
    |mul15_i_i_148_reg_20165               |   32|   0|   32|          0|
    |mul15_i_i_149_reg_20200               |   32|   0|   32|          0|
    |mul15_i_i_14_reg_17490                |   32|   0|   32|          0|
    |mul15_i_i_150_reg_20205               |   32|   0|   32|          0|
    |mul15_i_i_151_reg_20240               |   32|   0|   32|          0|
    |mul15_i_i_152_reg_20245               |   32|   0|   32|          0|
    |mul15_i_i_153_reg_20280               |   32|   0|   32|          0|
    |mul15_i_i_154_reg_20285               |   32|   0|   32|          0|
    |mul15_i_i_155_reg_20320               |   32|   0|   32|          0|
    |mul15_i_i_156_reg_20325               |   32|   0|   32|          0|
    |mul15_i_i_157_reg_20360               |   32|   0|   32|          0|
    |mul15_i_i_158_reg_20365               |   32|   0|   32|          0|
    |mul15_i_i_159_reg_20400               |   32|   0|   32|          0|
    |mul15_i_i_160_reg_20405               |   32|   0|   32|          0|
    |mul15_i_i_161_reg_20440               |   32|   0|   32|          0|
    |mul15_i_i_162_reg_20445               |   32|   0|   32|          0|
    |mul15_i_i_163_reg_20480               |   32|   0|   32|          0|
    |mul15_i_i_164_reg_20485               |   32|   0|   32|          0|
    |mul15_i_i_165_reg_20520               |   32|   0|   32|          0|
    |mul15_i_i_166_reg_20525               |   32|   0|   32|          0|
    |mul15_i_i_167_reg_20560               |   32|   0|   32|          0|
    |mul15_i_i_168_reg_20565               |   32|   0|   32|          0|
    |mul15_i_i_169_reg_20600               |   32|   0|   32|          0|
    |mul15_i_i_16_reg_17525                |   32|   0|   32|          0|
    |mul15_i_i_170_reg_20605               |   32|   0|   32|          0|
    |mul15_i_i_171_reg_20640               |   32|   0|   32|          0|
    |mul15_i_i_172_reg_20645               |   32|   0|   32|          0|
    |mul15_i_i_173_reg_20680               |   32|   0|   32|          0|
    |mul15_i_i_174_reg_20685               |   32|   0|   32|          0|
    |mul15_i_i_175_reg_20720               |   32|   0|   32|          0|
    |mul15_i_i_176_reg_20725               |   32|   0|   32|          0|
    |mul15_i_i_177_reg_20760               |   32|   0|   32|          0|
    |mul15_i_i_178_reg_20765               |   32|   0|   32|          0|
    |mul15_i_i_179_reg_20800               |   32|   0|   32|          0|
    |mul15_i_i_17_reg_17560                |   32|   0|   32|          0|
    |mul15_i_i_180_reg_20805               |   32|   0|   32|          0|
    |mul15_i_i_181_reg_20840               |   32|   0|   32|          0|
    |mul15_i_i_182_reg_20845               |   32|   0|   32|          0|
    |mul15_i_i_183_reg_20880               |   32|   0|   32|          0|
    |mul15_i_i_184_reg_20885               |   32|   0|   32|          0|
    |mul15_i_i_185_reg_20920               |   32|   0|   32|          0|
    |mul15_i_i_186_reg_20925               |   32|   0|   32|          0|
    |mul15_i_i_187_reg_20960               |   32|   0|   32|          0|
    |mul15_i_i_188_reg_20965               |   32|   0|   32|          0|
    |mul15_i_i_189_reg_21000               |   32|   0|   32|          0|
    |mul15_i_i_18_reg_17565                |   32|   0|   32|          0|
    |mul15_i_i_190_reg_21005               |   32|   0|   32|          0|
    |mul15_i_i_191_reg_21040               |   32|   0|   32|          0|
    |mul15_i_i_192_reg_21045               |   32|   0|   32|          0|
    |mul15_i_i_193_reg_21080               |   32|   0|   32|          0|
    |mul15_i_i_194_reg_21085               |   32|   0|   32|          0|
    |mul15_i_i_195_reg_21120               |   32|   0|   32|          0|
    |mul15_i_i_196_reg_21125               |   32|   0|   32|          0|
    |mul15_i_i_197_reg_21160               |   32|   0|   32|          0|
    |mul15_i_i_198_reg_21165               |   32|   0|   32|          0|
    |mul15_i_i_199_reg_21200               |   32|   0|   32|          0|
    |mul15_i_i_19_reg_17600                |   32|   0|   32|          0|
    |mul15_i_i_19_reg_17600_pp0_iter1_reg  |   32|   0|   32|          0|
    |mul15_i_i_1_reg_17205                 |   32|   0|   32|          0|
    |mul15_i_i_200_reg_21205               |   32|   0|   32|          0|
    |mul15_i_i_201_reg_21240               |   32|   0|   32|          0|
    |mul15_i_i_202_reg_21245               |   32|   0|   32|          0|
    |mul15_i_i_203_reg_21280               |   32|   0|   32|          0|
    |mul15_i_i_204_reg_21285               |   32|   0|   32|          0|
    |mul15_i_i_205_reg_21320               |   32|   0|   32|          0|
    |mul15_i_i_206_reg_21325               |   32|   0|   32|          0|
    |mul15_i_i_207_reg_21360               |   32|   0|   32|          0|
    |mul15_i_i_208_reg_21365               |   32|   0|   32|          0|
    |mul15_i_i_209_reg_21400               |   32|   0|   32|          0|
    |mul15_i_i_20_reg_17605                |   32|   0|   32|          0|
    |mul15_i_i_20_reg_17605_pp0_iter1_reg  |   32|   0|   32|          0|
    |mul15_i_i_210_reg_21405               |   32|   0|   32|          0|
    |mul15_i_i_211_reg_21440               |   32|   0|   32|          0|
    |mul15_i_i_212_reg_21445               |   32|   0|   32|          0|
    |mul15_i_i_213_reg_21480               |   32|   0|   32|          0|
    |mul15_i_i_214_reg_21485               |   32|   0|   32|          0|
    |mul15_i_i_215_reg_21520               |   32|   0|   32|          0|
    |mul15_i_i_216_reg_21525               |   32|   0|   32|          0|
    |mul15_i_i_217_reg_21560               |   32|   0|   32|          0|
    |mul15_i_i_218_reg_21565               |   32|   0|   32|          0|
    |mul15_i_i_219_reg_21600               |   32|   0|   32|          0|
    |mul15_i_i_21_reg_17640                |   32|   0|   32|          0|
    |mul15_i_i_21_reg_17640_pp0_iter1_reg  |   32|   0|   32|          0|
    |mul15_i_i_220_reg_21605               |   32|   0|   32|          0|
    |mul15_i_i_221_reg_21640               |   32|   0|   32|          0|
    |mul15_i_i_222_reg_21645               |   32|   0|   32|          0|
    |mul15_i_i_223_reg_21680               |   32|   0|   32|          0|
    |mul15_i_i_224_reg_21685               |   32|   0|   32|          0|
    |mul15_i_i_225_reg_21720               |   32|   0|   32|          0|
    |mul15_i_i_226_reg_21725               |   32|   0|   32|          0|
    |mul15_i_i_227_reg_21760               |   32|   0|   32|          0|
    |mul15_i_i_228_reg_21765               |   32|   0|   32|          0|
    |mul15_i_i_229_reg_21800               |   32|   0|   32|          0|
    |mul15_i_i_22_reg_17645                |   32|   0|   32|          0|
    |mul15_i_i_22_reg_17645_pp0_iter1_reg  |   32|   0|   32|          0|
    |mul15_i_i_230_reg_21805               |   32|   0|   32|          0|
    |mul15_i_i_231_reg_21840               |   32|   0|   32|          0|
    |mul15_i_i_232_reg_21845               |   32|   0|   32|          0|
    |mul15_i_i_233_reg_21880               |   32|   0|   32|          0|
    |mul15_i_i_234_reg_21885               |   32|   0|   32|          0|
    |mul15_i_i_235_reg_21920               |   32|   0|   32|          0|
    |mul15_i_i_236_reg_21925               |   32|   0|   32|          0|
    |mul15_i_i_237_reg_21960               |   32|   0|   32|          0|
    |mul15_i_i_238_reg_21965               |   32|   0|   32|          0|
    |mul15_i_i_239_reg_22000               |   32|   0|   32|          0|
    |mul15_i_i_23_reg_17680                |   32|   0|   32|          0|
    |mul15_i_i_23_reg_17680_pp0_iter1_reg  |   32|   0|   32|          0|
    |mul15_i_i_240_reg_22005               |   32|   0|   32|          0|
    |mul15_i_i_241_reg_22040               |   32|   0|   32|          0|
    |mul15_i_i_242_reg_22045               |   32|   0|   32|          0|
    |mul15_i_i_243_reg_22080               |   32|   0|   32|          0|
    |mul15_i_i_244_reg_22085               |   32|   0|   32|          0|
    |mul15_i_i_245_reg_22120               |   32|   0|   32|          0|
    |mul15_i_i_246_reg_22125               |   32|   0|   32|          0|
    |mul15_i_i_247_reg_22160               |   32|   0|   32|          0|
    |mul15_i_i_248_reg_22165               |   32|   0|   32|          0|
    |mul15_i_i_249_reg_22200               |   32|   0|   32|          0|
    |mul15_i_i_24_reg_17685                |   32|   0|   32|          0|
    |mul15_i_i_24_reg_17685_pp0_iter1_reg  |   32|   0|   32|          0|
    |mul15_i_i_250_reg_22205               |   32|   0|   32|          0|
    |mul15_i_i_251_reg_22240               |   32|   0|   32|          0|
    |mul15_i_i_252_reg_22245               |   32|   0|   32|          0|
    |mul15_i_i_253_reg_22280               |   32|   0|   32|          0|
    |mul15_i_i_254_reg_22285               |   32|   0|   32|          0|
    |mul15_i_i_255_reg_22320               |   32|   0|   32|          0|
    |mul15_i_i_256_reg_22325               |   32|   0|   32|          0|
    |mul15_i_i_257_reg_22360               |   32|   0|   32|          0|
    |mul15_i_i_258_reg_22365               |   32|   0|   32|          0|
    |mul15_i_i_259_reg_22400               |   32|   0|   32|          0|
    |mul15_i_i_25_reg_17720                |   32|   0|   32|          0|
    |mul15_i_i_25_reg_17720_pp0_iter1_reg  |   32|   0|   32|          0|
    |mul15_i_i_260_reg_22405               |   32|   0|   32|          0|
    |mul15_i_i_261_reg_22440               |   32|   0|   32|          0|
    |mul15_i_i_262_reg_22445               |   32|   0|   32|          0|
    |mul15_i_i_263_reg_22480               |   32|   0|   32|          0|
    |mul15_i_i_264_reg_22485               |   32|   0|   32|          0|
    |mul15_i_i_265_reg_22520               |   32|   0|   32|          0|
    |mul15_i_i_266_reg_22525               |   32|   0|   32|          0|
    |mul15_i_i_267_reg_22560               |   32|   0|   32|          0|
    |mul15_i_i_268_reg_22565               |   32|   0|   32|          0|
    |mul15_i_i_269_reg_22600               |   32|   0|   32|          0|
    |mul15_i_i_26_reg_17725                |   32|   0|   32|          0|
    |mul15_i_i_26_reg_17725_pp0_iter1_reg  |   32|   0|   32|          0|
    |mul15_i_i_270_reg_22605               |   32|   0|   32|          0|
    |mul15_i_i_271_reg_22640               |   32|   0|   32|          0|
    |mul15_i_i_272_reg_22645               |   32|   0|   32|          0|
    |mul15_i_i_273_reg_22670               |   32|   0|   32|          0|
    |mul15_i_i_274_reg_22675               |   32|   0|   32|          0|
    |mul15_i_i_275_reg_22700               |   32|   0|   32|          0|
    |mul15_i_i_276_reg_22705               |   32|   0|   32|          0|
    |mul15_i_i_277_reg_22720               |   32|   0|   32|          0|
    |mul15_i_i_278_reg_22725               |   32|   0|   32|          0|
    |mul15_i_i_279_reg_22740               |   32|   0|   32|          0|
    |mul15_i_i_27_reg_17760                |   32|   0|   32|          0|
    |mul15_i_i_27_reg_17760_pp0_iter1_reg  |   32|   0|   32|          0|
    |mul15_i_i_280_reg_22745               |   32|   0|   32|          0|
    |mul15_i_i_281_reg_22750               |   32|   0|   32|          0|
    |mul15_i_i_282_reg_22755               |   32|   0|   32|          0|
    |mul15_i_i_283_reg_22760               |   32|   0|   32|          0|
    |mul15_i_i_284_reg_22765               |   32|   0|   32|          0|
    |mul15_i_i_285_reg_22770               |   32|   0|   32|          0|
    |mul15_i_i_286_reg_22775               |   32|   0|   32|          0|
    |mul15_i_i_28_reg_17765                |   32|   0|   32|          0|
    |mul15_i_i_28_reg_17765_pp0_iter1_reg  |   32|   0|   32|          0|
    |mul15_i_i_29_reg_17800                |   32|   0|   32|          0|
    |mul15_i_i_29_reg_17800_pp0_iter1_reg  |   32|   0|   32|          0|
    |mul15_i_i_2_reg_17245                 |   32|   0|   32|          0|
    |mul15_i_i_30_reg_17805                |   32|   0|   32|          0|
    |mul15_i_i_30_reg_17805_pp0_iter1_reg  |   32|   0|   32|          0|
    |mul15_i_i_31_reg_17840                |   32|   0|   32|          0|
    |mul15_i_i_31_reg_17840_pp0_iter1_reg  |   32|   0|   32|          0|
    |mul15_i_i_32_reg_17845                |   32|   0|   32|          0|
    |mul15_i_i_32_reg_17845_pp0_iter1_reg  |   32|   0|   32|          0|
    |mul15_i_i_33_reg_17880                |   32|   0|   32|          0|
    |mul15_i_i_33_reg_17880_pp0_iter1_reg  |   32|   0|   32|          0|
    |mul15_i_i_34_reg_17885                |   32|   0|   32|          0|
    |mul15_i_i_34_reg_17885_pp0_iter1_reg  |   32|   0|   32|          0|
    |mul15_i_i_35_reg_17920                |   32|   0|   32|          0|
    |mul15_i_i_35_reg_17920_pp0_iter1_reg  |   32|   0|   32|          0|
    |mul15_i_i_36_reg_17925                |   32|   0|   32|          0|
    |mul15_i_i_36_reg_17925_pp0_iter1_reg  |   32|   0|   32|          0|
    |mul15_i_i_37_reg_17960                |   32|   0|   32|          0|
    |mul15_i_i_38_reg_17965                |   32|   0|   32|          0|
    |mul15_i_i_39_reg_18000                |   32|   0|   32|          0|
    |mul15_i_i_3_reg_17250                 |   32|   0|   32|          0|
    |mul15_i_i_40_reg_18005                |   32|   0|   32|          0|
    |mul15_i_i_41_reg_18040                |   32|   0|   32|          0|
    |mul15_i_i_42_reg_18045                |   32|   0|   32|          0|
    |mul15_i_i_43_reg_18080                |   32|   0|   32|          0|
    |mul15_i_i_44_reg_18085                |   32|   0|   32|          0|
    |mul15_i_i_45_reg_18120                |   32|   0|   32|          0|
    |mul15_i_i_46_reg_18125                |   32|   0|   32|          0|
    |mul15_i_i_47_reg_18160                |   32|   0|   32|          0|
    |mul15_i_i_48_reg_18165                |   32|   0|   32|          0|
    |mul15_i_i_49_reg_18200                |   32|   0|   32|          0|
    |mul15_i_i_4_reg_17285                 |   32|   0|   32|          0|
    |mul15_i_i_50_reg_18205                |   32|   0|   32|          0|
    |mul15_i_i_51_reg_18240                |   32|   0|   32|          0|
    |mul15_i_i_52_reg_18245                |   32|   0|   32|          0|
    |mul15_i_i_53_reg_18280                |   32|   0|   32|          0|
    |mul15_i_i_54_reg_18285                |   32|   0|   32|          0|
    |mul15_i_i_55_reg_18320                |   32|   0|   32|          0|
    |mul15_i_i_56_reg_18325                |   32|   0|   32|          0|
    |mul15_i_i_57_reg_18360                |   32|   0|   32|          0|
    |mul15_i_i_58_reg_18365                |   32|   0|   32|          0|
    |mul15_i_i_59_reg_18400                |   32|   0|   32|          0|
    |mul15_i_i_5_reg_17290                 |   32|   0|   32|          0|
    |mul15_i_i_60_reg_18405                |   32|   0|   32|          0|
    |mul15_i_i_61_reg_18440                |   32|   0|   32|          0|
    |mul15_i_i_62_reg_18445                |   32|   0|   32|          0|
    |mul15_i_i_63_reg_18480                |   32|   0|   32|          0|
    |mul15_i_i_64_reg_18485                |   32|   0|   32|          0|
    |mul15_i_i_65_reg_18520                |   32|   0|   32|          0|
    |mul15_i_i_66_reg_18525                |   32|   0|   32|          0|
    |mul15_i_i_67_reg_18560                |   32|   0|   32|          0|
    |mul15_i_i_68_reg_18565                |   32|   0|   32|          0|
    |mul15_i_i_69_reg_18600                |   32|   0|   32|          0|
    |mul15_i_i_6_reg_17325                 |   32|   0|   32|          0|
    |mul15_i_i_70_reg_18605                |   32|   0|   32|          0|
    |mul15_i_i_71_reg_18640                |   32|   0|   32|          0|
    |mul15_i_i_72_reg_18645                |   32|   0|   32|          0|
    |mul15_i_i_73_reg_18680                |   32|   0|   32|          0|
    |mul15_i_i_74_reg_18685                |   32|   0|   32|          0|
    |mul15_i_i_75_reg_18720                |   32|   0|   32|          0|
    |mul15_i_i_76_reg_18725                |   32|   0|   32|          0|
    |mul15_i_i_77_reg_18760                |   32|   0|   32|          0|
    |mul15_i_i_78_reg_18765                |   32|   0|   32|          0|
    |mul15_i_i_79_reg_18800                |   32|   0|   32|          0|
    |mul15_i_i_7_reg_17330                 |   32|   0|   32|          0|
    |mul15_i_i_80_reg_18805                |   32|   0|   32|          0|
    |mul15_i_i_81_reg_18840                |   32|   0|   32|          0|
    |mul15_i_i_82_reg_18845                |   32|   0|   32|          0|
    |mul15_i_i_83_reg_18880                |   32|   0|   32|          0|
    |mul15_i_i_84_reg_18885                |   32|   0|   32|          0|
    |mul15_i_i_85_reg_18920                |   32|   0|   32|          0|
    |mul15_i_i_86_reg_18925                |   32|   0|   32|          0|
    |mul15_i_i_87_reg_18960                |   32|   0|   32|          0|
    |mul15_i_i_88_reg_18965                |   32|   0|   32|          0|
    |mul15_i_i_89_reg_19000                |   32|   0|   32|          0|
    |mul15_i_i_8_reg_17365                 |   32|   0|   32|          0|
    |mul15_i_i_90_reg_19005                |   32|   0|   32|          0|
    |mul15_i_i_91_reg_19040                |   32|   0|   32|          0|
    |mul15_i_i_92_reg_19045                |   32|   0|   32|          0|
    |mul15_i_i_93_reg_19080                |   32|   0|   32|          0|
    |mul15_i_i_94_reg_19085                |   32|   0|   32|          0|
    |mul15_i_i_95_reg_19120                |   32|   0|   32|          0|
    |mul15_i_i_96_reg_19125                |   32|   0|   32|          0|
    |mul15_i_i_97_reg_19160                |   32|   0|   32|          0|
    |mul15_i_i_98_reg_19165                |   32|   0|   32|          0|
    |mul15_i_i_99_reg_19200                |   32|   0|   32|          0|
    |mul15_i_i_9_reg_17370                 |   32|   0|   32|          0|
    |mul15_i_i_s_reg_17405                 |   32|   0|   32|          0|
    |od_fu_1236                            |    8|   0|    8|          0|
    |reg_5911                              |   32|   0|   32|          0|
    |reg_5916                              |   32|   0|   32|          0|
    |reg_5921                              |   32|   0|   32|          0|
    |reg_5925                              |   32|   0|   32|          0|
    |reg_5930                              |   32|   0|   32|          0|
    |reg_5935                              |   32|   0|   32|          0|
    |reg_5940                              |   32|   0|   32|          0|
    |reg_5945                              |   32|   0|   32|          0|
    |reg_5950                              |   32|   0|   32|          0|
    |reg_5955                              |   32|   0|   32|          0|
    |reg_5960                              |   32|   0|   32|          0|
    |reg_5965                              |   32|   0|   32|          0|
    |reg_5970                              |   32|   0|   32|          0|
    |reg_5975                              |   32|   0|   32|          0|
    |reg_5980                              |   32|   0|   32|          0|
    |reg_5985                              |   32|   0|   32|          0|
    |reg_5990                              |   32|   0|   32|          0|
    |reg_5995                              |   32|   0|   32|          0|
    |reg_6000                              |   32|   0|   32|          0|
    |reg_6005                              |   32|   0|   32|          0|
    |reg_6010                              |   32|   0|   32|          0|
    |reg_6015                              |   32|   0|   32|          0|
    |reg_6020                              |   32|   0|   32|          0|
    |reg_6025                              |   32|   0|   32|          0|
    |reg_6030                              |   32|   0|   32|          0|
    |reg_6035                              |   32|   0|   32|          0|
    |reg_6040                              |   32|   0|   32|          0|
    |reg_6045                              |   32|   0|   32|          0|
    |reg_6050                              |   32|   0|   32|          0|
    |reg_6055                              |   32|   0|   32|          0|
    |reg_6060                              |   32|   0|   32|          0|
    |reg_6065                              |   32|   0|   32|          0|
    |s_fu_1240                             |    7|   0|    7|          0|
    |select_ln162_1_reg_16429              |    7|   0|    7|          0|
    |select_ln162_2_reg_16435              |   10|   0|   15|          5|
    |select_ln162_reg_16422                |    8|   0|    8|          0|
    |zext_ln170_1_reg_16750                |   11|   0|   20|          9|
    |add_ln172_1_reg_17050                 |   64|  32|   14|          0|
    |icmp_ln162_reg_16418                  |   64|  32|    1|          0|
    |mul15_i_i_100_reg_19205               |   64|  32|   32|          0|
    |mul15_i_i_101_reg_19240               |   64|  32|   32|          0|
    |mul15_i_i_102_reg_19245               |   64|  32|   32|          0|
    |mul15_i_i_103_reg_19280               |   64|  32|   32|          0|
    |mul15_i_i_104_reg_19285               |   64|  32|   32|          0|
    |mul15_i_i_105_reg_19320               |   64|  32|   32|          0|
    |mul15_i_i_106_reg_19325               |   64|  32|   32|          0|
    |mul15_i_i_107_reg_19360               |   64|  32|   32|          0|
    |mul15_i_i_108_reg_19365               |   64|  32|   32|          0|
    |mul15_i_i_109_reg_19400               |   64|  32|   32|          0|
    |mul15_i_i_110_reg_19405               |   64|  32|   32|          0|
    |mul15_i_i_111_reg_19440               |   64|  32|   32|          0|
    |mul15_i_i_112_reg_19445               |   64|  32|   32|          0|
    |mul15_i_i_113_reg_19480               |   64|  32|   32|          0|
    |mul15_i_i_114_reg_19485               |   64|  32|   32|          0|
    |mul15_i_i_115_reg_19520               |   64|  32|   32|          0|
    |mul15_i_i_116_reg_19525               |   64|  32|   32|          0|
    |mul15_i_i_117_reg_19560               |   64|  32|   32|          0|
    |mul15_i_i_118_reg_19565               |   64|  32|   32|          0|
    |mul15_i_i_119_reg_19600               |   64|  32|   32|          0|
    |mul15_i_i_120_reg_19605               |   64|  32|   32|          0|
    |mul15_i_i_121_reg_19640               |   64|  32|   32|          0|
    |mul15_i_i_122_reg_19645               |   64|  32|   32|          0|
    |mul15_i_i_123_reg_19680               |   64|  32|   32|          0|
    |mul15_i_i_124_reg_19685               |   64|  32|   32|          0|
    |mul15_i_i_125_reg_19720               |   64|  32|   32|          0|
    |mul15_i_i_126_reg_19725               |   64|  32|   32|          0|
    |mul15_i_i_127_reg_19760               |   64|  32|   32|          0|
    |mul15_i_i_128_reg_19765               |   64|  32|   32|          0|
    |mul15_i_i_129_reg_19800               |   64|  32|   32|          0|
    |mul15_i_i_130_reg_19805               |   64|  32|   32|          0|
    |mul15_i_i_131_reg_19840               |   64|  32|   32|          0|
    |mul15_i_i_132_reg_19845               |   64|  32|   32|          0|
    |mul15_i_i_133_reg_19880               |   64|  32|   32|          0|
    |mul15_i_i_134_reg_19885               |   64|  32|   32|          0|
    |mul15_i_i_135_reg_19920               |   64|  32|   32|          0|
    |mul15_i_i_136_reg_19925               |   64|  32|   32|          0|
    |mul15_i_i_137_reg_19960               |   64|  32|   32|          0|
    |mul15_i_i_138_reg_19965               |   64|  32|   32|          0|
    |mul15_i_i_139_reg_20000               |   64|  32|   32|          0|
    |mul15_i_i_140_reg_20005               |   64|  32|   32|          0|
    |mul15_i_i_141_reg_20040               |   64|  32|   32|          0|
    |mul15_i_i_142_reg_20045               |   64|  32|   32|          0|
    |mul15_i_i_143_reg_20080               |   64|  32|   32|          0|
    |mul15_i_i_144_reg_20085               |   64|  32|   32|          0|
    |mul15_i_i_145_reg_20120               |   64|  32|   32|          0|
    |mul15_i_i_146_reg_20125               |   64|  32|   32|          0|
    |mul15_i_i_147_reg_20160               |   64|  32|   32|          0|
    |mul15_i_i_148_reg_20165               |   64|  32|   32|          0|
    |mul15_i_i_149_reg_20200               |   64|  32|   32|          0|
    |mul15_i_i_150_reg_20205               |   64|  32|   32|          0|
    |mul15_i_i_151_reg_20240               |   64|  32|   32|          0|
    |mul15_i_i_152_reg_20245               |   64|  32|   32|          0|
    |mul15_i_i_153_reg_20280               |   64|  32|   32|          0|
    |mul15_i_i_154_reg_20285               |   64|  32|   32|          0|
    |mul15_i_i_155_reg_20320               |   64|  32|   32|          0|
    |mul15_i_i_156_reg_20325               |   64|  32|   32|          0|
    |mul15_i_i_157_reg_20360               |   64|  32|   32|          0|
    |mul15_i_i_158_reg_20365               |   64|  32|   32|          0|
    |mul15_i_i_159_reg_20400               |   64|  32|   32|          0|
    |mul15_i_i_160_reg_20405               |   64|  32|   32|          0|
    |mul15_i_i_161_reg_20440               |   64|  32|   32|          0|
    |mul15_i_i_162_reg_20445               |   64|  32|   32|          0|
    |mul15_i_i_163_reg_20480               |   64|  32|   32|          0|
    |mul15_i_i_164_reg_20485               |   64|  32|   32|          0|
    |mul15_i_i_165_reg_20520               |   64|  32|   32|          0|
    |mul15_i_i_166_reg_20525               |   64|  32|   32|          0|
    |mul15_i_i_167_reg_20560               |   64|  32|   32|          0|
    |mul15_i_i_168_reg_20565               |   64|  32|   32|          0|
    |mul15_i_i_169_reg_20600               |   64|  32|   32|          0|
    |mul15_i_i_170_reg_20605               |   64|  32|   32|          0|
    |mul15_i_i_171_reg_20640               |   64|  32|   32|          0|
    |mul15_i_i_172_reg_20645               |   64|  32|   32|          0|
    |mul15_i_i_173_reg_20680               |   64|  32|   32|          0|
    |mul15_i_i_174_reg_20685               |   64|  32|   32|          0|
    |mul15_i_i_175_reg_20720               |   64|  32|   32|          0|
    |mul15_i_i_176_reg_20725               |   64|  32|   32|          0|
    |mul15_i_i_177_reg_20760               |   64|  32|   32|          0|
    |mul15_i_i_178_reg_20765               |   64|  32|   32|          0|
    |mul15_i_i_179_reg_20800               |   64|  32|   32|          0|
    |mul15_i_i_180_reg_20805               |   64|  32|   32|          0|
    |mul15_i_i_181_reg_20840               |   64|  32|   32|          0|
    |mul15_i_i_182_reg_20845               |   64|  32|   32|          0|
    |mul15_i_i_183_reg_20880               |   64|  32|   32|          0|
    |mul15_i_i_184_reg_20885               |   64|  32|   32|          0|
    |mul15_i_i_185_reg_20920               |   64|  32|   32|          0|
    |mul15_i_i_186_reg_20925               |   64|  32|   32|          0|
    |mul15_i_i_187_reg_20960               |   64|  32|   32|          0|
    |mul15_i_i_188_reg_20965               |   64|  32|   32|          0|
    |mul15_i_i_189_reg_21000               |   64|  32|   32|          0|
    |mul15_i_i_190_reg_21005               |   64|  32|   32|          0|
    |mul15_i_i_191_reg_21040               |   64|  32|   32|          0|
    |mul15_i_i_192_reg_21045               |   64|  32|   32|          0|
    |mul15_i_i_193_reg_21080               |   64|  32|   32|          0|
    |mul15_i_i_194_reg_21085               |   64|  32|   32|          0|
    |mul15_i_i_195_reg_21120               |   64|  32|   32|          0|
    |mul15_i_i_196_reg_21125               |   64|  32|   32|          0|
    |mul15_i_i_197_reg_21160               |   64|  32|   32|          0|
    |mul15_i_i_198_reg_21165               |   64|  32|   32|          0|
    |mul15_i_i_199_reg_21200               |   64|  32|   32|          0|
    |mul15_i_i_200_reg_21205               |   64|  32|   32|          0|
    |mul15_i_i_201_reg_21240               |   64|  32|   32|          0|
    |mul15_i_i_202_reg_21245               |   64|  32|   32|          0|
    |mul15_i_i_203_reg_21280               |   64|  32|   32|          0|
    |mul15_i_i_204_reg_21285               |   64|  32|   32|          0|
    |mul15_i_i_205_reg_21320               |   64|  32|   32|          0|
    |mul15_i_i_206_reg_21325               |   64|  32|   32|          0|
    |mul15_i_i_207_reg_21360               |   64|  32|   32|          0|
    |mul15_i_i_208_reg_21365               |   64|  32|   32|          0|
    |mul15_i_i_209_reg_21400               |   64|  32|   32|          0|
    |mul15_i_i_210_reg_21405               |   64|  32|   32|          0|
    |mul15_i_i_211_reg_21440               |   64|  32|   32|          0|
    |mul15_i_i_212_reg_21445               |   64|  32|   32|          0|
    |mul15_i_i_213_reg_21480               |   64|  32|   32|          0|
    |mul15_i_i_214_reg_21485               |   64|  32|   32|          0|
    |mul15_i_i_215_reg_21520               |   64|  32|   32|          0|
    |mul15_i_i_216_reg_21525               |   64|  32|   32|          0|
    |mul15_i_i_217_reg_21560               |   64|  32|   32|          0|
    |mul15_i_i_218_reg_21565               |   64|  32|   32|          0|
    |mul15_i_i_219_reg_21600               |   64|  32|   32|          0|
    |mul15_i_i_220_reg_21605               |   64|  32|   32|          0|
    |mul15_i_i_221_reg_21640               |   64|  32|   32|          0|
    |mul15_i_i_222_reg_21645               |   64|  32|   32|          0|
    |mul15_i_i_223_reg_21680               |   64|  32|   32|          0|
    |mul15_i_i_224_reg_21685               |   64|  32|   32|          0|
    |mul15_i_i_225_reg_21720               |   64|  32|   32|          0|
    |mul15_i_i_226_reg_21725               |   64|  32|   32|          0|
    |mul15_i_i_227_reg_21760               |   64|  32|   32|          0|
    |mul15_i_i_228_reg_21765               |   64|  32|   32|          0|
    |mul15_i_i_229_reg_21800               |   64|  32|   32|          0|
    |mul15_i_i_230_reg_21805               |   64|  32|   32|          0|
    |mul15_i_i_231_reg_21840               |   64|  32|   32|          0|
    |mul15_i_i_232_reg_21845               |   64|  32|   32|          0|
    |mul15_i_i_233_reg_21880               |   64|  32|   32|          0|
    |mul15_i_i_234_reg_21885               |   64|  32|   32|          0|
    |mul15_i_i_235_reg_21920               |   64|  32|   32|          0|
    |mul15_i_i_236_reg_21925               |   64|  32|   32|          0|
    |mul15_i_i_237_reg_21960               |   64|  32|   32|          0|
    |mul15_i_i_238_reg_21965               |   64|  32|   32|          0|
    |mul15_i_i_239_reg_22000               |   64|  32|   32|          0|
    |mul15_i_i_240_reg_22005               |   64|  32|   32|          0|
    |mul15_i_i_241_reg_22040               |   64|  32|   32|          0|
    |mul15_i_i_242_reg_22045               |   64|  32|   32|          0|
    |mul15_i_i_243_reg_22080               |   64|  32|   32|          0|
    |mul15_i_i_244_reg_22085               |   64|  32|   32|          0|
    |mul15_i_i_245_reg_22120               |   64|  32|   32|          0|
    |mul15_i_i_246_reg_22125               |   64|  32|   32|          0|
    |mul15_i_i_247_reg_22160               |   64|  32|   32|          0|
    |mul15_i_i_248_reg_22165               |   64|  32|   32|          0|
    |mul15_i_i_249_reg_22200               |   64|  32|   32|          0|
    |mul15_i_i_250_reg_22205               |   64|  32|   32|          0|
    |mul15_i_i_251_reg_22240               |   64|  32|   32|          0|
    |mul15_i_i_252_reg_22245               |   64|  32|   32|          0|
    |mul15_i_i_253_reg_22280               |   64|  32|   32|          0|
    |mul15_i_i_254_reg_22285               |   64|  32|   32|          0|
    |mul15_i_i_255_reg_22320               |   64|  32|   32|          0|
    |mul15_i_i_256_reg_22325               |   64|  32|   32|          0|
    |mul15_i_i_257_reg_22360               |   64|  32|   32|          0|
    |mul15_i_i_258_reg_22365               |   64|  32|   32|          0|
    |mul15_i_i_259_reg_22400               |   64|  32|   32|          0|
    |mul15_i_i_260_reg_22405               |   64|  32|   32|          0|
    |mul15_i_i_261_reg_22440               |   64|  32|   32|          0|
    |mul15_i_i_262_reg_22445               |   64|  32|   32|          0|
    |mul15_i_i_263_reg_22480               |   64|  32|   32|          0|
    |mul15_i_i_264_reg_22485               |   64|  32|   32|          0|
    |mul15_i_i_265_reg_22520               |   64|  32|   32|          0|
    |mul15_i_i_266_reg_22525               |   64|  32|   32|          0|
    |mul15_i_i_267_reg_22560               |   64|  32|   32|          0|
    |mul15_i_i_268_reg_22565               |   64|  32|   32|          0|
    |mul15_i_i_269_reg_22600               |   64|  32|   32|          0|
    |mul15_i_i_270_reg_22605               |   64|  32|   32|          0|
    |mul15_i_i_271_reg_22640               |   64|  32|   32|          0|
    |mul15_i_i_272_reg_22645               |   64|  32|   32|          0|
    |mul15_i_i_273_reg_22670               |   64|  32|   32|          0|
    |mul15_i_i_274_reg_22675               |   64|  32|   32|          0|
    |mul15_i_i_275_reg_22700               |   64|  32|   32|          0|
    |mul15_i_i_276_reg_22705               |   64|  32|   32|          0|
    |mul15_i_i_277_reg_22720               |   64|  32|   32|          0|
    |mul15_i_i_278_reg_22725               |   64|  32|   32|          0|
    |mul15_i_i_279_reg_22740               |   64|  32|   32|          0|
    |mul15_i_i_280_reg_22745               |   64|  32|   32|          0|
    |mul15_i_i_281_reg_22750               |   64|  32|   32|          0|
    |mul15_i_i_282_reg_22755               |   64|  32|   32|          0|
    |mul15_i_i_283_reg_22760               |   64|  32|   32|          0|
    |mul15_i_i_284_reg_22765               |   64|  32|   32|          0|
    |mul15_i_i_285_reg_22770               |   64|  32|   32|          0|
    |mul15_i_i_286_reg_22775               |   64|  32|   32|          0|
    |mul15_i_i_37_reg_17960                |   64|  32|   32|          0|
    |mul15_i_i_38_reg_17965                |   64|  32|   32|          0|
    |mul15_i_i_39_reg_18000                |   64|  32|   32|          0|
    |mul15_i_i_40_reg_18005                |   64|  32|   32|          0|
    |mul15_i_i_41_reg_18040                |   64|  32|   32|          0|
    |mul15_i_i_42_reg_18045                |   64|  32|   32|          0|
    |mul15_i_i_43_reg_18080                |   64|  32|   32|          0|
    |mul15_i_i_44_reg_18085                |   64|  32|   32|          0|
    |mul15_i_i_45_reg_18120                |   64|  32|   32|          0|
    |mul15_i_i_46_reg_18125                |   64|  32|   32|          0|
    |mul15_i_i_47_reg_18160                |   64|  32|   32|          0|
    |mul15_i_i_48_reg_18165                |   64|  32|   32|          0|
    |mul15_i_i_49_reg_18200                |   64|  32|   32|          0|
    |mul15_i_i_50_reg_18205                |   64|  32|   32|          0|
    |mul15_i_i_51_reg_18240                |   64|  32|   32|          0|
    |mul15_i_i_52_reg_18245                |   64|  32|   32|          0|
    |mul15_i_i_53_reg_18280                |   64|  32|   32|          0|
    |mul15_i_i_54_reg_18285                |   64|  32|   32|          0|
    |mul15_i_i_55_reg_18320                |   64|  32|   32|          0|
    |mul15_i_i_56_reg_18325                |   64|  32|   32|          0|
    |mul15_i_i_57_reg_18360                |   64|  32|   32|          0|
    |mul15_i_i_58_reg_18365                |   64|  32|   32|          0|
    |mul15_i_i_59_reg_18400                |   64|  32|   32|          0|
    |mul15_i_i_60_reg_18405                |   64|  32|   32|          0|
    |mul15_i_i_61_reg_18440                |   64|  32|   32|          0|
    |mul15_i_i_62_reg_18445                |   64|  32|   32|          0|
    |mul15_i_i_63_reg_18480                |   64|  32|   32|          0|
    |mul15_i_i_64_reg_18485                |   64|  32|   32|          0|
    |mul15_i_i_65_reg_18520                |   64|  32|   32|          0|
    |mul15_i_i_66_reg_18525                |   64|  32|   32|          0|
    |mul15_i_i_67_reg_18560                |   64|  32|   32|          0|
    |mul15_i_i_68_reg_18565                |   64|  32|   32|          0|
    |mul15_i_i_69_reg_18600                |   64|  32|   32|          0|
    |mul15_i_i_70_reg_18605                |   64|  32|   32|          0|
    |mul15_i_i_71_reg_18640                |   64|  32|   32|          0|
    |mul15_i_i_72_reg_18645                |   64|  32|   32|          0|
    |mul15_i_i_73_reg_18680                |   64|  32|   32|          0|
    |mul15_i_i_74_reg_18685                |   64|  32|   32|          0|
    |mul15_i_i_75_reg_18720                |   64|  32|   32|          0|
    |mul15_i_i_76_reg_18725                |   64|  32|   32|          0|
    |mul15_i_i_77_reg_18760                |   64|  32|   32|          0|
    |mul15_i_i_78_reg_18765                |   64|  32|   32|          0|
    |mul15_i_i_79_reg_18800                |   64|  32|   32|          0|
    |mul15_i_i_80_reg_18805                |   64|  32|   32|          0|
    |mul15_i_i_81_reg_18840                |   64|  32|   32|          0|
    |mul15_i_i_82_reg_18845                |   64|  32|   32|          0|
    |mul15_i_i_83_reg_18880                |   64|  32|   32|          0|
    |mul15_i_i_84_reg_18885                |   64|  32|   32|          0|
    |mul15_i_i_85_reg_18920                |   64|  32|   32|          0|
    |mul15_i_i_86_reg_18925                |   64|  32|   32|          0|
    |mul15_i_i_87_reg_18960                |   64|  32|   32|          0|
    |mul15_i_i_88_reg_18965                |   64|  32|   32|          0|
    |mul15_i_i_89_reg_19000                |   64|  32|   32|          0|
    |mul15_i_i_90_reg_19005                |   64|  32|   32|          0|
    |mul15_i_i_91_reg_19040                |   64|  32|   32|          0|
    |mul15_i_i_92_reg_19045                |   64|  32|   32|          0|
    |mul15_i_i_93_reg_19080                |   64|  32|   32|          0|
    |mul15_i_i_94_reg_19085                |   64|  32|   32|          0|
    |mul15_i_i_95_reg_19120                |   64|  32|   32|          0|
    |mul15_i_i_96_reg_19125                |   64|  32|   32|          0|
    |mul15_i_i_97_reg_19160                |   64|  32|   32|          0|
    |mul15_i_i_98_reg_19165                |   64|  32|   32|          0|
    |mul15_i_i_99_reg_19200                |   64|  32|   32|          0|
    +--------------------------------------+-----+----+-----+-----------+
    |Total                                 |27168|8064|19069|         14|
    +--------------------------------------+-----+----+-----+-----------+



================================================================
== Interface
================================================================
* Summary: 
+----------------------+-----+-----+------------+---------------------------------------------+--------------+
|       RTL Ports      | Dir | Bits|  Protocol  |                Source Object                |    C Type    |
+----------------------+-----+-----+------------+---------------------------------------------+--------------+
|ap_clk                |   in|    1|  ap_ctrl_hs|  transformer_blk_s2_top_Pipeline_LF_S_LF_OD8|  return value|
|ap_rst                |   in|    1|  ap_ctrl_hs|  transformer_blk_s2_top_Pipeline_LF_S_LF_OD8|  return value|
|ap_start              |   in|    1|  ap_ctrl_hs|  transformer_blk_s2_top_Pipeline_LF_S_LF_OD8|  return value|
|ap_done               |  out|    1|  ap_ctrl_hs|  transformer_blk_s2_top_Pipeline_LF_S_LF_OD8|  return value|
|ap_idle               |  out|    1|  ap_ctrl_hs|  transformer_blk_s2_top_Pipeline_LF_S_LF_OD8|  return value|
|ap_ready              |  out|    1|  ap_ctrl_hs|  transformer_blk_s2_top_Pipeline_LF_S_LF_OD8|  return value|
|grp_fu_2377_p_din0    |  out|   32|  ap_ctrl_hs|  transformer_blk_s2_top_Pipeline_LF_S_LF_OD8|  return value|
|grp_fu_2377_p_din1    |  out|   32|  ap_ctrl_hs|  transformer_blk_s2_top_Pipeline_LF_S_LF_OD8|  return value|
|grp_fu_2377_p_opcode  |  out|    1|  ap_ctrl_hs|  transformer_blk_s2_top_Pipeline_LF_S_LF_OD8|  return value|
|grp_fu_2377_p_dout0   |   in|   32|  ap_ctrl_hs|  transformer_blk_s2_top_Pipeline_LF_S_LF_OD8|  return value|
|grp_fu_2377_p_ce      |  out|    1|  ap_ctrl_hs|  transformer_blk_s2_top_Pipeline_LF_S_LF_OD8|  return value|
|grp_fu_4550_p_din0    |  out|   32|  ap_ctrl_hs|  transformer_blk_s2_top_Pipeline_LF_S_LF_OD8|  return value|
|grp_fu_4550_p_din1    |  out|   32|  ap_ctrl_hs|  transformer_blk_s2_top_Pipeline_LF_S_LF_OD8|  return value|
|grp_fu_4550_p_opcode  |  out|    1|  ap_ctrl_hs|  transformer_blk_s2_top_Pipeline_LF_S_LF_OD8|  return value|
|grp_fu_4550_p_dout0   |   in|   32|  ap_ctrl_hs|  transformer_blk_s2_top_Pipeline_LF_S_LF_OD8|  return value|
|grp_fu_4550_p_ce      |  out|    1|  ap_ctrl_hs|  transformer_blk_s2_top_Pipeline_LF_S_LF_OD8|  return value|
|grp_fu_4578_p_din0    |  out|   32|  ap_ctrl_hs|  transformer_blk_s2_top_Pipeline_LF_S_LF_OD8|  return value|
|grp_fu_4578_p_din1    |  out|   32|  ap_ctrl_hs|  transformer_blk_s2_top_Pipeline_LF_S_LF_OD8|  return value|
|grp_fu_4578_p_dout0   |   in|   32|  ap_ctrl_hs|  transformer_blk_s2_top_Pipeline_LF_S_LF_OD8|  return value|
|grp_fu_4578_p_ce      |  out|    1|  ap_ctrl_hs|  transformer_blk_s2_top_Pipeline_LF_S_LF_OD8|  return value|
|grp_fu_4582_p_din0    |  out|   32|  ap_ctrl_hs|  transformer_blk_s2_top_Pipeline_LF_S_LF_OD8|  return value|
|grp_fu_4582_p_din1    |  out|   32|  ap_ctrl_hs|  transformer_blk_s2_top_Pipeline_LF_S_LF_OD8|  return value|
|grp_fu_4582_p_dout0   |   in|   32|  ap_ctrl_hs|  transformer_blk_s2_top_Pipeline_LF_S_LF_OD8|  return value|
|grp_fu_4582_p_ce      |  out|    1|  ap_ctrl_hs|  transformer_blk_s2_top_Pipeline_LF_S_LF_OD8|  return value|
|w_Addr_A              |  out|   32|        bram|                                            w|         array|
|w_EN_A                |  out|    1|        bram|                                            w|         array|
|w_WEN_A               |  out|    4|        bram|                                            w|         array|
|w_Din_A               |  out|   32|        bram|                                            w|         array|
|w_Dout_A              |   in|   32|        bram|                                            w|         array|
|w_Addr_B              |  out|   32|        bram|                                            w|         array|
|w_EN_B                |  out|    1|        bram|                                            w|         array|
|w_WEN_B               |  out|    4|        bram|                                            w|         array|
|w_Din_B               |  out|   32|        bram|                                            w|         array|
|w_Dout_B              |   in|   32|        bram|                                            w|         array|
|mlp_buf_address0      |  out|   15|   ap_memory|                                      mlp_buf|         array|
|mlp_buf_ce0           |  out|    1|   ap_memory|                                      mlp_buf|         array|
|mlp_buf_q0            |   in|   32|   ap_memory|                                      mlp_buf|         array|
|mlp_buf_address1      |  out|   15|   ap_memory|                                      mlp_buf|         array|
|mlp_buf_ce1           |  out|    1|   ap_memory|                                      mlp_buf|         array|
|mlp_buf_q1            |   in|   32|   ap_memory|                                      mlp_buf|         array|
|attn_out_address0     |  out|   14|   ap_memory|                                     attn_out|         array|
|attn_out_ce0          |  out|    1|   ap_memory|                                     attn_out|         array|
|attn_out_we0          |  out|    1|   ap_memory|                                     attn_out|         array|
|attn_out_d0           |  out|   32|   ap_memory|                                     attn_out|         array|
+----------------------+-----+-----+------------+---------------------------------------------+--------------+

