

================================================================
== Synthesis Summary Report of 'transformer_blk_s2_top'
================================================================
+ General Information: 
    * Date:           Sun May 31 19:30:14 2026
    * Version:        2022.2 (Build 3670227 on Oct 13 2022)
    * Project:        s2_transformer_block
    * Solution:       solution1 (Vivado IP Flow Target)
    * Product family: zynquplus
    * Target device:  xczu28dr-ffvg1517-2-e
    

+ Performance & Resource Estimates: 
    
    PS: '+' for module; 'o' for loop; '*' for dataflow
    +----------------------------------------------------------------+--------+-------+----------+-----------+----------+----------+---------+----------+------------+----------+--------------+--------------+-----+
    |                             Modules                            |  Issue |       | Latency  |  Latency  | Iteration|          |   Trip  |          |            |          |              |              |     |
    |                             & Loops                            |  Type  | Slack | (cycles) |    (ns)   |  Latency | Interval |  Count  | Pipelined|    BRAM    |    DSP   |      FF      |      LUT     | URAM|
    +----------------------------------------------------------------+--------+-------+----------+-----------+----------+----------+---------+----------+------------+----------+--------------+--------------+-----+
    |+ transformer_blk_s2_top                                        |  Timing|  -0.67|  94039743|  4.702e+08|         -|  94039744|        -|        no|  1256 (58%)|  260 (6%)|  317871 (37%)|  269309 (63%)|    -|
    | + transformer_blk_s2_top_Pipeline_COPY_IN                      |       -|   1.18|     57602|  2.880e+05|         -|     57602|        -|        no|           -|         -|      35 (~0%)|      74 (~0%)|    -|
    |  o COPY_IN                                                     |       -|   3.65|     57600|  2.880e+05|         2|         1|    57600|       yes|           -|         -|             -|             -|    -|
    | + transformer_blk_s2_top_Pipeline_COPY_OUT                     |       -|   0.65|     57602|  2.880e+05|         -|     57602|        -|        no|           -|         -|      35 (~0%)|     103 (~0%)|    -|
    |  o COPY_OUT                                                    |       -|   3.65|     57600|  2.880e+05|         2|         1|    57600|       yes|           -|         -|             -|             -|    -|
    | o DEPTH                                                        |       -|   3.65|  93924536|  4.696e+08|  46962268|         -|        2|        no|           -|         -|             -|             -|    -|
    |  + transformer_blk_s2_top_Pipeline_LF_S_LF_OD                  |  Timing|  -0.64|   4205889|  2.103e+07|         -|   4205889|        -|        no|           -|         -|    17987 (2%)|    16234 (3%)|    -|
    |   o LF_S_LF_OD                                                 |      II|   3.65|   4205887|  2.103e+07|      1161|        73|    57600|       yes|           -|         -|             -|             -|    -|
    |  + transformer_blk_s2_top_Pipeline_LF_S_LF_OD1                 |  Timing|  -0.64|   4205889|  2.103e+07|         -|   4205889|        -|        no|           -|         -|    18030 (2%)|    16384 (3%)|    -|
    |   o LF_S_LF_OD                                                 |      II|   3.65|   4205887|  2.103e+07|      1161|        73|    57600|       yes|           -|         -|             -|             -|    -|
    |  + transformer_blk_s2_top_Pipeline_LF_S_LF_OD2                 |  Timing|  -0.64|   4205889|  2.103e+07|         -|   4205889|        -|        no|           -|   1 (~0%)|    18459 (2%)|    16685 (3%)|    -|
    |   o LF_S_LF_OD                                                 |      II|   3.65|   4205887|  2.103e+07|      1161|        73|    57600|       yes|           -|         -|             -|             -|    -|
    |  + transformer_blk_s2_top_Pipeline_MHSA_CPY                    |       -|   0.91|     57602|  2.880e+05|         -|     57602|        -|        no|           -|         -|      74 (~0%)|     193 (~0%)|    -|
    |   o MHSA_CPY                                                   |       -|   3.65|     57600|  2.880e+05|         2|         1|    57600|       yes|           -|         -|             -|             -|    -|
    |  + transformer_blk_s2_top_Pipeline_LF_S_LF_OD3                 |  Timing|  -0.64|   4205889|  2.103e+07|         -|   4205889|        -|        no|           -|         -|    18528 (2%)|    15973 (3%)|    -|
    |   o LF_S_LF_OD                                                 |      II|   3.65|   4205887|  2.103e+07|      1161|        73|    57600|       yes|           -|         -|             -|             -|    -|
    |  + transformer_blk_s2_top_Pipeline_AR                          |       -|   0.20|     57611|  2.881e+05|         -|     57611|        -|        no|           -|         -|     511 (~0%)|     254 (~0%)|    -|
    |   o AR                                                         |       -|   3.65|     57609|  2.880e+05|        11|         1|    57600|       yes|           -|         -|             -|             -|    -|
    |  + transformer_blk_s2_top_Pipeline_LF_S_LF_OD7                 |  Timing|  -0.64|   8410689|  4.205e+07|         -|   8410689|        -|        no|           -|         -|    17783 (2%)|    16505 (3%)|    -|
    |   o LF_S_LF_OD                                                 |      II|   3.65|   8410687|  4.205e+07|      1161|        73|   115200|       yes|           -|         -|             -|             -|    -|
    |  + transformer_blk_s2_top_Pipeline_MLP_ACT                     |       -|   0.02|    115221|  5.761e+05|         -|    115221|        -|        no|           -|         -|     334 (~0%)|     236 (~0%)|    -|
    |   o MLP_ACT                                                    |       -|   3.65|    115219|  5.761e+05|        21|         1|   115200|       yes|           -|         -|             -|             -|    -|
    |  + transformer_blk_s2_top_Pipeline_LF_S_LF_OD8                 |  Timing|  -0.67|   8354169|  4.177e+07|         -|   8354169|        -|        no|           -|         -|    27354 (3%)|    36829 (8%)|    -|
    |   o LF_S_LF_OD                                                 |      II|   3.65|   8354167|  4.177e+07|      2313|       145|    57600|       yes|           -|         -|             -|             -|    -|
    |  + transformer_blk_s2_top_Pipeline_AR9                         |       -|   0.20|     57611|  2.881e+05|         -|     57611|        -|        no|           -|         -|     511 (~0%)|     254 (~0%)|    -|
    |   o AR                                                         |       -|   3.65|     57609|  2.880e+05|        11|         1|    57600|       yes|           -|         -|             -|             -|    -|
    |  o VITIS_LOOP_84_1                                             |       -|   3.65|    392400|  1.962e+06|       981|         -|      400|        no|           -|         -|             -|             -|    -|
    |   + transformer_blk_s2_top_Pipeline_LN_MEAN                    |       -|   0.20|        70|    350.000|         -|        70|        -|        no|           -|         -|    1662 (~0%)|     196 (~0%)|    -|
    |    o LN_MEAN                                                   |       -|   3.65|        68|    340.000|        34|         1|       36|       yes|           -|         -|             -|             -|    -|
    |   + transformer_blk_s2_top_Pipeline_LN_VAR                     |       -|   0.20|        83|    415.000|         -|        83|        -|        no|           -|         -|    1944 (~0%)|     178 (~0%)|    -|
    |    o LN_VAR                                                    |       -|   3.65|        81|    405.000|        47|         1|       36|       yes|           -|         -|             -|             -|    -|
    |   + transformer_blk_s2_top_Pipeline_LN_NORM                    |       -|   0.20|       173|    865.000|         -|       173|        -|        no|           -|         -|     811 (~0%)|     427 (~0%)|    -|
    |    o LN_NORM                                                   |       -|   3.65|       171|    855.000|        29|         1|      144|       yes|           -|         -|             -|             -|    -|
    |  o MHSA_H                                                      |       -|   3.65|  12300988|  6.150e+07|   3075247|         -|        4|        no|           -|         -|             -|             -|    -|
    |   + transformer_blk_s2_top_Pipeline_MHSA_QI_MHSA_KI            |       -|   0.20|    160301|  8.015e+05|         -|    160301|        -|        no|           -|  100 (2%)|    10865 (1%)|     5301 (1%)|    -|
    |    o MHSA_QI_MHSA_KI                                           |       -|   3.65|    160299|  8.015e+05|       301|         1|   160000|       yes|           -|         -|             -|             -|    -|
    |   + transformer_blk_s2_top_Pipeline_MHSA_SM                    |  Timing|  -0.61|     34081|  1.704e+05|         -|     34081|        -|        no|           -|  35 (~0%)|  147356 (17%)|  105531 (24%)|    -|
    |    o MHSA_SM                                                   |      II|   3.65|     34079|  1.704e+05|      2160|        80|      400|       yes|           -|         -|             -|             -|    -|
    |   + transformer_blk_s2_top_Pipeline_MHSA_OQ_MHSA_OD_MHSA_OK_T  |       -|   0.20|   2880859|  1.440e+07|         -|   2880859|        -|        no|           -|  40 (~0%)|    18107 (2%)|    13601 (3%)|    -|
    |    o MHSA_OQ_MHSA_OD_MHSA_OK_T                                 |      II|   3.65|   2880857|  1.440e+07|       860|         2|  1440000|       yes|           -|         -|             -|             -|    -|
    |  o VITIS_LOOP_84_1                                             |       -|   3.65|    392400|  1.962e+06|       981|         -|      400|        no|           -|         -|             -|             -|    -|
    |   + transformer_blk_s2_top_Pipeline_LN_MEAN4                   |       -|   0.20|        70|    350.000|         -|        70|        -|        no|           -|         -|    1662 (~0%)|     196 (~0%)|    -|
    |    o LN_MEAN                                                   |       -|   3.65|        68|    340.000|        34|         1|       36|       yes|           -|         -|             -|             -|    -|
    |   + transformer_blk_s2_top_Pipeline_LN_VAR5                    |       -|   0.20|        83|    415.000|         -|        83|        -|        no|           -|         -|    1944 (~0%)|     178 (~0%)|    -|
    |    o LN_VAR                                                    |       -|   3.65|        81|    405.000|        47|         1|       36|       yes|           -|         -|             -|             -|    -|
    |   + transformer_blk_s2_top_Pipeline_LN_NORM6                   |       -|   0.20|       173|    865.000|         -|       173|        -|        no|           -|         -|     811 (~0%)|     427 (~0%)|    -|
    |    o LN_NORM                                                   |       -|   3.65|       171|    855.000|        29|         1|      144|       yes|           -|         -|             -|             -|    -|
    +----------------------------------------------------------------+--------+-------+----------+-----------+----------+----------+---------+----------+------------+----------+--------------+--------------+-----+


================================================================
== HW Interfaces
================================================================
* BRAM
+-------------+------------+---------------+
| Interface   | Data Width | Address Width |
+-------------+------------+---------------+
| in_r_PORTA  | 32         | 32            |
| out_r_PORTA | 32         | 32            |
| w_PORTA     | 32         | 32            |
| w_PORTB     | 32         | 32            |
+-------------+------------+---------------+

* TOP LEVEL CONTROL
+-----------+------------+-----------------------------------+
| Interface | Type       | Ports                             |
+-----------+------------+-----------------------------------+
| ap_clk    | clock      | ap_clk                            |
| ap_rst    | reset      | ap_rst                            |
| ap_ctrl   | ap_ctrl_hs | ap_done ap_idle ap_ready ap_start |
+-----------+------------+-----------------------------------+


================================================================
== SW I/O Information
================================================================
* Top Function Arguments
+----------+-----------+---------------+
| Argument | Direction | Datatype      |
+----------+-----------+---------------+
| in       | in        | float const * |
| out      | out       | float*        |
| w        | in        | float const * |
+----------+-----------+---------------+

* SW-to-HW Mapping
+----------+--------------+-----------+
| Argument | HW Interface | HW Type   |
+----------+--------------+-----------+
| in       | in_r_PORTA   | interface |
| out      | out_r_PORTA  | interface |
| w        | w_PORTA      | interface |
| w        | w_PORTB      | interface |
+----------+--------------+-----------+


================================================================
== Bind Op Report
================================================================
+--------------------------------------------------------------+-----+--------+-----------------+-------+---------+---------+
| Name                                                         | DSP | Pragma | Variable        | Op    | Impl    | Latency |
+--------------------------------------------------------------+-----+--------+-----------------+-------+---------+---------+
| + transformer_blk_s2_top                                     | 260 |        |                 |       |         |         |
|   fcmp_32ns_32ns_1_2_no_dsp_1_U805                           | -   |        | add_ln151_1     | add   | fabric  | 0       |
|   add_ln151_fu_1964_p2                                       | -   |        | add_ln151       | add   | fabric  | 0       |
|   add_ln84_fu_1980_p2                                        | -   |        | add_ln84        | add   | fabric  | 0       |
|   fadd_32ns_32ns_32_8_full_dsp_1_U802                        | 2   |        | msum            | fadd  | fulldsp | 7       |
|   faddfsub_32ns_32ns_32_8_full_dsp_1_U763                    | 2   |        | msum_1          | fadd  | fulldsp | 7       |
|   faddfsub_32ns_32ns_32_8_full_dsp_1_U763                    | 2   |        | msum_2          | fadd  | fulldsp | 7       |
|   faddfsub_32ns_32ns_32_8_full_dsp_1_U763                    | 2   |        | msum_3          | fadd  | fulldsp | 7       |
|   fadd_32ns_32ns_32_8_full_dsp_1_U803                        | 2   |        | msum_4          | fadd  | fulldsp | 7       |
|   faddfsub_32ns_32ns_32_8_full_dsp_1_U763                    | 2   |        | msum_5          | fadd  | fulldsp | 7       |
|   faddfsub_32ns_32ns_32_8_full_dsp_1_U763                    | 2   |        | msum_6          | fadd  | fulldsp | 7       |
|   faddfsub_32ns_32ns_32_8_full_dsp_1_U763                    | 2   |        | msum_7          | fadd  | fulldsp | 7       |
|   fadd_32ns_32ns_32_8_full_dsp_1_U804                        | 2   |        | msum_8          | fadd  | fulldsp | 7       |
|   faddfsub_32ns_32ns_32_8_full_dsp_1_U763                    | 2   |        | msum_9          | fadd  | fulldsp | 7       |
|   faddfsub_32ns_32ns_32_8_full_dsp_1_U763                    | 2   |        | msum_10         | fadd  | fulldsp | 7       |
|   faddfsub_32ns_32ns_32_8_full_dsp_1_U763                    | 2   |        | msum_11         | fadd  | fulldsp | 7       |
|   faddfsub_32ns_32ns_32_8_full_dsp_1_U763                    | 2   |        | msum_12         | fadd  | fulldsp | 7       |
|   faddfsub_32ns_32ns_32_8_full_dsp_1_U763                    | 2   |        | msum_13         | fadd  | fulldsp | 7       |
|   faddfsub_32ns_32ns_32_8_full_dsp_1_U763                    | 2   |        | msum_14         | fadd  | fulldsp | 7       |
|   faddfsub_32ns_32ns_32_8_full_dsp_1_U763                    | 2   |        | msum_15         | fadd  | fulldsp | 7       |
|   faddfsub_32ns_32ns_32_8_full_dsp_1_U763                    | 2   |        | msum_16         | fadd  | fulldsp | 7       |
|   fcmp_32ns_32ns_1_2_no_dsp_1_U805                           | 2   |        | msum_17         | fadd  | fulldsp | 7       |
|   faddfsub_32ns_32ns_32_8_full_dsp_1_U763                    | 2   |        | msum_18         | fadd  | fulldsp | 7       |
|   faddfsub_32ns_32ns_32_8_full_dsp_1_U763                    | 2   |        | msum_19         | fadd  | fulldsp | 7       |
|   faddfsub_32ns_32ns_32_8_full_dsp_1_U763                    | 2   |        | msum_20         | fadd  | fulldsp | 7       |
|   faddfsub_32ns_32ns_32_8_full_dsp_1_U763                    | 2   |        | msum_21         | fadd  | fulldsp | 7       |
|   faddfsub_32ns_32ns_32_8_full_dsp_1_U763                    | 2   |        | msum_22         | fadd  | fulldsp | 7       |
|   faddfsub_32ns_32ns_32_8_full_dsp_1_U763                    | 2   |        | msum_23         | fadd  | fulldsp | 7       |
|   faddfsub_32ns_32ns_32_8_full_dsp_1_U763                    | 2   |        | msum_24         | fadd  | fulldsp | 7       |
|   faddfsub_32ns_32ns_32_8_full_dsp_1_U763                    | 2   |        | msum_25         | fadd  | fulldsp | 7       |
|   faddfsub_32ns_32ns_32_8_full_dsp_1_U763                    | 2   |        | msum_26         | fadd  | fulldsp | 7       |
|   faddfsub_32ns_32ns_32_8_full_dsp_1_U763                    | 2   |        | msum_27         | fadd  | fulldsp | 7       |
|   faddfsub_32ns_32ns_32_8_full_dsp_1_U763                    | 2   |        | msum_28         | fadd  | fulldsp | 7       |
|   faddfsub_32ns_32ns_32_8_full_dsp_1_U763                    | 2   |        | msum_29         | fadd  | fulldsp | 7       |
|   faddfsub_32ns_32ns_32_8_full_dsp_1_U763                    | 2   |        | msum_30         | fadd  | fulldsp | 7       |
|   fmul_32ns_32ns_32_5_max_dsp_1_U774                         | 2   |        | msum_31         | fadd  | fulldsp | 7       |
|   faddfsub_32ns_32ns_32_8_full_dsp_1_U768                    | 2   |        | msum_32         | fadd  | fulldsp | 7       |
|   faddfsub_32ns_32ns_32_8_full_dsp_1_U763                    | 2   |        | msum_33         | fadd  | fulldsp | 7       |
|   faddfsub_32ns_32ns_32_8_full_dsp_1_U763                    | 2   |        | msum_34         | fadd  | fulldsp | 7       |
|   fcmp_32ns_32ns_1_2_no_dsp_1_U805                           | 2   |        | msum_35         | fadd  | fulldsp | 7       |
|   fdiv_32ns_32ns_32_16_no_dsp_1_U764                         | -   |        | mean            | fdiv  | fabric  | 15      |
|   faddfsub_32ns_32ns_32_8_full_dsp_1_U763                    | 2   |        | vsum            | fadd  | fulldsp | 7       |
|   faddfsub_32ns_32ns_32_8_full_dsp_1_U763                    | 2   |        | vsum_1          | fadd  | fulldsp | 7       |
|   fmul_32ns_32ns_32_5_max_dsp_1_U773                         | 2   |        | vsum_2          | fadd  | fulldsp | 7       |
|   faddfsub_32ns_32ns_32_8_full_dsp_1_U763                    | 2   |        | vsum_3          | fadd  | fulldsp | 7       |
|   faddfsub_32ns_32ns_32_8_full_dsp_1_U763                    | 2   |        | vsum_4          | fadd  | fulldsp | 7       |
|   faddfsub_32ns_32ns_32_8_full_dsp_1_U763                    | 2   |        | vsum_5          | fadd  | fulldsp | 7       |
|   faddfsub_32ns_32ns_32_8_full_dsp_1_U763                    | 2   |        | vsum_6          | fadd  | fulldsp | 7       |
|   faddfsub_32ns_32ns_32_8_full_dsp_1_U763                    | 2   |        | vsum_7          | fadd  | fulldsp | 7       |
|   faddfsub_32ns_32ns_32_8_full_dsp_1_U763                    | 2   |        | vsum_8          | fadd  | fulldsp | 7       |
|   faddfsub_32ns_32ns_32_8_full_dsp_1_U763                    | 2   |        | vsum_9          | fadd  | fulldsp | 7       |
|   faddfsub_32ns_32ns_32_8_full_dsp_1_U763                    | 2   |        | vsum_10         | fadd  | fulldsp | 7       |
|   fmul_32ns_32ns_32_5_max_dsp_1_U773                         | 2   |        | vsum_11         | fadd  | fulldsp | 7       |
|   faddfsub_32ns_32ns_32_8_full_dsp_1_U763                    | 2   |        | vsum_12         | fadd  | fulldsp | 7       |
|   faddfsub_32ns_32ns_32_8_full_dsp_1_U763                    | 2   |        | vsum_13         | fadd  | fulldsp | 7       |
|   faddfsub_32ns_32ns_32_8_full_dsp_1_U763                    | 2   |        | vsum_14         | fadd  | fulldsp | 7       |
|   faddfsub_32ns_32ns_32_8_full_dsp_1_U763                    | 2   |        | vsum_15         | fadd  | fulldsp | 7       |
|   faddfsub_32ns_32ns_32_8_full_dsp_1_U763                    | 2   |        | vsum_16         | fadd  | fulldsp | 7       |
|   fcmp_32ns_32ns_1_2_no_dsp_1_U805                           | 2   |        | vsum_17         | fadd  | fulldsp | 7       |
|   faddfsub_32ns_32ns_32_8_full_dsp_1_U763                    | 2   |        | vsum_18         | fadd  | fulldsp | 7       |
|   faddfsub_32ns_32ns_32_8_full_dsp_1_U763                    | 2   |        | vsum_19         | fadd  | fulldsp | 7       |
|   fmul_32ns_32ns_32_5_max_dsp_1_U774                         | 2   |        | vsum_20         | fadd  | fulldsp | 7       |
|   faddfsub_32ns_32ns_32_8_full_dsp_1_U763                    | 2   |        | vsum_21         | fadd  | fulldsp | 7       |
|   faddfsub_32ns_32ns_32_8_full_dsp_1_U763                    | 2   |        | vsum_22         | fadd  | fulldsp | 7       |
|   faddfsub_32ns_32ns_32_8_full_dsp_1_U763                    | 2   |        | vsum_23         | fadd  | fulldsp | 7       |
|   faddfsub_32ns_32ns_32_8_full_dsp_1_U763                    | 2   |        | vsum_24         | fadd  | fulldsp | 7       |
|   faddfsub_32ns_32ns_32_8_full_dsp_1_U763                    | 2   |        | vsum_25         | fadd  | fulldsp | 7       |
|   faddfsub_32ns_32ns_32_8_full_dsp_1_U763                    | 2   |        | vsum_26         | fadd  | fulldsp | 7       |
|   faddfsub_32ns_32ns_32_8_full_dsp_1_U763                    | 2   |        | vsum_27         | fadd  | fulldsp | 7       |
|   faddfsub_32ns_32ns_32_8_full_dsp_1_U763                    | 2   |        | vsum_28         | fadd  | fulldsp | 7       |
|   fmul_32ns_32ns_32_5_max_dsp_1_U773                         | 2   |        | vsum_29         | fadd  | fulldsp | 7       |
|   faddfsub_32ns_32ns_32_8_full_dsp_1_U763                    | 2   |        | vsum_30         | fadd  | fulldsp | 7       |
|   faddfsub_32ns_32ns_32_8_full_dsp_1_U763                    | 2   |        | vsum_31         | fadd  | fulldsp | 7       |
|   faddfsub_32ns_32ns_32_8_full_dsp_1_U763                    | 2   |        | vsum_32         | fadd  | fulldsp | 7       |
|   faddfsub_32ns_32ns_32_8_full_dsp_1_U763                    | 2   |        | vsum_33         | fadd  | fulldsp | 7       |
|   faddfsub_32ns_32ns_32_8_full_dsp_1_U763                    | 2   |        | vsum_34         | fadd  | fulldsp | 7       |
|   fcmp_32ns_32ns_1_2_no_dsp_1_U805                           | 2   |        | vsum_35         | fadd  | fulldsp | 7       |
|   fdiv_32ns_32ns_32_16_no_dsp_1_U764                         | -   |        | div69_i_i       | fdiv  | fabric  | 15      |
|   fmul_32ns_32ns_32_5_max_dsp_1_U773                         | 2   |        | add70_i_i       | fadd  | fulldsp | 7       |
|   fmul_32ns_32ns_32_5_max_dsp_1_U774                         | -   |        | tmp_1           | fsqrt | fabric  | 15      |
|   fmul_32ns_32ns_32_5_max_dsp_1_U773                         | -   |        | inv_std         | fdiv  | fabric  | 15      |
|   add_ln84_1_fu_2004_p2                                      | -   |        | add_ln84_1      | add   | fabric  | 0       |
|   add_ln170_18_fu_2298_p2                                    | -   |        | add_ln170_18    | add   | fabric  | 0       |
|   fmul_32ns_32ns_32_5_max_dsp_1_U773                         | -   |        | add_ln170_21    | add   | fabric  | 0       |
|   add_ln262_fu_2316_p2                                       | -   |        | add_ln262       | add   | fabric  | 0       |
|   fmul_32ns_32ns_32_5_max_dsp_1_U773                         | -   |        | add_ln162       | add   | fabric  | 0       |
|   fmul_32ns_32ns_32_5_max_dsp_1_U774                         | -   |        | add_ln84_2      | add   | fabric  | 0       |
|   fmul_32ns_32ns_32_5_max_dsp_1_U773                         | 2   |        | msum_36         | fadd  | fulldsp | 7       |
|   fmul_32ns_32ns_32_5_max_dsp_1_U773                         | 2   |        | msum_37         | fadd  | fulldsp | 7       |
|   fmul_32ns_32ns_32_5_max_dsp_1_U773                         | 2   |        | msum_38         | fadd  | fulldsp | 7       |
|   fmul_32ns_32ns_32_5_max_dsp_1_U774                         | 2   |        | msum_39         | fadd  | fulldsp | 7       |
|   faddfsub_32ns_32ns_32_8_full_dsp_1_U763                    | 2   |        | msum_40         | fadd  | fulldsp | 7       |
|   faddfsub_32ns_32ns_32_8_full_dsp_1_U763                    | 2   |        | msum_41         | fadd  | fulldsp | 7       |
|   faddfsub_32ns_32ns_32_8_full_dsp_1_U763                    | 2   |        | msum_42         | fadd  | fulldsp | 7       |
|   faddfsub_32ns_32ns_32_8_full_dsp_1_U763                    | 2   |        | msum_43         | fadd  | fulldsp | 7       |
|   fmul_32ns_32ns_32_5_max_dsp_1_U774                         | 2   |        | msum_44         | fadd  | fulldsp | 7       |
|   fcmp_32ns_32ns_1_2_no_dsp_1_U805                           | 2   |        | msum_45         | fadd  | fulldsp | 7       |
|   fmul_32ns_32ns_32_5_max_dsp_1_U774                         | 2   |        | msum_46         | fadd  | fulldsp | 7       |
|   fmul_32ns_32ns_32_5_max_dsp_1_U774                         | 2   |        | msum_47         | fadd  | fulldsp | 7       |
|   fmul_32ns_32ns_32_5_max_dsp_1_U773                         | 2   |        | msum_48         | fadd  | fulldsp | 7       |
|   faddfsub_32ns_32ns_32_8_full_dsp_1_U763                    | 2   |        | msum_49         | fadd  | fulldsp | 7       |
|   faddfsub_32ns_32ns_32_8_full_dsp_1_U763                    | 2   |        | msum_50         | fadd  | fulldsp | 7       |
|   faddfsub_32ns_32ns_32_8_full_dsp_1_U763                    | 2   |        | msum_51         | fadd  | fulldsp | 7       |
|   faddfsub_32ns_32ns_32_8_full_dsp_1_U763                    | 2   |        | msum_52         | fadd  | fulldsp | 7       |
|   fmul_32ns_32ns_32_5_max_dsp_1_U773                         | 2   |        | msum_53         | fadd  | fulldsp | 7       |
|   fmul_32ns_32ns_32_5_max_dsp_1_U773                         | 2   |        | msum_54         | fadd  | fulldsp | 7       |
|   fmul_32ns_32ns_32_5_max_dsp_1_U773                         | 2   |        | msum_55         | fadd  | fulldsp | 7       |
|   fmul_32ns_32ns_32_5_max_dsp_1_U773                         | 2   |        | msum_56         | fadd  | fulldsp | 7       |
|   fmul_32ns_32ns_32_5_max_dsp_1_U774                         | 2   |        | msum_57         | fadd  | fulldsp | 7       |
|   faddfsub_32ns_32ns_32_8_full_dsp_1_U763                    | 2   |        | msum_58         | fadd  | fulldsp | 7       |
|   faddfsub_32ns_32ns_32_8_full_dsp_1_U763                    | 2   |        | msum_59         | fadd  | fulldsp | 7       |
|   faddfsub_32ns_32ns_32_8_full_dsp_1_U763                    | 2   |        | msum_60         | fadd  | fulldsp | 7       |
|   faddfsub_32ns_32ns_32_8_full_dsp_1_U763                    | 2   |        | msum_61         | fadd  | fulldsp | 7       |
|   fmul_32ns_32ns_32_5_max_dsp_1_U774                         | 2   |        | msum_62         | fadd  | fulldsp | 7       |
|   fcmp_32ns_32ns_1_2_no_dsp_1_U805                           | 2   |        | msum_63         | fadd  | fulldsp | 7       |
|   fmul_32ns_32ns_32_5_max_dsp_1_U774                         | 2   |        | msum_64         | fadd  | fulldsp | 7       |
|   fmul_32ns_32ns_32_5_max_dsp_1_U774                         | 2   |        | msum_65         | fadd  | fulldsp | 7       |
|   fmul_32ns_32ns_32_5_max_dsp_1_U773                         | 2   |        | msum_66         | fadd  | fulldsp | 7       |
|   faddfsub_32ns_32ns_32_8_full_dsp_1_U763                    | 2   |        | msum_67         | fadd  | fulldsp | 7       |
|   faddfsub_32ns_32ns_32_8_full_dsp_1_U763                    | 2   |        | msum_68         | fadd  | fulldsp | 7       |
|   faddfsub_32ns_32ns_32_8_full_dsp_1_U763                    | 2   |        | msum_69         | fadd  | fulldsp | 7       |
|   faddfsub_32ns_32ns_32_8_full_dsp_1_U763                    | 2   |        | msum_70         | fadd  | fulldsp | 7       |
|   fmul_32ns_32ns_32_5_max_dsp_1_U773                         | 2   |        | msum_71         | fadd  | fulldsp | 7       |
|   fmul_32ns_32ns_32_5_max_dsp_1_U773                         | -   |        | mean_1          | fdiv  | fabric  | 15      |
|   fmul_32ns_32ns_32_5_max_dsp_1_U773                         | 2   |        | vsum_36         | fadd  | fulldsp | 7       |
|   fmul_32ns_32ns_32_5_max_dsp_1_U774                         | 2   |        | vsum_37         | fadd  | fulldsp | 7       |
|   faddfsub_32ns_32ns_32_8_full_dsp_1_U763                    | 2   |        | vsum_38         | fadd  | fulldsp | 7       |
|   faddfsub_32ns_32ns_32_8_full_dsp_1_U763                    | 2   |        | vsum_39         | fadd  | fulldsp | 7       |
|   faddfsub_32ns_32ns_32_8_full_dsp_1_U763                    | 2   |        | vsum_40         | fadd  | fulldsp | 7       |
|   faddfsub_32ns_32ns_32_8_full_dsp_1_U763                    | 2   |        | vsum_41         | fadd  | fulldsp | 7       |
|   fmul_32ns_32ns_32_5_max_dsp_1_U774                         | 2   |        | vsum_42         | fadd  | fulldsp | 7       |
|   fmul_32ns_32ns_32_5_max_dsp_1_U774                         | 2   |        | vsum_43         | fadd  | fulldsp | 7       |
|   fmul_32ns_32ns_32_5_max_dsp_1_U774                         | 2   |        | vsum_44         | fadd  | fulldsp | 7       |
|   fcmp_32ns_32ns_1_2_no_dsp_1_U805                           | 2   |        | vsum_45         | fadd  | fulldsp | 7       |
|   fmul_32ns_32ns_32_5_max_dsp_1_U773                         | 2   |        | vsum_46         | fadd  | fulldsp | 7       |
|   faddfsub_32ns_32ns_32_8_full_dsp_1_U763                    | 2   |        | vsum_47         | fadd  | fulldsp | 7       |
|   faddfsub_32ns_32ns_32_8_full_dsp_1_U763                    | 2   |        | vsum_48         | fadd  | fulldsp | 7       |
|   faddfsub_32ns_32ns_32_8_full_dsp_1_U763                    | 2   |        | vsum_49         | fadd  | fulldsp | 7       |
|   faddfsub_32ns_32ns_32_8_full_dsp_1_U763                    | 2   |        | vsum_50         | fadd  | fulldsp | 7       |
|   fmul_32ns_32ns_32_5_max_dsp_1_U773                         | 2   |        | vsum_51         | fadd  | fulldsp | 7       |
|   fmul_32ns_32ns_32_5_max_dsp_1_U773                         | 2   |        | vsum_52         | fadd  | fulldsp | 7       |
|   fmul_32ns_32ns_32_5_max_dsp_1_U773                         | 2   |        | vsum_53         | fadd  | fulldsp | 7       |
|   fmul_32ns_32ns_32_5_max_dsp_1_U773                         | 2   |        | vsum_54         | fadd  | fulldsp | 7       |
|   fmul_32ns_32ns_32_5_max_dsp_1_U774                         | 2   |        | vsum_55         | fadd  | fulldsp | 7       |
|   faddfsub_32ns_32ns_32_8_full_dsp_1_U763                    | 2   |        | vsum_56         | fadd  | fulldsp | 7       |
|   faddfsub_32ns_32ns_32_8_full_dsp_1_U763                    | 2   |        | vsum_57         | fadd  | fulldsp | 7       |
|   faddfsub_32ns_32ns_32_8_full_dsp_1_U763                    | 2   |        | vsum_58         | fadd  | fulldsp | 7       |
|   faddfsub_32ns_32ns_32_8_full_dsp_1_U763                    | 2   |        | vsum_59         | fadd  | fulldsp | 7       |
|   fmul_32ns_32ns_32_5_max_dsp_1_U774                         | 2   |        | vsum_60         | fadd  | fulldsp | 7       |
|   fmul_32ns_32ns_32_5_max_dsp_1_U774                         | 2   |        | vsum_61         | fadd  | fulldsp | 7       |
|   fmul_32ns_32ns_32_5_max_dsp_1_U774                         | 2   |        | vsum_62         | fadd  | fulldsp | 7       |
|   fcmp_32ns_32ns_1_2_no_dsp_1_U805                           | 2   |        | vsum_63         | fadd  | fulldsp | 7       |
|   fmul_32ns_32ns_32_5_max_dsp_1_U773                         | 2   |        | vsum_64         | fadd  | fulldsp | 7       |
|   faddfsub_32ns_32ns_32_8_full_dsp_1_U763                    | 2   |        | vsum_65         | fadd  | fulldsp | 7       |
|   faddfsub_32ns_32ns_32_8_full_dsp_1_U763                    | 2   |        | vsum_66         | fadd  | fulldsp | 7       |
|   faddfsub_32ns_32ns_32_8_full_dsp_1_U763                    | 2   |        | vsum_67         | fadd  | fulldsp | 7       |
|   faddfsub_32ns_32ns_32_8_full_dsp_1_U763                    | 2   |        | vsum_68         | fadd  | fulldsp | 7       |
|   fmul_32ns_32ns_32_5_max_dsp_1_U773                         | 2   |        | vsum_69         | fadd  | fulldsp | 7       |
|   fmul_32ns_32ns_32_5_max_dsp_1_U773                         | 2   |        | vsum_70         | fadd  | fulldsp | 7       |
|   fmul_32ns_32ns_32_5_max_dsp_1_U773                         | 2   |        | vsum_71         | fadd  | fulldsp | 7       |
|   fmul_32ns_32ns_32_5_max_dsp_1_U773                         | -   |        | div69_i130_i    | fdiv  | fabric  | 15      |
|   fmul_32ns_32ns_32_5_max_dsp_1_U774                         | 2   |        | add70_i131_i    | fadd  | fulldsp | 7       |
|   fsqrt_32ns_32ns_32_16_no_dsp_1_U765                        | -   |        | tmp_11          | fsqrt | fabric  | 15      |
|   fdiv_32ns_32ns_32_16_no_dsp_1_U764                         | -   |        | inv_std_1       | fdiv  | fabric  | 15      |
|   add_ln84_3_fu_2390_p2                                      | -   |        | add_ln84_3      | add   | fabric  | 0       |
|   fmul_32ns_32ns_32_5_max_dsp_1_U774                         | -   |        | add_ln170       | add   | fabric  | 0       |
|   faddfsub_32ns_32ns_32_8_full_dsp_1_U763                    | -   |        | add_ln170_1092  | add   | fabric  | 0       |
|  + transformer_blk_s2_top_Pipeline_COPY_IN                   | 0   |        |                 |       |         |         |
|    add_ln145_fu_135_p2                                       | -   |        | add_ln145       | add   | fabric  | 0       |
|  + transformer_blk_s2_top_Pipeline_COPY_OUT                  | 0   |        |                 |       |         |         |
|    add_ln161_fu_131_p2                                       | -   |        | add_ln161       | add   | fabric  | 0       |
|  + transformer_blk_s2_top_Pipeline_LF_S_LF_OD                | 0   |        |                 |       |         |         |
|    add_ln170_16_fu_3746_p2                                   | -   |        | add_ln170_16    | add   | fabric  | 0       |
|    add_ln162_2_fu_3758_p2                                    | -   |        | add_ln162_2     | add   | fabric  | 0       |
|    add_ln162_fu_3781_p2                                      | -   |        | add_ln162       | add   | fabric  | 0       |
|    add_ln170_19_fu_3807_p2                                   | -   |        | add_ln170_19    | add   | fabric  | 0       |
|    add_ln162_354_fu_3997_p2                                  | -   |        | add_ln162_354   | add   | fabric  | 0       |
|    add_ln162_355_fu_4010_p2                                  | -   |        | add_ln162_355   | add   | fabric  | 0       |
|    add_ln162_356_fu_4061_p2                                  | -   |        | add_ln162_356   | add   | fabric  | 0       |
|    add_ln162_357_fu_4074_p2                                  | -   |        | add_ln162_357   | add   | fabric  | 0       |
|    add_ln162_358_fu_4135_p2                                  | -   |        | add_ln162_358   | add   | fabric  | 0       |
|    add_ln162_359_fu_4148_p2                                  | -   |        | add_ln162_359   | add   | fabric  | 0       |
|    add_ln162_360_fu_4209_p2                                  | -   |        | add_ln162_360   | add   | fabric  | 0       |
|    add_ln162_361_fu_4222_p2                                  | -   |        | add_ln162_361   | add   | fabric  | 0       |
|    add_ln162_362_fu_4283_p2                                  | -   |        | add_ln162_362   | add   | fabric  | 0       |
|    add_ln162_363_fu_4296_p2                                  | -   |        | add_ln162_363   | add   | fabric  | 0       |
|    add_ln162_364_fu_4357_p2                                  | -   |        | add_ln162_364   | add   | fabric  | 0       |
|    add_ln162_365_fu_4370_p2                                  | -   |        | add_ln162_365   | add   | fabric  | 0       |
|    add_ln162_366_fu_4431_p2                                  | -   |        | add_ln162_366   | add   | fabric  | 0       |
|    add_ln162_367_fu_4444_p2                                  | -   |        | add_ln162_367   | add   | fabric  | 0       |
|    add_ln162_368_fu_4510_p2                                  | -   |        | add_ln162_368   | add   | fabric  | 0       |
|    add_ln162_369_fu_4523_p2                                  | -   |        | add_ln162_369   | add   | fabric  | 0       |
|    add_ln162_370_fu_4584_p2                                  | -   |        | add_ln162_370   | add   | fabric  | 0       |
|    add_ln162_371_fu_4597_p2                                  | -   |        | add_ln162_371   | add   | fabric  | 0       |
|    add_ln162_372_fu_4658_p2                                  | -   |        | add_ln162_372   | add   | fabric  | 0       |
|    add_ln162_373_fu_4671_p2                                  | -   |        | add_ln162_373   | add   | fabric  | 0       |
|    add_ln162_374_fu_4736_p2                                  | -   |        | add_ln162_374   | add   | fabric  | 0       |
|    add_ln162_375_fu_4749_p2                                  | -   |        | add_ln162_375   | add   | fabric  | 0       |
|    add_ln162_376_fu_4828_p2                                  | -   |        | add_ln162_376   | add   | fabric  | 0       |
|    add_ln162_377_fu_4841_p2                                  | -   |        | add_ln162_377   | add   | fabric  | 0       |
|    add_ln162_378_fu_4902_p2                                  | -   |        | add_ln162_378   | add   | fabric  | 0       |
|    add_ln162_379_fu_4915_p2                                  | -   |        | add_ln162_379   | add   | fabric  | 0       |
|    add_ln162_380_fu_4976_p2                                  | -   |        | add_ln162_380   | add   | fabric  | 0       |
|    add_ln162_381_fu_4989_p2                                  | -   |        | add_ln162_381   | add   | fabric  | 0       |
|    add_ln162_382_fu_5050_p2                                  | -   |        | add_ln162_382   | add   | fabric  | 0       |
|    add_ln162_383_fu_5063_p2                                  | -   |        | add_ln162_383   | add   | fabric  | 0       |
|    add_ln162_384_fu_5124_p2                                  | -   |        | add_ln162_384   | add   | fabric  | 0       |
|    add_ln162_385_fu_5137_p2                                  | -   |        | add_ln162_385   | add   | fabric  | 0       |
|    add_ln165_fu_3863_p2                                      | -   |        | add_ln165       | add   | fabric  | 0       |
|    empty_139_fu_3928_p2                                      | -   |        | empty_139       | add   | fabric  | 0       |
|    add_ln170_fu_3938_p2                                      | -   |        | add_ln170       | add   | fabric  | 0       |
|    add_ln170_1_fu_3958_p2                                    | -   |        | add_ln170_1     | add   | fabric  | 0       |
|    add_ln170_2_fu_4032_p2                                    | -   |        | add_ln170_2     | add   | fabric  | 0       |
|    add_ln170_3_fu_4051_p2                                    | -   |        | add_ln170_3     | add   | fabric  | 0       |
|    add_ln170_4_fu_4106_p2                                    | -   |        | add_ln170_4     | add   | fabric  | 0       |
|    add_ln170_5_fu_4125_p2                                    | -   |        | add_ln170_5     | add   | fabric  | 0       |
|    add_ln170_6_fu_4180_p2                                    | -   |        | add_ln170_6     | add   | fabric  | 0       |
|    add_ln170_7_fu_4199_p2                                    | -   |        | add_ln170_7     | add   | fabric  | 0       |
|    add_ln170_8_fu_4254_p2                                    | -   |        | add_ln170_8     | add   | fabric  | 0       |
|    add_ln170_9_fu_4273_p2                                    | -   |        | add_ln170_9     | add   | fabric  | 0       |
|    add_ln170_10_fu_4328_p2                                   | -   |        | add_ln170_10    | add   | fabric  | 0       |
|    add_ln170_11_fu_4347_p2                                   | -   |        | add_ln170_11    | add   | fabric  | 0       |
|    add_ln170_12_fu_4402_p2                                   | -   |        | add_ln170_12    | add   | fabric  | 0       |
|    add_ln170_13_fu_4421_p2                                   | -   |        | add_ln170_13    | add   | fabric  | 0       |
|    add_ln170_14_fu_4481_p2                                   | -   |        | add_ln170_14    | add   | fabric  | 0       |
|    add_ln170_15_fu_4500_p2                                   | -   |        | add_ln170_15    | add   | fabric  | 0       |
|    add_ln170_23_fu_4546_p2                                   | -   |        | add_ln170_23    | add   | fabric  | 0       |
|    add_ln170_20_fu_4555_p2                                   | -   |        | add_ln170_20    | add   | fabric  | 0       |
|    add_ln170_25_fu_4565_p2                                   | -   |        | add_ln170_25    | add   | fabric  | 0       |
|    add_ln170_22_fu_4574_p2                                   | -   |        | add_ln170_22    | add   | fabric  | 0       |
|    add_ln170_27_fu_4620_p2                                   | -   |        | add_ln170_27    | add   | fabric  | 0       |
|    add_ln170_24_fu_4629_p2                                   | -   |        | add_ln170_24    | add   | fabric  | 0       |
|    add_ln170_29_fu_4639_p2                                   | -   |        | add_ln170_29    | add   | fabric  | 0       |
|    add_ln170_26_fu_4648_p2                                   | -   |        | add_ln170_26    | add   | fabric  | 0       |
|    add_ln170_31_fu_4694_p2                                   | -   |        | add_ln170_31    | add   | fabric  | 0       |
|    add_ln170_28_fu_4703_p2                                   | -   |        | add_ln170_28    | add   | fabric  | 0       |
|    add_ln170_33_fu_4713_p2                                   | -   |        | add_ln170_33    | add   | fabric  | 0       |
|    add_ln170_30_fu_4722_p2                                   | -   |        | add_ln170_30    | add   | fabric  | 0       |
|    add_ln170_35_fu_4772_p2                                   | -   |        | add_ln170_35    | add   | fabric  | 0       |
|    add_ln170_32_fu_4781_p2                                   | -   |        | add_ln170_32    | add   | fabric  | 0       |
|    add_ln170_37_fu_4791_p2                                   | -   |        | add_ln170_37    | add   | fabric  | 0       |
|    add_ln170_34_fu_4800_p2                                   | -   |        | add_ln170_34    | add   | fabric  | 0       |
|    add_ln170_39_fu_4864_p2                                   | -   |        | add_ln170_39    | add   | fabric  | 0       |
|    add_ln170_36_fu_4873_p2                                   | -   |        | add_ln170_36    | add   | fabric  | 0       |
|    add_ln170_41_fu_4883_p2                                   | -   |        | add_ln170_41    | add   | fabric  | 0       |
|    add_ln170_38_fu_4892_p2                                   | -   |        | add_ln170_38    | add   | fabric  | 0       |
|    add_ln170_43_fu_4938_p2                                   | -   |        | add_ln170_43    | add   | fabric  | 0       |
|    add_ln170_40_fu_4947_p2                                   | -   |        | add_ln170_40    | add   | fabric  | 0       |
|    add_ln170_45_fu_4957_p2                                   | -   |        | add_ln170_45    | add   | fabric  | 0       |
|    add_ln170_42_fu_4966_p2                                   | -   |        | add_ln170_42    | add   | fabric  | 0       |
|    add_ln170_47_fu_5012_p2                                   | -   |        | add_ln170_47    | add   | fabric  | 0       |
|    add_ln170_44_fu_5021_p2                                   | -   |        | add_ln170_44    | add   | fabric  | 0       |
|    add_ln170_49_fu_5031_p2                                   | -   |        | add_ln170_49    | add   | fabric  | 0       |
|    add_ln170_46_fu_5040_p2                                   | -   |        | add_ln170_46    | add   | fabric  | 0       |
|    add_ln170_51_fu_5086_p2                                   | -   |        | add_ln170_51    | add   | fabric  | 0       |
|    add_ln170_48_fu_5095_p2                                   | -   |        | add_ln170_48    | add   | fabric  | 0       |
|    add_ln170_53_fu_5105_p2                                   | -   |        | add_ln170_53    | add   | fabric  | 0       |
|    add_ln170_50_fu_5114_p2                                   | -   |        | add_ln170_50    | add   | fabric  | 0       |
|    add_ln170_55_fu_5160_p2                                   | -   |        | add_ln170_55    | add   | fabric  | 0       |
|    add_ln170_52_fu_5169_p2                                   | -   |        | add_ln170_52    | add   | fabric  | 0       |
|    add_ln170_57_fu_5179_p2                                   | -   |        | add_ln170_57    | add   | fabric  | 0       |
|    add_ln170_54_fu_5188_p2                                   | -   |        | add_ln170_54    | add   | fabric  | 0       |
|    add_ln170_59_fu_5208_p2                                   | -   |        | add_ln170_59    | add   | fabric  | 0       |
|    add_ln170_56_fu_5217_p2                                   | -   |        | add_ln170_56    | add   | fabric  | 0       |
|    add_ln170_61_fu_5227_p2                                   | -   |        | add_ln170_61    | add   | fabric  | 0       |
|    add_ln170_58_fu_5236_p2                                   | -   |        | add_ln170_58    | add   | fabric  | 0       |
|    add_ln170_63_fu_5256_p2                                   | -   |        | add_ln170_63    | add   | fabric  | 0       |
|    add_ln170_60_fu_5265_p2                                   | -   |        | add_ln170_60    | add   | fabric  | 0       |
|    add_ln170_65_fu_5275_p2                                   | -   |        | add_ln170_65    | add   | fabric  | 0       |
|    add_ln170_62_fu_5284_p2                                   | -   |        | add_ln170_62    | add   | fabric  | 0       |
|    add_ln170_67_fu_5304_p2                                   | -   |        | add_ln170_67    | add   | fabric  | 0       |
|    add_ln170_64_fu_5313_p2                                   | -   |        | add_ln170_64    | add   | fabric  | 0       |
|    add_ln170_69_fu_5323_p2                                   | -   |        | add_ln170_69    | add   | fabric  | 0       |
|    add_ln170_66_fu_5332_p2                                   | -   |        | add_ln170_66    | add   | fabric  | 0       |
|    add_ln170_71_fu_5352_p2                                   | -   |        | add_ln170_71    | add   | fabric  | 0       |
|    add_ln170_68_fu_5361_p2                                   | -   |        | add_ln170_68    | add   | fabric  | 0       |
|    add_ln170_73_fu_5371_p2                                   | -   |        | add_ln170_73    | add   | fabric  | 0       |
|    add_ln170_70_fu_5380_p2                                   | -   |        | add_ln170_70    | add   | fabric  | 0       |
|    add_ln170_75_fu_5400_p2                                   | -   |        | add_ln170_75    | add   | fabric  | 0       |
|    add_ln170_72_fu_5409_p2                                   | -   |        | add_ln170_72    | add   | fabric  | 0       |
|    add_ln170_77_fu_5419_p2                                   | -   |        | add_ln170_77    | add   | fabric  | 0       |
|    add_ln170_74_fu_5428_p2                                   | -   |        | add_ln170_74    | add   | fabric  | 0       |
|    add_ln170_79_fu_5448_p2                                   | -   |        | add_ln170_79    | add   | fabric  | 0       |
|    add_ln170_76_fu_5457_p2                                   | -   |        | add_ln170_76    | add   | fabric  | 0       |
|    add_ln170_81_fu_5467_p2                                   | -   |        | add_ln170_81    | add   | fabric  | 0       |
|    add_ln170_78_fu_5476_p2                                   | -   |        | add_ln170_78    | add   | fabric  | 0       |
|    add_ln170_83_fu_5496_p2                                   | -   |        | add_ln170_83    | add   | fabric  | 0       |
|    add_ln170_80_fu_5505_p2                                   | -   |        | add_ln170_80    | add   | fabric  | 0       |
|    add_ln170_85_fu_5515_p2                                   | -   |        | add_ln170_85    | add   | fabric  | 0       |
|    add_ln170_82_fu_5524_p2                                   | -   |        | add_ln170_82    | add   | fabric  | 0       |
|    add_ln170_87_fu_5544_p2                                   | -   |        | add_ln170_87    | add   | fabric  | 0       |
|    add_ln170_84_fu_5553_p2                                   | -   |        | add_ln170_84    | add   | fabric  | 0       |
|    add_ln170_89_fu_5563_p2                                   | -   |        | add_ln170_89    | add   | fabric  | 0       |
|    add_ln170_86_fu_5572_p2                                   | -   |        | add_ln170_86    | add   | fabric  | 0       |
|    add_ln170_91_fu_5592_p2                                   | -   |        | add_ln170_91    | add   | fabric  | 0       |
|    add_ln170_88_fu_5601_p2                                   | -   |        | add_ln170_88    | add   | fabric  | 0       |
|    add_ln170_93_fu_5611_p2                                   | -   |        | add_ln170_93    | add   | fabric  | 0       |
|    add_ln170_90_fu_5620_p2                                   | -   |        | add_ln170_90    | add   | fabric  | 0       |
|    add_ln170_95_fu_5640_p2                                   | -   |        | add_ln170_95    | add   | fabric  | 0       |
|    add_ln170_92_fu_5649_p2                                   | -   |        | add_ln170_92    | add   | fabric  | 0       |
|    add_ln170_97_fu_5659_p2                                   | -   |        | add_ln170_97    | add   | fabric  | 0       |
|    add_ln170_94_fu_5668_p2                                   | -   |        | add_ln170_94    | add   | fabric  | 0       |
|    add_ln170_99_fu_5688_p2                                   | -   |        | add_ln170_99    | add   | fabric  | 0       |
|    add_ln170_96_fu_5697_p2                                   | -   |        | add_ln170_96    | add   | fabric  | 0       |
|    add_ln170_101_fu_5707_p2                                  | -   |        | add_ln170_101   | add   | fabric  | 0       |
|    add_ln170_98_fu_5716_p2                                   | -   |        | add_ln170_98    | add   | fabric  | 0       |
|    add_ln170_103_fu_5736_p2                                  | -   |        | add_ln170_103   | add   | fabric  | 0       |
|    add_ln170_100_fu_5745_p2                                  | -   |        | add_ln170_100   | add   | fabric  | 0       |
|    add_ln170_105_fu_5755_p2                                  | -   |        | add_ln170_105   | add   | fabric  | 0       |
|    add_ln170_102_fu_5764_p2                                  | -   |        | add_ln170_102   | add   | fabric  | 0       |
|    add_ln170_107_fu_5784_p2                                  | -   |        | add_ln170_107   | add   | fabric  | 0       |
|    add_ln170_104_fu_5793_p2                                  | -   |        | add_ln170_104   | add   | fabric  | 0       |
|    add_ln170_109_fu_5803_p2                                  | -   |        | add_ln170_109   | add   | fabric  | 0       |
|    add_ln170_106_fu_5812_p2                                  | -   |        | add_ln170_106   | add   | fabric  | 0       |
|    add_ln170_111_fu_5832_p2                                  | -   |        | add_ln170_111   | add   | fabric  | 0       |
|    add_ln170_108_fu_5841_p2                                  | -   |        | add_ln170_108   | add   | fabric  | 0       |
|    add_ln170_113_fu_5851_p2                                  | -   |        | add_ln170_113   | add   | fabric  | 0       |
|    add_ln170_110_fu_5860_p2                                  | -   |        | add_ln170_110   | add   | fabric  | 0       |
|    add_ln170_115_fu_5880_p2                                  | -   |        | add_ln170_115   | add   | fabric  | 0       |
|    add_ln170_112_fu_5889_p2                                  | -   |        | add_ln170_112   | add   | fabric  | 0       |
|    add_ln170_117_fu_5899_p2                                  | -   |        | add_ln170_117   | add   | fabric  | 0       |
|    add_ln170_114_fu_5908_p2                                  | -   |        | add_ln170_114   | add   | fabric  | 0       |
|    add_ln170_119_fu_5928_p2                                  | -   |        | add_ln170_119   | add   | fabric  | 0       |
|    add_ln170_116_fu_5937_p2                                  | -   |        | add_ln170_116   | add   | fabric  | 0       |
|    add_ln170_121_fu_5947_p2                                  | -   |        | add_ln170_121   | add   | fabric  | 0       |
|    add_ln170_118_fu_5956_p2                                  | -   |        | add_ln170_118   | add   | fabric  | 0       |
|    add_ln170_123_fu_5976_p2                                  | -   |        | add_ln170_123   | add   | fabric  | 0       |
|    add_ln170_120_fu_5985_p2                                  | -   |        | add_ln170_120   | add   | fabric  | 0       |
|    add_ln170_125_fu_5995_p2                                  | -   |        | add_ln170_125   | add   | fabric  | 0       |
|    add_ln170_122_fu_6004_p2                                  | -   |        | add_ln170_122   | add   | fabric  | 0       |
|    add_ln170_127_fu_6024_p2                                  | -   |        | add_ln170_127   | add   | fabric  | 0       |
|    add_ln170_124_fu_6033_p2                                  | -   |        | add_ln170_124   | add   | fabric  | 0       |
|    add_ln170_129_fu_6043_p2                                  | -   |        | add_ln170_129   | add   | fabric  | 0       |
|    add_ln170_126_fu_6052_p2                                  | -   |        | add_ln170_126   | add   | fabric  | 0       |
|    add_ln170_131_fu_6072_p2                                  | -   |        | add_ln170_131   | add   | fabric  | 0       |
|    add_ln170_128_fu_6081_p2                                  | -   |        | add_ln170_128   | add   | fabric  | 0       |
|    add_ln170_133_fu_6091_p2                                  | -   |        | add_ln170_133   | add   | fabric  | 0       |
|    add_ln170_130_fu_6100_p2                                  | -   |        | add_ln170_130   | add   | fabric  | 0       |
|    add_ln170_135_fu_6120_p2                                  | -   |        | add_ln170_135   | add   | fabric  | 0       |
|    add_ln170_132_fu_6129_p2                                  | -   |        | add_ln170_132   | add   | fabric  | 0       |
|    add_ln170_137_fu_6139_p2                                  | -   |        | add_ln170_137   | add   | fabric  | 0       |
|    add_ln170_134_fu_6148_p2                                  | -   |        | add_ln170_134   | add   | fabric  | 0       |
|    add_ln170_139_fu_6168_p2                                  | -   |        | add_ln170_139   | add   | fabric  | 0       |
|    add_ln170_136_fu_6177_p2                                  | -   |        | add_ln170_136   | add   | fabric  | 0       |
|    add_ln170_141_fu_6187_p2                                  | -   |        | add_ln170_141   | add   | fabric  | 0       |
|    add_ln170_138_fu_6196_p2                                  | -   |        | add_ln170_138   | add   | fabric  | 0       |
|    add_ln170_143_fu_6216_p2                                  | -   |        | add_ln170_143   | add   | fabric  | 0       |
|    add_ln170_140_fu_6225_p2                                  | -   |        | add_ln170_140   | add   | fabric  | 0       |
|    add_ln170_145_fu_6235_p2                                  | -   |        | add_ln170_145   | add   | fabric  | 0       |
|    add_ln170_142_fu_6244_p2                                  | -   |        | add_ln170_142   | add   | fabric  | 0       |
|    add_ln170_147_fu_6264_p2                                  | -   |        | add_ln170_147   | add   | fabric  | 0       |
|    add_ln170_144_fu_6273_p2                                  | -   |        | add_ln170_144   | add   | fabric  | 0       |
|    add_ln170_149_fu_6283_p2                                  | -   |        | add_ln170_149   | add   | fabric  | 0       |
|    add_ln170_146_fu_6292_p2                                  | -   |        | add_ln170_146   | add   | fabric  | 0       |
|    add_ln170_151_fu_6312_p2                                  | -   |        | add_ln170_151   | add   | fabric  | 0       |
|    add_ln170_148_fu_6321_p2                                  | -   |        | add_ln170_148   | add   | fabric  | 0       |
|    add_ln170_153_fu_6331_p2                                  | -   |        | add_ln170_153   | add   | fabric  | 0       |
|    add_ln170_150_fu_6340_p2                                  | -   |        | add_ln170_150   | add   | fabric  | 0       |
|    add_ln170_155_fu_6360_p2                                  | -   |        | add_ln170_155   | add   | fabric  | 0       |
|    add_ln170_152_fu_6369_p2                                  | -   |        | add_ln170_152   | add   | fabric  | 0       |
|    add_ln170_157_fu_6379_p2                                  | -   |        | add_ln170_157   | add   | fabric  | 0       |
|    add_ln170_154_fu_6388_p2                                  | -   |        | add_ln170_154   | add   | fabric  | 0       |
|    add_ln170_159_fu_6408_p2                                  | -   |        | add_ln170_159   | add   | fabric  | 0       |
|    add_ln170_156_fu_6417_p2                                  | -   |        | add_ln170_156   | add   | fabric  | 0       |
|    add_ln170_161_fu_6427_p2                                  | -   |        | add_ln170_161   | add   | fabric  | 0       |
|    add_ln170_158_fu_6436_p2                                  | -   |        | add_ln170_158   | add   | fabric  | 0       |
|    add_ln170_163_fu_6456_p2                                  | -   |        | add_ln170_163   | add   | fabric  | 0       |
|    add_ln170_160_fu_6465_p2                                  | -   |        | add_ln170_160   | add   | fabric  | 0       |
|    add_ln170_165_fu_6475_p2                                  | -   |        | add_ln170_165   | add   | fabric  | 0       |
|    add_ln170_162_fu_6484_p2                                  | -   |        | add_ln170_162   | add   | fabric  | 0       |
|    add_ln170_167_fu_6504_p2                                  | -   |        | add_ln170_167   | add   | fabric  | 0       |
|    add_ln170_164_fu_6513_p2                                  | -   |        | add_ln170_164   | add   | fabric  | 0       |
|    add_ln170_169_fu_6523_p2                                  | -   |        | add_ln170_169   | add   | fabric  | 0       |
|    add_ln170_166_fu_6532_p2                                  | -   |        | add_ln170_166   | add   | fabric  | 0       |
|    add_ln170_171_fu_6552_p2                                  | -   |        | add_ln170_171   | add   | fabric  | 0       |
|    add_ln170_168_fu_6561_p2                                  | -   |        | add_ln170_168   | add   | fabric  | 0       |
|    add_ln170_173_fu_6571_p2                                  | -   |        | add_ln170_173   | add   | fabric  | 0       |
|    add_ln170_170_fu_6580_p2                                  | -   |        | add_ln170_170   | add   | fabric  | 0       |
|    add_ln170_175_fu_6600_p2                                  | -   |        | add_ln170_175   | add   | fabric  | 0       |
|    add_ln170_172_fu_6609_p2                                  | -   |        | add_ln170_172   | add   | fabric  | 0       |
|    add_ln170_177_fu_6619_p2                                  | -   |        | add_ln170_177   | add   | fabric  | 0       |
|    add_ln170_174_fu_6628_p2                                  | -   |        | add_ln170_174   | add   | fabric  | 0       |
|    add_ln170_179_fu_6648_p2                                  | -   |        | add_ln170_179   | add   | fabric  | 0       |
|    add_ln170_176_fu_6657_p2                                  | -   |        | add_ln170_176   | add   | fabric  | 0       |
|    add_ln170_181_fu_6667_p2                                  | -   |        | add_ln170_181   | add   | fabric  | 0       |
|    add_ln170_178_fu_6676_p2                                  | -   |        | add_ln170_178   | add   | fabric  | 0       |
|    add_ln170_183_fu_6696_p2                                  | -   |        | add_ln170_183   | add   | fabric  | 0       |
|    add_ln170_180_fu_6705_p2                                  | -   |        | add_ln170_180   | add   | fabric  | 0       |
|    add_ln170_185_fu_6715_p2                                  | -   |        | add_ln170_185   | add   | fabric  | 0       |
|    add_ln170_182_fu_6724_p2                                  | -   |        | add_ln170_182   | add   | fabric  | 0       |
|    add_ln170_187_fu_6744_p2                                  | -   |        | add_ln170_187   | add   | fabric  | 0       |
|    add_ln170_184_fu_6753_p2                                  | -   |        | add_ln170_184   | add   | fabric  | 0       |
|    add_ln170_189_fu_6763_p2                                  | -   |        | add_ln170_189   | add   | fabric  | 0       |
|    add_ln170_186_fu_6772_p2                                  | -   |        | add_ln170_186   | add   | fabric  | 0       |
|    add_ln170_191_fu_6792_p2                                  | -   |        | add_ln170_191   | add   | fabric  | 0       |
|    add_ln170_188_fu_6801_p2                                  | -   |        | add_ln170_188   | add   | fabric  | 0       |
|    add_ln170_193_fu_6811_p2                                  | -   |        | add_ln170_193   | add   | fabric  | 0       |
|    add_ln170_190_fu_6820_p2                                  | -   |        | add_ln170_190   | add   | fabric  | 0       |
|    add_ln170_195_fu_6840_p2                                  | -   |        | add_ln170_195   | add   | fabric  | 0       |
|    add_ln170_192_fu_6849_p2                                  | -   |        | add_ln170_192   | add   | fabric  | 0       |
|    add_ln170_197_fu_6859_p2                                  | -   |        | add_ln170_197   | add   | fabric  | 0       |
|    add_ln170_194_fu_6868_p2                                  | -   |        | add_ln170_194   | add   | fabric  | 0       |
|    add_ln170_199_fu_6888_p2                                  | -   |        | add_ln170_199   | add   | fabric  | 0       |
|    add_ln170_196_fu_6897_p2                                  | -   |        | add_ln170_196   | add   | fabric  | 0       |
|    add_ln170_201_fu_6907_p2                                  | -   |        | add_ln170_201   | add   | fabric  | 0       |
|    add_ln170_198_fu_6916_p2                                  | -   |        | add_ln170_198   | add   | fabric  | 0       |
|    add_ln170_203_fu_6936_p2                                  | -   |        | add_ln170_203   | add   | fabric  | 0       |
|    add_ln170_200_fu_6945_p2                                  | -   |        | add_ln170_200   | add   | fabric  | 0       |
|    add_ln170_205_fu_6955_p2                                  | -   |        | add_ln170_205   | add   | fabric  | 0       |
|    add_ln170_202_fu_6964_p2                                  | -   |        | add_ln170_202   | add   | fabric  | 0       |
|    add_ln170_207_fu_6984_p2                                  | -   |        | add_ln170_207   | add   | fabric  | 0       |
|    add_ln170_204_fu_6993_p2                                  | -   |        | add_ln170_204   | add   | fabric  | 0       |
|    add_ln170_209_fu_7003_p2                                  | -   |        | add_ln170_209   | add   | fabric  | 0       |
|    add_ln170_206_fu_7012_p2                                  | -   |        | add_ln170_206   | add   | fabric  | 0       |
|    add_ln170_211_fu_7032_p2                                  | -   |        | add_ln170_211   | add   | fabric  | 0       |
|    add_ln170_208_fu_7041_p2                                  | -   |        | add_ln170_208   | add   | fabric  | 0       |
|    add_ln170_213_fu_7051_p2                                  | -   |        | add_ln170_213   | add   | fabric  | 0       |
|    add_ln170_210_fu_7060_p2                                  | -   |        | add_ln170_210   | add   | fabric  | 0       |
|    add_ln170_215_fu_7080_p2                                  | -   |        | add_ln170_215   | add   | fabric  | 0       |
|    add_ln170_212_fu_7089_p2                                  | -   |        | add_ln170_212   | add   | fabric  | 0       |
|    add_ln170_217_fu_7099_p2                                  | -   |        | add_ln170_217   | add   | fabric  | 0       |
|    add_ln170_214_fu_7108_p2                                  | -   |        | add_ln170_214   | add   | fabric  | 0       |
|    add_ln170_219_fu_7128_p2                                  | -   |        | add_ln170_219   | add   | fabric  | 0       |
|    add_ln170_216_fu_7137_p2                                  | -   |        | add_ln170_216   | add   | fabric  | 0       |
|    add_ln170_221_fu_7147_p2                                  | -   |        | add_ln170_221   | add   | fabric  | 0       |
|    add_ln170_218_fu_7156_p2                                  | -   |        | add_ln170_218   | add   | fabric  | 0       |
|    add_ln170_223_fu_7176_p2                                  | -   |        | add_ln170_223   | add   | fabric  | 0       |
|    add_ln170_220_fu_7185_p2                                  | -   |        | add_ln170_220   | add   | fabric  | 0       |
|    add_ln170_225_fu_7195_p2                                  | -   |        | add_ln170_225   | add   | fabric  | 0       |
|    add_ln170_222_fu_7204_p2                                  | -   |        | add_ln170_222   | add   | fabric  | 0       |
|    add_ln170_227_fu_7224_p2                                  | -   |        | add_ln170_227   | add   | fabric  | 0       |
|    add_ln170_224_fu_7233_p2                                  | -   |        | add_ln170_224   | add   | fabric  | 0       |
|    add_ln170_229_fu_7243_p2                                  | -   |        | add_ln170_229   | add   | fabric  | 0       |
|    add_ln170_226_fu_7252_p2                                  | -   |        | add_ln170_226   | add   | fabric  | 0       |
|    add_ln170_231_fu_7272_p2                                  | -   |        | add_ln170_231   | add   | fabric  | 0       |
|    add_ln170_228_fu_7281_p2                                  | -   |        | add_ln170_228   | add   | fabric  | 0       |
|    add_ln170_233_fu_7291_p2                                  | -   |        | add_ln170_233   | add   | fabric  | 0       |
|    add_ln170_230_fu_7300_p2                                  | -   |        | add_ln170_230   | add   | fabric  | 0       |
|    add_ln170_235_fu_7320_p2                                  | -   |        | add_ln170_235   | add   | fabric  | 0       |
|    add_ln170_232_fu_7329_p2                                  | -   |        | add_ln170_232   | add   | fabric  | 0       |
|    add_ln170_237_fu_7339_p2                                  | -   |        | add_ln170_237   | add   | fabric  | 0       |
|    add_ln170_234_fu_7348_p2                                  | -   |        | add_ln170_234   | add   | fabric  | 0       |
|    add_ln170_239_fu_7368_p2                                  | -   |        | add_ln170_239   | add   | fabric  | 0       |
|    add_ln170_236_fu_7377_p2                                  | -   |        | add_ln170_236   | add   | fabric  | 0       |
|    add_ln170_241_fu_7387_p2                                  | -   |        | add_ln170_241   | add   | fabric  | 0       |
|    add_ln170_238_fu_7396_p2                                  | -   |        | add_ln170_238   | add   | fabric  | 0       |
|    add_ln170_243_fu_7416_p2                                  | -   |        | add_ln170_243   | add   | fabric  | 0       |
|    add_ln170_240_fu_7425_p2                                  | -   |        | add_ln170_240   | add   | fabric  | 0       |
|    add_ln170_245_fu_7435_p2                                  | -   |        | add_ln170_245   | add   | fabric  | 0       |
|    add_ln170_242_fu_7444_p2                                  | -   |        | add_ln170_242   | add   | fabric  | 0       |
|    add_ln170_247_fu_7464_p2                                  | -   |        | add_ln170_247   | add   | fabric  | 0       |
|    add_ln170_244_fu_7473_p2                                  | -   |        | add_ln170_244   | add   | fabric  | 0       |
|    add_ln170_249_fu_7483_p2                                  | -   |        | add_ln170_249   | add   | fabric  | 0       |
|    add_ln170_246_fu_7492_p2                                  | -   |        | add_ln170_246   | add   | fabric  | 0       |
|    add_ln170_251_fu_7512_p2                                  | -   |        | add_ln170_251   | add   | fabric  | 0       |
|    add_ln170_248_fu_7521_p2                                  | -   |        | add_ln170_248   | add   | fabric  | 0       |
|    add_ln170_253_fu_7531_p2                                  | -   |        | add_ln170_253   | add   | fabric  | 0       |
|    add_ln170_250_fu_7540_p2                                  | -   |        | add_ln170_250   | add   | fabric  | 0       |
|    add_ln170_255_fu_7560_p2                                  | -   |        | add_ln170_255   | add   | fabric  | 0       |
|    add_ln170_252_fu_7569_p2                                  | -   |        | add_ln170_252   | add   | fabric  | 0       |
|    add_ln170_257_fu_7579_p2                                  | -   |        | add_ln170_257   | add   | fabric  | 0       |
|    add_ln170_254_fu_7588_p2                                  | -   |        | add_ln170_254   | add   | fabric  | 0       |
|    add_ln170_259_fu_7608_p2                                  | -   |        | add_ln170_259   | add   | fabric  | 0       |
|    add_ln170_256_fu_7617_p2                                  | -   |        | add_ln170_256   | add   | fabric  | 0       |
|    add_ln170_261_fu_7627_p2                                  | -   |        | add_ln170_261   | add   | fabric  | 0       |
|    add_ln170_258_fu_7636_p2                                  | -   |        | add_ln170_258   | add   | fabric  | 0       |
|    add_ln170_263_fu_7656_p2                                  | -   |        | add_ln170_263   | add   | fabric  | 0       |
|    add_ln170_260_fu_7665_p2                                  | -   |        | add_ln170_260   | add   | fabric  | 0       |
|    add_ln170_265_fu_7675_p2                                  | -   |        | add_ln170_265   | add   | fabric  | 0       |
|    add_ln170_262_fu_7684_p2                                  | -   |        | add_ln170_262   | add   | fabric  | 0       |
|    add_ln170_267_fu_7704_p2                                  | -   |        | add_ln170_267   | add   | fabric  | 0       |
|    add_ln170_264_fu_7713_p2                                  | -   |        | add_ln170_264   | add   | fabric  | 0       |
|    add_ln170_269_fu_7723_p2                                  | -   |        | add_ln170_269   | add   | fabric  | 0       |
|    add_ln170_266_fu_7732_p2                                  | -   |        | add_ln170_266   | add   | fabric  | 0       |
|    add_ln170_271_fu_7752_p2                                  | -   |        | add_ln170_271   | add   | fabric  | 0       |
|    add_ln170_268_fu_7761_p2                                  | -   |        | add_ln170_268   | add   | fabric  | 0       |
|    add_ln170_273_fu_7771_p2                                  | -   |        | add_ln170_273   | add   | fabric  | 0       |
|    add_ln170_270_fu_7780_p2                                  | -   |        | add_ln170_270   | add   | fabric  | 0       |
|    add_ln170_276_fu_7800_p2                                  | -   |        | add_ln170_276   | add   | fabric  | 0       |
|    add_ln170_272_fu_7809_p2                                  | -   |        | add_ln170_272   | add   | fabric  | 0       |
|    add_ln170_294_fu_7819_p2                                  | -   |        | add_ln170_294   | add   | fabric  | 0       |
|    add_ln170_274_fu_7828_p2                                  | -   |        | add_ln170_274   | add   | fabric  | 0       |
|    mul_8ns_10ns_17_1_1_U128                                  | -   |        | mul_ln172       | mul   | auto    | 0       |
|    add_ln172_fu_3991_p2                                      | -   |        | add_ln172       | add   | fabric  | 0       |
|    add_ln163_fu_4810_p2                                      | -   |        | add_ln163       | add   | fabric  | 0       |
|  + transformer_blk_s2_top_Pipeline_LN_MEAN                   | 0   |        |                 |       |         |         |
|    add_ln92_fu_677_p2                                        | -   |        | add_ln92        | add   | fabric  | 0       |
|    add_ln97_2_fu_687_p2                                      | -   |        | add_ln97_2      | add   | fabric  | 0       |
|    add_ln97_fu_697_p2                                        | -   |        | add_ln97        | add   | fabric  | 0       |
|  + transformer_blk_s2_top_Pipeline_LN_VAR                    | 0   |        |                 |       |         |         |
|    add_ln113_fu_709_p2                                       | -   |        | add_ln113       | add   | fabric  | 0       |
|    add_ln118_fu_719_p2                                       | -   |        | add_ln118       | add   | fabric  | 0       |
|  + transformer_blk_s2_top_Pipeline_LN_NORM                   | 0   |        |                 |       |         |         |
|    add_ln131_fu_263_p2                                       | -   |        | add_ln131       | add   | fabric  | 0       |
|    add_ln133_fu_283_p2                                       | -   |        | add_ln133       | add   | fabric  | 0       |
|    add_ln134_fu_326_p2                                       | -   |        | add_ln134       | add   | fabric  | 0       |
|    add_ln134_1_fu_336_p2                                     | -   |        | add_ln134_1     | add   | fabric  | 0       |
|    add_ln134_2_fu_350_p2                                     | -   |        | add_ln134_2     | add   | fabric  | 0       |
|    add_ln134_3_fu_359_p2                                     | -   |        | add_ln134_3     | add   | fabric  | 0       |
|  + transformer_blk_s2_top_Pipeline_LF_S_LF_OD1               | 0   |        |                 |       |         |         |
|    add_ln170_17_fu_3747_p2                                   | -   |        | add_ln170_17    | add   | fabric  | 0       |
|    add_ln162_4_fu_3759_p2                                    | -   |        | add_ln162_4     | add   | fabric  | 0       |
|    add_ln162_fu_3782_p2                                      | -   |        | add_ln162       | add   | fabric  | 0       |
|    add_ln170_fu_3808_p2                                      | -   |        | add_ln170       | add   | fabric  | 0       |
|    add_ln162_322_fu_3979_p2                                  | -   |        | add_ln162_322   | add   | fabric  | 0       |
|    add_ln162_323_fu_3992_p2                                  | -   |        | add_ln162_323   | add   | fabric  | 0       |
|    add_ln162_324_fu_4043_p2                                  | -   |        | add_ln162_324   | add   | fabric  | 0       |
|    add_ln162_325_fu_4056_p2                                  | -   |        | add_ln162_325   | add   | fabric  | 0       |
|    add_ln162_326_fu_4112_p2                                  | -   |        | add_ln162_326   | add   | fabric  | 0       |
|    add_ln162_327_fu_4125_p2                                  | -   |        | add_ln162_327   | add   | fabric  | 0       |
|    add_ln162_328_fu_4186_p2                                  | -   |        | add_ln162_328   | add   | fabric  | 0       |
|    add_ln162_329_fu_4199_p2                                  | -   |        | add_ln162_329   | add   | fabric  | 0       |
|    add_ln162_330_fu_4260_p2                                  | -   |        | add_ln162_330   | add   | fabric  | 0       |
|    add_ln162_331_fu_4273_p2                                  | -   |        | add_ln162_331   | add   | fabric  | 0       |
|    add_ln162_332_fu_4334_p2                                  | -   |        | add_ln162_332   | add   | fabric  | 0       |
|    add_ln162_333_fu_4347_p2                                  | -   |        | add_ln162_333   | add   | fabric  | 0       |
|    add_ln162_334_fu_4408_p2                                  | -   |        | add_ln162_334   | add   | fabric  | 0       |
|    add_ln162_335_fu_4421_p2                                  | -   |        | add_ln162_335   | add   | fabric  | 0       |
|    add_ln162_336_fu_4487_p2                                  | -   |        | add_ln162_336   | add   | fabric  | 0       |
|    add_ln162_337_fu_4500_p2                                  | -   |        | add_ln162_337   | add   | fabric  | 0       |
|    add_ln162_338_fu_4565_p2                                  | -   |        | add_ln162_338   | add   | fabric  | 0       |
|    add_ln162_339_fu_4578_p2                                  | -   |        | add_ln162_339   | add   | fabric  | 0       |
|    add_ln162_340_fu_4639_p2                                  | -   |        | add_ln162_340   | add   | fabric  | 0       |
|    add_ln162_341_fu_4652_p2                                  | -   |        | add_ln162_341   | add   | fabric  | 0       |
|    add_ln162_342_fu_4717_p2                                  | -   |        | add_ln162_342   | add   | fabric  | 0       |
|    add_ln162_343_fu_4730_p2                                  | -   |        | add_ln162_343   | add   | fabric  | 0       |
|    add_ln162_344_fu_4809_p2                                  | -   |        | add_ln162_344   | add   | fabric  | 0       |
|    add_ln162_345_fu_4822_p2                                  | -   |        | add_ln162_345   | add   | fabric  | 0       |
|    add_ln162_346_fu_4883_p2                                  | -   |        | add_ln162_346   | add   | fabric  | 0       |
|    add_ln162_347_fu_4896_p2                                  | -   |        | add_ln162_347   | add   | fabric  | 0       |
|    add_ln162_348_fu_4957_p2                                  | -   |        | add_ln162_348   | add   | fabric  | 0       |
|    add_ln162_349_fu_4970_p2                                  | -   |        | add_ln162_349   | add   | fabric  | 0       |
|    add_ln162_350_fu_5031_p2                                  | -   |        | add_ln162_350   | add   | fabric  | 0       |
|    add_ln162_351_fu_5044_p2                                  | -   |        | add_ln162_351   | add   | fabric  | 0       |
|    add_ln162_352_fu_5105_p2                                  | -   |        | add_ln162_352   | add   | fabric  | 0       |
|    add_ln162_353_fu_5118_p2                                  | -   |        | add_ln162_353   | add   | fabric  | 0       |
|    add_ln165_1_fu_3892_p2                                    | -   |        | add_ln165_1     | add   | fabric  | 0       |
|    add_ln165_2_fu_3902_p2                                    | -   |        | add_ln165_2     | add   | fabric  | 0       |
|    add_ln170_277_fu_3930_p2                                  | -   |        | add_ln170_277   | add   | fabric  | 0       |
|    add_ln170_278_fu_3940_p2                                  | -   |        | add_ln170_278   | add   | fabric  | 0       |
|    add_ln170_279_fu_4014_p2                                  | -   |        | add_ln170_279   | add   | fabric  | 0       |
|    add_ln170_280_fu_4033_p2                                  | -   |        | add_ln170_280   | add   | fabric  | 0       |
|    add_ln170_281_fu_4083_p2                                  | -   |        | add_ln170_281   | add   | fabric  | 0       |
|    add_ln170_282_fu_4102_p2                                  | -   |        | add_ln170_282   | add   | fabric  | 0       |
|    add_ln170_283_fu_4157_p2                                  | -   |        | add_ln170_283   | add   | fabric  | 0       |
|    add_ln170_284_fu_4176_p2                                  | -   |        | add_ln170_284   | add   | fabric  | 0       |
|    add_ln170_285_fu_4231_p2                                  | -   |        | add_ln170_285   | add   | fabric  | 0       |
|    add_ln170_286_fu_4250_p2                                  | -   |        | add_ln170_286   | add   | fabric  | 0       |
|    add_ln170_287_fu_4305_p2                                  | -   |        | add_ln170_287   | add   | fabric  | 0       |
|    add_ln170_288_fu_4324_p2                                  | -   |        | add_ln170_288   | add   | fabric  | 0       |
|    add_ln170_289_fu_4379_p2                                  | -   |        | add_ln170_289   | add   | fabric  | 0       |
|    add_ln170_290_fu_4398_p2                                  | -   |        | add_ln170_290   | add   | fabric  | 0       |
|    add_ln170_291_fu_4458_p2                                  | -   |        | add_ln170_291   | add   | fabric  | 0       |
|    add_ln170_292_fu_4477_p2                                  | -   |        | add_ln170_292   | add   | fabric  | 0       |
|    add_ln170_293_fu_4535_p2                                  | -   |        | add_ln170_293   | add   | fabric  | 0       |
|    add_ln170_296_fu_4545_p2                                  | -   |        | add_ln170_296   | add   | fabric  | 0       |
|    add_ln170_295_fu_4555_p2                                  | -   |        | add_ln170_295   | add   | fabric  | 0       |
|    add_ln170_298_fu_4601_p2                                  | -   |        | add_ln170_298   | add   | fabric  | 0       |
|    add_ln170_297_fu_4610_p2                                  | -   |        | add_ln170_297   | add   | fabric  | 0       |
|    add_ln170_300_fu_4620_p2                                  | -   |        | add_ln170_300   | add   | fabric  | 0       |
|    add_ln170_299_fu_4629_p2                                  | -   |        | add_ln170_299   | add   | fabric  | 0       |
|    add_ln170_302_fu_4675_p2                                  | -   |        | add_ln170_302   | add   | fabric  | 0       |
|    add_ln170_301_fu_4684_p2                                  | -   |        | add_ln170_301   | add   | fabric  | 0       |
|    add_ln170_304_fu_4694_p2                                  | -   |        | add_ln170_304   | add   | fabric  | 0       |
|    add_ln170_303_fu_4703_p2                                  | -   |        | add_ln170_303   | add   | fabric  | 0       |
|    add_ln170_306_fu_4753_p2                                  | -   |        | add_ln170_306   | add   | fabric  | 0       |
|    add_ln170_305_fu_4762_p2                                  | -   |        | add_ln170_305   | add   | fabric  | 0       |
|    add_ln170_308_fu_4772_p2                                  | -   |        | add_ln170_308   | add   | fabric  | 0       |
|    add_ln170_307_fu_4781_p2                                  | -   |        | add_ln170_307   | add   | fabric  | 0       |
|    add_ln170_310_fu_4845_p2                                  | -   |        | add_ln170_310   | add   | fabric  | 0       |
|    add_ln170_309_fu_4854_p2                                  | -   |        | add_ln170_309   | add   | fabric  | 0       |
|    add_ln170_312_fu_4864_p2                                  | -   |        | add_ln170_312   | add   | fabric  | 0       |
|    add_ln170_311_fu_4873_p2                                  | -   |        | add_ln170_311   | add   | fabric  | 0       |
|    add_ln170_314_fu_4919_p2                                  | -   |        | add_ln170_314   | add   | fabric  | 0       |
|    add_ln170_313_fu_4928_p2                                  | -   |        | add_ln170_313   | add   | fabric  | 0       |
|    add_ln170_316_fu_4938_p2                                  | -   |        | add_ln170_316   | add   | fabric  | 0       |
|    add_ln170_315_fu_4947_p2                                  | -   |        | add_ln170_315   | add   | fabric  | 0       |
|    add_ln170_318_fu_4993_p2                                  | -   |        | add_ln170_318   | add   | fabric  | 0       |
|    add_ln170_317_fu_5002_p2                                  | -   |        | add_ln170_317   | add   | fabric  | 0       |
|    add_ln170_320_fu_5012_p2                                  | -   |        | add_ln170_320   | add   | fabric  | 0       |
|    add_ln170_319_fu_5021_p2                                  | -   |        | add_ln170_319   | add   | fabric  | 0       |
|    add_ln170_322_fu_5067_p2                                  | -   |        | add_ln170_322   | add   | fabric  | 0       |
|    add_ln170_321_fu_5076_p2                                  | -   |        | add_ln170_321   | add   | fabric  | 0       |
|    add_ln170_324_fu_5086_p2                                  | -   |        | add_ln170_324   | add   | fabric  | 0       |
|    add_ln170_323_fu_5095_p2                                  | -   |        | add_ln170_323   | add   | fabric  | 0       |
|    add_ln170_326_fu_5141_p2                                  | -   |        | add_ln170_326   | add   | fabric  | 0       |
|    add_ln170_325_fu_5150_p2                                  | -   |        | add_ln170_325   | add   | fabric  | 0       |
|    add_ln170_328_fu_5160_p2                                  | -   |        | add_ln170_328   | add   | fabric  | 0       |
|    add_ln170_327_fu_5169_p2                                  | -   |        | add_ln170_327   | add   | fabric  | 0       |
|    add_ln170_330_fu_5189_p2                                  | -   |        | add_ln170_330   | add   | fabric  | 0       |
|    add_ln170_329_fu_5198_p2                                  | -   |        | add_ln170_329   | add   | fabric  | 0       |
|    add_ln170_332_fu_5208_p2                                  | -   |        | add_ln170_332   | add   | fabric  | 0       |
|    add_ln170_331_fu_5217_p2                                  | -   |        | add_ln170_331   | add   | fabric  | 0       |
|    add_ln170_334_fu_5237_p2                                  | -   |        | add_ln170_334   | add   | fabric  | 0       |
|    add_ln170_333_fu_5246_p2                                  | -   |        | add_ln170_333   | add   | fabric  | 0       |
|    add_ln170_336_fu_5256_p2                                  | -   |        | add_ln170_336   | add   | fabric  | 0       |
|    add_ln170_335_fu_5265_p2                                  | -   |        | add_ln170_335   | add   | fabric  | 0       |
|    add_ln170_338_fu_5285_p2                                  | -   |        | add_ln170_338   | add   | fabric  | 0       |
|    add_ln170_337_fu_5294_p2                                  | -   |        | add_ln170_337   | add   | fabric  | 0       |
|    add_ln170_340_fu_5304_p2                                  | -   |        | add_ln170_340   | add   | fabric  | 0       |
|    add_ln170_339_fu_5313_p2                                  | -   |        | add_ln170_339   | add   | fabric  | 0       |
|    add_ln170_342_fu_5333_p2                                  | -   |        | add_ln170_342   | add   | fabric  | 0       |
|    add_ln170_341_fu_5342_p2                                  | -   |        | add_ln170_341   | add   | fabric  | 0       |
|    add_ln170_344_fu_5352_p2                                  | -   |        | add_ln170_344   | add   | fabric  | 0       |
|    add_ln170_343_fu_5361_p2                                  | -   |        | add_ln170_343   | add   | fabric  | 0       |
|    add_ln170_346_fu_5381_p2                                  | -   |        | add_ln170_346   | add   | fabric  | 0       |
|    add_ln170_345_fu_5390_p2                                  | -   |        | add_ln170_345   | add   | fabric  | 0       |
|    add_ln170_348_fu_5400_p2                                  | -   |        | add_ln170_348   | add   | fabric  | 0       |
|    add_ln170_347_fu_5409_p2                                  | -   |        | add_ln170_347   | add   | fabric  | 0       |
|    add_ln170_350_fu_5429_p2                                  | -   |        | add_ln170_350   | add   | fabric  | 0       |
|    add_ln170_349_fu_5438_p2                                  | -   |        | add_ln170_349   | add   | fabric  | 0       |
|    add_ln170_352_fu_5448_p2                                  | -   |        | add_ln170_352   | add   | fabric  | 0       |
|    add_ln170_351_fu_5457_p2                                  | -   |        | add_ln170_351   | add   | fabric  | 0       |
|    add_ln170_354_fu_5477_p2                                  | -   |        | add_ln170_354   | add   | fabric  | 0       |
|    add_ln170_353_fu_5486_p2                                  | -   |        | add_ln170_353   | add   | fabric  | 0       |
|    add_ln170_356_fu_5496_p2                                  | -   |        | add_ln170_356   | add   | fabric  | 0       |
|    add_ln170_355_fu_5505_p2                                  | -   |        | add_ln170_355   | add   | fabric  | 0       |
|    add_ln170_358_fu_5525_p2                                  | -   |        | add_ln170_358   | add   | fabric  | 0       |
|    add_ln170_357_fu_5534_p2                                  | -   |        | add_ln170_357   | add   | fabric  | 0       |
|    add_ln170_360_fu_5544_p2                                  | -   |        | add_ln170_360   | add   | fabric  | 0       |
|    add_ln170_359_fu_5553_p2                                  | -   |        | add_ln170_359   | add   | fabric  | 0       |
|    add_ln170_362_fu_5573_p2                                  | -   |        | add_ln170_362   | add   | fabric  | 0       |
|    add_ln170_361_fu_5582_p2                                  | -   |        | add_ln170_361   | add   | fabric  | 0       |
|    add_ln170_364_fu_5592_p2                                  | -   |        | add_ln170_364   | add   | fabric  | 0       |
|    add_ln170_363_fu_5601_p2                                  | -   |        | add_ln170_363   | add   | fabric  | 0       |
|    add_ln170_366_fu_5621_p2                                  | -   |        | add_ln170_366   | add   | fabric  | 0       |
|    add_ln170_365_fu_5630_p2                                  | -   |        | add_ln170_365   | add   | fabric  | 0       |
|    add_ln170_368_fu_5640_p2                                  | -   |        | add_ln170_368   | add   | fabric  | 0       |
|    add_ln170_367_fu_5649_p2                                  | -   |        | add_ln170_367   | add   | fabric  | 0       |
|    add_ln170_370_fu_5669_p2                                  | -   |        | add_ln170_370   | add   | fabric  | 0       |
|    add_ln170_369_fu_5678_p2                                  | -   |        | add_ln170_369   | add   | fabric  | 0       |
|    add_ln170_372_fu_5688_p2                                  | -   |        | add_ln170_372   | add   | fabric  | 0       |
|    add_ln170_371_fu_5697_p2                                  | -   |        | add_ln170_371   | add   | fabric  | 0       |
|    add_ln170_374_fu_5717_p2                                  | -   |        | add_ln170_374   | add   | fabric  | 0       |
|    add_ln170_373_fu_5726_p2                                  | -   |        | add_ln170_373   | add   | fabric  | 0       |
|    add_ln170_376_fu_5736_p2                                  | -   |        | add_ln170_376   | add   | fabric  | 0       |
|    add_ln170_375_fu_5745_p2                                  | -   |        | add_ln170_375   | add   | fabric  | 0       |
|    add_ln170_378_fu_5765_p2                                  | -   |        | add_ln170_378   | add   | fabric  | 0       |
|    add_ln170_377_fu_5774_p2                                  | -   |        | add_ln170_377   | add   | fabric  | 0       |
|    add_ln170_380_fu_5784_p2                                  | -   |        | add_ln170_380   | add   | fabric  | 0       |
|    add_ln170_379_fu_5793_p2                                  | -   |        | add_ln170_379   | add   | fabric  | 0       |
|    add_ln170_382_fu_5813_p2                                  | -   |        | add_ln170_382   | add   | fabric  | 0       |
|    add_ln170_381_fu_5822_p2                                  | -   |        | add_ln170_381   | add   | fabric  | 0       |
|    add_ln170_384_fu_5832_p2                                  | -   |        | add_ln170_384   | add   | fabric  | 0       |
|    add_ln170_383_fu_5841_p2                                  | -   |        | add_ln170_383   | add   | fabric  | 0       |
|    add_ln170_386_fu_5861_p2                                  | -   |        | add_ln170_386   | add   | fabric  | 0       |
|    add_ln170_385_fu_5870_p2                                  | -   |        | add_ln170_385   | add   | fabric  | 0       |
|    add_ln170_388_fu_5880_p2                                  | -   |        | add_ln170_388   | add   | fabric  | 0       |
|    add_ln170_387_fu_5889_p2                                  | -   |        | add_ln170_387   | add   | fabric  | 0       |
|    add_ln170_390_fu_5909_p2                                  | -   |        | add_ln170_390   | add   | fabric  | 0       |
|    add_ln170_389_fu_5918_p2                                  | -   |        | add_ln170_389   | add   | fabric  | 0       |
|    add_ln170_392_fu_5928_p2                                  | -   |        | add_ln170_392   | add   | fabric  | 0       |
|    add_ln170_391_fu_5937_p2                                  | -   |        | add_ln170_391   | add   | fabric  | 0       |
|    add_ln170_394_fu_5957_p2                                  | -   |        | add_ln170_394   | add   | fabric  | 0       |
|    add_ln170_393_fu_5966_p2                                  | -   |        | add_ln170_393   | add   | fabric  | 0       |
|    add_ln170_396_fu_5976_p2                                  | -   |        | add_ln170_396   | add   | fabric  | 0       |
|    add_ln170_395_fu_5985_p2                                  | -   |        | add_ln170_395   | add   | fabric  | 0       |
|    add_ln170_398_fu_6005_p2                                  | -   |        | add_ln170_398   | add   | fabric  | 0       |
|    add_ln170_397_fu_6014_p2                                  | -   |        | add_ln170_397   | add   | fabric  | 0       |
|    add_ln170_400_fu_6024_p2                                  | -   |        | add_ln170_400   | add   | fabric  | 0       |
|    add_ln170_399_fu_6033_p2                                  | -   |        | add_ln170_399   | add   | fabric  | 0       |
|    add_ln170_402_fu_6053_p2                                  | -   |        | add_ln170_402   | add   | fabric  | 0       |
|    add_ln170_401_fu_6062_p2                                  | -   |        | add_ln170_401   | add   | fabric  | 0       |
|    add_ln170_404_fu_6072_p2                                  | -   |        | add_ln170_404   | add   | fabric  | 0       |
|    add_ln170_403_fu_6081_p2                                  | -   |        | add_ln170_403   | add   | fabric  | 0       |
|    add_ln170_406_fu_6101_p2                                  | -   |        | add_ln170_406   | add   | fabric  | 0       |
|    add_ln170_405_fu_6110_p2                                  | -   |        | add_ln170_405   | add   | fabric  | 0       |
|    add_ln170_408_fu_6120_p2                                  | -   |        | add_ln170_408   | add   | fabric  | 0       |
|    add_ln170_407_fu_6129_p2                                  | -   |        | add_ln170_407   | add   | fabric  | 0       |
|    add_ln170_410_fu_6149_p2                                  | -   |        | add_ln170_410   | add   | fabric  | 0       |
|    add_ln170_409_fu_6158_p2                                  | -   |        | add_ln170_409   | add   | fabric  | 0       |
|    add_ln170_412_fu_6168_p2                                  | -   |        | add_ln170_412   | add   | fabric  | 0       |
|    add_ln170_411_fu_6177_p2                                  | -   |        | add_ln170_411   | add   | fabric  | 0       |
|    add_ln170_414_fu_6197_p2                                  | -   |        | add_ln170_414   | add   | fabric  | 0       |
|    add_ln170_413_fu_6206_p2                                  | -   |        | add_ln170_413   | add   | fabric  | 0       |
|    add_ln170_416_fu_6216_p2                                  | -   |        | add_ln170_416   | add   | fabric  | 0       |
|    add_ln170_415_fu_6225_p2                                  | -   |        | add_ln170_415   | add   | fabric  | 0       |
|    add_ln170_418_fu_6245_p2                                  | -   |        | add_ln170_418   | add   | fabric  | 0       |
|    add_ln170_417_fu_6254_p2                                  | -   |        | add_ln170_417   | add   | fabric  | 0       |
|    add_ln170_420_fu_6264_p2                                  | -   |        | add_ln170_420   | add   | fabric  | 0       |
|    add_ln170_419_fu_6273_p2                                  | -   |        | add_ln170_419   | add   | fabric  | 0       |
|    add_ln170_422_fu_6293_p2                                  | -   |        | add_ln170_422   | add   | fabric  | 0       |
|    add_ln170_421_fu_6302_p2                                  | -   |        | add_ln170_421   | add   | fabric  | 0       |
|    add_ln170_424_fu_6312_p2                                  | -   |        | add_ln170_424   | add   | fabric  | 0       |
|    add_ln170_423_fu_6321_p2                                  | -   |        | add_ln170_423   | add   | fabric  | 0       |
|    add_ln170_426_fu_6341_p2                                  | -   |        | add_ln170_426   | add   | fabric  | 0       |
|    add_ln170_425_fu_6350_p2                                  | -   |        | add_ln170_425   | add   | fabric  | 0       |
|    add_ln170_428_fu_6360_p2                                  | -   |        | add_ln170_428   | add   | fabric  | 0       |
|    add_ln170_427_fu_6369_p2                                  | -   |        | add_ln170_427   | add   | fabric  | 0       |
|    add_ln170_430_fu_6389_p2                                  | -   |        | add_ln170_430   | add   | fabric  | 0       |
|    add_ln170_429_fu_6398_p2                                  | -   |        | add_ln170_429   | add   | fabric  | 0       |
|    add_ln170_432_fu_6408_p2                                  | -   |        | add_ln170_432   | add   | fabric  | 0       |
|    add_ln170_431_fu_6417_p2                                  | -   |        | add_ln170_431   | add   | fabric  | 0       |
|    add_ln170_434_fu_6437_p2                                  | -   |        | add_ln170_434   | add   | fabric  | 0       |
|    add_ln170_433_fu_6446_p2                                  | -   |        | add_ln170_433   | add   | fabric  | 0       |
|    add_ln170_436_fu_6456_p2                                  | -   |        | add_ln170_436   | add   | fabric  | 0       |
|    add_ln170_435_fu_6465_p2                                  | -   |        | add_ln170_435   | add   | fabric  | 0       |
|    add_ln170_438_fu_6485_p2                                  | -   |        | add_ln170_438   | add   | fabric  | 0       |
|    add_ln170_437_fu_6494_p2                                  | -   |        | add_ln170_437   | add   | fabric  | 0       |
|    add_ln170_440_fu_6504_p2                                  | -   |        | add_ln170_440   | add   | fabric  | 0       |
|    add_ln170_439_fu_6513_p2                                  | -   |        | add_ln170_439   | add   | fabric  | 0       |
|    add_ln170_442_fu_6533_p2                                  | -   |        | add_ln170_442   | add   | fabric  | 0       |
|    add_ln170_441_fu_6542_p2                                  | -   |        | add_ln170_441   | add   | fabric  | 0       |
|    add_ln170_444_fu_6552_p2                                  | -   |        | add_ln170_444   | add   | fabric  | 0       |
|    add_ln170_443_fu_6561_p2                                  | -   |        | add_ln170_443   | add   | fabric  | 0       |
|    add_ln170_446_fu_6581_p2                                  | -   |        | add_ln170_446   | add   | fabric  | 0       |
|    add_ln170_445_fu_6590_p2                                  | -   |        | add_ln170_445   | add   | fabric  | 0       |
|    add_ln170_448_fu_6600_p2                                  | -   |        | add_ln170_448   | add   | fabric  | 0       |
|    add_ln170_447_fu_6609_p2                                  | -   |        | add_ln170_447   | add   | fabric  | 0       |
|    add_ln170_450_fu_6629_p2                                  | -   |        | add_ln170_450   | add   | fabric  | 0       |
|    add_ln170_449_fu_6638_p2                                  | -   |        | add_ln170_449   | add   | fabric  | 0       |
|    add_ln170_452_fu_6648_p2                                  | -   |        | add_ln170_452   | add   | fabric  | 0       |
|    add_ln170_451_fu_6657_p2                                  | -   |        | add_ln170_451   | add   | fabric  | 0       |
|    add_ln170_454_fu_6677_p2                                  | -   |        | add_ln170_454   | add   | fabric  | 0       |
|    add_ln170_453_fu_6686_p2                                  | -   |        | add_ln170_453   | add   | fabric  | 0       |
|    add_ln170_456_fu_6696_p2                                  | -   |        | add_ln170_456   | add   | fabric  | 0       |
|    add_ln170_455_fu_6705_p2                                  | -   |        | add_ln170_455   | add   | fabric  | 0       |
|    add_ln170_458_fu_6725_p2                                  | -   |        | add_ln170_458   | add   | fabric  | 0       |
|    add_ln170_457_fu_6734_p2                                  | -   |        | add_ln170_457   | add   | fabric  | 0       |
|    add_ln170_460_fu_6744_p2                                  | -   |        | add_ln170_460   | add   | fabric  | 0       |
|    add_ln170_459_fu_6753_p2                                  | -   |        | add_ln170_459   | add   | fabric  | 0       |
|    add_ln170_462_fu_6773_p2                                  | -   |        | add_ln170_462   | add   | fabric  | 0       |
|    add_ln170_461_fu_6782_p2                                  | -   |        | add_ln170_461   | add   | fabric  | 0       |
|    add_ln170_464_fu_6792_p2                                  | -   |        | add_ln170_464   | add   | fabric  | 0       |
|    add_ln170_463_fu_6801_p2                                  | -   |        | add_ln170_463   | add   | fabric  | 0       |
|    add_ln170_466_fu_6821_p2                                  | -   |        | add_ln170_466   | add   | fabric  | 0       |
|    add_ln170_465_fu_6830_p2                                  | -   |        | add_ln170_465   | add   | fabric  | 0       |
|    add_ln170_468_fu_6840_p2                                  | -   |        | add_ln170_468   | add   | fabric  | 0       |
|    add_ln170_467_fu_6849_p2                                  | -   |        | add_ln170_467   | add   | fabric  | 0       |
|    add_ln170_470_fu_6869_p2                                  | -   |        | add_ln170_470   | add   | fabric  | 0       |
|    add_ln170_469_fu_6878_p2                                  | -   |        | add_ln170_469   | add   | fabric  | 0       |
|    add_ln170_472_fu_6888_p2                                  | -   |        | add_ln170_472   | add   | fabric  | 0       |
|    add_ln170_471_fu_6897_p2                                  | -   |        | add_ln170_471   | add   | fabric  | 0       |
|    add_ln170_474_fu_6917_p2                                  | -   |        | add_ln170_474   | add   | fabric  | 0       |
|    add_ln170_473_fu_6926_p2                                  | -   |        | add_ln170_473   | add   | fabric  | 0       |
|    add_ln170_476_fu_6936_p2                                  | -   |        | add_ln170_476   | add   | fabric  | 0       |
|    add_ln170_475_fu_6945_p2                                  | -   |        | add_ln170_475   | add   | fabric  | 0       |
|    add_ln170_478_fu_6965_p2                                  | -   |        | add_ln170_478   | add   | fabric  | 0       |
|    add_ln170_477_fu_6974_p2                                  | -   |        | add_ln170_477   | add   | fabric  | 0       |
|    add_ln170_480_fu_6984_p2                                  | -   |        | add_ln170_480   | add   | fabric  | 0       |
|    add_ln170_479_fu_6993_p2                                  | -   |        | add_ln170_479   | add   | fabric  | 0       |
|    add_ln170_482_fu_7013_p2                                  | -   |        | add_ln170_482   | add   | fabric  | 0       |
|    add_ln170_481_fu_7022_p2                                  | -   |        | add_ln170_481   | add   | fabric  | 0       |
|    add_ln170_484_fu_7032_p2                                  | -   |        | add_ln170_484   | add   | fabric  | 0       |
|    add_ln170_483_fu_7041_p2                                  | -   |        | add_ln170_483   | add   | fabric  | 0       |
|    add_ln170_486_fu_7061_p2                                  | -   |        | add_ln170_486   | add   | fabric  | 0       |
|    add_ln170_485_fu_7070_p2                                  | -   |        | add_ln170_485   | add   | fabric  | 0       |
|    add_ln170_488_fu_7080_p2                                  | -   |        | add_ln170_488   | add   | fabric  | 0       |
|    add_ln170_487_fu_7089_p2                                  | -   |        | add_ln170_487   | add   | fabric  | 0       |
|    add_ln170_490_fu_7109_p2                                  | -   |        | add_ln170_490   | add   | fabric  | 0       |
|    add_ln170_489_fu_7118_p2                                  | -   |        | add_ln170_489   | add   | fabric  | 0       |
|    add_ln170_492_fu_7128_p2                                  | -   |        | add_ln170_492   | add   | fabric  | 0       |
|    add_ln170_491_fu_7137_p2                                  | -   |        | add_ln170_491   | add   | fabric  | 0       |
|    add_ln170_494_fu_7157_p2                                  | -   |        | add_ln170_494   | add   | fabric  | 0       |
|    add_ln170_493_fu_7166_p2                                  | -   |        | add_ln170_493   | add   | fabric  | 0       |
|    add_ln170_496_fu_7176_p2                                  | -   |        | add_ln170_496   | add   | fabric  | 0       |
|    add_ln170_495_fu_7185_p2                                  | -   |        | add_ln170_495   | add   | fabric  | 0       |
|    add_ln170_498_fu_7205_p2                                  | -   |        | add_ln170_498   | add   | fabric  | 0       |
|    add_ln170_497_fu_7214_p2                                  | -   |        | add_ln170_497   | add   | fabric  | 0       |
|    add_ln170_500_fu_7224_p2                                  | -   |        | add_ln170_500   | add   | fabric  | 0       |
|    add_ln170_499_fu_7233_p2                                  | -   |        | add_ln170_499   | add   | fabric  | 0       |
|    add_ln170_502_fu_7253_p2                                  | -   |        | add_ln170_502   | add   | fabric  | 0       |
|    add_ln170_501_fu_7262_p2                                  | -   |        | add_ln170_501   | add   | fabric  | 0       |
|    add_ln170_504_fu_7272_p2                                  | -   |        | add_ln170_504   | add   | fabric  | 0       |
|    add_ln170_503_fu_7281_p2                                  | -   |        | add_ln170_503   | add   | fabric  | 0       |
|    add_ln170_506_fu_7301_p2                                  | -   |        | add_ln170_506   | add   | fabric  | 0       |
|    add_ln170_505_fu_7310_p2                                  | -   |        | add_ln170_505   | add   | fabric  | 0       |
|    add_ln170_508_fu_7320_p2                                  | -   |        | add_ln170_508   | add   | fabric  | 0       |
|    add_ln170_507_fu_7329_p2                                  | -   |        | add_ln170_507   | add   | fabric  | 0       |
|    add_ln170_510_fu_7349_p2                                  | -   |        | add_ln170_510   | add   | fabric  | 0       |
|    add_ln170_509_fu_7358_p2                                  | -   |        | add_ln170_509   | add   | fabric  | 0       |
|    add_ln170_512_fu_7368_p2                                  | -   |        | add_ln170_512   | add   | fabric  | 0       |
|    add_ln170_511_fu_7377_p2                                  | -   |        | add_ln170_511   | add   | fabric  | 0       |
|    add_ln170_514_fu_7397_p2                                  | -   |        | add_ln170_514   | add   | fabric  | 0       |
|    add_ln170_513_fu_7406_p2                                  | -   |        | add_ln170_513   | add   | fabric  | 0       |
|    add_ln170_516_fu_7416_p2                                  | -   |        | add_ln170_516   | add   | fabric  | 0       |
|    add_ln170_515_fu_7425_p2                                  | -   |        | add_ln170_515   | add   | fabric  | 0       |
|    add_ln170_518_fu_7445_p2                                  | -   |        | add_ln170_518   | add   | fabric  | 0       |
|    add_ln170_517_fu_7454_p2                                  | -   |        | add_ln170_517   | add   | fabric  | 0       |
|    add_ln170_520_fu_7464_p2                                  | -   |        | add_ln170_520   | add   | fabric  | 0       |
|    add_ln170_519_fu_7473_p2                                  | -   |        | add_ln170_519   | add   | fabric  | 0       |
|    add_ln170_522_fu_7493_p2                                  | -   |        | add_ln170_522   | add   | fabric  | 0       |
|    add_ln170_521_fu_7502_p2                                  | -   |        | add_ln170_521   | add   | fabric  | 0       |
|    add_ln170_524_fu_7512_p2                                  | -   |        | add_ln170_524   | add   | fabric  | 0       |
|    add_ln170_523_fu_7521_p2                                  | -   |        | add_ln170_523   | add   | fabric  | 0       |
|    add_ln170_526_fu_7541_p2                                  | -   |        | add_ln170_526   | add   | fabric  | 0       |
|    add_ln170_525_fu_7550_p2                                  | -   |        | add_ln170_525   | add   | fabric  | 0       |
|    add_ln170_528_fu_7560_p2                                  | -   |        | add_ln170_528   | add   | fabric  | 0       |
|    add_ln170_527_fu_7569_p2                                  | -   |        | add_ln170_527   | add   | fabric  | 0       |
|    add_ln170_530_fu_7589_p2                                  | -   |        | add_ln170_530   | add   | fabric  | 0       |
|    add_ln170_529_fu_7598_p2                                  | -   |        | add_ln170_529   | add   | fabric  | 0       |
|    add_ln170_532_fu_7608_p2                                  | -   |        | add_ln170_532   | add   | fabric  | 0       |
|    add_ln170_531_fu_7617_p2                                  | -   |        | add_ln170_531   | add   | fabric  | 0       |
|    add_ln170_534_fu_7637_p2                                  | -   |        | add_ln170_534   | add   | fabric  | 0       |
|    add_ln170_533_fu_7646_p2                                  | -   |        | add_ln170_533   | add   | fabric  | 0       |
|    add_ln170_536_fu_7656_p2                                  | -   |        | add_ln170_536   | add   | fabric  | 0       |
|    add_ln170_535_fu_7665_p2                                  | -   |        | add_ln170_535   | add   | fabric  | 0       |
|    add_ln170_538_fu_7685_p2                                  | -   |        | add_ln170_538   | add   | fabric  | 0       |
|    add_ln170_537_fu_7694_p2                                  | -   |        | add_ln170_537   | add   | fabric  | 0       |
|    add_ln170_540_fu_7704_p2                                  | -   |        | add_ln170_540   | add   | fabric  | 0       |
|    add_ln170_539_fu_7713_p2                                  | -   |        | add_ln170_539   | add   | fabric  | 0       |
|    add_ln170_542_fu_7733_p2                                  | -   |        | add_ln170_542   | add   | fabric  | 0       |
|    add_ln170_541_fu_7742_p2                                  | -   |        | add_ln170_541   | add   | fabric  | 0       |
|    add_ln170_544_fu_7752_p2                                  | -   |        | add_ln170_544   | add   | fabric  | 0       |
|    add_ln170_543_fu_7761_p2                                  | -   |        | add_ln170_543   | add   | fabric  | 0       |
|    add_ln170_546_fu_7781_p2                                  | -   |        | add_ln170_546   | add   | fabric  | 0       |
|    add_ln170_545_fu_7790_p2                                  | -   |        | add_ln170_545   | add   | fabric  | 0       |
|    add_ln170_548_fu_7800_p2                                  | -   |        | add_ln170_548   | add   | fabric  | 0       |
|    add_ln170_547_fu_7809_p2                                  | -   |        | add_ln170_547   | add   | fabric  | 0       |
|    add_ln170_550_fu_7829_p2                                  | -   |        | add_ln170_550   | add   | fabric  | 0       |
|    add_ln170_549_fu_7838_p2                                  | -   |        | add_ln170_549   | add   | fabric  | 0       |
|    mul_8ns_10ns_17_1_1_U177                                  | -   |        | mul_ln172       | mul   | auto    | 0       |
|    add_ln172_1_fu_3973_p2                                    | -   |        | add_ln172_1     | add   | fabric  | 0       |
|    add_ln163_fu_4791_p2                                      | -   |        | add_ln163       | add   | fabric  | 0       |
|  + transformer_blk_s2_top_Pipeline_LF_S_LF_OD2               | 1   |        |                 |       |         |         |
|    add_ln170_275_fu_3199_p2                                  | -   |        | add_ln170_275   | add   | fabric  | 0       |
|    add_ln162_5_fu_3211_p2                                    | -   |        | add_ln162_5     | add   | fabric  | 0       |
|    add_ln162_fu_3234_p2                                      | -   |        | add_ln162       | add   | fabric  | 0       |
|    add_ln170_fu_3268_p2                                      | -   |        | add_ln170       | add   | fabric  | 0       |
|    add_ln162_290_fu_3456_p2                                  | -   |        | add_ln162_290   | add   | fabric  | 0       |
|    add_ln162_291_fu_3469_p2                                  | -   |        | add_ln162_291   | add   | fabric  | 0       |
|    add_ln162_292_fu_3520_p2                                  | -   |        | add_ln162_292   | add   | fabric  | 0       |
|    add_ln162_293_fu_3533_p2                                  | -   |        | add_ln162_293   | add   | fabric  | 0       |
|    add_ln162_294_fu_3589_p2                                  | -   |        | add_ln162_294   | add   | fabric  | 0       |
|    add_ln162_295_fu_3602_p2                                  | -   |        | add_ln162_295   | add   | fabric  | 0       |
|    add_ln162_296_fu_3672_p2                                  | -   |        | add_ln162_296   | add   | fabric  | 0       |
|    add_ln162_297_fu_3685_p2                                  | -   |        | add_ln162_297   | add   | fabric  | 0       |
|    add_ln162_298_fu_3746_p2                                  | -   |        | add_ln162_298   | add   | fabric  | 0       |
|    add_ln162_299_fu_3759_p2                                  | -   |        | add_ln162_299   | add   | fabric  | 0       |
|    add_ln162_300_fu_3820_p2                                  | -   |        | add_ln162_300   | add   | fabric  | 0       |
|    add_ln162_301_fu_3833_p2                                  | -   |        | add_ln162_301   | add   | fabric  | 0       |
|    add_ln162_302_fu_3894_p2                                  | -   |        | add_ln162_302   | add   | fabric  | 0       |
|    add_ln162_303_fu_3907_p2                                  | -   |        | add_ln162_303   | add   | fabric  | 0       |
|    add_ln162_304_fu_3973_p2                                  | -   |        | add_ln162_304   | add   | fabric  | 0       |
|    add_ln162_305_fu_3986_p2                                  | -   |        | add_ln162_305   | add   | fabric  | 0       |
|    add_ln162_306_fu_4051_p2                                  | -   |        | add_ln162_306   | add   | fabric  | 0       |
|    add_ln162_307_fu_4064_p2                                  | -   |        | add_ln162_307   | add   | fabric  | 0       |
|    add_ln162_308_fu_4125_p2                                  | -   |        | add_ln162_308   | add   | fabric  | 0       |
|    add_ln162_309_fu_4138_p2                                  | -   |        | add_ln162_309   | add   | fabric  | 0       |
|    add_ln162_310_fu_4199_p2                                  | -   |        | add_ln162_310   | add   | fabric  | 0       |
|    add_ln162_311_fu_4212_p2                                  | -   |        | add_ln162_311   | add   | fabric  | 0       |
|    add_ln162_312_fu_4273_p2                                  | -   |        | add_ln162_312   | add   | fabric  | 0       |
|    add_ln162_313_fu_4286_p2                                  | -   |        | add_ln162_313   | add   | fabric  | 0       |
|    add_ln162_314_fu_4347_p2                                  | -   |        | add_ln162_314   | add   | fabric  | 0       |
|    add_ln162_315_fu_4360_p2                                  | -   |        | add_ln162_315   | add   | fabric  | 0       |
|    add_ln162_316_fu_4421_p2                                  | -   |        | add_ln162_316   | add   | fabric  | 0       |
|    add_ln162_317_fu_4434_p2                                  | -   |        | add_ln162_317   | add   | fabric  | 0       |
|    add_ln162_318_fu_4495_p2                                  | -   |        | add_ln162_318   | add   | fabric  | 0       |
|    add_ln162_319_fu_4508_p2                                  | -   |        | add_ln162_319   | add   | fabric  | 0       |
|    add_ln162_320_fu_4569_p2                                  | -   |        | add_ln162_320   | add   | fabric  | 0       |
|    add_ln162_321_fu_4582_p2                                  | -   |        | add_ln162_321   | add   | fabric  | 0       |
|    add_ln165_3_fu_3368_p2                                    | -   |        | add_ln165_3     | add   | fabric  | 0       |
|    add_ln165_fu_3382_p2                                      | -   |        | add_ln165       | add   | fabric  | 0       |
|    add_ln170_551_fu_3410_p2                                  | -   |        | add_ln170_551   | add   | fabric  | 0       |
|    add_ln170_552_fu_3420_p2                                  | -   |        | add_ln170_552   | add   | fabric  | 0       |
|    add_ln170_553_fu_3491_p2                                  | -   |        | add_ln170_553   | add   | fabric  | 0       |
|    add_ln170_554_fu_3510_p2                                  | -   |        | add_ln170_554   | add   | fabric  | 0       |
|    add_ln170_555_fu_3560_p2                                  | -   |        | add_ln170_555   | add   | fabric  | 0       |
|    add_ln170_556_fu_3579_p2                                  | -   |        | add_ln170_556   | add   | fabric  | 0       |
|    add_ln170_557_fu_3634_p2                                  | -   |        | add_ln170_557   | add   | fabric  | 0       |
|    add_ln170_558_fu_3653_p2                                  | -   |        | add_ln170_558   | add   | fabric  | 0       |
|    add_ln170_559_fu_3717_p2                                  | -   |        | add_ln170_559   | add   | fabric  | 0       |
|    add_ln170_560_fu_3736_p2                                  | -   |        | add_ln170_560   | add   | fabric  | 0       |
|    add_ln170_561_fu_3791_p2                                  | -   |        | add_ln170_561   | add   | fabric  | 0       |
|    add_ln170_562_fu_3810_p2                                  | -   |        | add_ln170_562   | add   | fabric  | 0       |
|    add_ln170_563_fu_3865_p2                                  | -   |        | add_ln170_563   | add   | fabric  | 0       |
|    add_ln170_564_fu_3884_p2                                  | -   |        | add_ln170_564   | add   | fabric  | 0       |
|    add_ln170_565_fu_3944_p2                                  | -   |        | add_ln170_565   | add   | fabric  | 0       |
|    add_ln170_566_fu_3963_p2                                  | -   |        | add_ln170_566   | add   | fabric  | 0       |
|    add_ln170_567_fu_4021_p2                                  | -   |        | add_ln170_567   | add   | fabric  | 0       |
|    add_ln170_568_fu_4031_p2                                  | -   |        | add_ln170_568   | add   | fabric  | 0       |
|    add_ln170_569_fu_4041_p2                                  | -   |        | add_ln170_569   | add   | fabric  | 0       |
|    add_ln170_570_fu_4087_p2                                  | -   |        | add_ln170_570   | add   | fabric  | 0       |
|    add_ln170_571_fu_4096_p2                                  | -   |        | add_ln170_571   | add   | fabric  | 0       |
|    add_ln170_572_fu_4106_p2                                  | -   |        | add_ln170_572   | add   | fabric  | 0       |
|    add_ln170_573_fu_4115_p2                                  | -   |        | add_ln170_573   | add   | fabric  | 0       |
|    add_ln170_574_fu_4161_p2                                  | -   |        | add_ln170_574   | add   | fabric  | 0       |
|    add_ln170_575_fu_4170_p2                                  | -   |        | add_ln170_575   | add   | fabric  | 0       |
|    add_ln170_576_fu_4180_p2                                  | -   |        | add_ln170_576   | add   | fabric  | 0       |
|    add_ln170_577_fu_4189_p2                                  | -   |        | add_ln170_577   | add   | fabric  | 0       |
|    add_ln170_578_fu_4235_p2                                  | -   |        | add_ln170_578   | add   | fabric  | 0       |
|    add_ln170_579_fu_4244_p2                                  | -   |        | add_ln170_579   | add   | fabric  | 0       |
|    add_ln170_580_fu_4254_p2                                  | -   |        | add_ln170_580   | add   | fabric  | 0       |
|    add_ln170_581_fu_4263_p2                                  | -   |        | add_ln170_581   | add   | fabric  | 0       |
|    add_ln170_582_fu_4309_p2                                  | -   |        | add_ln170_582   | add   | fabric  | 0       |
|    add_ln170_583_fu_4318_p2                                  | -   |        | add_ln170_583   | add   | fabric  | 0       |
|    add_ln170_584_fu_4328_p2                                  | -   |        | add_ln170_584   | add   | fabric  | 0       |
|    add_ln170_585_fu_4337_p2                                  | -   |        | add_ln170_585   | add   | fabric  | 0       |
|    add_ln170_586_fu_4383_p2                                  | -   |        | add_ln170_586   | add   | fabric  | 0       |
|    add_ln170_587_fu_4392_p2                                  | -   |        | add_ln170_587   | add   | fabric  | 0       |
|    add_ln170_588_fu_4402_p2                                  | -   |        | add_ln170_588   | add   | fabric  | 0       |
|    add_ln170_589_fu_4411_p2                                  | -   |        | add_ln170_589   | add   | fabric  | 0       |
|    add_ln170_590_fu_4457_p2                                  | -   |        | add_ln170_590   | add   | fabric  | 0       |
|    add_ln170_591_fu_4466_p2                                  | -   |        | add_ln170_591   | add   | fabric  | 0       |
|    add_ln170_592_fu_4476_p2                                  | -   |        | add_ln170_592   | add   | fabric  | 0       |
|    add_ln170_593_fu_4485_p2                                  | -   |        | add_ln170_593   | add   | fabric  | 0       |
|    add_ln170_594_fu_4531_p2                                  | -   |        | add_ln170_594   | add   | fabric  | 0       |
|    add_ln170_595_fu_4540_p2                                  | -   |        | add_ln170_595   | add   | fabric  | 0       |
|    add_ln170_596_fu_4550_p2                                  | -   |        | add_ln170_596   | add   | fabric  | 0       |
|    add_ln170_597_fu_4559_p2                                  | -   |        | add_ln170_597   | add   | fabric  | 0       |
|    add_ln170_598_fu_4605_p2                                  | -   |        | add_ln170_598   | add   | fabric  | 0       |
|    add_ln170_599_fu_4614_p2                                  | -   |        | add_ln170_599   | add   | fabric  | 0       |
|    add_ln170_600_fu_4624_p2                                  | -   |        | add_ln170_600   | add   | fabric  | 0       |
|    add_ln170_601_fu_4633_p2                                  | -   |        | add_ln170_601   | add   | fabric  | 0       |
|    add_ln170_602_fu_4653_p2                                  | -   |        | add_ln170_602   | add   | fabric  | 0       |
|    add_ln170_603_fu_4662_p2                                  | -   |        | add_ln170_603   | add   | fabric  | 0       |
|    add_ln170_604_fu_4672_p2                                  | -   |        | add_ln170_604   | add   | fabric  | 0       |
|    add_ln170_605_fu_4681_p2                                  | -   |        | add_ln170_605   | add   | fabric  | 0       |
|    add_ln170_606_fu_4701_p2                                  | -   |        | add_ln170_606   | add   | fabric  | 0       |
|    add_ln170_607_fu_4710_p2                                  | -   |        | add_ln170_607   | add   | fabric  | 0       |
|    add_ln170_608_fu_4720_p2                                  | -   |        | add_ln170_608   | add   | fabric  | 0       |
|    add_ln170_609_fu_4729_p2                                  | -   |        | add_ln170_609   | add   | fabric  | 0       |
|    add_ln170_610_fu_4749_p2                                  | -   |        | add_ln170_610   | add   | fabric  | 0       |
|    add_ln170_611_fu_4758_p2                                  | -   |        | add_ln170_611   | add   | fabric  | 0       |
|    add_ln170_612_fu_4768_p2                                  | -   |        | add_ln170_612   | add   | fabric  | 0       |
|    add_ln170_613_fu_4777_p2                                  | -   |        | add_ln170_613   | add   | fabric  | 0       |
|    add_ln170_614_fu_4801_p2                                  | -   |        | add_ln170_614   | add   | fabric  | 0       |
|    add_ln170_615_fu_4810_p2                                  | -   |        | add_ln170_615   | add   | fabric  | 0       |
|    add_ln170_616_fu_4820_p2                                  | -   |        | add_ln170_616   | add   | fabric  | 0       |
|    add_ln170_617_fu_4829_p2                                  | -   |        | add_ln170_617   | add   | fabric  | 0       |
|    add_ln170_618_fu_4849_p2                                  | -   |        | add_ln170_618   | add   | fabric  | 0       |
|    add_ln170_619_fu_4858_p2                                  | -   |        | add_ln170_619   | add   | fabric  | 0       |
|    add_ln170_620_fu_4868_p2                                  | -   |        | add_ln170_620   | add   | fabric  | 0       |
|    add_ln170_621_fu_4877_p2                                  | -   |        | add_ln170_621   | add   | fabric  | 0       |
|    add_ln170_622_fu_4897_p2                                  | -   |        | add_ln170_622   | add   | fabric  | 0       |
|    add_ln170_623_fu_4906_p2                                  | -   |        | add_ln170_623   | add   | fabric  | 0       |
|    add_ln170_624_fu_4916_p2                                  | -   |        | add_ln170_624   | add   | fabric  | 0       |
|    add_ln170_625_fu_4925_p2                                  | -   |        | add_ln170_625   | add   | fabric  | 0       |
|    add_ln170_626_fu_4945_p2                                  | -   |        | add_ln170_626   | add   | fabric  | 0       |
|    add_ln170_627_fu_4954_p2                                  | -   |        | add_ln170_627   | add   | fabric  | 0       |
|    add_ln170_628_fu_4964_p2                                  | -   |        | add_ln170_628   | add   | fabric  | 0       |
|    add_ln170_629_fu_4973_p2                                  | -   |        | add_ln170_629   | add   | fabric  | 0       |
|    add_ln170_630_fu_4993_p2                                  | -   |        | add_ln170_630   | add   | fabric  | 0       |
|    add_ln170_631_fu_5002_p2                                  | -   |        | add_ln170_631   | add   | fabric  | 0       |
|    add_ln170_632_fu_5012_p2                                  | -   |        | add_ln170_632   | add   | fabric  | 0       |
|    add_ln170_633_fu_5021_p2                                  | -   |        | add_ln170_633   | add   | fabric  | 0       |
|    add_ln170_634_fu_5041_p2                                  | -   |        | add_ln170_634   | add   | fabric  | 0       |
|    add_ln170_635_fu_5050_p2                                  | -   |        | add_ln170_635   | add   | fabric  | 0       |
|    add_ln170_636_fu_5060_p2                                  | -   |        | add_ln170_636   | add   | fabric  | 0       |
|    add_ln170_637_fu_5069_p2                                  | -   |        | add_ln170_637   | add   | fabric  | 0       |
|    add_ln170_638_fu_5089_p2                                  | -   |        | add_ln170_638   | add   | fabric  | 0       |
|    add_ln170_639_fu_5098_p2                                  | -   |        | add_ln170_639   | add   | fabric  | 0       |
|    add_ln170_640_fu_5108_p2                                  | -   |        | add_ln170_640   | add   | fabric  | 0       |
|    add_ln170_641_fu_5117_p2                                  | -   |        | add_ln170_641   | add   | fabric  | 0       |
|    add_ln170_642_fu_5137_p2                                  | -   |        | add_ln170_642   | add   | fabric  | 0       |
|    add_ln170_643_fu_5146_p2                                  | -   |        | add_ln170_643   | add   | fabric  | 0       |
|    add_ln170_644_fu_5156_p2                                  | -   |        | add_ln170_644   | add   | fabric  | 0       |
|    add_ln170_645_fu_5165_p2                                  | -   |        | add_ln170_645   | add   | fabric  | 0       |
|    add_ln170_646_fu_5185_p2                                  | -   |        | add_ln170_646   | add   | fabric  | 0       |
|    add_ln170_647_fu_5194_p2                                  | -   |        | add_ln170_647   | add   | fabric  | 0       |
|    add_ln170_648_fu_5204_p2                                  | -   |        | add_ln170_648   | add   | fabric  | 0       |
|    add_ln170_649_fu_5213_p2                                  | -   |        | add_ln170_649   | add   | fabric  | 0       |
|    add_ln170_650_fu_5233_p2                                  | -   |        | add_ln170_650   | add   | fabric  | 0       |
|    add_ln170_651_fu_5242_p2                                  | -   |        | add_ln170_651   | add   | fabric  | 0       |
|    add_ln170_652_fu_5252_p2                                  | -   |        | add_ln170_652   | add   | fabric  | 0       |
|    add_ln170_653_fu_5261_p2                                  | -   |        | add_ln170_653   | add   | fabric  | 0       |
|    add_ln170_654_fu_5281_p2                                  | -   |        | add_ln170_654   | add   | fabric  | 0       |
|    add_ln170_655_fu_5290_p2                                  | -   |        | add_ln170_655   | add   | fabric  | 0       |
|    add_ln170_656_fu_5300_p2                                  | -   |        | add_ln170_656   | add   | fabric  | 0       |
|    add_ln170_657_fu_5309_p2                                  | -   |        | add_ln170_657   | add   | fabric  | 0       |
|    add_ln170_658_fu_5329_p2                                  | -   |        | add_ln170_658   | add   | fabric  | 0       |
|    add_ln170_659_fu_5338_p2                                  | -   |        | add_ln170_659   | add   | fabric  | 0       |
|    add_ln170_660_fu_5348_p2                                  | -   |        | add_ln170_660   | add   | fabric  | 0       |
|    add_ln170_661_fu_5357_p2                                  | -   |        | add_ln170_661   | add   | fabric  | 0       |
|    add_ln170_662_fu_5377_p2                                  | -   |        | add_ln170_662   | add   | fabric  | 0       |
|    add_ln170_663_fu_5386_p2                                  | -   |        | add_ln170_663   | add   | fabric  | 0       |
|    add_ln170_664_fu_5396_p2                                  | -   |        | add_ln170_664   | add   | fabric  | 0       |
|    add_ln170_665_fu_5405_p2                                  | -   |        | add_ln170_665   | add   | fabric  | 0       |
|    add_ln170_666_fu_5425_p2                                  | -   |        | add_ln170_666   | add   | fabric  | 0       |
|    add_ln170_667_fu_5434_p2                                  | -   |        | add_ln170_667   | add   | fabric  | 0       |
|    add_ln170_668_fu_5444_p2                                  | -   |        | add_ln170_668   | add   | fabric  | 0       |
|    add_ln170_669_fu_5453_p2                                  | -   |        | add_ln170_669   | add   | fabric  | 0       |
|    add_ln170_670_fu_5473_p2                                  | -   |        | add_ln170_670   | add   | fabric  | 0       |
|    add_ln170_671_fu_5482_p2                                  | -   |        | add_ln170_671   | add   | fabric  | 0       |
|    add_ln170_672_fu_5492_p2                                  | -   |        | add_ln170_672   | add   | fabric  | 0       |
|    add_ln170_673_fu_5501_p2                                  | -   |        | add_ln170_673   | add   | fabric  | 0       |
|    add_ln170_674_fu_5521_p2                                  | -   |        | add_ln170_674   | add   | fabric  | 0       |
|    add_ln170_675_fu_5530_p2                                  | -   |        | add_ln170_675   | add   | fabric  | 0       |
|    add_ln170_676_fu_5540_p2                                  | -   |        | add_ln170_676   | add   | fabric  | 0       |
|    add_ln170_677_fu_5549_p2                                  | -   |        | add_ln170_677   | add   | fabric  | 0       |
|    add_ln170_678_fu_5569_p2                                  | -   |        | add_ln170_678   | add   | fabric  | 0       |
|    add_ln170_679_fu_5578_p2                                  | -   |        | add_ln170_679   | add   | fabric  | 0       |
|    add_ln170_680_fu_5588_p2                                  | -   |        | add_ln170_680   | add   | fabric  | 0       |
|    add_ln170_681_fu_5597_p2                                  | -   |        | add_ln170_681   | add   | fabric  | 0       |
|    add_ln170_682_fu_5617_p2                                  | -   |        | add_ln170_682   | add   | fabric  | 0       |
|    add_ln170_683_fu_5626_p2                                  | -   |        | add_ln170_683   | add   | fabric  | 0       |
|    add_ln170_684_fu_5636_p2                                  | -   |        | add_ln170_684   | add   | fabric  | 0       |
|    add_ln170_685_fu_5645_p2                                  | -   |        | add_ln170_685   | add   | fabric  | 0       |
|    add_ln170_686_fu_5665_p2                                  | -   |        | add_ln170_686   | add   | fabric  | 0       |
|    add_ln170_687_fu_5674_p2                                  | -   |        | add_ln170_687   | add   | fabric  | 0       |
|    add_ln170_688_fu_5684_p2                                  | -   |        | add_ln170_688   | add   | fabric  | 0       |
|    add_ln170_689_fu_5693_p2                                  | -   |        | add_ln170_689   | add   | fabric  | 0       |
|    add_ln170_690_fu_5713_p2                                  | -   |        | add_ln170_690   | add   | fabric  | 0       |
|    add_ln170_691_fu_5722_p2                                  | -   |        | add_ln170_691   | add   | fabric  | 0       |
|    add_ln170_692_fu_5732_p2                                  | -   |        | add_ln170_692   | add   | fabric  | 0       |
|    add_ln170_693_fu_5741_p2                                  | -   |        | add_ln170_693   | add   | fabric  | 0       |
|    add_ln170_694_fu_5761_p2                                  | -   |        | add_ln170_694   | add   | fabric  | 0       |
|    add_ln170_695_fu_5770_p2                                  | -   |        | add_ln170_695   | add   | fabric  | 0       |
|    add_ln170_696_fu_5780_p2                                  | -   |        | add_ln170_696   | add   | fabric  | 0       |
|    add_ln170_697_fu_5789_p2                                  | -   |        | add_ln170_697   | add   | fabric  | 0       |
|    add_ln170_698_fu_5809_p2                                  | -   |        | add_ln170_698   | add   | fabric  | 0       |
|    add_ln170_699_fu_5818_p2                                  | -   |        | add_ln170_699   | add   | fabric  | 0       |
|    add_ln170_700_fu_5828_p2                                  | -   |        | add_ln170_700   | add   | fabric  | 0       |
|    add_ln170_701_fu_5837_p2                                  | -   |        | add_ln170_701   | add   | fabric  | 0       |
|    add_ln170_702_fu_5857_p2                                  | -   |        | add_ln170_702   | add   | fabric  | 0       |
|    add_ln170_703_fu_5866_p2                                  | -   |        | add_ln170_703   | add   | fabric  | 0       |
|    add_ln170_704_fu_5876_p2                                  | -   |        | add_ln170_704   | add   | fabric  | 0       |
|    add_ln170_705_fu_5885_p2                                  | -   |        | add_ln170_705   | add   | fabric  | 0       |
|    add_ln170_706_fu_5905_p2                                  | -   |        | add_ln170_706   | add   | fabric  | 0       |
|    add_ln170_707_fu_5914_p2                                  | -   |        | add_ln170_707   | add   | fabric  | 0       |
|    add_ln170_708_fu_5924_p2                                  | -   |        | add_ln170_708   | add   | fabric  | 0       |
|    add_ln170_709_fu_5933_p2                                  | -   |        | add_ln170_709   | add   | fabric  | 0       |
|    add_ln170_710_fu_5953_p2                                  | -   |        | add_ln170_710   | add   | fabric  | 0       |
|    add_ln170_711_fu_5962_p2                                  | -   |        | add_ln170_711   | add   | fabric  | 0       |
|    add_ln170_712_fu_5972_p2                                  | -   |        | add_ln170_712   | add   | fabric  | 0       |
|    add_ln170_713_fu_5981_p2                                  | -   |        | add_ln170_713   | add   | fabric  | 0       |
|    add_ln170_714_fu_6001_p2                                  | -   |        | add_ln170_714   | add   | fabric  | 0       |
|    add_ln170_715_fu_6010_p2                                  | -   |        | add_ln170_715   | add   | fabric  | 0       |
|    add_ln170_716_fu_6020_p2                                  | -   |        | add_ln170_716   | add   | fabric  | 0       |
|    add_ln170_717_fu_6029_p2                                  | -   |        | add_ln170_717   | add   | fabric  | 0       |
|    add_ln170_718_fu_6049_p2                                  | -   |        | add_ln170_718   | add   | fabric  | 0       |
|    add_ln170_719_fu_6058_p2                                  | -   |        | add_ln170_719   | add   | fabric  | 0       |
|    add_ln170_720_fu_6068_p2                                  | -   |        | add_ln170_720   | add   | fabric  | 0       |
|    add_ln170_721_fu_6077_p2                                  | -   |        | add_ln170_721   | add   | fabric  | 0       |
|    add_ln170_722_fu_6097_p2                                  | -   |        | add_ln170_722   | add   | fabric  | 0       |
|    add_ln170_723_fu_6106_p2                                  | -   |        | add_ln170_723   | add   | fabric  | 0       |
|    add_ln170_724_fu_6116_p2                                  | -   |        | add_ln170_724   | add   | fabric  | 0       |
|    add_ln170_725_fu_6125_p2                                  | -   |        | add_ln170_725   | add   | fabric  | 0       |
|    add_ln170_726_fu_6145_p2                                  | -   |        | add_ln170_726   | add   | fabric  | 0       |
|    add_ln170_727_fu_6154_p2                                  | -   |        | add_ln170_727   | add   | fabric  | 0       |
|    add_ln170_728_fu_6164_p2                                  | -   |        | add_ln170_728   | add   | fabric  | 0       |
|    add_ln170_729_fu_6173_p2                                  | -   |        | add_ln170_729   | add   | fabric  | 0       |
|    add_ln170_730_fu_6193_p2                                  | -   |        | add_ln170_730   | add   | fabric  | 0       |
|    add_ln170_731_fu_6202_p2                                  | -   |        | add_ln170_731   | add   | fabric  | 0       |
|    add_ln170_732_fu_6212_p2                                  | -   |        | add_ln170_732   | add   | fabric  | 0       |
|    add_ln170_733_fu_6221_p2                                  | -   |        | add_ln170_733   | add   | fabric  | 0       |
|    add_ln170_734_fu_6241_p2                                  | -   |        | add_ln170_734   | add   | fabric  | 0       |
|    add_ln170_735_fu_6250_p2                                  | -   |        | add_ln170_735   | add   | fabric  | 0       |
|    add_ln170_736_fu_6260_p2                                  | -   |        | add_ln170_736   | add   | fabric  | 0       |
|    add_ln170_737_fu_6269_p2                                  | -   |        | add_ln170_737   | add   | fabric  | 0       |
|    add_ln170_738_fu_6289_p2                                  | -   |        | add_ln170_738   | add   | fabric  | 0       |
|    add_ln170_739_fu_6298_p2                                  | -   |        | add_ln170_739   | add   | fabric  | 0       |
|    add_ln170_740_fu_6308_p2                                  | -   |        | add_ln170_740   | add   | fabric  | 0       |
|    add_ln170_741_fu_6317_p2                                  | -   |        | add_ln170_741   | add   | fabric  | 0       |
|    add_ln170_742_fu_6337_p2                                  | -   |        | add_ln170_742   | add   | fabric  | 0       |
|    add_ln170_743_fu_6346_p2                                  | -   |        | add_ln170_743   | add   | fabric  | 0       |
|    add_ln170_744_fu_6356_p2                                  | -   |        | add_ln170_744   | add   | fabric  | 0       |
|    add_ln170_745_fu_6365_p2                                  | -   |        | add_ln170_745   | add   | fabric  | 0       |
|    add_ln170_746_fu_6385_p2                                  | -   |        | add_ln170_746   | add   | fabric  | 0       |
|    add_ln170_747_fu_6394_p2                                  | -   |        | add_ln170_747   | add   | fabric  | 0       |
|    add_ln170_748_fu_6404_p2                                  | -   |        | add_ln170_748   | add   | fabric  | 0       |
|    add_ln170_749_fu_6413_p2                                  | -   |        | add_ln170_749   | add   | fabric  | 0       |
|    add_ln170_750_fu_6433_p2                                  | -   |        | add_ln170_750   | add   | fabric  | 0       |
|    add_ln170_751_fu_6442_p2                                  | -   |        | add_ln170_751   | add   | fabric  | 0       |
|    add_ln170_752_fu_6452_p2                                  | -   |        | add_ln170_752   | add   | fabric  | 0       |
|    add_ln170_753_fu_6461_p2                                  | -   |        | add_ln170_753   | add   | fabric  | 0       |
|    add_ln170_754_fu_6481_p2                                  | -   |        | add_ln170_754   | add   | fabric  | 0       |
|    add_ln170_755_fu_6490_p2                                  | -   |        | add_ln170_755   | add   | fabric  | 0       |
|    add_ln170_756_fu_6500_p2                                  | -   |        | add_ln170_756   | add   | fabric  | 0       |
|    add_ln170_757_fu_6509_p2                                  | -   |        | add_ln170_757   | add   | fabric  | 0       |
|    add_ln170_758_fu_6529_p2                                  | -   |        | add_ln170_758   | add   | fabric  | 0       |
|    add_ln170_759_fu_6538_p2                                  | -   |        | add_ln170_759   | add   | fabric  | 0       |
|    add_ln170_760_fu_6548_p2                                  | -   |        | add_ln170_760   | add   | fabric  | 0       |
|    add_ln170_761_fu_6557_p2                                  | -   |        | add_ln170_761   | add   | fabric  | 0       |
|    add_ln170_762_fu_6577_p2                                  | -   |        | add_ln170_762   | add   | fabric  | 0       |
|    add_ln170_763_fu_6586_p2                                  | -   |        | add_ln170_763   | add   | fabric  | 0       |
|    add_ln170_764_fu_6596_p2                                  | -   |        | add_ln170_764   | add   | fabric  | 0       |
|    add_ln170_765_fu_6605_p2                                  | -   |        | add_ln170_765   | add   | fabric  | 0       |
|    add_ln170_766_fu_6625_p2                                  | -   |        | add_ln170_766   | add   | fabric  | 0       |
|    add_ln170_767_fu_6634_p2                                  | -   |        | add_ln170_767   | add   | fabric  | 0       |
|    add_ln170_768_fu_6644_p2                                  | -   |        | add_ln170_768   | add   | fabric  | 0       |
|    add_ln170_769_fu_6653_p2                                  | -   |        | add_ln170_769   | add   | fabric  | 0       |
|    add_ln170_770_fu_6673_p2                                  | -   |        | add_ln170_770   | add   | fabric  | 0       |
|    add_ln170_771_fu_6682_p2                                  | -   |        | add_ln170_771   | add   | fabric  | 0       |
|    add_ln170_772_fu_6692_p2                                  | -   |        | add_ln170_772   | add   | fabric  | 0       |
|    add_ln170_773_fu_6701_p2                                  | -   |        | add_ln170_773   | add   | fabric  | 0       |
|    add_ln170_774_fu_6721_p2                                  | -   |        | add_ln170_774   | add   | fabric  | 0       |
|    add_ln170_775_fu_6730_p2                                  | -   |        | add_ln170_775   | add   | fabric  | 0       |
|    add_ln170_776_fu_6740_p2                                  | -   |        | add_ln170_776   | add   | fabric  | 0       |
|    add_ln170_777_fu_6749_p2                                  | -   |        | add_ln170_777   | add   | fabric  | 0       |
|    add_ln170_778_fu_6769_p2                                  | -   |        | add_ln170_778   | add   | fabric  | 0       |
|    add_ln170_779_fu_6778_p2                                  | -   |        | add_ln170_779   | add   | fabric  | 0       |
|    add_ln170_780_fu_6788_p2                                  | -   |        | add_ln170_780   | add   | fabric  | 0       |
|    add_ln170_781_fu_6797_p2                                  | -   |        | add_ln170_781   | add   | fabric  | 0       |
|    add_ln170_782_fu_6817_p2                                  | -   |        | add_ln170_782   | add   | fabric  | 0       |
|    add_ln170_783_fu_6826_p2                                  | -   |        | add_ln170_783   | add   | fabric  | 0       |
|    add_ln170_784_fu_6836_p2                                  | -   |        | add_ln170_784   | add   | fabric  | 0       |
|    add_ln170_785_fu_6845_p2                                  | -   |        | add_ln170_785   | add   | fabric  | 0       |
|    add_ln170_786_fu_6865_p2                                  | -   |        | add_ln170_786   | add   | fabric  | 0       |
|    add_ln170_787_fu_6874_p2                                  | -   |        | add_ln170_787   | add   | fabric  | 0       |
|    add_ln170_788_fu_6884_p2                                  | -   |        | add_ln170_788   | add   | fabric  | 0       |
|    add_ln170_789_fu_6893_p2                                  | -   |        | add_ln170_789   | add   | fabric  | 0       |
|    add_ln170_790_fu_6913_p2                                  | -   |        | add_ln170_790   | add   | fabric  | 0       |
|    add_ln170_791_fu_6922_p2                                  | -   |        | add_ln170_791   | add   | fabric  | 0       |
|    add_ln170_792_fu_6932_p2                                  | -   |        | add_ln170_792   | add   | fabric  | 0       |
|    add_ln170_793_fu_6941_p2                                  | -   |        | add_ln170_793   | add   | fabric  | 0       |
|    add_ln170_794_fu_6961_p2                                  | -   |        | add_ln170_794   | add   | fabric  | 0       |
|    add_ln170_795_fu_6970_p2                                  | -   |        | add_ln170_795   | add   | fabric  | 0       |
|    add_ln170_796_fu_6980_p2                                  | -   |        | add_ln170_796   | add   | fabric  | 0       |
|    add_ln170_797_fu_6989_p2                                  | -   |        | add_ln170_797   | add   | fabric  | 0       |
|    add_ln170_798_fu_7009_p2                                  | -   |        | add_ln170_798   | add   | fabric  | 0       |
|    add_ln170_799_fu_7018_p2                                  | -   |        | add_ln170_799   | add   | fabric  | 0       |
|    add_ln170_800_fu_7028_p2                                  | -   |        | add_ln170_800   | add   | fabric  | 0       |
|    add_ln170_801_fu_7037_p2                                  | -   |        | add_ln170_801   | add   | fabric  | 0       |
|    add_ln170_802_fu_7057_p2                                  | -   |        | add_ln170_802   | add   | fabric  | 0       |
|    add_ln170_803_fu_7066_p2                                  | -   |        | add_ln170_803   | add   | fabric  | 0       |
|    add_ln170_804_fu_7076_p2                                  | -   |        | add_ln170_804   | add   | fabric  | 0       |
|    add_ln170_805_fu_7085_p2                                  | -   |        | add_ln170_805   | add   | fabric  | 0       |
|    add_ln170_806_fu_7105_p2                                  | -   |        | add_ln170_806   | add   | fabric  | 0       |
|    add_ln170_807_fu_7114_p2                                  | -   |        | add_ln170_807   | add   | fabric  | 0       |
|    add_ln170_808_fu_7124_p2                                  | -   |        | add_ln170_808   | add   | fabric  | 0       |
|    add_ln170_809_fu_7133_p2                                  | -   |        | add_ln170_809   | add   | fabric  | 0       |
|    add_ln170_810_fu_7153_p2                                  | -   |        | add_ln170_810   | add   | fabric  | 0       |
|    add_ln170_811_fu_7162_p2                                  | -   |        | add_ln170_811   | add   | fabric  | 0       |
|    add_ln170_812_fu_7172_p2                                  | -   |        | add_ln170_812   | add   | fabric  | 0       |
|    add_ln170_813_fu_7181_p2                                  | -   |        | add_ln170_813   | add   | fabric  | 0       |
|    add_ln170_814_fu_7201_p2                                  | -   |        | add_ln170_814   | add   | fabric  | 0       |
|    add_ln170_815_fu_7210_p2                                  | -   |        | add_ln170_815   | add   | fabric  | 0       |
|    add_ln170_816_fu_7220_p2                                  | -   |        | add_ln170_816   | add   | fabric  | 0       |
|    add_ln170_817_fu_7229_p2                                  | -   |        | add_ln170_817   | add   | fabric  | 0       |
|    add_ln170_818_fu_7249_p2                                  | -   |        | add_ln170_818   | add   | fabric  | 0       |
|    add_ln170_819_fu_7258_p2                                  | -   |        | add_ln170_819   | add   | fabric  | 0       |
|    add_ln170_820_fu_7268_p2                                  | -   |        | add_ln170_820   | add   | fabric  | 0       |
|    add_ln170_821_fu_7277_p2                                  | -   |        | add_ln170_821   | add   | fabric  | 0       |
|    add_ln170_822_fu_7297_p2                                  | -   |        | add_ln170_822   | add   | fabric  | 0       |
|    add_ln170_823_fu_7306_p2                                  | -   |        | add_ln170_823   | add   | fabric  | 0       |
|    add_ln172_fu_3430_p2                                      | -   |        | add_ln172       | add   | fabric  | 0       |
|    add_ln172_2_fu_3440_p2                                    | -   |        | add_ln172_2     | add   | fabric  | 0       |
|    mul_mul_16ns_17ns_33_4_1_U225                             | 1   |        | mul_ln172       | mul   | dsp48   | 3       |
|    add_ln163_fu_3304_p2                                      | -   |        | add_ln163       | add   | fabric  | 0       |
|  + transformer_blk_s2_top_Pipeline_MHSA_QI_MHSA_KI           | 100 |        |                 |       |         |         |
|    add_ln265_fu_1562_p2                                      | -   |        | add_ln265       | add   | fabric  | 0       |
|    add_ln265_1_fu_1585_p2                                    | -   |        | add_ln265_1     | add   | fabric  | 0       |
|    fmul_32ns_32ns_32_5_max_dsp_1_U279                        | 3   |        | mul21_i_i_4     | fmul  | maxdsp  | 4       |
|    fmul_32ns_32ns_32_5_max_dsp_1_U280                        | 3   |        | mul21_i_i_5     | fmul  | maxdsp  | 4       |
|    fmul_32ns_32ns_32_5_max_dsp_1_U281                        | 3   |        | mul21_i_i_6     | fmul  | maxdsp  | 4       |
|    fmul_32ns_32ns_32_5_max_dsp_1_U282                        | 3   |        | mul21_i_i_7     | fmul  | maxdsp  | 4       |
|    fmul_32ns_32ns_32_5_max_dsp_1_U283                        | 3   |        | mul21_i_i_8     | fmul  | maxdsp  | 4       |
|    fmul_32ns_32ns_32_5_max_dsp_1_U284                        | 3   |        | mul21_i_i_9     | fmul  | maxdsp  | 4       |
|    fmul_32ns_32ns_32_5_max_dsp_1_U285                        | 3   |        | mul21_i_i_s     | fmul  | maxdsp  | 4       |
|    fmul_32ns_32ns_32_5_max_dsp_1_U286                        | 3   |        | mul21_i_i_10    | fmul  | maxdsp  | 4       |
|    fmul_32ns_32ns_32_5_max_dsp_1_U287                        | 3   |        | mul21_i_i_11    | fmul  | maxdsp  | 4       |
|    fmul_32ns_32ns_32_5_max_dsp_1_U288                        | 3   |        | mul21_i_i_12    | fmul  | maxdsp  | 4       |
|    fmul_32ns_32ns_32_5_max_dsp_1_U289                        | 3   |        | mul21_i_i_13    | fmul  | maxdsp  | 4       |
|    fmul_32ns_32ns_32_5_max_dsp_1_U290                        | 3   |        | mul21_i_i_14    | fmul  | maxdsp  | 4       |
|    fmul_32ns_32ns_32_5_max_dsp_1_U291                        | 3   |        | mul21_i_i_15    | fmul  | maxdsp  | 4       |
|    fmul_32ns_32ns_32_5_max_dsp_1_U292                        | 3   |        | mul21_i_i_16    | fmul  | maxdsp  | 4       |
|    fmul_32ns_32ns_32_5_max_dsp_1_U293                        | 3   |        | mul21_i_i_17    | fmul  | maxdsp  | 4       |
|    fmul_32ns_32ns_32_5_max_dsp_1_U294                        | 3   |        | mul21_i_i_18    | fmul  | maxdsp  | 4       |
|    fmul_32ns_32ns_32_5_max_dsp_1_U295                        | 3   |        | mul21_i_i_19    | fmul  | maxdsp  | 4       |
|    fmul_32ns_32ns_32_5_max_dsp_1_U296                        | 3   |        | mul21_i_i_20    | fmul  | maxdsp  | 4       |
|    fmul_32ns_32ns_32_5_max_dsp_1_U297                        | 3   |        | mul21_i_i_21    | fmul  | maxdsp  | 4       |
|    fmul_32ns_32ns_32_5_max_dsp_1_U298                        | 3   |        | mul21_i_i_22    | fmul  | maxdsp  | 4       |
|    fmul_32ns_32ns_32_5_max_dsp_1_U299                        | 3   |        | mul21_i_i_23    | fmul  | maxdsp  | 4       |
|    fmul_32ns_32ns_32_5_max_dsp_1_U300                        | 3   |        | mul21_i_i_24    | fmul  | maxdsp  | 4       |
|    fmul_32ns_32ns_32_5_max_dsp_1_U301                        | 3   |        | mul21_i_i_25    | fmul  | maxdsp  | 4       |
|    fmul_32ns_32ns_32_5_max_dsp_1_U302                        | 3   |        | mul21_i_i_26    | fmul  | maxdsp  | 4       |
|    fmul_32ns_32ns_32_5_max_dsp_1_U303                        | 3   |        | mul21_i_i_27    | fmul  | maxdsp  | 4       |
|    fmul_32ns_32ns_32_5_max_dsp_1_U304                        | 3   |        | mul21_i_i_28    | fmul  | maxdsp  | 4       |
|    fmul_32ns_32ns_32_5_max_dsp_1_U305                        | 3   |        | mul21_i_i_29    | fmul  | maxdsp  | 4       |
|    fmul_32ns_32ns_32_5_max_dsp_1_U306                        | 3   |        | mul21_i_i_30    | fmul  | maxdsp  | 4       |
|    fmul_32ns_32ns_32_5_max_dsp_1_U307                        | 3   |        | mul21_i_i_31    | fmul  | maxdsp  | 4       |
|    fmul_32ns_32ns_32_5_max_dsp_1_U308                        | 3   |        | mul21_i_i_32    | fmul  | maxdsp  | 4       |
|    fmul_32ns_32ns_32_5_max_dsp_1_U309                        | 3   |        | mul21_i_i_33    | fmul  | maxdsp  | 4       |
|    fmul_32ns_32ns_32_5_max_dsp_1_U310                        | 3   |        | mul21_i_i_34    | fmul  | maxdsp  | 4       |
|    fmul_32ns_32ns_32_5_max_dsp_1_U311                        | 3   |        | mul23_i_i       | fmul  | maxdsp  | 4       |
|    mul_mul_9ns_10ns_19_4_1_U313                              | 1   |        | mul_ln274       | mul   | dsp48   | 3       |
|    add_ln274_1_fu_1689_p2                                    | -   |        | add_ln274_1     | add   | fabric  | 0       |
|    add_ln274_fu_1699_p2                                      | -   |        | add_ln274       | add   | fabric  | 0       |
|    add_ln266_fu_1641_p2                                      | -   |        | add_ln266       | add   | fabric  | 0       |
|  + transformer_blk_s2_top_Pipeline_MHSA_CPY                  | 0   |        |                 |       |         |         |
|    add_ln326_fu_744_p2                                       | -   |        | add_ln326       | add   | fabric  | 0       |
|    add_ln328_fu_792_p2                                       | -   |        | add_ln328       | add   | fabric  | 0       |
|    add_ln326_1_fu_759_p2                                     | -   |        | add_ln326_1     | add   | fabric  | 0       |
|  + transformer_blk_s2_top_Pipeline_MHSA_SM                   | 35  |        |                 |       |         |         |
|    add_ln288_fu_5243_p2                                      | -   |        | add_ln288       | add   | fabric  | 0       |
|    add_ln291_fu_5269_p2                                      | -   |        | add_ln291       | add   | fabric  | 0       |
|    add_ln202_fu_5764_p2                                      | -   |        | add_ln202       | add   | fabric  | 0       |
|    add_ln202_1_fu_5778_p2                                    | -   |        | add_ln202_1     | add   | fabric  | 0       |
|    add_ln202_2_fu_5880_p2                                    | -   |        | add_ln202_2     | add   | fabric  | 0       |
|    add_ln202_3_fu_5894_p2                                    | -   |        | add_ln202_3     | add   | fabric  | 0       |
|    add_ln202_4_fu_5908_p2                                    | -   |        | add_ln202_4     | add   | fabric  | 0       |
|    add_ln202_5_fu_5922_p2                                    | -   |        | add_ln202_5     | add   | fabric  | 0       |
|    add_ln202_6_fu_6024_p2                                    | -   |        | add_ln202_6     | add   | fabric  | 0       |
|    add_ln202_7_fu_6038_p2                                    | -   |        | add_ln202_7     | add   | fabric  | 0       |
|    add_ln202_8_fu_6052_p2                                    | -   |        | add_ln202_8     | add   | fabric  | 0       |
|    add_ln202_9_fu_6066_p2                                    | -   |        | add_ln202_9     | add   | fabric  | 0       |
|    add_ln202_10_fu_6168_p2                                   | -   |        | add_ln202_10    | add   | fabric  | 0       |
|    add_ln202_11_fu_6182_p2                                   | -   |        | add_ln202_11    | add   | fabric  | 0       |
|    add_ln202_12_fu_6196_p2                                   | -   |        | add_ln202_12    | add   | fabric  | 0       |
|    add_ln202_13_fu_6210_p2                                   | -   |        | add_ln202_13    | add   | fabric  | 0       |
|    add_ln202_14_fu_6312_p2                                   | -   |        | add_ln202_14    | add   | fabric  | 0       |
|    add_ln202_15_fu_6326_p2                                   | -   |        | add_ln202_15    | add   | fabric  | 0       |
|    add_ln202_16_fu_6340_p2                                   | -   |        | add_ln202_16    | add   | fabric  | 0       |
|    add_ln202_17_fu_6354_p2                                   | -   |        | add_ln202_17    | add   | fabric  | 0       |
|    add_ln202_18_fu_6456_p2                                   | -   |        | add_ln202_18    | add   | fabric  | 0       |
|    add_ln202_19_fu_6470_p2                                   | -   |        | add_ln202_19    | add   | fabric  | 0       |
|    add_ln202_20_fu_6484_p2                                   | -   |        | add_ln202_20    | add   | fabric  | 0       |
|    add_ln202_21_fu_6498_p2                                   | -   |        | add_ln202_21    | add   | fabric  | 0       |
|    add_ln202_22_fu_6600_p2                                   | -   |        | add_ln202_22    | add   | fabric  | 0       |
|    add_ln202_23_fu_6614_p2                                   | -   |        | add_ln202_23    | add   | fabric  | 0       |
|    add_ln202_24_fu_6628_p2                                   | -   |        | add_ln202_24    | add   | fabric  | 0       |
|    add_ln202_25_fu_6642_p2                                   | -   |        | add_ln202_25    | add   | fabric  | 0       |
|    add_ln202_26_fu_6744_p2                                   | -   |        | add_ln202_26    | add   | fabric  | 0       |
|    add_ln202_27_fu_6758_p2                                   | -   |        | add_ln202_27    | add   | fabric  | 0       |
|    add_ln202_28_fu_6772_p2                                   | -   |        | add_ln202_28    | add   | fabric  | 0       |
|    add_ln202_29_fu_6786_p2                                   | -   |        | add_ln202_29    | add   | fabric  | 0       |
|    add_ln202_30_fu_6888_p2                                   | -   |        | add_ln202_30    | add   | fabric  | 0       |
|    add_ln202_31_fu_6902_p2                                   | -   |        | add_ln202_31    | add   | fabric  | 0       |
|    add_ln202_32_fu_6916_p2                                   | -   |        | add_ln202_32    | add   | fabric  | 0       |
|    add_ln202_33_fu_6930_p2                                   | -   |        | add_ln202_33    | add   | fabric  | 0       |
|    add_ln202_34_fu_7032_p2                                   | -   |        | add_ln202_34    | add   | fabric  | 0       |
|    add_ln202_35_fu_7046_p2                                   | -   |        | add_ln202_35    | add   | fabric  | 0       |
|    add_ln202_36_fu_7060_p2                                   | -   |        | add_ln202_36    | add   | fabric  | 0       |
|    add_ln202_37_fu_7074_p2                                   | -   |        | add_ln202_37    | add   | fabric  | 0       |
|    add_ln202_38_fu_7176_p2                                   | -   |        | add_ln202_38    | add   | fabric  | 0       |
|    add_ln202_39_fu_7190_p2                                   | -   |        | add_ln202_39    | add   | fabric  | 0       |
|    add_ln202_40_fu_7204_p2                                   | -   |        | add_ln202_40    | add   | fabric  | 0       |
|    add_ln202_41_fu_7218_p2                                   | -   |        | add_ln202_41    | add   | fabric  | 0       |
|    add_ln202_42_fu_7320_p2                                   | -   |        | add_ln202_42    | add   | fabric  | 0       |
|    add_ln202_43_fu_7334_p2                                   | -   |        | add_ln202_43    | add   | fabric  | 0       |
|    add_ln202_44_fu_7348_p2                                   | -   |        | add_ln202_44    | add   | fabric  | 0       |
|    add_ln202_45_fu_7362_p2                                   | -   |        | add_ln202_45    | add   | fabric  | 0       |
|    add_ln202_46_fu_7464_p2                                   | -   |        | add_ln202_46    | add   | fabric  | 0       |
|    add_ln202_47_fu_7478_p2                                   | -   |        | add_ln202_47    | add   | fabric  | 0       |
|    add_ln202_48_fu_7492_p2                                   | -   |        | add_ln202_48    | add   | fabric  | 0       |
|    add_ln202_49_fu_7506_p2                                   | -   |        | add_ln202_49    | add   | fabric  | 0       |
|    add_ln202_50_fu_7608_p2                                   | -   |        | add_ln202_50    | add   | fabric  | 0       |
|    add_ln202_51_fu_7622_p2                                   | -   |        | add_ln202_51    | add   | fabric  | 0       |
|    add_ln202_52_fu_7636_p2                                   | -   |        | add_ln202_52    | add   | fabric  | 0       |
|    add_ln202_53_fu_7650_p2                                   | -   |        | add_ln202_53    | add   | fabric  | 0       |
|    add_ln202_54_fu_7752_p2                                   | -   |        | add_ln202_54    | add   | fabric  | 0       |
|    add_ln202_55_fu_7766_p2                                   | -   |        | add_ln202_55    | add   | fabric  | 0       |
|    add_ln202_56_fu_7780_p2                                   | -   |        | add_ln202_56    | add   | fabric  | 0       |
|    add_ln202_57_fu_7794_p2                                   | -   |        | add_ln202_57    | add   | fabric  | 0       |
|    add_ln202_58_fu_7896_p2                                   | -   |        | add_ln202_58    | add   | fabric  | 0       |
|    add_ln202_59_fu_7910_p2                                   | -   |        | add_ln202_59    | add   | fabric  | 0       |
|    add_ln202_60_fu_7924_p2                                   | -   |        | add_ln202_60    | add   | fabric  | 0       |
|    add_ln202_61_fu_7938_p2                                   | -   |        | add_ln202_61    | add   | fabric  | 0       |
|    add_ln202_62_fu_8040_p2                                   | -   |        | add_ln202_62    | add   | fabric  | 0       |
|    add_ln202_63_fu_8054_p2                                   | -   |        | add_ln202_63    | add   | fabric  | 0       |
|    fexp_32ns_32ns_32_13_full_dsp_1_U416                      | 7   |        | ex              | fexp  | fulldsp | 12      |
|    fexp_32ns_32ns_32_13_full_dsp_1_U417                      | 7   |        | ex_1            | fexp  | fulldsp | 12      |
|    fexp_32ns_32ns_32_13_full_dsp_1_U418                      | 7   |        | ex_2            | fexp  | fulldsp | 12      |
|    fexp_32ns_32ns_32_13_full_dsp_1_U416                      | 7   |        | ex_3            | fexp  | fulldsp | 12      |
|    fexp_32ns_32ns_32_13_full_dsp_1_U419                      | 7   |        | ex_4            | fexp  | fulldsp | 12      |
|    fexp_32ns_32ns_32_13_full_dsp_1_U420                      | 7   |        | ex_5            | fexp  | fulldsp | 12      |
|    fexp_32ns_32ns_32_13_full_dsp_1_U417                      | 7   |        | ex_6            | fexp  | fulldsp | 12      |
|    fexp_32ns_32ns_32_13_full_dsp_1_U416                      | 7   |        | ex_7            | fexp  | fulldsp | 12      |
|    fexp_32ns_32ns_32_13_full_dsp_1_U418                      | 7   |        | ex_8            | fexp  | fulldsp | 12      |
|    fexp_32ns_32ns_32_13_full_dsp_1_U419                      | 7   |        | ex_9            | fexp  | fulldsp | 12      |
|    fexp_32ns_32ns_32_13_full_dsp_1_U417                      | 7   |        | ex_10           | fexp  | fulldsp | 12      |
|    fexp_32ns_32ns_32_13_full_dsp_1_U418                      | 7   |        | ex_11           | fexp  | fulldsp | 12      |
|    fexp_32ns_32ns_32_13_full_dsp_1_U420                      | 7   |        | ex_12           | fexp  | fulldsp | 12      |
|    fexp_32ns_32ns_32_13_full_dsp_1_U419                      | 7   |        | ex_13           | fexp  | fulldsp | 12      |
|    fexp_32ns_32ns_32_13_full_dsp_1_U416                      | 7   |        | ex_14           | fexp  | fulldsp | 12      |
|    fexp_32ns_32ns_32_13_full_dsp_1_U417                      | 7   |        | ex_15           | fexp  | fulldsp | 12      |
|    fexp_32ns_32ns_32_13_full_dsp_1_U420                      | 7   |        | ex_16           | fexp  | fulldsp | 12      |
|    fexp_32ns_32ns_32_13_full_dsp_1_U418                      | 7   |        | ex_17           | fexp  | fulldsp | 12      |
|    fexp_32ns_32ns_32_13_full_dsp_1_U419                      | 7   |        | ex_18           | fexp  | fulldsp | 12      |
|    fexp_32ns_32ns_32_13_full_dsp_1_U416                      | 7   |        | ex_19           | fexp  | fulldsp | 12      |
|    fexp_32ns_32ns_32_13_full_dsp_1_U420                      | 7   |        | ex_20           | fexp  | fulldsp | 12      |
|    fexp_32ns_32ns_32_13_full_dsp_1_U417                      | 7   |        | ex_21           | fexp  | fulldsp | 12      |
|    fexp_32ns_32ns_32_13_full_dsp_1_U418                      | 7   |        | ex_22           | fexp  | fulldsp | 12      |
|    fexp_32ns_32ns_32_13_full_dsp_1_U416                      | 7   |        | ex_23           | fexp  | fulldsp | 12      |
|    fexp_32ns_32ns_32_13_full_dsp_1_U419                      | 7   |        | ex_24           | fexp  | fulldsp | 12      |
|    fexp_32ns_32ns_32_13_full_dsp_1_U420                      | 7   |        | ex_25           | fexp  | fulldsp | 12      |
|    fexp_32ns_32ns_32_13_full_dsp_1_U417                      | 7   |        | ex_26           | fexp  | fulldsp | 12      |
|    fexp_32ns_32ns_32_13_full_dsp_1_U416                      | 7   |        | ex_27           | fexp  | fulldsp | 12      |
|    fexp_32ns_32ns_32_13_full_dsp_1_U418                      | 7   |        | ex_28           | fexp  | fulldsp | 12      |
|    fexp_32ns_32ns_32_13_full_dsp_1_U419                      | 7   |        | ex_29           | fexp  | fulldsp | 12      |
|    fexp_32ns_32ns_32_13_full_dsp_1_U417                      | 7   |        | ex_30           | fexp  | fulldsp | 12      |
|    fexp_32ns_32ns_32_13_full_dsp_1_U418                      | 7   |        | ex_31           | fexp  | fulldsp | 12      |
|    fexp_32ns_32ns_32_13_full_dsp_1_U420                      | 7   |        | ex_32           | fexp  | fulldsp | 12      |
|    fexp_32ns_32ns_32_13_full_dsp_1_U419                      | 7   |        | ex_33           | fexp  | fulldsp | 12      |
|    fexp_32ns_32ns_32_13_full_dsp_1_U416                      | 7   |        | ex_34           | fexp  | fulldsp | 12      |
|    fexp_32ns_32ns_32_13_full_dsp_1_U417                      | 7   |        | ex_35           | fexp  | fulldsp | 12      |
|    fexp_32ns_32ns_32_13_full_dsp_1_U420                      | 7   |        | ex_36           | fexp  | fulldsp | 12      |
|    fexp_32ns_32ns_32_13_full_dsp_1_U418                      | 7   |        | ex_37           | fexp  | fulldsp | 12      |
|    fexp_32ns_32ns_32_13_full_dsp_1_U419                      | 7   |        | ex_38           | fexp  | fulldsp | 12      |
|    fexp_32ns_32ns_32_13_full_dsp_1_U416                      | 7   |        | ex_39           | fexp  | fulldsp | 12      |
|    fexp_32ns_32ns_32_13_full_dsp_1_U420                      | 7   |        | ex_40           | fexp  | fulldsp | 12      |
|    fexp_32ns_32ns_32_13_full_dsp_1_U417                      | 7   |        | ex_41           | fexp  | fulldsp | 12      |
|    fexp_32ns_32ns_32_13_full_dsp_1_U418                      | 7   |        | ex_42           | fexp  | fulldsp | 12      |
|    fexp_32ns_32ns_32_13_full_dsp_1_U416                      | 7   |        | ex_43           | fexp  | fulldsp | 12      |
|    fexp_32ns_32ns_32_13_full_dsp_1_U419                      | 7   |        | ex_44           | fexp  | fulldsp | 12      |
|    fexp_32ns_32ns_32_13_full_dsp_1_U420                      | 7   |        | ex_45           | fexp  | fulldsp | 12      |
|    fexp_32ns_32ns_32_13_full_dsp_1_U417                      | 7   |        | ex_46           | fexp  | fulldsp | 12      |
|    fexp_32ns_32ns_32_13_full_dsp_1_U416                      | 7   |        | ex_47           | fexp  | fulldsp | 12      |
|    fexp_32ns_32ns_32_13_full_dsp_1_U418                      | 7   |        | ex_48           | fexp  | fulldsp | 12      |
|    fexp_32ns_32ns_32_13_full_dsp_1_U419                      | 7   |        | ex_49           | fexp  | fulldsp | 12      |
|    fexp_32ns_32ns_32_13_full_dsp_1_U417                      | 7   |        | ex_50           | fexp  | fulldsp | 12      |
|    fexp_32ns_32ns_32_13_full_dsp_1_U418                      | 7   |        | ex_51           | fexp  | fulldsp | 12      |
|    fexp_32ns_32ns_32_13_full_dsp_1_U420                      | 7   |        | ex_52           | fexp  | fulldsp | 12      |
|    fexp_32ns_32ns_32_13_full_dsp_1_U419                      | 7   |        | ex_53           | fexp  | fulldsp | 12      |
|    fexp_32ns_32ns_32_13_full_dsp_1_U416                      | 7   |        | ex_54           | fexp  | fulldsp | 12      |
|    fexp_32ns_32ns_32_13_full_dsp_1_U417                      | 7   |        | ex_55           | fexp  | fulldsp | 12      |
|    fexp_32ns_32ns_32_13_full_dsp_1_U420                      | 7   |        | ex_56           | fexp  | fulldsp | 12      |
|    fexp_32ns_32ns_32_13_full_dsp_1_U418                      | 7   |        | ex_57           | fexp  | fulldsp | 12      |
|    fexp_32ns_32ns_32_13_full_dsp_1_U419                      | 7   |        | ex_58           | fexp  | fulldsp | 12      |
|    fexp_32ns_32ns_32_13_full_dsp_1_U416                      | 7   |        | ex_59           | fexp  | fulldsp | 12      |
|    fexp_32ns_32ns_32_13_full_dsp_1_U420                      | 7   |        | ex_60           | fexp  | fulldsp | 12      |
|    fexp_32ns_32ns_32_13_full_dsp_1_U417                      | 7   |        | ex_61           | fexp  | fulldsp | 12      |
|    fexp_32ns_32ns_32_13_full_dsp_1_U418                      | 7   |        | ex_62           | fexp  | fulldsp | 12      |
|    fexp_32ns_32ns_32_13_full_dsp_1_U416                      | 7   |        | ex_63           | fexp  | fulldsp | 12      |
|    fexp_32ns_32ns_32_13_full_dsp_1_U419                      | 7   |        | ex_64           | fexp  | fulldsp | 12      |
|    fexp_32ns_32ns_32_13_full_dsp_1_U420                      | 7   |        | ex_65           | fexp  | fulldsp | 12      |
|    fexp_32ns_32ns_32_13_full_dsp_1_U417                      | 7   |        | ex_66           | fexp  | fulldsp | 12      |
|    fexp_32ns_32ns_32_13_full_dsp_1_U416                      | 7   |        | ex_67           | fexp  | fulldsp | 12      |
|    fexp_32ns_32ns_32_13_full_dsp_1_U418                      | 7   |        | ex_68           | fexp  | fulldsp | 12      |
|    fexp_32ns_32ns_32_13_full_dsp_1_U419                      | 7   |        | ex_69           | fexp  | fulldsp | 12      |
|    fexp_32ns_32ns_32_13_full_dsp_1_U417                      | 7   |        | ex_70           | fexp  | fulldsp | 12      |
|    fexp_32ns_32ns_32_13_full_dsp_1_U418                      | 7   |        | ex_71           | fexp  | fulldsp | 12      |
|    fexp_32ns_32ns_32_13_full_dsp_1_U420                      | 7   |        | ex_72           | fexp  | fulldsp | 12      |
|    fexp_32ns_32ns_32_13_full_dsp_1_U419                      | 7   |        | ex_73           | fexp  | fulldsp | 12      |
|    fexp_32ns_32ns_32_13_full_dsp_1_U416                      | 7   |        | ex_74           | fexp  | fulldsp | 12      |
|    fexp_32ns_32ns_32_13_full_dsp_1_U417                      | 7   |        | ex_75           | fexp  | fulldsp | 12      |
|    fexp_32ns_32ns_32_13_full_dsp_1_U420                      | 7   |        | ex_76           | fexp  | fulldsp | 12      |
|    fexp_32ns_32ns_32_13_full_dsp_1_U418                      | 7   |        | ex_77           | fexp  | fulldsp | 12      |
|    fexp_32ns_32ns_32_13_full_dsp_1_U419                      | 7   |        | ex_78           | fexp  | fulldsp | 12      |
|    fexp_32ns_32ns_32_13_full_dsp_1_U416                      | 7   |        | ex_79           | fexp  | fulldsp | 12      |
|    fexp_32ns_32ns_32_13_full_dsp_1_U420                      | 7   |        | ex_80           | fexp  | fulldsp | 12      |
|    fexp_32ns_32ns_32_13_full_dsp_1_U417                      | 7   |        | ex_81           | fexp  | fulldsp | 12      |
|    fexp_32ns_32ns_32_13_full_dsp_1_U418                      | 7   |        | ex_82           | fexp  | fulldsp | 12      |
|    fexp_32ns_32ns_32_13_full_dsp_1_U416                      | 7   |        | ex_83           | fexp  | fulldsp | 12      |
|    fexp_32ns_32ns_32_13_full_dsp_1_U419                      | 7   |        | ex_84           | fexp  | fulldsp | 12      |
|    fexp_32ns_32ns_32_13_full_dsp_1_U420                      | 7   |        | ex_85           | fexp  | fulldsp | 12      |
|    fexp_32ns_32ns_32_13_full_dsp_1_U417                      | 7   |        | ex_86           | fexp  | fulldsp | 12      |
|    fexp_32ns_32ns_32_13_full_dsp_1_U416                      | 7   |        | ex_87           | fexp  | fulldsp | 12      |
|    fexp_32ns_32ns_32_13_full_dsp_1_U418                      | 7   |        | ex_88           | fexp  | fulldsp | 12      |
|    fexp_32ns_32ns_32_13_full_dsp_1_U419                      | 7   |        | ex_89           | fexp  | fulldsp | 12      |
|    fexp_32ns_32ns_32_13_full_dsp_1_U417                      | 7   |        | ex_90           | fexp  | fulldsp | 12      |
|    fexp_32ns_32ns_32_13_full_dsp_1_U418                      | 7   |        | ex_91           | fexp  | fulldsp | 12      |
|    fexp_32ns_32ns_32_13_full_dsp_1_U420                      | 7   |        | ex_92           | fexp  | fulldsp | 12      |
|    fexp_32ns_32ns_32_13_full_dsp_1_U419                      | 7   |        | ex_93           | fexp  | fulldsp | 12      |
|    fexp_32ns_32ns_32_13_full_dsp_1_U416                      | 7   |        | ex_94           | fexp  | fulldsp | 12      |
|    fexp_32ns_32ns_32_13_full_dsp_1_U417                      | 7   |        | ex_95           | fexp  | fulldsp | 12      |
|    fexp_32ns_32ns_32_13_full_dsp_1_U420                      | 7   |        | ex_96           | fexp  | fulldsp | 12      |
|    fexp_32ns_32ns_32_13_full_dsp_1_U418                      | 7   |        | ex_97           | fexp  | fulldsp | 12      |
|    fexp_32ns_32ns_32_13_full_dsp_1_U419                      | 7   |        | ex_98           | fexp  | fulldsp | 12      |
|    fexp_32ns_32ns_32_13_full_dsp_1_U416                      | 7   |        | ex_99           | fexp  | fulldsp | 12      |
|    fexp_32ns_32ns_32_13_full_dsp_1_U420                      | 7   |        | ex_100          | fexp  | fulldsp | 12      |
|    fexp_32ns_32ns_32_13_full_dsp_1_U417                      | 7   |        | ex_101          | fexp  | fulldsp | 12      |
|    fexp_32ns_32ns_32_13_full_dsp_1_U418                      | 7   |        | ex_102          | fexp  | fulldsp | 12      |
|    fexp_32ns_32ns_32_13_full_dsp_1_U416                      | 7   |        | ex_103          | fexp  | fulldsp | 12      |
|    fexp_32ns_32ns_32_13_full_dsp_1_U419                      | 7   |        | ex_104          | fexp  | fulldsp | 12      |
|    fexp_32ns_32ns_32_13_full_dsp_1_U420                      | 7   |        | ex_105          | fexp  | fulldsp | 12      |
|    fexp_32ns_32ns_32_13_full_dsp_1_U417                      | 7   |        | ex_106          | fexp  | fulldsp | 12      |
|    fexp_32ns_32ns_32_13_full_dsp_1_U416                      | 7   |        | ex_107          | fexp  | fulldsp | 12      |
|    fexp_32ns_32ns_32_13_full_dsp_1_U418                      | 7   |        | ex_108          | fexp  | fulldsp | 12      |
|    fexp_32ns_32ns_32_13_full_dsp_1_U419                      | 7   |        | ex_109          | fexp  | fulldsp | 12      |
|    fexp_32ns_32ns_32_13_full_dsp_1_U417                      | 7   |        | ex_110          | fexp  | fulldsp | 12      |
|    fexp_32ns_32ns_32_13_full_dsp_1_U418                      | 7   |        | ex_111          | fexp  | fulldsp | 12      |
|    fexp_32ns_32ns_32_13_full_dsp_1_U420                      | 7   |        | ex_112          | fexp  | fulldsp | 12      |
|    fexp_32ns_32ns_32_13_full_dsp_1_U419                      | 7   |        | ex_113          | fexp  | fulldsp | 12      |
|    fexp_32ns_32ns_32_13_full_dsp_1_U416                      | 7   |        | ex_114          | fexp  | fulldsp | 12      |
|    fexp_32ns_32ns_32_13_full_dsp_1_U417                      | 7   |        | ex_115          | fexp  | fulldsp | 12      |
|    fexp_32ns_32ns_32_13_full_dsp_1_U420                      | 7   |        | ex_116          | fexp  | fulldsp | 12      |
|    fexp_32ns_32ns_32_13_full_dsp_1_U418                      | 7   |        | ex_117          | fexp  | fulldsp | 12      |
|    fexp_32ns_32ns_32_13_full_dsp_1_U419                      | 7   |        | ex_118          | fexp  | fulldsp | 12      |
|    fexp_32ns_32ns_32_13_full_dsp_1_U416                      | 7   |        | ex_119          | fexp  | fulldsp | 12      |
|    fexp_32ns_32ns_32_13_full_dsp_1_U420                      | 7   |        | ex_120          | fexp  | fulldsp | 12      |
|    fexp_32ns_32ns_32_13_full_dsp_1_U417                      | 7   |        | ex_121          | fexp  | fulldsp | 12      |
|    fexp_32ns_32ns_32_13_full_dsp_1_U418                      | 7   |        | ex_122          | fexp  | fulldsp | 12      |
|    fexp_32ns_32ns_32_13_full_dsp_1_U416                      | 7   |        | ex_123          | fexp  | fulldsp | 12      |
|    fexp_32ns_32ns_32_13_full_dsp_1_U419                      | 7   |        | ex_124          | fexp  | fulldsp | 12      |
|    fexp_32ns_32ns_32_13_full_dsp_1_U420                      | 7   |        | ex_125          | fexp  | fulldsp | 12      |
|    fexp_32ns_32ns_32_13_full_dsp_1_U417                      | 7   |        | ex_126          | fexp  | fulldsp | 12      |
|    fexp_32ns_32ns_32_13_full_dsp_1_U416                      | 7   |        | ex_127          | fexp  | fulldsp | 12      |
|    fexp_32ns_32ns_32_13_full_dsp_1_U418                      | 7   |        | ex_128          | fexp  | fulldsp | 12      |
|    fexp_32ns_32ns_32_13_full_dsp_1_U419                      | 7   |        | ex_129          | fexp  | fulldsp | 12      |
|    fexp_32ns_32ns_32_13_full_dsp_1_U417                      | 7   |        | ex_130          | fexp  | fulldsp | 12      |
|    fexp_32ns_32ns_32_13_full_dsp_1_U418                      | 7   |        | ex_131          | fexp  | fulldsp | 12      |
|    fexp_32ns_32ns_32_13_full_dsp_1_U420                      | 7   |        | ex_132          | fexp  | fulldsp | 12      |
|    fexp_32ns_32ns_32_13_full_dsp_1_U419                      | 7   |        | ex_133          | fexp  | fulldsp | 12      |
|    fexp_32ns_32ns_32_13_full_dsp_1_U416                      | 7   |        | ex_134          | fexp  | fulldsp | 12      |
|    fexp_32ns_32ns_32_13_full_dsp_1_U417                      | 7   |        | ex_135          | fexp  | fulldsp | 12      |
|    fexp_32ns_32ns_32_13_full_dsp_1_U420                      | 7   |        | ex_136          | fexp  | fulldsp | 12      |
|    fexp_32ns_32ns_32_13_full_dsp_1_U418                      | 7   |        | ex_137          | fexp  | fulldsp | 12      |
|    fexp_32ns_32ns_32_13_full_dsp_1_U419                      | 7   |        | ex_138          | fexp  | fulldsp | 12      |
|    fexp_32ns_32ns_32_13_full_dsp_1_U416                      | 7   |        | ex_139          | fexp  | fulldsp | 12      |
|    fexp_32ns_32ns_32_13_full_dsp_1_U420                      | 7   |        | ex_140          | fexp  | fulldsp | 12      |
|    fexp_32ns_32ns_32_13_full_dsp_1_U417                      | 7   |        | ex_141          | fexp  | fulldsp | 12      |
|    fexp_32ns_32ns_32_13_full_dsp_1_U418                      | 7   |        | ex_142          | fexp  | fulldsp | 12      |
|    fexp_32ns_32ns_32_13_full_dsp_1_U416                      | 7   |        | ex_143          | fexp  | fulldsp | 12      |
|    fexp_32ns_32ns_32_13_full_dsp_1_U419                      | 7   |        | ex_144          | fexp  | fulldsp | 12      |
|    fexp_32ns_32ns_32_13_full_dsp_1_U420                      | 7   |        | ex_145          | fexp  | fulldsp | 12      |
|    fexp_32ns_32ns_32_13_full_dsp_1_U417                      | 7   |        | ex_146          | fexp  | fulldsp | 12      |
|    fexp_32ns_32ns_32_13_full_dsp_1_U416                      | 7   |        | ex_147          | fexp  | fulldsp | 12      |
|    fexp_32ns_32ns_32_13_full_dsp_1_U418                      | 7   |        | ex_148          | fexp  | fulldsp | 12      |
|    fexp_32ns_32ns_32_13_full_dsp_1_U419                      | 7   |        | ex_149          | fexp  | fulldsp | 12      |
|    fexp_32ns_32ns_32_13_full_dsp_1_U417                      | 7   |        | ex_150          | fexp  | fulldsp | 12      |
|    fexp_32ns_32ns_32_13_full_dsp_1_U418                      | 7   |        | ex_151          | fexp  | fulldsp | 12      |
|    fexp_32ns_32ns_32_13_full_dsp_1_U420                      | 7   |        | ex_152          | fexp  | fulldsp | 12      |
|    fexp_32ns_32ns_32_13_full_dsp_1_U419                      | 7   |        | ex_153          | fexp  | fulldsp | 12      |
|    fexp_32ns_32ns_32_13_full_dsp_1_U416                      | 7   |        | ex_154          | fexp  | fulldsp | 12      |
|    fexp_32ns_32ns_32_13_full_dsp_1_U417                      | 7   |        | ex_155          | fexp  | fulldsp | 12      |
|    fexp_32ns_32ns_32_13_full_dsp_1_U420                      | 7   |        | ex_156          | fexp  | fulldsp | 12      |
|    fexp_32ns_32ns_32_13_full_dsp_1_U418                      | 7   |        | ex_157          | fexp  | fulldsp | 12      |
|    fexp_32ns_32ns_32_13_full_dsp_1_U419                      | 7   |        | ex_158          | fexp  | fulldsp | 12      |
|    fexp_32ns_32ns_32_13_full_dsp_1_U416                      | 7   |        | ex_159          | fexp  | fulldsp | 12      |
|    fexp_32ns_32ns_32_13_full_dsp_1_U420                      | 7   |        | ex_160          | fexp  | fulldsp | 12      |
|    fexp_32ns_32ns_32_13_full_dsp_1_U417                      | 7   |        | ex_161          | fexp  | fulldsp | 12      |
|    fexp_32ns_32ns_32_13_full_dsp_1_U418                      | 7   |        | ex_162          | fexp  | fulldsp | 12      |
|    fexp_32ns_32ns_32_13_full_dsp_1_U416                      | 7   |        | ex_163          | fexp  | fulldsp | 12      |
|    fexp_32ns_32ns_32_13_full_dsp_1_U419                      | 7   |        | ex_164          | fexp  | fulldsp | 12      |
|    fexp_32ns_32ns_32_13_full_dsp_1_U420                      | 7   |        | ex_165          | fexp  | fulldsp | 12      |
|    fexp_32ns_32ns_32_13_full_dsp_1_U417                      | 7   |        | ex_166          | fexp  | fulldsp | 12      |
|    fexp_32ns_32ns_32_13_full_dsp_1_U416                      | 7   |        | ex_167          | fexp  | fulldsp | 12      |
|    fexp_32ns_32ns_32_13_full_dsp_1_U418                      | 7   |        | ex_168          | fexp  | fulldsp | 12      |
|    fexp_32ns_32ns_32_13_full_dsp_1_U419                      | 7   |        | ex_169          | fexp  | fulldsp | 12      |
|    fexp_32ns_32ns_32_13_full_dsp_1_U417                      | 7   |        | ex_170          | fexp  | fulldsp | 12      |
|    fexp_32ns_32ns_32_13_full_dsp_1_U418                      | 7   |        | ex_171          | fexp  | fulldsp | 12      |
|    fexp_32ns_32ns_32_13_full_dsp_1_U420                      | 7   |        | ex_172          | fexp  | fulldsp | 12      |
|    fexp_32ns_32ns_32_13_full_dsp_1_U419                      | 7   |        | ex_173          | fexp  | fulldsp | 12      |
|    fexp_32ns_32ns_32_13_full_dsp_1_U416                      | 7   |        | ex_174          | fexp  | fulldsp | 12      |
|    fexp_32ns_32ns_32_13_full_dsp_1_U417                      | 7   |        | ex_175          | fexp  | fulldsp | 12      |
|    fexp_32ns_32ns_32_13_full_dsp_1_U420                      | 7   |        | ex_176          | fexp  | fulldsp | 12      |
|    fexp_32ns_32ns_32_13_full_dsp_1_U418                      | 7   |        | ex_177          | fexp  | fulldsp | 12      |
|    fexp_32ns_32ns_32_13_full_dsp_1_U419                      | 7   |        | ex_178          | fexp  | fulldsp | 12      |
|    fexp_32ns_32ns_32_13_full_dsp_1_U416                      | 7   |        | ex_179          | fexp  | fulldsp | 12      |
|    fexp_32ns_32ns_32_13_full_dsp_1_U420                      | 7   |        | ex_180          | fexp  | fulldsp | 12      |
|    fexp_32ns_32ns_32_13_full_dsp_1_U417                      | 7   |        | ex_181          | fexp  | fulldsp | 12      |
|    fexp_32ns_32ns_32_13_full_dsp_1_U418                      | 7   |        | ex_182          | fexp  | fulldsp | 12      |
|    fexp_32ns_32ns_32_13_full_dsp_1_U416                      | 7   |        | ex_183          | fexp  | fulldsp | 12      |
|    fexp_32ns_32ns_32_13_full_dsp_1_U419                      | 7   |        | ex_184          | fexp  | fulldsp | 12      |
|    fexp_32ns_32ns_32_13_full_dsp_1_U420                      | 7   |        | ex_185          | fexp  | fulldsp | 12      |
|    fexp_32ns_32ns_32_13_full_dsp_1_U417                      | 7   |        | ex_186          | fexp  | fulldsp | 12      |
|    fexp_32ns_32ns_32_13_full_dsp_1_U416                      | 7   |        | ex_187          | fexp  | fulldsp | 12      |
|    fexp_32ns_32ns_32_13_full_dsp_1_U418                      | 7   |        | ex_188          | fexp  | fulldsp | 12      |
|    fexp_32ns_32ns_32_13_full_dsp_1_U419                      | 7   |        | ex_189          | fexp  | fulldsp | 12      |
|    fexp_32ns_32ns_32_13_full_dsp_1_U417                      | 7   |        | ex_190          | fexp  | fulldsp | 12      |
|    fexp_32ns_32ns_32_13_full_dsp_1_U418                      | 7   |        | ex_191          | fexp  | fulldsp | 12      |
|    fexp_32ns_32ns_32_13_full_dsp_1_U420                      | 7   |        | ex_192          | fexp  | fulldsp | 12      |
|    fexp_32ns_32ns_32_13_full_dsp_1_U419                      | 7   |        | ex_193          | fexp  | fulldsp | 12      |
|    fexp_32ns_32ns_32_13_full_dsp_1_U416                      | 7   |        | ex_194          | fexp  | fulldsp | 12      |
|    fexp_32ns_32ns_32_13_full_dsp_1_U417                      | 7   |        | ex_195          | fexp  | fulldsp | 12      |
|    fexp_32ns_32ns_32_13_full_dsp_1_U420                      | 7   |        | ex_196          | fexp  | fulldsp | 12      |
|    fexp_32ns_32ns_32_13_full_dsp_1_U418                      | 7   |        | ex_197          | fexp  | fulldsp | 12      |
|    fexp_32ns_32ns_32_13_full_dsp_1_U419                      | 7   |        | ex_198          | fexp  | fulldsp | 12      |
|    fexp_32ns_32ns_32_13_full_dsp_1_U416                      | 7   |        | ex_199          | fexp  | fulldsp | 12      |
|    fexp_32ns_32ns_32_13_full_dsp_1_U420                      | 7   |        | ex_200          | fexp  | fulldsp | 12      |
|    fexp_32ns_32ns_32_13_full_dsp_1_U417                      | 7   |        | ex_201          | fexp  | fulldsp | 12      |
|    fexp_32ns_32ns_32_13_full_dsp_1_U418                      | 7   |        | ex_202          | fexp  | fulldsp | 12      |
|    fexp_32ns_32ns_32_13_full_dsp_1_U416                      | 7   |        | ex_203          | fexp  | fulldsp | 12      |
|    fexp_32ns_32ns_32_13_full_dsp_1_U419                      | 7   |        | ex_204          | fexp  | fulldsp | 12      |
|    fexp_32ns_32ns_32_13_full_dsp_1_U420                      | 7   |        | ex_205          | fexp  | fulldsp | 12      |
|    fexp_32ns_32ns_32_13_full_dsp_1_U417                      | 7   |        | ex_206          | fexp  | fulldsp | 12      |
|    fexp_32ns_32ns_32_13_full_dsp_1_U416                      | 7   |        | ex_207          | fexp  | fulldsp | 12      |
|    fexp_32ns_32ns_32_13_full_dsp_1_U418                      | 7   |        | ex_208          | fexp  | fulldsp | 12      |
|    fexp_32ns_32ns_32_13_full_dsp_1_U419                      | 7   |        | ex_209          | fexp  | fulldsp | 12      |
|    fexp_32ns_32ns_32_13_full_dsp_1_U417                      | 7   |        | ex_210          | fexp  | fulldsp | 12      |
|    fexp_32ns_32ns_32_13_full_dsp_1_U418                      | 7   |        | ex_211          | fexp  | fulldsp | 12      |
|    fexp_32ns_32ns_32_13_full_dsp_1_U420                      | 7   |        | ex_212          | fexp  | fulldsp | 12      |
|    fexp_32ns_32ns_32_13_full_dsp_1_U419                      | 7   |        | ex_213          | fexp  | fulldsp | 12      |
|    fexp_32ns_32ns_32_13_full_dsp_1_U416                      | 7   |        | ex_214          | fexp  | fulldsp | 12      |
|    fexp_32ns_32ns_32_13_full_dsp_1_U417                      | 7   |        | ex_215          | fexp  | fulldsp | 12      |
|    fexp_32ns_32ns_32_13_full_dsp_1_U420                      | 7   |        | ex_216          | fexp  | fulldsp | 12      |
|    fexp_32ns_32ns_32_13_full_dsp_1_U418                      | 7   |        | ex_217          | fexp  | fulldsp | 12      |
|    fexp_32ns_32ns_32_13_full_dsp_1_U419                      | 7   |        | ex_218          | fexp  | fulldsp | 12      |
|    fexp_32ns_32ns_32_13_full_dsp_1_U416                      | 7   |        | ex_219          | fexp  | fulldsp | 12      |
|    fexp_32ns_32ns_32_13_full_dsp_1_U420                      | 7   |        | ex_220          | fexp  | fulldsp | 12      |
|    fexp_32ns_32ns_32_13_full_dsp_1_U417                      | 7   |        | ex_221          | fexp  | fulldsp | 12      |
|    fexp_32ns_32ns_32_13_full_dsp_1_U418                      | 7   |        | ex_222          | fexp  | fulldsp | 12      |
|    fexp_32ns_32ns_32_13_full_dsp_1_U416                      | 7   |        | ex_223          | fexp  | fulldsp | 12      |
|    fexp_32ns_32ns_32_13_full_dsp_1_U419                      | 7   |        | ex_224          | fexp  | fulldsp | 12      |
|    fexp_32ns_32ns_32_13_full_dsp_1_U420                      | 7   |        | ex_225          | fexp  | fulldsp | 12      |
|    fexp_32ns_32ns_32_13_full_dsp_1_U417                      | 7   |        | ex_226          | fexp  | fulldsp | 12      |
|    fexp_32ns_32ns_32_13_full_dsp_1_U416                      | 7   |        | ex_227          | fexp  | fulldsp | 12      |
|    fexp_32ns_32ns_32_13_full_dsp_1_U418                      | 7   |        | ex_228          | fexp  | fulldsp | 12      |
|    fexp_32ns_32ns_32_13_full_dsp_1_U419                      | 7   |        | ex_229          | fexp  | fulldsp | 12      |
|    fexp_32ns_32ns_32_13_full_dsp_1_U417                      | 7   |        | ex_230          | fexp  | fulldsp | 12      |
|    fexp_32ns_32ns_32_13_full_dsp_1_U418                      | 7   |        | ex_231          | fexp  | fulldsp | 12      |
|    fexp_32ns_32ns_32_13_full_dsp_1_U420                      | 7   |        | ex_232          | fexp  | fulldsp | 12      |
|    fexp_32ns_32ns_32_13_full_dsp_1_U419                      | 7   |        | ex_233          | fexp  | fulldsp | 12      |
|    fexp_32ns_32ns_32_13_full_dsp_1_U416                      | 7   |        | ex_234          | fexp  | fulldsp | 12      |
|    fexp_32ns_32ns_32_13_full_dsp_1_U417                      | 7   |        | ex_235          | fexp  | fulldsp | 12      |
|    fexp_32ns_32ns_32_13_full_dsp_1_U420                      | 7   |        | ex_236          | fexp  | fulldsp | 12      |
|    fexp_32ns_32ns_32_13_full_dsp_1_U418                      | 7   |        | ex_237          | fexp  | fulldsp | 12      |
|    fexp_32ns_32ns_32_13_full_dsp_1_U419                      | 7   |        | ex_238          | fexp  | fulldsp | 12      |
|    fexp_32ns_32ns_32_13_full_dsp_1_U416                      | 7   |        | ex_239          | fexp  | fulldsp | 12      |
|    fexp_32ns_32ns_32_13_full_dsp_1_U420                      | 7   |        | ex_240          | fexp  | fulldsp | 12      |
|    fexp_32ns_32ns_32_13_full_dsp_1_U417                      | 7   |        | ex_241          | fexp  | fulldsp | 12      |
|    fexp_32ns_32ns_32_13_full_dsp_1_U418                      | 7   |        | ex_242          | fexp  | fulldsp | 12      |
|    fexp_32ns_32ns_32_13_full_dsp_1_U416                      | 7   |        | ex_243          | fexp  | fulldsp | 12      |
|    fexp_32ns_32ns_32_13_full_dsp_1_U419                      | 7   |        | ex_244          | fexp  | fulldsp | 12      |
|    fexp_32ns_32ns_32_13_full_dsp_1_U420                      | 7   |        | ex_245          | fexp  | fulldsp | 12      |
|    fexp_32ns_32ns_32_13_full_dsp_1_U417                      | 7   |        | ex_246          | fexp  | fulldsp | 12      |
|    fexp_32ns_32ns_32_13_full_dsp_1_U416                      | 7   |        | ex_247          | fexp  | fulldsp | 12      |
|    fexp_32ns_32ns_32_13_full_dsp_1_U418                      | 7   |        | ex_248          | fexp  | fulldsp | 12      |
|    fexp_32ns_32ns_32_13_full_dsp_1_U419                      | 7   |        | ex_249          | fexp  | fulldsp | 12      |
|    fexp_32ns_32ns_32_13_full_dsp_1_U417                      | 7   |        | ex_250          | fexp  | fulldsp | 12      |
|    fexp_32ns_32ns_32_13_full_dsp_1_U418                      | 7   |        | ex_251          | fexp  | fulldsp | 12      |
|    fexp_32ns_32ns_32_13_full_dsp_1_U420                      | 7   |        | ex_252          | fexp  | fulldsp | 12      |
|    fexp_32ns_32ns_32_13_full_dsp_1_U419                      | 7   |        | ex_253          | fexp  | fulldsp | 12      |
|    fexp_32ns_32ns_32_13_full_dsp_1_U416                      | 7   |        | ex_254          | fexp  | fulldsp | 12      |
|    fexp_32ns_32ns_32_13_full_dsp_1_U417                      | 7   |        | ex_255          | fexp  | fulldsp | 12      |
|    fexp_32ns_32ns_32_13_full_dsp_1_U420                      | 7   |        | ex_256          | fexp  | fulldsp | 12      |
|    fexp_32ns_32ns_32_13_full_dsp_1_U418                      | 7   |        | ex_257          | fexp  | fulldsp | 12      |
|    fexp_32ns_32ns_32_13_full_dsp_1_U419                      | 7   |        | ex_258          | fexp  | fulldsp | 12      |
|    fexp_32ns_32ns_32_13_full_dsp_1_U416                      | 7   |        | ex_259          | fexp  | fulldsp | 12      |
|    fexp_32ns_32ns_32_13_full_dsp_1_U420                      | 7   |        | ex_260          | fexp  | fulldsp | 12      |
|    fexp_32ns_32ns_32_13_full_dsp_1_U417                      | 7   |        | ex_261          | fexp  | fulldsp | 12      |
|    fexp_32ns_32ns_32_13_full_dsp_1_U418                      | 7   |        | ex_262          | fexp  | fulldsp | 12      |
|    fexp_32ns_32ns_32_13_full_dsp_1_U416                      | 7   |        | ex_263          | fexp  | fulldsp | 12      |
|    fexp_32ns_32ns_32_13_full_dsp_1_U419                      | 7   |        | ex_264          | fexp  | fulldsp | 12      |
|    fexp_32ns_32ns_32_13_full_dsp_1_U420                      | 7   |        | ex_265          | fexp  | fulldsp | 12      |
|    fexp_32ns_32ns_32_13_full_dsp_1_U417                      | 7   |        | ex_266          | fexp  | fulldsp | 12      |
|    fexp_32ns_32ns_32_13_full_dsp_1_U416                      | 7   |        | ex_267          | fexp  | fulldsp | 12      |
|    fexp_32ns_32ns_32_13_full_dsp_1_U418                      | 7   |        | ex_268          | fexp  | fulldsp | 12      |
|    fexp_32ns_32ns_32_13_full_dsp_1_U419                      | 7   |        | ex_269          | fexp  | fulldsp | 12      |
|    fexp_32ns_32ns_32_13_full_dsp_1_U417                      | 7   |        | ex_270          | fexp  | fulldsp | 12      |
|    fexp_32ns_32ns_32_13_full_dsp_1_U418                      | 7   |        | ex_271          | fexp  | fulldsp | 12      |
|    fexp_32ns_32ns_32_13_full_dsp_1_U420                      | 7   |        | ex_272          | fexp  | fulldsp | 12      |
|    fexp_32ns_32ns_32_13_full_dsp_1_U419                      | 7   |        | ex_273          | fexp  | fulldsp | 12      |
|    fexp_32ns_32ns_32_13_full_dsp_1_U416                      | 7   |        | ex_274          | fexp  | fulldsp | 12      |
|    fexp_32ns_32ns_32_13_full_dsp_1_U417                      | 7   |        | ex_275          | fexp  | fulldsp | 12      |
|    fexp_32ns_32ns_32_13_full_dsp_1_U420                      | 7   |        | ex_276          | fexp  | fulldsp | 12      |
|    fexp_32ns_32ns_32_13_full_dsp_1_U418                      | 7   |        | ex_277          | fexp  | fulldsp | 12      |
|    fexp_32ns_32ns_32_13_full_dsp_1_U419                      | 7   |        | ex_278          | fexp  | fulldsp | 12      |
|    fexp_32ns_32ns_32_13_full_dsp_1_U416                      | 7   |        | ex_279          | fexp  | fulldsp | 12      |
|    fexp_32ns_32ns_32_13_full_dsp_1_U420                      | 7   |        | ex_280          | fexp  | fulldsp | 12      |
|    fexp_32ns_32ns_32_13_full_dsp_1_U417                      | 7   |        | ex_281          | fexp  | fulldsp | 12      |
|    fexp_32ns_32ns_32_13_full_dsp_1_U418                      | 7   |        | ex_282          | fexp  | fulldsp | 12      |
|    fexp_32ns_32ns_32_13_full_dsp_1_U416                      | 7   |        | ex_283          | fexp  | fulldsp | 12      |
|    fexp_32ns_32ns_32_13_full_dsp_1_U419                      | 7   |        | ex_284          | fexp  | fulldsp | 12      |
|    fexp_32ns_32ns_32_13_full_dsp_1_U420                      | 7   |        | ex_285          | fexp  | fulldsp | 12      |
|    fexp_32ns_32ns_32_13_full_dsp_1_U417                      | 7   |        | ex_286          | fexp  | fulldsp | 12      |
|    fexp_32ns_32ns_32_13_full_dsp_1_U416                      | 7   |        | ex_287          | fexp  | fulldsp | 12      |
|    fexp_32ns_32ns_32_13_full_dsp_1_U418                      | 7   |        | ex_288          | fexp  | fulldsp | 12      |
|    fexp_32ns_32ns_32_13_full_dsp_1_U419                      | 7   |        | ex_289          | fexp  | fulldsp | 12      |
|    fexp_32ns_32ns_32_13_full_dsp_1_U417                      | 7   |        | ex_290          | fexp  | fulldsp | 12      |
|    fexp_32ns_32ns_32_13_full_dsp_1_U418                      | 7   |        | ex_291          | fexp  | fulldsp | 12      |
|    fexp_32ns_32ns_32_13_full_dsp_1_U420                      | 7   |        | ex_292          | fexp  | fulldsp | 12      |
|    fexp_32ns_32ns_32_13_full_dsp_1_U419                      | 7   |        | ex_293          | fexp  | fulldsp | 12      |
|    fexp_32ns_32ns_32_13_full_dsp_1_U416                      | 7   |        | ex_294          | fexp  | fulldsp | 12      |
|    fexp_32ns_32ns_32_13_full_dsp_1_U417                      | 7   |        | ex_295          | fexp  | fulldsp | 12      |
|    fexp_32ns_32ns_32_13_full_dsp_1_U420                      | 7   |        | ex_296          | fexp  | fulldsp | 12      |
|    fexp_32ns_32ns_32_13_full_dsp_1_U418                      | 7   |        | ex_297          | fexp  | fulldsp | 12      |
|    fexp_32ns_32ns_32_13_full_dsp_1_U419                      | 7   |        | ex_298          | fexp  | fulldsp | 12      |
|    fexp_32ns_32ns_32_13_full_dsp_1_U416                      | 7   |        | ex_299          | fexp  | fulldsp | 12      |
|    fexp_32ns_32ns_32_13_full_dsp_1_U420                      | 7   |        | ex_300          | fexp  | fulldsp | 12      |
|    fexp_32ns_32ns_32_13_full_dsp_1_U417                      | 7   |        | ex_301          | fexp  | fulldsp | 12      |
|    fexp_32ns_32ns_32_13_full_dsp_1_U418                      | 7   |        | ex_302          | fexp  | fulldsp | 12      |
|    fexp_32ns_32ns_32_13_full_dsp_1_U416                      | 7   |        | ex_303          | fexp  | fulldsp | 12      |
|    fexp_32ns_32ns_32_13_full_dsp_1_U419                      | 7   |        | ex_304          | fexp  | fulldsp | 12      |
|    fexp_32ns_32ns_32_13_full_dsp_1_U420                      | 7   |        | ex_305          | fexp  | fulldsp | 12      |
|    fexp_32ns_32ns_32_13_full_dsp_1_U417                      | 7   |        | ex_306          | fexp  | fulldsp | 12      |
|    fexp_32ns_32ns_32_13_full_dsp_1_U416                      | 7   |        | ex_307          | fexp  | fulldsp | 12      |
|    fexp_32ns_32ns_32_13_full_dsp_1_U418                      | 7   |        | ex_308          | fexp  | fulldsp | 12      |
|    fexp_32ns_32ns_32_13_full_dsp_1_U419                      | 7   |        | ex_309          | fexp  | fulldsp | 12      |
|    fexp_32ns_32ns_32_13_full_dsp_1_U417                      | 7   |        | ex_310          | fexp  | fulldsp | 12      |
|    fexp_32ns_32ns_32_13_full_dsp_1_U418                      | 7   |        | ex_311          | fexp  | fulldsp | 12      |
|    fexp_32ns_32ns_32_13_full_dsp_1_U420                      | 7   |        | ex_312          | fexp  | fulldsp | 12      |
|    fexp_32ns_32ns_32_13_full_dsp_1_U419                      | 7   |        | ex_313          | fexp  | fulldsp | 12      |
|    fexp_32ns_32ns_32_13_full_dsp_1_U416                      | 7   |        | ex_314          | fexp  | fulldsp | 12      |
|    fexp_32ns_32ns_32_13_full_dsp_1_U417                      | 7   |        | ex_315          | fexp  | fulldsp | 12      |
|    fexp_32ns_32ns_32_13_full_dsp_1_U420                      | 7   |        | ex_316          | fexp  | fulldsp | 12      |
|    fexp_32ns_32ns_32_13_full_dsp_1_U418                      | 7   |        | ex_317          | fexp  | fulldsp | 12      |
|    fexp_32ns_32ns_32_13_full_dsp_1_U419                      | 7   |        | ex_318          | fexp  | fulldsp | 12      |
|    fexp_32ns_32ns_32_13_full_dsp_1_U416                      | 7   |        | ex_319          | fexp  | fulldsp | 12      |
|    fexp_32ns_32ns_32_13_full_dsp_1_U420                      | 7   |        | ex_320          | fexp  | fulldsp | 12      |
|    fexp_32ns_32ns_32_13_full_dsp_1_U417                      | 7   |        | ex_321          | fexp  | fulldsp | 12      |
|    fexp_32ns_32ns_32_13_full_dsp_1_U418                      | 7   |        | ex_322          | fexp  | fulldsp | 12      |
|    fexp_32ns_32ns_32_13_full_dsp_1_U416                      | 7   |        | ex_323          | fexp  | fulldsp | 12      |
|    fexp_32ns_32ns_32_13_full_dsp_1_U419                      | 7   |        | ex_324          | fexp  | fulldsp | 12      |
|    fexp_32ns_32ns_32_13_full_dsp_1_U420                      | 7   |        | ex_325          | fexp  | fulldsp | 12      |
|    fexp_32ns_32ns_32_13_full_dsp_1_U417                      | 7   |        | ex_326          | fexp  | fulldsp | 12      |
|    fexp_32ns_32ns_32_13_full_dsp_1_U416                      | 7   |        | ex_327          | fexp  | fulldsp | 12      |
|    fexp_32ns_32ns_32_13_full_dsp_1_U418                      | 7   |        | ex_328          | fexp  | fulldsp | 12      |
|    fexp_32ns_32ns_32_13_full_dsp_1_U419                      | 7   |        | ex_329          | fexp  | fulldsp | 12      |
|    fexp_32ns_32ns_32_13_full_dsp_1_U417                      | 7   |        | ex_330          | fexp  | fulldsp | 12      |
|    fexp_32ns_32ns_32_13_full_dsp_1_U418                      | 7   |        | ex_331          | fexp  | fulldsp | 12      |
|    fexp_32ns_32ns_32_13_full_dsp_1_U420                      | 7   |        | ex_332          | fexp  | fulldsp | 12      |
|    fexp_32ns_32ns_32_13_full_dsp_1_U419                      | 7   |        | ex_333          | fexp  | fulldsp | 12      |
|    fexp_32ns_32ns_32_13_full_dsp_1_U416                      | 7   |        | ex_334          | fexp  | fulldsp | 12      |
|    fexp_32ns_32ns_32_13_full_dsp_1_U417                      | 7   |        | ex_335          | fexp  | fulldsp | 12      |
|    fexp_32ns_32ns_32_13_full_dsp_1_U420                      | 7   |        | ex_336          | fexp  | fulldsp | 12      |
|    fexp_32ns_32ns_32_13_full_dsp_1_U418                      | 7   |        | ex_337          | fexp  | fulldsp | 12      |
|    fexp_32ns_32ns_32_13_full_dsp_1_U419                      | 7   |        | ex_338          | fexp  | fulldsp | 12      |
|    fexp_32ns_32ns_32_13_full_dsp_1_U416                      | 7   |        | ex_339          | fexp  | fulldsp | 12      |
|    fexp_32ns_32ns_32_13_full_dsp_1_U420                      | 7   |        | ex_340          | fexp  | fulldsp | 12      |
|    fexp_32ns_32ns_32_13_full_dsp_1_U417                      | 7   |        | ex_341          | fexp  | fulldsp | 12      |
|    fexp_32ns_32ns_32_13_full_dsp_1_U418                      | 7   |        | ex_342          | fexp  | fulldsp | 12      |
|    fexp_32ns_32ns_32_13_full_dsp_1_U416                      | 7   |        | ex_343          | fexp  | fulldsp | 12      |
|    fexp_32ns_32ns_32_13_full_dsp_1_U419                      | 7   |        | ex_344          | fexp  | fulldsp | 12      |
|    fexp_32ns_32ns_32_13_full_dsp_1_U420                      | 7   |        | ex_345          | fexp  | fulldsp | 12      |
|    fexp_32ns_32ns_32_13_full_dsp_1_U417                      | 7   |        | ex_346          | fexp  | fulldsp | 12      |
|    fexp_32ns_32ns_32_13_full_dsp_1_U416                      | 7   |        | ex_347          | fexp  | fulldsp | 12      |
|    fexp_32ns_32ns_32_13_full_dsp_1_U418                      | 7   |        | ex_348          | fexp  | fulldsp | 12      |
|    fexp_32ns_32ns_32_13_full_dsp_1_U419                      | 7   |        | ex_349          | fexp  | fulldsp | 12      |
|    fexp_32ns_32ns_32_13_full_dsp_1_U417                      | 7   |        | ex_350          | fexp  | fulldsp | 12      |
|    fexp_32ns_32ns_32_13_full_dsp_1_U418                      | 7   |        | ex_351          | fexp  | fulldsp | 12      |
|    fexp_32ns_32ns_32_13_full_dsp_1_U420                      | 7   |        | ex_352          | fexp  | fulldsp | 12      |
|    fexp_32ns_32ns_32_13_full_dsp_1_U419                      | 7   |        | ex_353          | fexp  | fulldsp | 12      |
|    fexp_32ns_32ns_32_13_full_dsp_1_U416                      | 7   |        | ex_354          | fexp  | fulldsp | 12      |
|    fexp_32ns_32ns_32_13_full_dsp_1_U417                      | 7   |        | ex_355          | fexp  | fulldsp | 12      |
|    fexp_32ns_32ns_32_13_full_dsp_1_U420                      | 7   |        | ex_356          | fexp  | fulldsp | 12      |
|    fexp_32ns_32ns_32_13_full_dsp_1_U418                      | 7   |        | ex_357          | fexp  | fulldsp | 12      |
|    fexp_32ns_32ns_32_13_full_dsp_1_U419                      | 7   |        | ex_358          | fexp  | fulldsp | 12      |
|    fexp_32ns_32ns_32_13_full_dsp_1_U416                      | 7   |        | ex_359          | fexp  | fulldsp | 12      |
|    fexp_32ns_32ns_32_13_full_dsp_1_U420                      | 7   |        | ex_360          | fexp  | fulldsp | 12      |
|    fexp_32ns_32ns_32_13_full_dsp_1_U417                      | 7   |        | ex_361          | fexp  | fulldsp | 12      |
|    fexp_32ns_32ns_32_13_full_dsp_1_U418                      | 7   |        | ex_362          | fexp  | fulldsp | 12      |
|    fexp_32ns_32ns_32_13_full_dsp_1_U416                      | 7   |        | ex_363          | fexp  | fulldsp | 12      |
|    fexp_32ns_32ns_32_13_full_dsp_1_U419                      | 7   |        | ex_364          | fexp  | fulldsp | 12      |
|    fexp_32ns_32ns_32_13_full_dsp_1_U420                      | 7   |        | ex_365          | fexp  | fulldsp | 12      |
|    fexp_32ns_32ns_32_13_full_dsp_1_U417                      | 7   |        | ex_366          | fexp  | fulldsp | 12      |
|    fexp_32ns_32ns_32_13_full_dsp_1_U416                      | 7   |        | ex_367          | fexp  | fulldsp | 12      |
|    fexp_32ns_32ns_32_13_full_dsp_1_U418                      | 7   |        | ex_368          | fexp  | fulldsp | 12      |
|    fexp_32ns_32ns_32_13_full_dsp_1_U419                      | 7   |        | ex_369          | fexp  | fulldsp | 12      |
|    fexp_32ns_32ns_32_13_full_dsp_1_U417                      | 7   |        | ex_370          | fexp  | fulldsp | 12      |
|    fexp_32ns_32ns_32_13_full_dsp_1_U418                      | 7   |        | ex_371          | fexp  | fulldsp | 12      |
|    fexp_32ns_32ns_32_13_full_dsp_1_U420                      | 7   |        | ex_372          | fexp  | fulldsp | 12      |
|    fexp_32ns_32ns_32_13_full_dsp_1_U419                      | 7   |        | ex_373          | fexp  | fulldsp | 12      |
|    fexp_32ns_32ns_32_13_full_dsp_1_U416                      | 7   |        | ex_374          | fexp  | fulldsp | 12      |
|    fexp_32ns_32ns_32_13_full_dsp_1_U417                      | 7   |        | ex_375          | fexp  | fulldsp | 12      |
|    fexp_32ns_32ns_32_13_full_dsp_1_U420                      | 7   |        | ex_376          | fexp  | fulldsp | 12      |
|    fexp_32ns_32ns_32_13_full_dsp_1_U418                      | 7   |        | ex_377          | fexp  | fulldsp | 12      |
|    fexp_32ns_32ns_32_13_full_dsp_1_U419                      | 7   |        | ex_378          | fexp  | fulldsp | 12      |
|    fexp_32ns_32ns_32_13_full_dsp_1_U416                      | 7   |        | ex_379          | fexp  | fulldsp | 12      |
|    fexp_32ns_32ns_32_13_full_dsp_1_U420                      | 7   |        | ex_380          | fexp  | fulldsp | 12      |
|    fexp_32ns_32ns_32_13_full_dsp_1_U417                      | 7   |        | ex_381          | fexp  | fulldsp | 12      |
|    fexp_32ns_32ns_32_13_full_dsp_1_U418                      | 7   |        | ex_382          | fexp  | fulldsp | 12      |
|    fexp_32ns_32ns_32_13_full_dsp_1_U416                      | 7   |        | ex_383          | fexp  | fulldsp | 12      |
|    fexp_32ns_32ns_32_13_full_dsp_1_U419                      | 7   |        | ex_384          | fexp  | fulldsp | 12      |
|    fexp_32ns_32ns_32_13_full_dsp_1_U420                      | 7   |        | ex_385          | fexp  | fulldsp | 12      |
|    fexp_32ns_32ns_32_13_full_dsp_1_U417                      | 7   |        | ex_386          | fexp  | fulldsp | 12      |
|    fexp_32ns_32ns_32_13_full_dsp_1_U416                      | 7   |        | ex_387          | fexp  | fulldsp | 12      |
|    fexp_32ns_32ns_32_13_full_dsp_1_U418                      | 7   |        | ex_388          | fexp  | fulldsp | 12      |
|    fexp_32ns_32ns_32_13_full_dsp_1_U419                      | 7   |        | ex_389          | fexp  | fulldsp | 12      |
|    fexp_32ns_32ns_32_13_full_dsp_1_U417                      | 7   |        | ex_390          | fexp  | fulldsp | 12      |
|    fexp_32ns_32ns_32_13_full_dsp_1_U418                      | 7   |        | ex_391          | fexp  | fulldsp | 12      |
|    fexp_32ns_32ns_32_13_full_dsp_1_U420                      | 7   |        | ex_392          | fexp  | fulldsp | 12      |
|    fexp_32ns_32ns_32_13_full_dsp_1_U419                      | 7   |        | ex_393          | fexp  | fulldsp | 12      |
|    fexp_32ns_32ns_32_13_full_dsp_1_U416                      | 7   |        | ex_394          | fexp  | fulldsp | 12      |
|    fexp_32ns_32ns_32_13_full_dsp_1_U417                      | 7   |        | ex_395          | fexp  | fulldsp | 12      |
|    fexp_32ns_32ns_32_13_full_dsp_1_U420                      | 7   |        | ex_396          | fexp  | fulldsp | 12      |
|    fexp_32ns_32ns_32_13_full_dsp_1_U418                      | 7   |        | ex_397          | fexp  | fulldsp | 12      |
|    fexp_32ns_32ns_32_13_full_dsp_1_U419                      | 7   |        | ex_398          | fexp  | fulldsp | 12      |
|    fexp_32ns_32ns_32_13_full_dsp_1_U420                      | 7   |        | ex_399          | fexp  | fulldsp | 12      |
|    fdiv_32ns_32ns_32_16_no_dsp_1_U407                        | -   |        | div_i_i_i_1     | fdiv  | fabric  | 15      |
|    fdiv_32ns_32ns_32_16_no_dsp_1_U408                        | -   |        | div_i_i_i_2     | fdiv  | fabric  | 15      |
|    fdiv_32ns_32ns_32_16_no_dsp_1_U409                        | -   |        | div_i_i_i_3     | fdiv  | fabric  | 15      |
|    fdiv_32ns_32ns_32_16_no_dsp_1_U410                        | -   |        | div_i_i_i_4     | fdiv  | fabric  | 15      |
|    fdiv_32ns_32ns_32_16_no_dsp_1_U407                        | -   |        | div_i_i_i_6     | fdiv  | fabric  | 15      |
|    fdiv_32ns_32ns_32_16_no_dsp_1_U408                        | -   |        | div_i_i_i_7     | fdiv  | fabric  | 15      |
|    fdiv_32ns_32ns_32_16_no_dsp_1_U409                        | -   |        | div_i_i_i_8     | fdiv  | fabric  | 15      |
|    fdiv_32ns_32ns_32_16_no_dsp_1_U410                        | -   |        | div_i_i_i_9     | fdiv  | fabric  | 15      |
|    fdiv_32ns_32ns_32_16_no_dsp_1_U407                        | -   |        | div_i_i_i_10    | fdiv  | fabric  | 15      |
|    fdiv_32ns_32ns_32_16_no_dsp_1_U408                        | -   |        | div_i_i_i_11    | fdiv  | fabric  | 15      |
|    fdiv_32ns_32ns_32_16_no_dsp_1_U409                        | -   |        | div_i_i_i_12    | fdiv  | fabric  | 15      |
|    fdiv_32ns_32ns_32_16_no_dsp_1_U410                        | -   |        | div_i_i_i_13    | fdiv  | fabric  | 15      |
|    fdiv_32ns_32ns_32_16_no_dsp_1_U407                        | -   |        | div_i_i_i_15    | fdiv  | fabric  | 15      |
|    fdiv_32ns_32ns_32_16_no_dsp_1_U408                        | -   |        | div_i_i_i_16    | fdiv  | fabric  | 15      |
|    fdiv_32ns_32ns_32_16_no_dsp_1_U409                        | -   |        | div_i_i_i_17    | fdiv  | fabric  | 15      |
|    fdiv_32ns_32ns_32_16_no_dsp_1_U410                        | -   |        | div_i_i_i_18    | fdiv  | fabric  | 15      |
|    fdiv_32ns_32ns_32_16_no_dsp_1_U407                        | -   |        | div_i_i_i_20    | fdiv  | fabric  | 15      |
|    fdiv_32ns_32ns_32_16_no_dsp_1_U408                        | -   |        | div_i_i_i_21    | fdiv  | fabric  | 15      |
|    fdiv_32ns_32ns_32_16_no_dsp_1_U409                        | -   |        | div_i_i_i_22    | fdiv  | fabric  | 15      |
|    fdiv_32ns_32ns_32_16_no_dsp_1_U410                        | -   |        | div_i_i_i_23    | fdiv  | fabric  | 15      |
|    fdiv_32ns_32ns_32_16_no_dsp_1_U407                        | -   |        | div_i_i_i_25    | fdiv  | fabric  | 15      |
|    fdiv_32ns_32ns_32_16_no_dsp_1_U408                        | -   |        | div_i_i_i_26    | fdiv  | fabric  | 15      |
|    fdiv_32ns_32ns_32_16_no_dsp_1_U409                        | -   |        | div_i_i_i_27    | fdiv  | fabric  | 15      |
|    fdiv_32ns_32ns_32_16_no_dsp_1_U410                        | -   |        | div_i_i_i_28    | fdiv  | fabric  | 15      |
|    fdiv_32ns_32ns_32_16_no_dsp_1_U407                        | -   |        | div_i_i_i_30    | fdiv  | fabric  | 15      |
|    fdiv_32ns_32ns_32_16_no_dsp_1_U408                        | -   |        | div_i_i_i_31    | fdiv  | fabric  | 15      |
|    fdiv_32ns_32ns_32_16_no_dsp_1_U409                        | -   |        | div_i_i_i_32    | fdiv  | fabric  | 15      |
|    fdiv_32ns_32ns_32_16_no_dsp_1_U410                        | -   |        | div_i_i_i_33    | fdiv  | fabric  | 15      |
|    fdiv_32ns_32ns_32_16_no_dsp_1_U407                        | -   |        | div_i_i_i_35    | fdiv  | fabric  | 15      |
|    fdiv_32ns_32ns_32_16_no_dsp_1_U408                        | -   |        | div_i_i_i_36    | fdiv  | fabric  | 15      |
|    fdiv_32ns_32ns_32_16_no_dsp_1_U409                        | -   |        | div_i_i_i_37    | fdiv  | fabric  | 15      |
|    fdiv_32ns_32ns_32_16_no_dsp_1_U410                        | -   |        | div_i_i_i_38    | fdiv  | fabric  | 15      |
|    fdiv_32ns_32ns_32_16_no_dsp_1_U407                        | -   |        | div_i_i_i_40    | fdiv  | fabric  | 15      |
|    fdiv_32ns_32ns_32_16_no_dsp_1_U408                        | -   |        | div_i_i_i_41    | fdiv  | fabric  | 15      |
|    fdiv_32ns_32ns_32_16_no_dsp_1_U409                        | -   |        | div_i_i_i_42    | fdiv  | fabric  | 15      |
|    fdiv_32ns_32ns_32_16_no_dsp_1_U410                        | -   |        | div_i_i_i_43    | fdiv  | fabric  | 15      |
|    fdiv_32ns_32ns_32_16_no_dsp_1_U407                        | -   |        | div_i_i_i_45    | fdiv  | fabric  | 15      |
|    fdiv_32ns_32ns_32_16_no_dsp_1_U408                        | -   |        | div_i_i_i_46    | fdiv  | fabric  | 15      |
|    fdiv_32ns_32ns_32_16_no_dsp_1_U409                        | -   |        | div_i_i_i_47    | fdiv  | fabric  | 15      |
|    fdiv_32ns_32ns_32_16_no_dsp_1_U410                        | -   |        | div_i_i_i_48    | fdiv  | fabric  | 15      |
|    fdiv_32ns_32ns_32_16_no_dsp_1_U407                        | -   |        | div_i_i_i_50    | fdiv  | fabric  | 15      |
|    fdiv_32ns_32ns_32_16_no_dsp_1_U408                        | -   |        | div_i_i_i_51    | fdiv  | fabric  | 15      |
|    fdiv_32ns_32ns_32_16_no_dsp_1_U409                        | -   |        | div_i_i_i_52    | fdiv  | fabric  | 15      |
|    fdiv_32ns_32ns_32_16_no_dsp_1_U410                        | -   |        | div_i_i_i_53    | fdiv  | fabric  | 15      |
|    fdiv_32ns_32ns_32_16_no_dsp_1_U407                        | -   |        | div_i_i_i_55    | fdiv  | fabric  | 15      |
|    fdiv_32ns_32ns_32_16_no_dsp_1_U408                        | -   |        | div_i_i_i_56    | fdiv  | fabric  | 15      |
|    fdiv_32ns_32ns_32_16_no_dsp_1_U409                        | -   |        | div_i_i_i_57    | fdiv  | fabric  | 15      |
|    fdiv_32ns_32ns_32_16_no_dsp_1_U410                        | -   |        | div_i_i_i_58    | fdiv  | fabric  | 15      |
|    fdiv_32ns_32ns_32_16_no_dsp_1_U407                        | -   |        | div_i_i_i_60    | fdiv  | fabric  | 15      |
|    fdiv_32ns_32ns_32_16_no_dsp_1_U408                        | -   |        | div_i_i_i_61    | fdiv  | fabric  | 15      |
|    fdiv_32ns_32ns_32_16_no_dsp_1_U409                        | -   |        | div_i_i_i_62    | fdiv  | fabric  | 15      |
|    fdiv_32ns_32ns_32_16_no_dsp_1_U410                        | -   |        | div_i_i_i_63    | fdiv  | fabric  | 15      |
|    fdiv_32ns_32ns_32_16_no_dsp_1_U407                        | -   |        | div_i_i_i_65    | fdiv  | fabric  | 15      |
|    fdiv_32ns_32ns_32_16_no_dsp_1_U408                        | -   |        | div_i_i_i_66    | fdiv  | fabric  | 15      |
|    fdiv_32ns_32ns_32_16_no_dsp_1_U409                        | -   |        | div_i_i_i_67    | fdiv  | fabric  | 15      |
|    fdiv_32ns_32ns_32_16_no_dsp_1_U410                        | -   |        | div_i_i_i_68    | fdiv  | fabric  | 15      |
|    fdiv_32ns_32ns_32_16_no_dsp_1_U407                        | -   |        | div_i_i_i_70    | fdiv  | fabric  | 15      |
|    fdiv_32ns_32ns_32_16_no_dsp_1_U408                        | -   |        | div_i_i_i_71    | fdiv  | fabric  | 15      |
|    fdiv_32ns_32ns_32_16_no_dsp_1_U409                        | -   |        | div_i_i_i_72    | fdiv  | fabric  | 15      |
|    fdiv_32ns_32ns_32_16_no_dsp_1_U410                        | -   |        | div_i_i_i_73    | fdiv  | fabric  | 15      |
|    fdiv_32ns_32ns_32_16_no_dsp_1_U407                        | -   |        | div_i_i_i_75    | fdiv  | fabric  | 15      |
|    fdiv_32ns_32ns_32_16_no_dsp_1_U408                        | -   |        | div_i_i_i_76    | fdiv  | fabric  | 15      |
|    fdiv_32ns_32ns_32_16_no_dsp_1_U409                        | -   |        | div_i_i_i_77    | fdiv  | fabric  | 15      |
|    fdiv_32ns_32ns_32_16_no_dsp_1_U410                        | -   |        | div_i_i_i_78    | fdiv  | fabric  | 15      |
|    fdiv_32ns_32ns_32_16_no_dsp_1_U407                        | -   |        | div_i_i_i_80    | fdiv  | fabric  | 15      |
|    fdiv_32ns_32ns_32_16_no_dsp_1_U408                        | -   |        | div_i_i_i_81    | fdiv  | fabric  | 15      |
|    fdiv_32ns_32ns_32_16_no_dsp_1_U409                        | -   |        | div_i_i_i_82    | fdiv  | fabric  | 15      |
|    fdiv_32ns_32ns_32_16_no_dsp_1_U410                        | -   |        | div_i_i_i_83    | fdiv  | fabric  | 15      |
|    fdiv_32ns_32ns_32_16_no_dsp_1_U407                        | -   |        | div_i_i_i_85    | fdiv  | fabric  | 15      |
|    fdiv_32ns_32ns_32_16_no_dsp_1_U408                        | -   |        | div_i_i_i_86    | fdiv  | fabric  | 15      |
|    fdiv_32ns_32ns_32_16_no_dsp_1_U409                        | -   |        | div_i_i_i_87    | fdiv  | fabric  | 15      |
|    fdiv_32ns_32ns_32_16_no_dsp_1_U410                        | -   |        | div_i_i_i_88    | fdiv  | fabric  | 15      |
|    fdiv_32ns_32ns_32_16_no_dsp_1_U407                        | -   |        | div_i_i_i_90    | fdiv  | fabric  | 15      |
|    fdiv_32ns_32ns_32_16_no_dsp_1_U408                        | -   |        | div_i_i_i_91    | fdiv  | fabric  | 15      |
|    fdiv_32ns_32ns_32_16_no_dsp_1_U409                        | -   |        | div_i_i_i_92    | fdiv  | fabric  | 15      |
|    fdiv_32ns_32ns_32_16_no_dsp_1_U410                        | -   |        | div_i_i_i_93    | fdiv  | fabric  | 15      |
|    fdiv_32ns_32ns_32_16_no_dsp_1_U407                        | -   |        | div_i_i_i_95    | fdiv  | fabric  | 15      |
|    fdiv_32ns_32ns_32_16_no_dsp_1_U408                        | -   |        | div_i_i_i_96    | fdiv  | fabric  | 15      |
|    fdiv_32ns_32ns_32_16_no_dsp_1_U409                        | -   |        | div_i_i_i_97    | fdiv  | fabric  | 15      |
|    fdiv_32ns_32ns_32_16_no_dsp_1_U410                        | -   |        | div_i_i_i_98    | fdiv  | fabric  | 15      |
|    fdiv_32ns_32ns_32_16_no_dsp_1_U407                        | -   |        | div_i_i_i_100   | fdiv  | fabric  | 15      |
|    fdiv_32ns_32ns_32_16_no_dsp_1_U408                        | -   |        | div_i_i_i_101   | fdiv  | fabric  | 15      |
|    fdiv_32ns_32ns_32_16_no_dsp_1_U409                        | -   |        | div_i_i_i_102   | fdiv  | fabric  | 15      |
|    fdiv_32ns_32ns_32_16_no_dsp_1_U410                        | -   |        | div_i_i_i_103   | fdiv  | fabric  | 15      |
|    fdiv_32ns_32ns_32_16_no_dsp_1_U407                        | -   |        | div_i_i_i_105   | fdiv  | fabric  | 15      |
|    fdiv_32ns_32ns_32_16_no_dsp_1_U408                        | -   |        | div_i_i_i_106   | fdiv  | fabric  | 15      |
|    fdiv_32ns_32ns_32_16_no_dsp_1_U409                        | -   |        | div_i_i_i_107   | fdiv  | fabric  | 15      |
|    fdiv_32ns_32ns_32_16_no_dsp_1_U410                        | -   |        | div_i_i_i_108   | fdiv  | fabric  | 15      |
|    fdiv_32ns_32ns_32_16_no_dsp_1_U407                        | -   |        | div_i_i_i_110   | fdiv  | fabric  | 15      |
|    fdiv_32ns_32ns_32_16_no_dsp_1_U408                        | -   |        | div_i_i_i_111   | fdiv  | fabric  | 15      |
|    fdiv_32ns_32ns_32_16_no_dsp_1_U409                        | -   |        | div_i_i_i_112   | fdiv  | fabric  | 15      |
|    fdiv_32ns_32ns_32_16_no_dsp_1_U410                        | -   |        | div_i_i_i_113   | fdiv  | fabric  | 15      |
|    fdiv_32ns_32ns_32_16_no_dsp_1_U407                        | -   |        | div_i_i_i_115   | fdiv  | fabric  | 15      |
|    fdiv_32ns_32ns_32_16_no_dsp_1_U408                        | -   |        | div_i_i_i_116   | fdiv  | fabric  | 15      |
|    fdiv_32ns_32ns_32_16_no_dsp_1_U409                        | -   |        | div_i_i_i_117   | fdiv  | fabric  | 15      |
|    fdiv_32ns_32ns_32_16_no_dsp_1_U410                        | -   |        | div_i_i_i_118   | fdiv  | fabric  | 15      |
|    fdiv_32ns_32ns_32_16_no_dsp_1_U407                        | -   |        | div_i_i_i_120   | fdiv  | fabric  | 15      |
|    fdiv_32ns_32ns_32_16_no_dsp_1_U408                        | -   |        | div_i_i_i_121   | fdiv  | fabric  | 15      |
|    fdiv_32ns_32ns_32_16_no_dsp_1_U409                        | -   |        | div_i_i_i_122   | fdiv  | fabric  | 15      |
|    fdiv_32ns_32ns_32_16_no_dsp_1_U410                        | -   |        | div_i_i_i_123   | fdiv  | fabric  | 15      |
|    fdiv_32ns_32ns_32_16_no_dsp_1_U407                        | -   |        | div_i_i_i_125   | fdiv  | fabric  | 15      |
|    fdiv_32ns_32ns_32_16_no_dsp_1_U408                        | -   |        | div_i_i_i_126   | fdiv  | fabric  | 15      |
|    fdiv_32ns_32ns_32_16_no_dsp_1_U409                        | -   |        | div_i_i_i_127   | fdiv  | fabric  | 15      |
|    fdiv_32ns_32ns_32_16_no_dsp_1_U410                        | -   |        | div_i_i_i_128   | fdiv  | fabric  | 15      |
|    fdiv_32ns_32ns_32_16_no_dsp_1_U407                        | -   |        | div_i_i_i_130   | fdiv  | fabric  | 15      |
|    fdiv_32ns_32ns_32_16_no_dsp_1_U408                        | -   |        | div_i_i_i_131   | fdiv  | fabric  | 15      |
|    fdiv_32ns_32ns_32_16_no_dsp_1_U409                        | -   |        | div_i_i_i_132   | fdiv  | fabric  | 15      |
|    fdiv_32ns_32ns_32_16_no_dsp_1_U410                        | -   |        | div_i_i_i_133   | fdiv  | fabric  | 15      |
|    fdiv_32ns_32ns_32_16_no_dsp_1_U407                        | -   |        | div_i_i_i_135   | fdiv  | fabric  | 15      |
|    fdiv_32ns_32ns_32_16_no_dsp_1_U408                        | -   |        | div_i_i_i_136   | fdiv  | fabric  | 15      |
|    fdiv_32ns_32ns_32_16_no_dsp_1_U409                        | -   |        | div_i_i_i_137   | fdiv  | fabric  | 15      |
|    fdiv_32ns_32ns_32_16_no_dsp_1_U410                        | -   |        | div_i_i_i_138   | fdiv  | fabric  | 15      |
|    fdiv_32ns_32ns_32_16_no_dsp_1_U407                        | -   |        | div_i_i_i_140   | fdiv  | fabric  | 15      |
|    fdiv_32ns_32ns_32_16_no_dsp_1_U408                        | -   |        | div_i_i_i_141   | fdiv  | fabric  | 15      |
|    fdiv_32ns_32ns_32_16_no_dsp_1_U409                        | -   |        | div_i_i_i_142   | fdiv  | fabric  | 15      |
|    fdiv_32ns_32ns_32_16_no_dsp_1_U410                        | -   |        | div_i_i_i_143   | fdiv  | fabric  | 15      |
|    fdiv_32ns_32ns_32_16_no_dsp_1_U407                        | -   |        | div_i_i_i_145   | fdiv  | fabric  | 15      |
|    fdiv_32ns_32ns_32_16_no_dsp_1_U408                        | -   |        | div_i_i_i_146   | fdiv  | fabric  | 15      |
|    fdiv_32ns_32ns_32_16_no_dsp_1_U409                        | -   |        | div_i_i_i_147   | fdiv  | fabric  | 15      |
|    fdiv_32ns_32ns_32_16_no_dsp_1_U410                        | -   |        | div_i_i_i_148   | fdiv  | fabric  | 15      |
|    fdiv_32ns_32ns_32_16_no_dsp_1_U407                        | -   |        | div_i_i_i_150   | fdiv  | fabric  | 15      |
|    fdiv_32ns_32ns_32_16_no_dsp_1_U408                        | -   |        | div_i_i_i_151   | fdiv  | fabric  | 15      |
|    fdiv_32ns_32ns_32_16_no_dsp_1_U409                        | -   |        | div_i_i_i_152   | fdiv  | fabric  | 15      |
|    fdiv_32ns_32ns_32_16_no_dsp_1_U410                        | -   |        | div_i_i_i_153   | fdiv  | fabric  | 15      |
|    fdiv_32ns_32ns_32_16_no_dsp_1_U407                        | -   |        | div_i_i_i_155   | fdiv  | fabric  | 15      |
|    fdiv_32ns_32ns_32_16_no_dsp_1_U408                        | -   |        | div_i_i_i_156   | fdiv  | fabric  | 15      |
|    fdiv_32ns_32ns_32_16_no_dsp_1_U409                        | -   |        | div_i_i_i_157   | fdiv  | fabric  | 15      |
|    fdiv_32ns_32ns_32_16_no_dsp_1_U410                        | -   |        | div_i_i_i_158   | fdiv  | fabric  | 15      |
|    fdiv_32ns_32ns_32_16_no_dsp_1_U407                        | -   |        | div_i_i_i_160   | fdiv  | fabric  | 15      |
|    fdiv_32ns_32ns_32_16_no_dsp_1_U408                        | -   |        | div_i_i_i_161   | fdiv  | fabric  | 15      |
|    fdiv_32ns_32ns_32_16_no_dsp_1_U409                        | -   |        | div_i_i_i_162   | fdiv  | fabric  | 15      |
|    fdiv_32ns_32ns_32_16_no_dsp_1_U410                        | -   |        | div_i_i_i_163   | fdiv  | fabric  | 15      |
|    fdiv_32ns_32ns_32_16_no_dsp_1_U407                        | -   |        | div_i_i_i_165   | fdiv  | fabric  | 15      |
|    fdiv_32ns_32ns_32_16_no_dsp_1_U408                        | -   |        | div_i_i_i_166   | fdiv  | fabric  | 15      |
|    fdiv_32ns_32ns_32_16_no_dsp_1_U409                        | -   |        | div_i_i_i_167   | fdiv  | fabric  | 15      |
|    fdiv_32ns_32ns_32_16_no_dsp_1_U410                        | -   |        | div_i_i_i_168   | fdiv  | fabric  | 15      |
|    fdiv_32ns_32ns_32_16_no_dsp_1_U407                        | -   |        | div_i_i_i_170   | fdiv  | fabric  | 15      |
|    fdiv_32ns_32ns_32_16_no_dsp_1_U408                        | -   |        | div_i_i_i_171   | fdiv  | fabric  | 15      |
|    fdiv_32ns_32ns_32_16_no_dsp_1_U409                        | -   |        | div_i_i_i_172   | fdiv  | fabric  | 15      |
|    fdiv_32ns_32ns_32_16_no_dsp_1_U410                        | -   |        | div_i_i_i_173   | fdiv  | fabric  | 15      |
|    fdiv_32ns_32ns_32_16_no_dsp_1_U407                        | -   |        | div_i_i_i_175   | fdiv  | fabric  | 15      |
|    fdiv_32ns_32ns_32_16_no_dsp_1_U408                        | -   |        | div_i_i_i_176   | fdiv  | fabric  | 15      |
|    fdiv_32ns_32ns_32_16_no_dsp_1_U409                        | -   |        | div_i_i_i_177   | fdiv  | fabric  | 15      |
|    fdiv_32ns_32ns_32_16_no_dsp_1_U410                        | -   |        | div_i_i_i_178   | fdiv  | fabric  | 15      |
|    fdiv_32ns_32ns_32_16_no_dsp_1_U407                        | -   |        | div_i_i_i_180   | fdiv  | fabric  | 15      |
|    fdiv_32ns_32ns_32_16_no_dsp_1_U408                        | -   |        | div_i_i_i_181   | fdiv  | fabric  | 15      |
|    fdiv_32ns_32ns_32_16_no_dsp_1_U409                        | -   |        | div_i_i_i_182   | fdiv  | fabric  | 15      |
|    fdiv_32ns_32ns_32_16_no_dsp_1_U410                        | -   |        | div_i_i_i_183   | fdiv  | fabric  | 15      |
|    fdiv_32ns_32ns_32_16_no_dsp_1_U407                        | -   |        | div_i_i_i_185   | fdiv  | fabric  | 15      |
|    fdiv_32ns_32ns_32_16_no_dsp_1_U408                        | -   |        | div_i_i_i_186   | fdiv  | fabric  | 15      |
|    fdiv_32ns_32ns_32_16_no_dsp_1_U409                        | -   |        | div_i_i_i_187   | fdiv  | fabric  | 15      |
|    fdiv_32ns_32ns_32_16_no_dsp_1_U410                        | -   |        | div_i_i_i_188   | fdiv  | fabric  | 15      |
|    fdiv_32ns_32ns_32_16_no_dsp_1_U407                        | -   |        | div_i_i_i_190   | fdiv  | fabric  | 15      |
|    fdiv_32ns_32ns_32_16_no_dsp_1_U408                        | -   |        | div_i_i_i_191   | fdiv  | fabric  | 15      |
|    fdiv_32ns_32ns_32_16_no_dsp_1_U409                        | -   |        | div_i_i_i_192   | fdiv  | fabric  | 15      |
|    fdiv_32ns_32ns_32_16_no_dsp_1_U410                        | -   |        | div_i_i_i_193   | fdiv  | fabric  | 15      |
|    fdiv_32ns_32ns_32_16_no_dsp_1_U407                        | -   |        | div_i_i_i_195   | fdiv  | fabric  | 15      |
|    fdiv_32ns_32ns_32_16_no_dsp_1_U408                        | -   |        | div_i_i_i_196   | fdiv  | fabric  | 15      |
|    fdiv_32ns_32ns_32_16_no_dsp_1_U409                        | -   |        | div_i_i_i_197   | fdiv  | fabric  | 15      |
|    fdiv_32ns_32ns_32_16_no_dsp_1_U410                        | -   |        | div_i_i_i_198   | fdiv  | fabric  | 15      |
|    fdiv_32ns_32ns_32_16_no_dsp_1_U407                        | -   |        | div_i_i_i_200   | fdiv  | fabric  | 15      |
|    fdiv_32ns_32ns_32_16_no_dsp_1_U408                        | -   |        | div_i_i_i_201   | fdiv  | fabric  | 15      |
|    fdiv_32ns_32ns_32_16_no_dsp_1_U409                        | -   |        | div_i_i_i_202   | fdiv  | fabric  | 15      |
|    fdiv_32ns_32ns_32_16_no_dsp_1_U410                        | -   |        | div_i_i_i_203   | fdiv  | fabric  | 15      |
|    fdiv_32ns_32ns_32_16_no_dsp_1_U407                        | -   |        | div_i_i_i_205   | fdiv  | fabric  | 15      |
|    fdiv_32ns_32ns_32_16_no_dsp_1_U408                        | -   |        | div_i_i_i_206   | fdiv  | fabric  | 15      |
|    fdiv_32ns_32ns_32_16_no_dsp_1_U409                        | -   |        | div_i_i_i_207   | fdiv  | fabric  | 15      |
|    fdiv_32ns_32ns_32_16_no_dsp_1_U410                        | -   |        | div_i_i_i_208   | fdiv  | fabric  | 15      |
|    fdiv_32ns_32ns_32_16_no_dsp_1_U407                        | -   |        | div_i_i_i_210   | fdiv  | fabric  | 15      |
|    fdiv_32ns_32ns_32_16_no_dsp_1_U408                        | -   |        | div_i_i_i_211   | fdiv  | fabric  | 15      |
|    fdiv_32ns_32ns_32_16_no_dsp_1_U409                        | -   |        | div_i_i_i_212   | fdiv  | fabric  | 15      |
|    fdiv_32ns_32ns_32_16_no_dsp_1_U410                        | -   |        | div_i_i_i_213   | fdiv  | fabric  | 15      |
|    fdiv_32ns_32ns_32_16_no_dsp_1_U407                        | -   |        | div_i_i_i_215   | fdiv  | fabric  | 15      |
|    fdiv_32ns_32ns_32_16_no_dsp_1_U408                        | -   |        | div_i_i_i_216   | fdiv  | fabric  | 15      |
|    fdiv_32ns_32ns_32_16_no_dsp_1_U409                        | -   |        | div_i_i_i_217   | fdiv  | fabric  | 15      |
|    fdiv_32ns_32ns_32_16_no_dsp_1_U410                        | -   |        | div_i_i_i_218   | fdiv  | fabric  | 15      |
|    fdiv_32ns_32ns_32_16_no_dsp_1_U407                        | -   |        | div_i_i_i_220   | fdiv  | fabric  | 15      |
|    fdiv_32ns_32ns_32_16_no_dsp_1_U408                        | -   |        | div_i_i_i_221   | fdiv  | fabric  | 15      |
|    fdiv_32ns_32ns_32_16_no_dsp_1_U409                        | -   |        | div_i_i_i_222   | fdiv  | fabric  | 15      |
|    fdiv_32ns_32ns_32_16_no_dsp_1_U410                        | -   |        | div_i_i_i_223   | fdiv  | fabric  | 15      |
|    fdiv_32ns_32ns_32_16_no_dsp_1_U407                        | -   |        | div_i_i_i_225   | fdiv  | fabric  | 15      |
|    fdiv_32ns_32ns_32_16_no_dsp_1_U408                        | -   |        | div_i_i_i_226   | fdiv  | fabric  | 15      |
|    fdiv_32ns_32ns_32_16_no_dsp_1_U409                        | -   |        | div_i_i_i_227   | fdiv  | fabric  | 15      |
|    fdiv_32ns_32ns_32_16_no_dsp_1_U410                        | -   |        | div_i_i_i_228   | fdiv  | fabric  | 15      |
|    fdiv_32ns_32ns_32_16_no_dsp_1_U407                        | -   |        | div_i_i_i_230   | fdiv  | fabric  | 15      |
|    fdiv_32ns_32ns_32_16_no_dsp_1_U408                        | -   |        | div_i_i_i_231   | fdiv  | fabric  | 15      |
|    fdiv_32ns_32ns_32_16_no_dsp_1_U409                        | -   |        | div_i_i_i_232   | fdiv  | fabric  | 15      |
|    fdiv_32ns_32ns_32_16_no_dsp_1_U410                        | -   |        | div_i_i_i_233   | fdiv  | fabric  | 15      |
|    fdiv_32ns_32ns_32_16_no_dsp_1_U407                        | -   |        | div_i_i_i_235   | fdiv  | fabric  | 15      |
|    fdiv_32ns_32ns_32_16_no_dsp_1_U408                        | -   |        | div_i_i_i_236   | fdiv  | fabric  | 15      |
|    fdiv_32ns_32ns_32_16_no_dsp_1_U409                        | -   |        | div_i_i_i_237   | fdiv  | fabric  | 15      |
|    fdiv_32ns_32ns_32_16_no_dsp_1_U410                        | -   |        | div_i_i_i_238   | fdiv  | fabric  | 15      |
|    fdiv_32ns_32ns_32_16_no_dsp_1_U407                        | -   |        | div_i_i_i_240   | fdiv  | fabric  | 15      |
|    fdiv_32ns_32ns_32_16_no_dsp_1_U408                        | -   |        | div_i_i_i_241   | fdiv  | fabric  | 15      |
|    fdiv_32ns_32ns_32_16_no_dsp_1_U409                        | -   |        | div_i_i_i_242   | fdiv  | fabric  | 15      |
|    fdiv_32ns_32ns_32_16_no_dsp_1_U410                        | -   |        | div_i_i_i_243   | fdiv  | fabric  | 15      |
|    fdiv_32ns_32ns_32_16_no_dsp_1_U407                        | -   |        | div_i_i_i_245   | fdiv  | fabric  | 15      |
|    fdiv_32ns_32ns_32_16_no_dsp_1_U408                        | -   |        | div_i_i_i_246   | fdiv  | fabric  | 15      |
|    fdiv_32ns_32ns_32_16_no_dsp_1_U409                        | -   |        | div_i_i_i_247   | fdiv  | fabric  | 15      |
|    fdiv_32ns_32ns_32_16_no_dsp_1_U410                        | -   |        | div_i_i_i_248   | fdiv  | fabric  | 15      |
|    fdiv_32ns_32ns_32_16_no_dsp_1_U407                        | -   |        | div_i_i_i_250   | fdiv  | fabric  | 15      |
|    fdiv_32ns_32ns_32_16_no_dsp_1_U408                        | -   |        | div_i_i_i_251   | fdiv  | fabric  | 15      |
|    fdiv_32ns_32ns_32_16_no_dsp_1_U409                        | -   |        | div_i_i_i_252   | fdiv  | fabric  | 15      |
|    fdiv_32ns_32ns_32_16_no_dsp_1_U410                        | -   |        | div_i_i_i_253   | fdiv  | fabric  | 15      |
|    fdiv_32ns_32ns_32_16_no_dsp_1_U407                        | -   |        | div_i_i_i_255   | fdiv  | fabric  | 15      |
|    fdiv_32ns_32ns_32_16_no_dsp_1_U408                        | -   |        | div_i_i_i_256   | fdiv  | fabric  | 15      |
|    fdiv_32ns_32ns_32_16_no_dsp_1_U409                        | -   |        | div_i_i_i_257   | fdiv  | fabric  | 15      |
|    fdiv_32ns_32ns_32_16_no_dsp_1_U410                        | -   |        | div_i_i_i_258   | fdiv  | fabric  | 15      |
|    fdiv_32ns_32ns_32_16_no_dsp_1_U407                        | -   |        | div_i_i_i_260   | fdiv  | fabric  | 15      |
|    fdiv_32ns_32ns_32_16_no_dsp_1_U408                        | -   |        | div_i_i_i_261   | fdiv  | fabric  | 15      |
|    fdiv_32ns_32ns_32_16_no_dsp_1_U409                        | -   |        | div_i_i_i_262   | fdiv  | fabric  | 15      |
|    fdiv_32ns_32ns_32_16_no_dsp_1_U410                        | -   |        | div_i_i_i_263   | fdiv  | fabric  | 15      |
|    fdiv_32ns_32ns_32_16_no_dsp_1_U407                        | -   |        | div_i_i_i_265   | fdiv  | fabric  | 15      |
|    fdiv_32ns_32ns_32_16_no_dsp_1_U408                        | -   |        | div_i_i_i_266   | fdiv  | fabric  | 15      |
|    fdiv_32ns_32ns_32_16_no_dsp_1_U409                        | -   |        | div_i_i_i_267   | fdiv  | fabric  | 15      |
|    fdiv_32ns_32ns_32_16_no_dsp_1_U410                        | -   |        | div_i_i_i_268   | fdiv  | fabric  | 15      |
|    fdiv_32ns_32ns_32_16_no_dsp_1_U407                        | -   |        | div_i_i_i_270   | fdiv  | fabric  | 15      |
|    fdiv_32ns_32ns_32_16_no_dsp_1_U408                        | -   |        | div_i_i_i_271   | fdiv  | fabric  | 15      |
|    fdiv_32ns_32ns_32_16_no_dsp_1_U409                        | -   |        | div_i_i_i_272   | fdiv  | fabric  | 15      |
|    fdiv_32ns_32ns_32_16_no_dsp_1_U410                        | -   |        | div_i_i_i_273   | fdiv  | fabric  | 15      |
|    fdiv_32ns_32ns_32_16_no_dsp_1_U407                        | -   |        | div_i_i_i_275   | fdiv  | fabric  | 15      |
|    fdiv_32ns_32ns_32_16_no_dsp_1_U408                        | -   |        | div_i_i_i_276   | fdiv  | fabric  | 15      |
|    fdiv_32ns_32ns_32_16_no_dsp_1_U409                        | -   |        | div_i_i_i_277   | fdiv  | fabric  | 15      |
|    fdiv_32ns_32ns_32_16_no_dsp_1_U410                        | -   |        | div_i_i_i_278   | fdiv  | fabric  | 15      |
|    fdiv_32ns_32ns_32_16_no_dsp_1_U407                        | -   |        | div_i_i_i_280   | fdiv  | fabric  | 15      |
|    fdiv_32ns_32ns_32_16_no_dsp_1_U408                        | -   |        | div_i_i_i_281   | fdiv  | fabric  | 15      |
|    fdiv_32ns_32ns_32_16_no_dsp_1_U409                        | -   |        | div_i_i_i_282   | fdiv  | fabric  | 15      |
|    fdiv_32ns_32ns_32_16_no_dsp_1_U410                        | -   |        | div_i_i_i_283   | fdiv  | fabric  | 15      |
|    fdiv_32ns_32ns_32_16_no_dsp_1_U407                        | -   |        | div_i_i_i_285   | fdiv  | fabric  | 15      |
|    fdiv_32ns_32ns_32_16_no_dsp_1_U408                        | -   |        | div_i_i_i_286   | fdiv  | fabric  | 15      |
|    fdiv_32ns_32ns_32_16_no_dsp_1_U409                        | -   |        | div_i_i_i_287   | fdiv  | fabric  | 15      |
|    fdiv_32ns_32ns_32_16_no_dsp_1_U410                        | -   |        | div_i_i_i_288   | fdiv  | fabric  | 15      |
|    fdiv_32ns_32ns_32_16_no_dsp_1_U407                        | -   |        | div_i_i_i_290   | fdiv  | fabric  | 15      |
|    fdiv_32ns_32ns_32_16_no_dsp_1_U408                        | -   |        | div_i_i_i_291   | fdiv  | fabric  | 15      |
|    fdiv_32ns_32ns_32_16_no_dsp_1_U409                        | -   |        | div_i_i_i_292   | fdiv  | fabric  | 15      |
|    fdiv_32ns_32ns_32_16_no_dsp_1_U410                        | -   |        | div_i_i_i_293   | fdiv  | fabric  | 15      |
|    fdiv_32ns_32ns_32_16_no_dsp_1_U407                        | -   |        | div_i_i_i_295   | fdiv  | fabric  | 15      |
|    fdiv_32ns_32ns_32_16_no_dsp_1_U408                        | -   |        | div_i_i_i_296   | fdiv  | fabric  | 15      |
|    fdiv_32ns_32ns_32_16_no_dsp_1_U409                        | -   |        | div_i_i_i_297   | fdiv  | fabric  | 15      |
|    fdiv_32ns_32ns_32_16_no_dsp_1_U410                        | -   |        | div_i_i_i_298   | fdiv  | fabric  | 15      |
|    fdiv_32ns_32ns_32_16_no_dsp_1_U407                        | -   |        | div_i_i_i_300   | fdiv  | fabric  | 15      |
|    fdiv_32ns_32ns_32_16_no_dsp_1_U408                        | -   |        | div_i_i_i_301   | fdiv  | fabric  | 15      |
|    fdiv_32ns_32ns_32_16_no_dsp_1_U409                        | -   |        | div_i_i_i_302   | fdiv  | fabric  | 15      |
|    fdiv_32ns_32ns_32_16_no_dsp_1_U410                        | -   |        | div_i_i_i_303   | fdiv  | fabric  | 15      |
|    fdiv_32ns_32ns_32_16_no_dsp_1_U407                        | -   |        | div_i_i_i_305   | fdiv  | fabric  | 15      |
|    fdiv_32ns_32ns_32_16_no_dsp_1_U408                        | -   |        | div_i_i_i_306   | fdiv  | fabric  | 15      |
|    fdiv_32ns_32ns_32_16_no_dsp_1_U409                        | -   |        | div_i_i_i_307   | fdiv  | fabric  | 15      |
|    fdiv_32ns_32ns_32_16_no_dsp_1_U410                        | -   |        | div_i_i_i_308   | fdiv  | fabric  | 15      |
|    fdiv_32ns_32ns_32_16_no_dsp_1_U407                        | -   |        | div_i_i_i_310   | fdiv  | fabric  | 15      |
|    fdiv_32ns_32ns_32_16_no_dsp_1_U408                        | -   |        | div_i_i_i_311   | fdiv  | fabric  | 15      |
|    fdiv_32ns_32ns_32_16_no_dsp_1_U409                        | -   |        | div_i_i_i_312   | fdiv  | fabric  | 15      |
|    fdiv_32ns_32ns_32_16_no_dsp_1_U410                        | -   |        | div_i_i_i_313   | fdiv  | fabric  | 15      |
|    fdiv_32ns_32ns_32_16_no_dsp_1_U407                        | -   |        | div_i_i_i_315   | fdiv  | fabric  | 15      |
|    fdiv_32ns_32ns_32_16_no_dsp_1_U408                        | -   |        | div_i_i_i_316   | fdiv  | fabric  | 15      |
|    fdiv_32ns_32ns_32_16_no_dsp_1_U409                        | -   |        | div_i_i_i_317   | fdiv  | fabric  | 15      |
|    fdiv_32ns_32ns_32_16_no_dsp_1_U410                        | -   |        | div_i_i_i_318   | fdiv  | fabric  | 15      |
|    fdiv_32ns_32ns_32_16_no_dsp_1_U407                        | -   |        | div_i_i_i_320   | fdiv  | fabric  | 15      |
|    fdiv_32ns_32ns_32_16_no_dsp_1_U408                        | -   |        | div_i_i_i_321   | fdiv  | fabric  | 15      |
|    fdiv_32ns_32ns_32_16_no_dsp_1_U409                        | -   |        | div_i_i_i_322   | fdiv  | fabric  | 15      |
|    fdiv_32ns_32ns_32_16_no_dsp_1_U410                        | -   |        | div_i_i_i_323   | fdiv  | fabric  | 15      |
|    fdiv_32ns_32ns_32_16_no_dsp_1_U407                        | -   |        | div_i_i_i_325   | fdiv  | fabric  | 15      |
|    fdiv_32ns_32ns_32_16_no_dsp_1_U408                        | -   |        | div_i_i_i_326   | fdiv  | fabric  | 15      |
|    fdiv_32ns_32ns_32_16_no_dsp_1_U409                        | -   |        | div_i_i_i_327   | fdiv  | fabric  | 15      |
|    fdiv_32ns_32ns_32_16_no_dsp_1_U410                        | -   |        | div_i_i_i_328   | fdiv  | fabric  | 15      |
|    fdiv_32ns_32ns_32_16_no_dsp_1_U407                        | -   |        | div_i_i_i_330   | fdiv  | fabric  | 15      |
|    fdiv_32ns_32ns_32_16_no_dsp_1_U408                        | -   |        | div_i_i_i_331   | fdiv  | fabric  | 15      |
|    fdiv_32ns_32ns_32_16_no_dsp_1_U409                        | -   |        | div_i_i_i_332   | fdiv  | fabric  | 15      |
|    fdiv_32ns_32ns_32_16_no_dsp_1_U410                        | -   |        | div_i_i_i_333   | fdiv  | fabric  | 15      |
|    fdiv_32ns_32ns_32_16_no_dsp_1_U407                        | -   |        | div_i_i_i_335   | fdiv  | fabric  | 15      |
|    fdiv_32ns_32ns_32_16_no_dsp_1_U408                        | -   |        | div_i_i_i_336   | fdiv  | fabric  | 15      |
|    fdiv_32ns_32ns_32_16_no_dsp_1_U409                        | -   |        | div_i_i_i_337   | fdiv  | fabric  | 15      |
|    fdiv_32ns_32ns_32_16_no_dsp_1_U410                        | -   |        | div_i_i_i_338   | fdiv  | fabric  | 15      |
|    fdiv_32ns_32ns_32_16_no_dsp_1_U407                        | -   |        | div_i_i_i_340   | fdiv  | fabric  | 15      |
|    fdiv_32ns_32ns_32_16_no_dsp_1_U408                        | -   |        | div_i_i_i_341   | fdiv  | fabric  | 15      |
|    fdiv_32ns_32ns_32_16_no_dsp_1_U409                        | -   |        | div_i_i_i_342   | fdiv  | fabric  | 15      |
|    fdiv_32ns_32ns_32_16_no_dsp_1_U410                        | -   |        | div_i_i_i_343   | fdiv  | fabric  | 15      |
|    fdiv_32ns_32ns_32_16_no_dsp_1_U407                        | -   |        | div_i_i_i_345   | fdiv  | fabric  | 15      |
|    fdiv_32ns_32ns_32_16_no_dsp_1_U408                        | -   |        | div_i_i_i_346   | fdiv  | fabric  | 15      |
|    fdiv_32ns_32ns_32_16_no_dsp_1_U409                        | -   |        | div_i_i_i_347   | fdiv  | fabric  | 15      |
|    fdiv_32ns_32ns_32_16_no_dsp_1_U410                        | -   |        | div_i_i_i_348   | fdiv  | fabric  | 15      |
|    fdiv_32ns_32ns_32_16_no_dsp_1_U407                        | -   |        | div_i_i_i_350   | fdiv  | fabric  | 15      |
|    fdiv_32ns_32ns_32_16_no_dsp_1_U408                        | -   |        | div_i_i_i_351   | fdiv  | fabric  | 15      |
|    fdiv_32ns_32ns_32_16_no_dsp_1_U409                        | -   |        | div_i_i_i_352   | fdiv  | fabric  | 15      |
|    fdiv_32ns_32ns_32_16_no_dsp_1_U410                        | -   |        | div_i_i_i_353   | fdiv  | fabric  | 15      |
|    fdiv_32ns_32ns_32_16_no_dsp_1_U407                        | -   |        | div_i_i_i_355   | fdiv  | fabric  | 15      |
|    fdiv_32ns_32ns_32_16_no_dsp_1_U408                        | -   |        | div_i_i_i_356   | fdiv  | fabric  | 15      |
|    fdiv_32ns_32ns_32_16_no_dsp_1_U409                        | -   |        | div_i_i_i_357   | fdiv  | fabric  | 15      |
|    fdiv_32ns_32ns_32_16_no_dsp_1_U410                        | -   |        | div_i_i_i_358   | fdiv  | fabric  | 15      |
|    fdiv_32ns_32ns_32_16_no_dsp_1_U407                        | -   |        | div_i_i_i_360   | fdiv  | fabric  | 15      |
|    fdiv_32ns_32ns_32_16_no_dsp_1_U408                        | -   |        | div_i_i_i_361   | fdiv  | fabric  | 15      |
|    fdiv_32ns_32ns_32_16_no_dsp_1_U409                        | -   |        | div_i_i_i_362   | fdiv  | fabric  | 15      |
|    fdiv_32ns_32ns_32_16_no_dsp_1_U410                        | -   |        | div_i_i_i_363   | fdiv  | fabric  | 15      |
|    fdiv_32ns_32ns_32_16_no_dsp_1_U407                        | -   |        | div_i_i_i_365   | fdiv  | fabric  | 15      |
|    fdiv_32ns_32ns_32_16_no_dsp_1_U408                        | -   |        | div_i_i_i_366   | fdiv  | fabric  | 15      |
|    fdiv_32ns_32ns_32_16_no_dsp_1_U409                        | -   |        | div_i_i_i_367   | fdiv  | fabric  | 15      |
|    fdiv_32ns_32ns_32_16_no_dsp_1_U410                        | -   |        | div_i_i_i_368   | fdiv  | fabric  | 15      |
|    fdiv_32ns_32ns_32_16_no_dsp_1_U407                        | -   |        | div_i_i_i_370   | fdiv  | fabric  | 15      |
|    fdiv_32ns_32ns_32_16_no_dsp_1_U408                        | -   |        | div_i_i_i_371   | fdiv  | fabric  | 15      |
|    fdiv_32ns_32ns_32_16_no_dsp_1_U409                        | -   |        | div_i_i_i_372   | fdiv  | fabric  | 15      |
|    fdiv_32ns_32ns_32_16_no_dsp_1_U410                        | -   |        | div_i_i_i_373   | fdiv  | fabric  | 15      |
|    fdiv_32ns_32ns_32_16_no_dsp_1_U407                        | -   |        | div_i_i_i_375   | fdiv  | fabric  | 15      |
|    fdiv_32ns_32ns_32_16_no_dsp_1_U408                        | -   |        | div_i_i_i_376   | fdiv  | fabric  | 15      |
|    fdiv_32ns_32ns_32_16_no_dsp_1_U409                        | -   |        | div_i_i_i_377   | fdiv  | fabric  | 15      |
|    fdiv_32ns_32ns_32_16_no_dsp_1_U410                        | -   |        | div_i_i_i_378   | fdiv  | fabric  | 15      |
|    fdiv_32ns_32ns_32_16_no_dsp_1_U407                        | -   |        | div_i_i_i_380   | fdiv  | fabric  | 15      |
|    fdiv_32ns_32ns_32_16_no_dsp_1_U408                        | -   |        | div_i_i_i_381   | fdiv  | fabric  | 15      |
|    fdiv_32ns_32ns_32_16_no_dsp_1_U409                        | -   |        | div_i_i_i_382   | fdiv  | fabric  | 15      |
|    fdiv_32ns_32ns_32_16_no_dsp_1_U410                        | -   |        | div_i_i_i_383   | fdiv  | fabric  | 15      |
|    fdiv_32ns_32ns_32_16_no_dsp_1_U407                        | -   |        | div_i_i_i_385   | fdiv  | fabric  | 15      |
|    fdiv_32ns_32ns_32_16_no_dsp_1_U408                        | -   |        | div_i_i_i_386   | fdiv  | fabric  | 15      |
|    fdiv_32ns_32ns_32_16_no_dsp_1_U409                        | -   |        | div_i_i_i_387   | fdiv  | fabric  | 15      |
|    fdiv_32ns_32ns_32_16_no_dsp_1_U410                        | -   |        | div_i_i_i_388   | fdiv  | fabric  | 15      |
|    fdiv_32ns_32ns_32_16_no_dsp_1_U407                        | -   |        | div_i_i_i_390   | fdiv  | fabric  | 15      |
|    fdiv_32ns_32ns_32_16_no_dsp_1_U408                        | -   |        | div_i_i_i_391   | fdiv  | fabric  | 15      |
|    fdiv_32ns_32ns_32_16_no_dsp_1_U409                        | -   |        | div_i_i_i_392   | fdiv  | fabric  | 15      |
|    fdiv_32ns_32ns_32_16_no_dsp_1_U410                        | -   |        | div_i_i_i_393   | fdiv  | fabric  | 15      |
|    fdiv_32ns_32ns_32_16_no_dsp_1_U407                        | -   |        | div_i_i_i_395   | fdiv  | fabric  | 15      |
|    fdiv_32ns_32ns_32_16_no_dsp_1_U408                        | -   |        | div_i_i_i_396   | fdiv  | fabric  | 15      |
|    fdiv_32ns_32ns_32_16_no_dsp_1_U409                        | -   |        | div_i_i_i_397   | fdiv  | fabric  | 15      |
|    fdiv_32ns_32ns_32_16_no_dsp_1_U410                        | -   |        | div_i_i_i_398   | fdiv  | fabric  | 15      |
|  + transformer_blk_s2_top_Pipeline_MHSA_OQ_MHSA_OD_MHSA_OK_T | 40  |        |                 |       |         |         |
|    p_udiv6958_fu_1881_p2                                     | -   |        | p_udiv6958      | add   | fabric  | 0       |
|    add_ln320_1_fu_1887_p2                                    | -   |        | add_ln320_1     | add   | fabric  | 0       |
|    add_ln311_3_fu_1453_p2                                    | -   |        | add_ln311_3     | add   | fabric  | 0       |
|    add_ln300_fu_1464_p2                                      | -   |        | add_ln300       | add   | fabric  | 0       |
|    add_ln300_1_fu_1780_p2                                    | -   |        | add_ln300_1     | add   | fabric  | 0       |
|    p_udiv6958_mid1_fu_1922_p2                                | -   |        | p_udiv6958_mid1 | add   | fabric  | 0       |
|    add_ln320_3_fu_1935_p2                                    | -   |        | add_ln320_3     | add   | fabric  | 0       |
|    add_ln301_fu_1512_p2                                      | -   |        | add_ln301       | add   | fabric  | 0       |
|    add_ln311_6_fu_1544_p2                                    | -   |        | add_ln311_6     | add   | fabric  | 0       |
|    mul_mul_9ns_10ns_19_4_1_U503                              | 1   |        | mul_ln310       | mul   | dsp48   | 3       |
|    add_ln310_fu_1964_p2                                      | -   |        | add_ln310       | add   | fabric  | 0       |
|    add_ln311_fu_1660_p2                                      | -   |        | add_ln311       | add   | fabric  | 0       |
|    mul_mul_16ns_17ns_33_4_1_U499                             | 1   |        | mul_ln311       | mul   | dsp48   | 3       |
|    mul_mul_9ns_10ns_19_4_1_U504                              | 1   |        | mul_ln310_1     | mul   | dsp48   | 3       |
|    add_ln310_1_fu_1992_p2                                    | -   |        | add_ln310_1     | add   | fabric  | 0       |
|    mul_mul_16ns_17ns_33_4_1_U500                             | 1   |        | mul_ln311_1     | mul   | dsp48   | 3       |
|    mul_mul_9ns_10ns_19_4_1_U505                              | 1   |        | mul_ln310_2     | mul   | dsp48   | 3       |
|    add_ln310_2_fu_2127_p2                                    | -   |        | add_ln310_2     | add   | fabric  | 0       |
|    mul_mul_16ns_17ns_33_4_1_U501                             | 1   |        | mul_ln311_2     | mul   | dsp48   | 3       |
|    mul_mul_9ns_10ns_19_4_1_U506                              | 1   |        | mul_ln310_3     | mul   | dsp48   | 3       |
|    add_ln310_3_fu_2164_p2                                    | -   |        | add_ln310_3     | add   | fabric  | 0       |
|    mul_mul_16ns_17ns_33_4_1_U502                             | 1   |        | mul_ln311_3     | mul   | dsp48   | 3       |
|    add_ln304_fu_1737_p2                                      | -   |        | add_ln304       | add   | fabric  | 0       |
|    fadd_32ns_32ns_32_8_full_dsp_1_U465                       | 2   |        | acc_32          | fadd  | fulldsp | 7       |
|    fadd_32ns_32ns_32_8_full_dsp_1_U466                       | 2   |        | acc_33          | fadd  | fulldsp | 7       |
|    fadd_32ns_32ns_32_8_full_dsp_1_U467                       | 2   |        | acc_34          | fadd  | fulldsp | 7       |
|    fadd_32ns_32ns_32_8_full_dsp_1_U468                       | 2   |        | acc_35          | fadd  | fulldsp | 7       |
|    fadd_32ns_32ns_32_8_full_dsp_1_U469                       | 2   |        | acc_36          | fadd  | fulldsp | 7       |
|    fadd_32ns_32ns_32_8_full_dsp_1_U470                       | 2   |        | acc_37          | fadd  | fulldsp | 7       |
|    fadd_32ns_32ns_32_8_full_dsp_1_U471                       | 2   |        | acc_38          | fadd  | fulldsp | 7       |
|    fadd_32ns_32ns_32_8_full_dsp_1_U472                       | 2   |        | acc_39          | fadd  | fulldsp | 7       |
|    fadd_32ns_32ns_32_8_full_dsp_1_U473                       | 2   |        | acc_40          | fadd  | fulldsp | 7       |
|    fadd_32ns_32ns_32_8_full_dsp_1_U474                       | 2   |        | acc_41          | fadd  | fulldsp | 7       |
|    fadd_32ns_32ns_32_8_full_dsp_1_U475                       | 2   |        | acc_42          | fadd  | fulldsp | 7       |
|    fadd_32ns_32ns_32_8_full_dsp_1_U476                       | 2   |        | acc_43          | fadd  | fulldsp | 7       |
|    fadd_32ns_32ns_32_8_full_dsp_1_U477                       | 2   |        | acc_44          | fadd  | fulldsp | 7       |
|    fadd_32ns_32ns_32_8_full_dsp_1_U478                       | 2   |        | acc_45          | fadd  | fulldsp | 7       |
|    fadd_32ns_32ns_32_8_full_dsp_1_U479                       | 2   |        | acc_46          | fadd  | fulldsp | 7       |
|    fadd_32ns_32ns_32_8_full_dsp_1_U480                       | 2   |        | acc_47          | fadd  | fulldsp | 7       |
|    fadd_32ns_32ns_32_8_full_dsp_1_U465                       | 2   |        | acc_84          | fadd  | fulldsp | 7       |
|    fadd_32ns_32ns_32_8_full_dsp_1_U466                       | 2   |        | acc_85          | fadd  | fulldsp | 7       |
|    fadd_32ns_32ns_32_8_full_dsp_1_U467                       | 2   |        | acc_86          | fadd  | fulldsp | 7       |
|    fadd_32ns_32ns_32_8_full_dsp_1_U468                       | 2   |        | acc_87          | fadd  | fulldsp | 7       |
|    fadd_32ns_32ns_32_8_full_dsp_1_U469                       | 2   |        | acc_88          | fadd  | fulldsp | 7       |
|    fadd_32ns_32ns_32_8_full_dsp_1_U470                       | 2   |        | acc_89          | fadd  | fulldsp | 7       |
|    fadd_32ns_32ns_32_8_full_dsp_1_U471                       | 2   |        | acc_90          | fadd  | fulldsp | 7       |
|    fadd_32ns_32ns_32_8_full_dsp_1_U472                       | 2   |        | acc_91          | fadd  | fulldsp | 7       |
|    fadd_32ns_32ns_32_8_full_dsp_1_U473                       | 2   |        | acc_92          | fadd  | fulldsp | 7       |
|    fadd_32ns_32ns_32_8_full_dsp_1_U474                       | 2   |        | acc_93          | fadd  | fulldsp | 7       |
|    fadd_32ns_32ns_32_8_full_dsp_1_U475                       | 2   |        | acc_94          | fadd  | fulldsp | 7       |
|    fadd_32ns_32ns_32_8_full_dsp_1_U476                       | 2   |        | acc_95          | fadd  | fulldsp | 7       |
|    fadd_32ns_32ns_32_8_full_dsp_1_U477                       | 2   |        | acc_96          | fadd  | fulldsp | 7       |
|    fadd_32ns_32ns_32_8_full_dsp_1_U478                       | 2   |        | acc_97          | fadd  | fulldsp | 7       |
|    fadd_32ns_32ns_32_8_full_dsp_1_U479                       | 2   |        | acc_98          | fadd  | fulldsp | 7       |
|    fadd_32ns_32ns_32_8_full_dsp_1_U480                       | 2   |        | acc_99          | fadd  | fulldsp | 7       |
|    add_ln320_2_fu_2041_p2                                    | -   |        | add_ln320_2     | add   | fabric  | 0       |
|    add_ln320_fu_2050_p2                                      | -   |        | add_ln320       | add   | fabric  | 0       |
|    add_ln301_1_fu_1607_p2                                    | -   |        | add_ln301_1     | add   | fabric  | 0       |
|  + transformer_blk_s2_top_Pipeline_LF_S_LF_OD3               | 0   |        |                 |       |         |         |
|    add_ln162_7_fu_3292_p2                                    | -   |        | add_ln162_7     | add   | fabric  | 0       |
|    add_ln162_fu_3315_p2                                      | -   |        | add_ln162       | add   | fabric  | 0       |
|    add_ln165_fu_3562_p2                                      | -   |        | add_ln165       | add   | fabric  | 0       |
|    add_ln165_3_fu_3572_p2                                    | -   |        | add_ln165_3     | add   | fabric  | 0       |
|    add_ln170_fu_3600_p2                                      | -   |        | add_ln170       | add   | fabric  | 0       |
|    add_ln170_819_fu_3610_p2                                  | -   |        | add_ln170_819   | add   | fabric  | 0       |
|    add_ln170_820_fu_3645_p2                                  | -   |        | add_ln170_820   | add   | fabric  | 0       |
|    add_ln170_821_fu_3664_p2                                  | -   |        | add_ln170_821   | add   | fabric  | 0       |
|    add_ln170_822_fu_3688_p2                                  | -   |        | add_ln170_822   | add   | fabric  | 0       |
|    add_ln170_823_fu_3707_p2                                  | -   |        | add_ln170_823   | add   | fabric  | 0       |
|    add_ln170_825_fu_3736_p2                                  | -   |        | add_ln170_825   | add   | fabric  | 0       |
|    add_ln170_826_fu_3755_p2                                  | -   |        | add_ln170_826   | add   | fabric  | 0       |
|    add_ln170_827_fu_3784_p2                                  | -   |        | add_ln170_827   | add   | fabric  | 0       |
|    add_ln170_828_fu_3803_p2                                  | -   |        | add_ln170_828   | add   | fabric  | 0       |
|    add_ln170_829_fu_3832_p2                                  | -   |        | add_ln170_829   | add   | fabric  | 0       |
|    add_ln170_830_fu_3851_p2                                  | -   |        | add_ln170_830   | add   | fabric  | 0       |
|    add_ln170_831_fu_3880_p2                                  | -   |        | add_ln170_831   | add   | fabric  | 0       |
|    add_ln170_832_fu_3899_p2                                  | -   |        | add_ln170_832   | add   | fabric  | 0       |
|    add_ln170_833_fu_3933_p2                                  | -   |        | add_ln170_833   | add   | fabric  | 0       |
|    add_ln170_834_fu_3952_p2                                  | -   |        | add_ln170_834   | add   | fabric  | 0       |
|    add_ln170_835_fu_3984_p2                                  | -   |        | add_ln170_835   | add   | fabric  | 0       |
|    add_ln170_836_fu_3994_p2                                  | -   |        | add_ln170_836   | add   | fabric  | 0       |
|    add_ln170_837_fu_4004_p2                                  | -   |        | add_ln170_837   | add   | fabric  | 0       |
|    add_ln170_838_fu_4024_p2                                  | -   |        | add_ln170_838   | add   | fabric  | 0       |
|    add_ln170_839_fu_4033_p2                                  | -   |        | add_ln170_839   | add   | fabric  | 0       |
|    add_ln170_840_fu_4043_p2                                  | -   |        | add_ln170_840   | add   | fabric  | 0       |
|    add_ln170_841_fu_4052_p2                                  | -   |        | add_ln170_841   | add   | fabric  | 0       |
|    add_ln170_842_fu_4072_p2                                  | -   |        | add_ln170_842   | add   | fabric  | 0       |
|    add_ln170_843_fu_4081_p2                                  | -   |        | add_ln170_843   | add   | fabric  | 0       |
|    add_ln170_844_fu_4091_p2                                  | -   |        | add_ln170_844   | add   | fabric  | 0       |
|    add_ln170_845_fu_4100_p2                                  | -   |        | add_ln170_845   | add   | fabric  | 0       |
|    add_ln170_846_fu_4120_p2                                  | -   |        | add_ln170_846   | add   | fabric  | 0       |
|    add_ln170_847_fu_4129_p2                                  | -   |        | add_ln170_847   | add   | fabric  | 0       |
|    add_ln170_848_fu_4139_p2                                  | -   |        | add_ln170_848   | add   | fabric  | 0       |
|    add_ln170_849_fu_4148_p2                                  | -   |        | add_ln170_849   | add   | fabric  | 0       |
|    add_ln170_850_fu_4168_p2                                  | -   |        | add_ln170_850   | add   | fabric  | 0       |
|    add_ln170_851_fu_4177_p2                                  | -   |        | add_ln170_851   | add   | fabric  | 0       |
|    add_ln170_852_fu_4187_p2                                  | -   |        | add_ln170_852   | add   | fabric  | 0       |
|    add_ln170_853_fu_4196_p2                                  | -   |        | add_ln170_853   | add   | fabric  | 0       |
|    add_ln170_854_fu_4216_p2                                  | -   |        | add_ln170_854   | add   | fabric  | 0       |
|    add_ln170_855_fu_4225_p2                                  | -   |        | add_ln170_855   | add   | fabric  | 0       |
|    add_ln170_856_fu_4235_p2                                  | -   |        | add_ln170_856   | add   | fabric  | 0       |
|    add_ln170_857_fu_4244_p2                                  | -   |        | add_ln170_857   | add   | fabric  | 0       |
|    add_ln170_858_fu_4264_p2                                  | -   |        | add_ln170_858   | add   | fabric  | 0       |
|    add_ln170_859_fu_4273_p2                                  | -   |        | add_ln170_859   | add   | fabric  | 0       |
|    add_ln170_860_fu_4283_p2                                  | -   |        | add_ln170_860   | add   | fabric  | 0       |
|    add_ln170_861_fu_4292_p2                                  | -   |        | add_ln170_861   | add   | fabric  | 0       |
|    add_ln170_862_fu_4312_p2                                  | -   |        | add_ln170_862   | add   | fabric  | 0       |
|    add_ln170_863_fu_4321_p2                                  | -   |        | add_ln170_863   | add   | fabric  | 0       |
|    add_ln170_864_fu_4331_p2                                  | -   |        | add_ln170_864   | add   | fabric  | 0       |
|    add_ln170_865_fu_4340_p2                                  | -   |        | add_ln170_865   | add   | fabric  | 0       |
|    add_ln170_866_fu_4360_p2                                  | -   |        | add_ln170_866   | add   | fabric  | 0       |
|    add_ln170_867_fu_4369_p2                                  | -   |        | add_ln170_867   | add   | fabric  | 0       |
|    add_ln170_868_fu_4379_p2                                  | -   |        | add_ln170_868   | add   | fabric  | 0       |
|    add_ln170_869_fu_4388_p2                                  | -   |        | add_ln170_869   | add   | fabric  | 0       |
|    add_ln170_870_fu_4408_p2                                  | -   |        | add_ln170_870   | add   | fabric  | 0       |
|    add_ln170_871_fu_4417_p2                                  | -   |        | add_ln170_871   | add   | fabric  | 0       |
|    add_ln170_872_fu_4427_p2                                  | -   |        | add_ln170_872   | add   | fabric  | 0       |
|    add_ln170_873_fu_4436_p2                                  | -   |        | add_ln170_873   | add   | fabric  | 0       |
|    add_ln170_874_fu_4456_p2                                  | -   |        | add_ln170_874   | add   | fabric  | 0       |
|    add_ln170_875_fu_4465_p2                                  | -   |        | add_ln170_875   | add   | fabric  | 0       |
|    add_ln170_876_fu_4475_p2                                  | -   |        | add_ln170_876   | add   | fabric  | 0       |
|    add_ln170_877_fu_4484_p2                                  | -   |        | add_ln170_877   | add   | fabric  | 0       |
|    add_ln170_878_fu_4504_p2                                  | -   |        | add_ln170_878   | add   | fabric  | 0       |
|    add_ln170_879_fu_4513_p2                                  | -   |        | add_ln170_879   | add   | fabric  | 0       |
|    add_ln170_880_fu_4523_p2                                  | -   |        | add_ln170_880   | add   | fabric  | 0       |
|    add_ln170_881_fu_4532_p2                                  | -   |        | add_ln170_881   | add   | fabric  | 0       |
|    add_ln170_882_fu_4552_p2                                  | -   |        | add_ln170_882   | add   | fabric  | 0       |
|    add_ln170_883_fu_4561_p2                                  | -   |        | add_ln170_883   | add   | fabric  | 0       |
|    add_ln170_884_fu_4571_p2                                  | -   |        | add_ln170_884   | add   | fabric  | 0       |
|    add_ln170_885_fu_4580_p2                                  | -   |        | add_ln170_885   | add   | fabric  | 0       |
|    add_ln170_886_fu_4600_p2                                  | -   |        | add_ln170_886   | add   | fabric  | 0       |
|    add_ln170_887_fu_4609_p2                                  | -   |        | add_ln170_887   | add   | fabric  | 0       |
|    add_ln170_888_fu_4619_p2                                  | -   |        | add_ln170_888   | add   | fabric  | 0       |
|    add_ln170_889_fu_4628_p2                                  | -   |        | add_ln170_889   | add   | fabric  | 0       |
|    add_ln170_890_fu_4648_p2                                  | -   |        | add_ln170_890   | add   | fabric  | 0       |
|    add_ln170_891_fu_4657_p2                                  | -   |        | add_ln170_891   | add   | fabric  | 0       |
|    add_ln170_892_fu_4667_p2                                  | -   |        | add_ln170_892   | add   | fabric  | 0       |
|    add_ln170_893_fu_4676_p2                                  | -   |        | add_ln170_893   | add   | fabric  | 0       |
|    add_ln170_894_fu_4696_p2                                  | -   |        | add_ln170_894   | add   | fabric  | 0       |
|    add_ln170_895_fu_4705_p2                                  | -   |        | add_ln170_895   | add   | fabric  | 0       |
|    add_ln170_896_fu_4715_p2                                  | -   |        | add_ln170_896   | add   | fabric  | 0       |
|    add_ln170_897_fu_4724_p2                                  | -   |        | add_ln170_897   | add   | fabric  | 0       |
|    add_ln170_898_fu_4744_p2                                  | -   |        | add_ln170_898   | add   | fabric  | 0       |
|    add_ln170_899_fu_4753_p2                                  | -   |        | add_ln170_899   | add   | fabric  | 0       |
|    add_ln170_900_fu_4763_p2                                  | -   |        | add_ln170_900   | add   | fabric  | 0       |
|    add_ln170_901_fu_4772_p2                                  | -   |        | add_ln170_901   | add   | fabric  | 0       |
|    add_ln170_902_fu_4792_p2                                  | -   |        | add_ln170_902   | add   | fabric  | 0       |
|    add_ln170_903_fu_4801_p2                                  | -   |        | add_ln170_903   | add   | fabric  | 0       |
|    add_ln170_904_fu_4811_p2                                  | -   |        | add_ln170_904   | add   | fabric  | 0       |
|    add_ln170_905_fu_4820_p2                                  | -   |        | add_ln170_905   | add   | fabric  | 0       |
|    add_ln170_906_fu_4840_p2                                  | -   |        | add_ln170_906   | add   | fabric  | 0       |
|    add_ln170_907_fu_4849_p2                                  | -   |        | add_ln170_907   | add   | fabric  | 0       |
|    add_ln170_908_fu_4859_p2                                  | -   |        | add_ln170_908   | add   | fabric  | 0       |
|    add_ln170_909_fu_4868_p2                                  | -   |        | add_ln170_909   | add   | fabric  | 0       |
|    add_ln170_910_fu_4888_p2                                  | -   |        | add_ln170_910   | add   | fabric  | 0       |
|    add_ln170_911_fu_4897_p2                                  | -   |        | add_ln170_911   | add   | fabric  | 0       |
|    add_ln170_912_fu_4907_p2                                  | -   |        | add_ln170_912   | add   | fabric  | 0       |
|    add_ln170_913_fu_4916_p2                                  | -   |        | add_ln170_913   | add   | fabric  | 0       |
|    add_ln170_914_fu_4936_p2                                  | -   |        | add_ln170_914   | add   | fabric  | 0       |
|    add_ln170_915_fu_4945_p2                                  | -   |        | add_ln170_915   | add   | fabric  | 0       |
|    add_ln170_916_fu_4955_p2                                  | -   |        | add_ln170_916   | add   | fabric  | 0       |
|    add_ln170_917_fu_4964_p2                                  | -   |        | add_ln170_917   | add   | fabric  | 0       |
|    add_ln170_918_fu_4984_p2                                  | -   |        | add_ln170_918   | add   | fabric  | 0       |
|    add_ln170_919_fu_4993_p2                                  | -   |        | add_ln170_919   | add   | fabric  | 0       |
|    add_ln170_920_fu_5003_p2                                  | -   |        | add_ln170_920   | add   | fabric  | 0       |
|    add_ln170_921_fu_5012_p2                                  | -   |        | add_ln170_921   | add   | fabric  | 0       |
|    add_ln170_922_fu_5032_p2                                  | -   |        | add_ln170_922   | add   | fabric  | 0       |
|    add_ln170_923_fu_5041_p2                                  | -   |        | add_ln170_923   | add   | fabric  | 0       |
|    add_ln170_924_fu_5051_p2                                  | -   |        | add_ln170_924   | add   | fabric  | 0       |
|    add_ln170_925_fu_5060_p2                                  | -   |        | add_ln170_925   | add   | fabric  | 0       |
|    add_ln170_926_fu_5080_p2                                  | -   |        | add_ln170_926   | add   | fabric  | 0       |
|    add_ln170_927_fu_5089_p2                                  | -   |        | add_ln170_927   | add   | fabric  | 0       |
|    add_ln170_928_fu_5099_p2                                  | -   |        | add_ln170_928   | add   | fabric  | 0       |
|    add_ln170_929_fu_5108_p2                                  | -   |        | add_ln170_929   | add   | fabric  | 0       |
|    add_ln170_930_fu_5128_p2                                  | -   |        | add_ln170_930   | add   | fabric  | 0       |
|    add_ln170_931_fu_5137_p2                                  | -   |        | add_ln170_931   | add   | fabric  | 0       |
|    add_ln170_932_fu_5147_p2                                  | -   |        | add_ln170_932   | add   | fabric  | 0       |
|    add_ln170_933_fu_5156_p2                                  | -   |        | add_ln170_933   | add   | fabric  | 0       |
|    add_ln170_934_fu_5176_p2                                  | -   |        | add_ln170_934   | add   | fabric  | 0       |
|    add_ln170_935_fu_5185_p2                                  | -   |        | add_ln170_935   | add   | fabric  | 0       |
|    add_ln170_936_fu_5195_p2                                  | -   |        | add_ln170_936   | add   | fabric  | 0       |
|    add_ln170_937_fu_5204_p2                                  | -   |        | add_ln170_937   | add   | fabric  | 0       |
|    add_ln170_938_fu_5224_p2                                  | -   |        | add_ln170_938   | add   | fabric  | 0       |
|    add_ln170_939_fu_5233_p2                                  | -   |        | add_ln170_939   | add   | fabric  | 0       |
|    add_ln170_940_fu_5243_p2                                  | -   |        | add_ln170_940   | add   | fabric  | 0       |
|    add_ln170_941_fu_5252_p2                                  | -   |        | add_ln170_941   | add   | fabric  | 0       |
|    add_ln170_942_fu_5272_p2                                  | -   |        | add_ln170_942   | add   | fabric  | 0       |
|    add_ln170_943_fu_5281_p2                                  | -   |        | add_ln170_943   | add   | fabric  | 0       |
|    add_ln170_944_fu_5291_p2                                  | -   |        | add_ln170_944   | add   | fabric  | 0       |
|    add_ln170_945_fu_5300_p2                                  | -   |        | add_ln170_945   | add   | fabric  | 0       |
|    add_ln170_946_fu_5320_p2                                  | -   |        | add_ln170_946   | add   | fabric  | 0       |
|    add_ln170_947_fu_5329_p2                                  | -   |        | add_ln170_947   | add   | fabric  | 0       |
|    add_ln170_948_fu_5339_p2                                  | -   |        | add_ln170_948   | add   | fabric  | 0       |
|    add_ln170_949_fu_5348_p2                                  | -   |        | add_ln170_949   | add   | fabric  | 0       |
|    add_ln170_950_fu_5368_p2                                  | -   |        | add_ln170_950   | add   | fabric  | 0       |
|    add_ln170_951_fu_5377_p2                                  | -   |        | add_ln170_951   | add   | fabric  | 0       |
|    add_ln170_952_fu_5387_p2                                  | -   |        | add_ln170_952   | add   | fabric  | 0       |
|    add_ln170_953_fu_5396_p2                                  | -   |        | add_ln170_953   | add   | fabric  | 0       |
|    add_ln170_954_fu_5416_p2                                  | -   |        | add_ln170_954   | add   | fabric  | 0       |
|    add_ln170_955_fu_5425_p2                                  | -   |        | add_ln170_955   | add   | fabric  | 0       |
|    add_ln170_956_fu_5435_p2                                  | -   |        | add_ln170_956   | add   | fabric  | 0       |
|    add_ln170_957_fu_5444_p2                                  | -   |        | add_ln170_957   | add   | fabric  | 0       |
|    add_ln170_958_fu_5464_p2                                  | -   |        | add_ln170_958   | add   | fabric  | 0       |
|    add_ln170_959_fu_5473_p2                                  | -   |        | add_ln170_959   | add   | fabric  | 0       |
|    add_ln170_960_fu_5483_p2                                  | -   |        | add_ln170_960   | add   | fabric  | 0       |
|    add_ln170_961_fu_5492_p2                                  | -   |        | add_ln170_961   | add   | fabric  | 0       |
|    add_ln170_962_fu_5512_p2                                  | -   |        | add_ln170_962   | add   | fabric  | 0       |
|    add_ln170_963_fu_5521_p2                                  | -   |        | add_ln170_963   | add   | fabric  | 0       |
|    add_ln170_964_fu_5531_p2                                  | -   |        | add_ln170_964   | add   | fabric  | 0       |
|    add_ln170_965_fu_5540_p2                                  | -   |        | add_ln170_965   | add   | fabric  | 0       |
|    add_ln170_966_fu_5560_p2                                  | -   |        | add_ln170_966   | add   | fabric  | 0       |
|    add_ln170_967_fu_5569_p2                                  | -   |        | add_ln170_967   | add   | fabric  | 0       |
|    add_ln170_968_fu_5579_p2                                  | -   |        | add_ln170_968   | add   | fabric  | 0       |
|    add_ln170_969_fu_5588_p2                                  | -   |        | add_ln170_969   | add   | fabric  | 0       |
|    add_ln170_970_fu_5608_p2                                  | -   |        | add_ln170_970   | add   | fabric  | 0       |
|    add_ln170_971_fu_5617_p2                                  | -   |        | add_ln170_971   | add   | fabric  | 0       |
|    add_ln170_972_fu_5627_p2                                  | -   |        | add_ln170_972   | add   | fabric  | 0       |
|    add_ln170_973_fu_5636_p2                                  | -   |        | add_ln170_973   | add   | fabric  | 0       |
|    add_ln170_974_fu_5656_p2                                  | -   |        | add_ln170_974   | add   | fabric  | 0       |
|    add_ln170_975_fu_5665_p2                                  | -   |        | add_ln170_975   | add   | fabric  | 0       |
|    add_ln170_976_fu_5675_p2                                  | -   |        | add_ln170_976   | add   | fabric  | 0       |
|    add_ln170_977_fu_5684_p2                                  | -   |        | add_ln170_977   | add   | fabric  | 0       |
|    add_ln170_978_fu_5704_p2                                  | -   |        | add_ln170_978   | add   | fabric  | 0       |
|    add_ln170_979_fu_5713_p2                                  | -   |        | add_ln170_979   | add   | fabric  | 0       |
|    add_ln170_980_fu_5723_p2                                  | -   |        | add_ln170_980   | add   | fabric  | 0       |
|    add_ln170_981_fu_5732_p2                                  | -   |        | add_ln170_981   | add   | fabric  | 0       |
|    add_ln170_982_fu_5752_p2                                  | -   |        | add_ln170_982   | add   | fabric  | 0       |
|    add_ln170_983_fu_5761_p2                                  | -   |        | add_ln170_983   | add   | fabric  | 0       |
|    add_ln170_984_fu_5771_p2                                  | -   |        | add_ln170_984   | add   | fabric  | 0       |
|    add_ln170_985_fu_5780_p2                                  | -   |        | add_ln170_985   | add   | fabric  | 0       |
|    add_ln170_986_fu_5800_p2                                  | -   |        | add_ln170_986   | add   | fabric  | 0       |
|    add_ln170_987_fu_5809_p2                                  | -   |        | add_ln170_987   | add   | fabric  | 0       |
|    add_ln170_988_fu_5819_p2                                  | -   |        | add_ln170_988   | add   | fabric  | 0       |
|    add_ln170_989_fu_5828_p2                                  | -   |        | add_ln170_989   | add   | fabric  | 0       |
|    add_ln170_990_fu_5848_p2                                  | -   |        | add_ln170_990   | add   | fabric  | 0       |
|    add_ln170_991_fu_5857_p2                                  | -   |        | add_ln170_991   | add   | fabric  | 0       |
|    add_ln170_992_fu_5867_p2                                  | -   |        | add_ln170_992   | add   | fabric  | 0       |
|    add_ln170_993_fu_5876_p2                                  | -   |        | add_ln170_993   | add   | fabric  | 0       |
|    add_ln170_994_fu_5896_p2                                  | -   |        | add_ln170_994   | add   | fabric  | 0       |
|    add_ln170_995_fu_5905_p2                                  | -   |        | add_ln170_995   | add   | fabric  | 0       |
|    add_ln170_996_fu_5915_p2                                  | -   |        | add_ln170_996   | add   | fabric  | 0       |
|    add_ln170_997_fu_5924_p2                                  | -   |        | add_ln170_997   | add   | fabric  | 0       |
|    add_ln170_998_fu_5944_p2                                  | -   |        | add_ln170_998   | add   | fabric  | 0       |
|    add_ln170_999_fu_5953_p2                                  | -   |        | add_ln170_999   | add   | fabric  | 0       |
|    add_ln170_1000_fu_5963_p2                                 | -   |        | add_ln170_1000  | add   | fabric  | 0       |
|    add_ln170_1001_fu_5972_p2                                 | -   |        | add_ln170_1001  | add   | fabric  | 0       |
|    add_ln170_1002_fu_5992_p2                                 | -   |        | add_ln170_1002  | add   | fabric  | 0       |
|    add_ln170_1003_fu_6001_p2                                 | -   |        | add_ln170_1003  | add   | fabric  | 0       |
|    add_ln170_1004_fu_6011_p2                                 | -   |        | add_ln170_1004  | add   | fabric  | 0       |
|    add_ln170_1005_fu_6020_p2                                 | -   |        | add_ln170_1005  | add   | fabric  | 0       |
|    add_ln170_1006_fu_6040_p2                                 | -   |        | add_ln170_1006  | add   | fabric  | 0       |
|    add_ln170_1007_fu_6049_p2                                 | -   |        | add_ln170_1007  | add   | fabric  | 0       |
|    add_ln170_1008_fu_6059_p2                                 | -   |        | add_ln170_1008  | add   | fabric  | 0       |
|    add_ln170_1009_fu_6068_p2                                 | -   |        | add_ln170_1009  | add   | fabric  | 0       |
|    add_ln170_1010_fu_6088_p2                                 | -   |        | add_ln170_1010  | add   | fabric  | 0       |
|    add_ln170_1011_fu_6097_p2                                 | -   |        | add_ln170_1011  | add   | fabric  | 0       |
|    add_ln170_1012_fu_6107_p2                                 | -   |        | add_ln170_1012  | add   | fabric  | 0       |
|    add_ln170_1013_fu_6116_p2                                 | -   |        | add_ln170_1013  | add   | fabric  | 0       |
|    add_ln170_1014_fu_6136_p2                                 | -   |        | add_ln170_1014  | add   | fabric  | 0       |
|    add_ln170_1015_fu_6145_p2                                 | -   |        | add_ln170_1015  | add   | fabric  | 0       |
|    add_ln170_1016_fu_6155_p2                                 | -   |        | add_ln170_1016  | add   | fabric  | 0       |
|    add_ln170_1017_fu_6164_p2                                 | -   |        | add_ln170_1017  | add   | fabric  | 0       |
|    add_ln170_1018_fu_6184_p2                                 | -   |        | add_ln170_1018  | add   | fabric  | 0       |
|    add_ln170_1019_fu_6193_p2                                 | -   |        | add_ln170_1019  | add   | fabric  | 0       |
|    add_ln170_1020_fu_6203_p2                                 | -   |        | add_ln170_1020  | add   | fabric  | 0       |
|    add_ln170_1021_fu_6212_p2                                 | -   |        | add_ln170_1021  | add   | fabric  | 0       |
|    add_ln170_1022_fu_6232_p2                                 | -   |        | add_ln170_1022  | add   | fabric  | 0       |
|    add_ln170_1023_fu_6241_p2                                 | -   |        | add_ln170_1023  | add   | fabric  | 0       |
|    add_ln170_1024_fu_6251_p2                                 | -   |        | add_ln170_1024  | add   | fabric  | 0       |
|    add_ln170_1025_fu_6260_p2                                 | -   |        | add_ln170_1025  | add   | fabric  | 0       |
|    add_ln170_1026_fu_6280_p2                                 | -   |        | add_ln170_1026  | add   | fabric  | 0       |
|    add_ln170_1027_fu_6289_p2                                 | -   |        | add_ln170_1027  | add   | fabric  | 0       |
|    add_ln170_1028_fu_6299_p2                                 | -   |        | add_ln170_1028  | add   | fabric  | 0       |
|    add_ln170_1029_fu_6308_p2                                 | -   |        | add_ln170_1029  | add   | fabric  | 0       |
|    add_ln170_1030_fu_6328_p2                                 | -   |        | add_ln170_1030  | add   | fabric  | 0       |
|    add_ln170_1031_fu_6337_p2                                 | -   |        | add_ln170_1031  | add   | fabric  | 0       |
|    add_ln170_1032_fu_6347_p2                                 | -   |        | add_ln170_1032  | add   | fabric  | 0       |
|    add_ln170_1033_fu_6356_p2                                 | -   |        | add_ln170_1033  | add   | fabric  | 0       |
|    add_ln170_1034_fu_6376_p2                                 | -   |        | add_ln170_1034  | add   | fabric  | 0       |
|    add_ln170_1035_fu_6385_p2                                 | -   |        | add_ln170_1035  | add   | fabric  | 0       |
|    add_ln170_1036_fu_6395_p2                                 | -   |        | add_ln170_1036  | add   | fabric  | 0       |
|    add_ln170_1037_fu_6404_p2                                 | -   |        | add_ln170_1037  | add   | fabric  | 0       |
|    add_ln170_1038_fu_6424_p2                                 | -   |        | add_ln170_1038  | add   | fabric  | 0       |
|    add_ln170_1039_fu_6433_p2                                 | -   |        | add_ln170_1039  | add   | fabric  | 0       |
|    add_ln170_1040_fu_6443_p2                                 | -   |        | add_ln170_1040  | add   | fabric  | 0       |
|    add_ln170_1041_fu_6452_p2                                 | -   |        | add_ln170_1041  | add   | fabric  | 0       |
|    add_ln170_1042_fu_6472_p2                                 | -   |        | add_ln170_1042  | add   | fabric  | 0       |
|    add_ln170_1043_fu_6481_p2                                 | -   |        | add_ln170_1043  | add   | fabric  | 0       |
|    add_ln170_1044_fu_6491_p2                                 | -   |        | add_ln170_1044  | add   | fabric  | 0       |
|    add_ln170_1045_fu_6500_p2                                 | -   |        | add_ln170_1045  | add   | fabric  | 0       |
|    add_ln170_1046_fu_6520_p2                                 | -   |        | add_ln170_1046  | add   | fabric  | 0       |
|    add_ln170_1047_fu_6529_p2                                 | -   |        | add_ln170_1047  | add   | fabric  | 0       |
|    add_ln170_1048_fu_6539_p2                                 | -   |        | add_ln170_1048  | add   | fabric  | 0       |
|    add_ln170_1049_fu_6548_p2                                 | -   |        | add_ln170_1049  | add   | fabric  | 0       |
|    add_ln170_1050_fu_6568_p2                                 | -   |        | add_ln170_1050  | add   | fabric  | 0       |
|    add_ln170_1051_fu_6577_p2                                 | -   |        | add_ln170_1051  | add   | fabric  | 0       |
|    add_ln170_1052_fu_6587_p2                                 | -   |        | add_ln170_1052  | add   | fabric  | 0       |
|    add_ln170_1053_fu_6596_p2                                 | -   |        | add_ln170_1053  | add   | fabric  | 0       |
|    add_ln170_1054_fu_6616_p2                                 | -   |        | add_ln170_1054  | add   | fabric  | 0       |
|    add_ln170_1055_fu_6625_p2                                 | -   |        | add_ln170_1055  | add   | fabric  | 0       |
|    add_ln170_1056_fu_6635_p2                                 | -   |        | add_ln170_1056  | add   | fabric  | 0       |
|    add_ln170_1057_fu_6644_p2                                 | -   |        | add_ln170_1057  | add   | fabric  | 0       |
|    add_ln170_1058_fu_6664_p2                                 | -   |        | add_ln170_1058  | add   | fabric  | 0       |
|    add_ln170_1059_fu_6673_p2                                 | -   |        | add_ln170_1059  | add   | fabric  | 0       |
|    add_ln170_1060_fu_6683_p2                                 | -   |        | add_ln170_1060  | add   | fabric  | 0       |
|    add_ln170_1061_fu_6692_p2                                 | -   |        | add_ln170_1061  | add   | fabric  | 0       |
|    add_ln170_1062_fu_6712_p2                                 | -   |        | add_ln170_1062  | add   | fabric  | 0       |
|    add_ln170_1063_fu_6721_p2                                 | -   |        | add_ln170_1063  | add   | fabric  | 0       |
|    add_ln170_1064_fu_6731_p2                                 | -   |        | add_ln170_1064  | add   | fabric  | 0       |
|    add_ln170_1065_fu_6740_p2                                 | -   |        | add_ln170_1065  | add   | fabric  | 0       |
|    add_ln170_1066_fu_6760_p2                                 | -   |        | add_ln170_1066  | add   | fabric  | 0       |
|    add_ln170_1067_fu_6769_p2                                 | -   |        | add_ln170_1067  | add   | fabric  | 0       |
|    add_ln170_1068_fu_6779_p2                                 | -   |        | add_ln170_1068  | add   | fabric  | 0       |
|    add_ln170_1069_fu_6788_p2                                 | -   |        | add_ln170_1069  | add   | fabric  | 0       |
|    add_ln170_1070_fu_6808_p2                                 | -   |        | add_ln170_1070  | add   | fabric  | 0       |
|    add_ln170_1071_fu_6817_p2                                 | -   |        | add_ln170_1071  | add   | fabric  | 0       |
|    add_ln170_1072_fu_6827_p2                                 | -   |        | add_ln170_1072  | add   | fabric  | 0       |
|    add_ln170_1073_fu_6836_p2                                 | -   |        | add_ln170_1073  | add   | fabric  | 0       |
|    add_ln170_1074_fu_6856_p2                                 | -   |        | add_ln170_1074  | add   | fabric  | 0       |
|    add_ln170_1075_fu_6865_p2                                 | -   |        | add_ln170_1075  | add   | fabric  | 0       |
|    add_ln170_1076_fu_6875_p2                                 | -   |        | add_ln170_1076  | add   | fabric  | 0       |
|    add_ln170_1077_fu_6884_p2                                 | -   |        | add_ln170_1077  | add   | fabric  | 0       |
|    add_ln170_1078_fu_6904_p2                                 | -   |        | add_ln170_1078  | add   | fabric  | 0       |
|    add_ln170_1079_fu_6913_p2                                 | -   |        | add_ln170_1079  | add   | fabric  | 0       |
|    add_ln170_1080_fu_6923_p2                                 | -   |        | add_ln170_1080  | add   | fabric  | 0       |
|    add_ln170_1081_fu_6932_p2                                 | -   |        | add_ln170_1081  | add   | fabric  | 0       |
|    add_ln170_1082_fu_6952_p2                                 | -   |        | add_ln170_1082  | add   | fabric  | 0       |
|    add_ln170_1083_fu_6961_p2                                 | -   |        | add_ln170_1083  | add   | fabric  | 0       |
|    add_ln170_1084_fu_6971_p2                                 | -   |        | add_ln170_1084  | add   | fabric  | 0       |
|    add_ln170_1085_fu_6980_p2                                 | -   |        | add_ln170_1085  | add   | fabric  | 0       |
|    add_ln170_1086_fu_7000_p2                                 | -   |        | add_ln170_1086  | add   | fabric  | 0       |
|    add_ln170_1087_fu_7009_p2                                 | -   |        | add_ln170_1087  | add   | fabric  | 0       |
|    add_ln170_1088_fu_7019_p2                                 | -   |        | add_ln170_1088  | add   | fabric  | 0       |
|    add_ln170_1089_fu_7028_p2                                 | -   |        | add_ln170_1089  | add   | fabric  | 0       |
|    add_ln170_1090_fu_7038_p2                                 | -   |        | add_ln170_1090  | add   | fabric  | 0       |
|    add_ln170_1091_fu_7047_p2                                 | -   |        | add_ln170_1091  | add   | fabric  | 0       |
|    add_ln172_fu_3620_p2                                      | -   |        | add_ln172       | add   | fabric  | 0       |
|    add_ln172_3_fu_3630_p2                                    | -   |        | add_ln172_3     | add   | fabric  | 0       |
|    add_ln163_fu_3431_p2                                      | -   |        | add_ln163       | add   | fabric  | 0       |
|  + transformer_blk_s2_top_Pipeline_AR                        | 0   |        |                 |       |         |         |
|    add_ln338_fu_159_p2                                       | -   |        | add_ln338       | add   | fabric  | 0       |
|  + transformer_blk_s2_top_Pipeline_LF_S_LF_OD7               | 0   |        |                 |       |         |         |
|    add_ln170_fu_3123_p2                                      | -   |        | add_ln170       | add   | fabric  | 0       |
|    add_ln162_9_fu_3135_p2                                    | -   |        | add_ln162_9     | add   | fabric  | 0       |
|    add_ln162_fu_3158_p2                                      | -   |        | add_ln162       | add   | fabric  | 0       |
|    add_ln170_545_fu_3208_p2                                  | -   |        | add_ln170_545   | add   | fabric  | 0       |
|    add_ln162_258_fu_3372_p2                                  | -   |        | add_ln162_258   | add   | fabric  | 0       |
|    add_ln162_259_fu_3385_p2                                  | -   |        | add_ln162_259   | add   | fabric  | 0       |
|    add_ln162_260_fu_3436_p2                                  | -   |        | add_ln162_260   | add   | fabric  | 0       |
|    add_ln162_261_fu_3449_p2                                  | -   |        | add_ln162_261   | add   | fabric  | 0       |
|    add_ln162_262_fu_3505_p2                                  | -   |        | add_ln162_262   | add   | fabric  | 0       |
|    add_ln162_263_fu_3518_p2                                  | -   |        | add_ln162_263   | add   | fabric  | 0       |
|    add_ln162_264_fu_3579_p2                                  | -   |        | add_ln162_264   | add   | fabric  | 0       |
|    add_ln162_265_fu_3592_p2                                  | -   |        | add_ln162_265   | add   | fabric  | 0       |
|    add_ln162_266_fu_3653_p2                                  | -   |        | add_ln162_266   | add   | fabric  | 0       |
|    add_ln162_267_fu_3666_p2                                  | -   |        | add_ln162_267   | add   | fabric  | 0       |
|    add_ln162_268_fu_3727_p2                                  | -   |        | add_ln162_268   | add   | fabric  | 0       |
|    add_ln162_269_fu_3740_p2                                  | -   |        | add_ln162_269   | add   | fabric  | 0       |
|    add_ln162_270_fu_3801_p2                                  | -   |        | add_ln162_270   | add   | fabric  | 0       |
|    add_ln162_271_fu_3814_p2                                  | -   |        | add_ln162_271   | add   | fabric  | 0       |
|    add_ln162_272_fu_3880_p2                                  | -   |        | add_ln162_272   | add   | fabric  | 0       |
|    add_ln162_273_fu_3893_p2                                  | -   |        | add_ln162_273   | add   | fabric  | 0       |
|    add_ln162_274_fu_3958_p2                                  | -   |        | add_ln162_274   | add   | fabric  | 0       |
|    add_ln162_275_fu_3971_p2                                  | -   |        | add_ln162_275   | add   | fabric  | 0       |
|    add_ln162_276_fu_4032_p2                                  | -   |        | add_ln162_276   | add   | fabric  | 0       |
|    add_ln162_277_fu_4045_p2                                  | -   |        | add_ln162_277   | add   | fabric  | 0       |
|    add_ln162_278_fu_4106_p2                                  | -   |        | add_ln162_278   | add   | fabric  | 0       |
|    add_ln162_279_fu_4119_p2                                  | -   |        | add_ln162_279   | add   | fabric  | 0       |
|    add_ln162_280_fu_4180_p2                                  | -   |        | add_ln162_280   | add   | fabric  | 0       |
|    add_ln162_281_fu_4193_p2                                  | -   |        | add_ln162_281   | add   | fabric  | 0       |
|    add_ln162_282_fu_4254_p2                                  | -   |        | add_ln162_282   | add   | fabric  | 0       |
|    add_ln162_283_fu_4267_p2                                  | -   |        | add_ln162_283   | add   | fabric  | 0       |
|    add_ln162_284_fu_4328_p2                                  | -   |        | add_ln162_284   | add   | fabric  | 0       |
|    add_ln162_285_fu_4341_p2                                  | -   |        | add_ln162_285   | add   | fabric  | 0       |
|    add_ln162_286_fu_4402_p2                                  | -   |        | add_ln162_286   | add   | fabric  | 0       |
|    add_ln162_287_fu_4415_p2                                  | -   |        | add_ln162_287   | add   | fabric  | 0       |
|    add_ln162_288_fu_4476_p2                                  | -   |        | add_ln162_288   | add   | fabric  | 0       |
|    add_ln162_289_fu_4489_p2                                  | -   |        | add_ln162_289   | add   | fabric  | 0       |
|    add_ln165_fu_3311_p2                                      | -   |        | add_ln165       | add   | fabric  | 0       |
|    add_ln165_2_fu_3324_p2                                    | -   |        | add_ln165_2     | add   | fabric  | 0       |
|    add_ln170_546_fu_3352_p2                                  | -   |        | add_ln170_546   | add   | fabric  | 0       |
|    add_ln170_547_fu_3362_p2                                  | -   |        | add_ln170_547   | add   | fabric  | 0       |
|    add_ln170_548_fu_3407_p2                                  | -   |        | add_ln170_548   | add   | fabric  | 0       |
|    add_ln170_549_fu_3426_p2                                  | -   |        | add_ln170_549   | add   | fabric  | 0       |
|    add_ln170_550_fu_3476_p2                                  | -   |        | add_ln170_550   | add   | fabric  | 0       |
|    add_ln170_551_fu_3495_p2                                  | -   |        | add_ln170_551   | add   | fabric  | 0       |
|    add_ln170_552_fu_3550_p2                                  | -   |        | add_ln170_552   | add   | fabric  | 0       |
|    add_ln170_553_fu_3569_p2                                  | -   |        | add_ln170_553   | add   | fabric  | 0       |
|    add_ln170_554_fu_3624_p2                                  | -   |        | add_ln170_554   | add   | fabric  | 0       |
|    add_ln170_555_fu_3643_p2                                  | -   |        | add_ln170_555   | add   | fabric  | 0       |
|    add_ln170_556_fu_3698_p2                                  | -   |        | add_ln170_556   | add   | fabric  | 0       |
|    add_ln170_557_fu_3717_p2                                  | -   |        | add_ln170_557   | add   | fabric  | 0       |
|    add_ln170_558_fu_3772_p2                                  | -   |        | add_ln170_558   | add   | fabric  | 0       |
|    add_ln170_559_fu_3791_p2                                  | -   |        | add_ln170_559   | add   | fabric  | 0       |
|    add_ln170_560_fu_3851_p2                                  | -   |        | add_ln170_560   | add   | fabric  | 0       |
|    add_ln170_561_fu_3870_p2                                  | -   |        | add_ln170_561   | add   | fabric  | 0       |
|    add_ln170_562_fu_3928_p2                                  | -   |        | add_ln170_562   | add   | fabric  | 0       |
|    add_ln170_563_fu_3938_p2                                  | -   |        | add_ln170_563   | add   | fabric  | 0       |
|    add_ln170_564_fu_3948_p2                                  | -   |        | add_ln170_564   | add   | fabric  | 0       |
|    add_ln170_565_fu_3994_p2                                  | -   |        | add_ln170_565   | add   | fabric  | 0       |
|    add_ln170_566_fu_4003_p2                                  | -   |        | add_ln170_566   | add   | fabric  | 0       |
|    add_ln170_567_fu_4013_p2                                  | -   |        | add_ln170_567   | add   | fabric  | 0       |
|    add_ln170_568_fu_4022_p2                                  | -   |        | add_ln170_568   | add   | fabric  | 0       |
|    add_ln170_569_fu_4068_p2                                  | -   |        | add_ln170_569   | add   | fabric  | 0       |
|    add_ln170_570_fu_4077_p2                                  | -   |        | add_ln170_570   | add   | fabric  | 0       |
|    add_ln170_571_fu_4087_p2                                  | -   |        | add_ln170_571   | add   | fabric  | 0       |
|    add_ln170_572_fu_4096_p2                                  | -   |        | add_ln170_572   | add   | fabric  | 0       |
|    add_ln170_573_fu_4142_p2                                  | -   |        | add_ln170_573   | add   | fabric  | 0       |
|    add_ln170_574_fu_4151_p2                                  | -   |        | add_ln170_574   | add   | fabric  | 0       |
|    add_ln170_575_fu_4161_p2                                  | -   |        | add_ln170_575   | add   | fabric  | 0       |
|    add_ln170_576_fu_4170_p2                                  | -   |        | add_ln170_576   | add   | fabric  | 0       |
|    add_ln170_577_fu_4216_p2                                  | -   |        | add_ln170_577   | add   | fabric  | 0       |
|    add_ln170_578_fu_4225_p2                                  | -   |        | add_ln170_578   | add   | fabric  | 0       |
|    add_ln170_579_fu_4235_p2                                  | -   |        | add_ln170_579   | add   | fabric  | 0       |
|    add_ln170_580_fu_4244_p2                                  | -   |        | add_ln170_580   | add   | fabric  | 0       |
|    add_ln170_581_fu_4290_p2                                  | -   |        | add_ln170_581   | add   | fabric  | 0       |
|    add_ln170_582_fu_4299_p2                                  | -   |        | add_ln170_582   | add   | fabric  | 0       |
|    add_ln170_583_fu_4309_p2                                  | -   |        | add_ln170_583   | add   | fabric  | 0       |
|    add_ln170_584_fu_4318_p2                                  | -   |        | add_ln170_584   | add   | fabric  | 0       |
|    add_ln170_585_fu_4364_p2                                  | -   |        | add_ln170_585   | add   | fabric  | 0       |
|    add_ln170_586_fu_4373_p2                                  | -   |        | add_ln170_586   | add   | fabric  | 0       |
|    add_ln170_587_fu_4383_p2                                  | -   |        | add_ln170_587   | add   | fabric  | 0       |
|    add_ln170_588_fu_4392_p2                                  | -   |        | add_ln170_588   | add   | fabric  | 0       |
|    add_ln170_589_fu_4438_p2                                  | -   |        | add_ln170_589   | add   | fabric  | 0       |
|    add_ln170_590_fu_4447_p2                                  | -   |        | add_ln170_590   | add   | fabric  | 0       |
|    add_ln170_591_fu_4457_p2                                  | -   |        | add_ln170_591   | add   | fabric  | 0       |
|    add_ln170_592_fu_4466_p2                                  | -   |        | add_ln170_592   | add   | fabric  | 0       |
|    add_ln170_593_fu_4512_p2                                  | -   |        | add_ln170_593   | add   | fabric  | 0       |
|    add_ln170_594_fu_4521_p2                                  | -   |        | add_ln170_594   | add   | fabric  | 0       |
|    add_ln170_595_fu_4531_p2                                  | -   |        | add_ln170_595   | add   | fabric  | 0       |
|    add_ln170_596_fu_4540_p2                                  | -   |        | add_ln170_596   | add   | fabric  | 0       |
|    add_ln170_597_fu_4560_p2                                  | -   |        | add_ln170_597   | add   | fabric  | 0       |
|    add_ln170_598_fu_4569_p2                                  | -   |        | add_ln170_598   | add   | fabric  | 0       |
|    add_ln170_599_fu_4579_p2                                  | -   |        | add_ln170_599   | add   | fabric  | 0       |
|    add_ln170_600_fu_4588_p2                                  | -   |        | add_ln170_600   | add   | fabric  | 0       |
|    add_ln170_601_fu_4608_p2                                  | -   |        | add_ln170_601   | add   | fabric  | 0       |
|    add_ln170_602_fu_4617_p2                                  | -   |        | add_ln170_602   | add   | fabric  | 0       |
|    add_ln170_603_fu_4627_p2                                  | -   |        | add_ln170_603   | add   | fabric  | 0       |
|    add_ln170_604_fu_4636_p2                                  | -   |        | add_ln170_604   | add   | fabric  | 0       |
|    add_ln170_605_fu_4656_p2                                  | -   |        | add_ln170_605   | add   | fabric  | 0       |
|    add_ln170_606_fu_4665_p2                                  | -   |        | add_ln170_606   | add   | fabric  | 0       |
|    add_ln170_607_fu_4675_p2                                  | -   |        | add_ln170_607   | add   | fabric  | 0       |
|    add_ln170_608_fu_4684_p2                                  | -   |        | add_ln170_608   | add   | fabric  | 0       |
|    add_ln170_609_fu_4704_p2                                  | -   |        | add_ln170_609   | add   | fabric  | 0       |
|    add_ln170_610_fu_4713_p2                                  | -   |        | add_ln170_610   | add   | fabric  | 0       |
|    add_ln170_611_fu_4723_p2                                  | -   |        | add_ln170_611   | add   | fabric  | 0       |
|    add_ln170_612_fu_4732_p2                                  | -   |        | add_ln170_612   | add   | fabric  | 0       |
|    add_ln170_613_fu_4752_p2                                  | -   |        | add_ln170_613   | add   | fabric  | 0       |
|    add_ln170_614_fu_4761_p2                                  | -   |        | add_ln170_614   | add   | fabric  | 0       |
|    add_ln170_615_fu_4771_p2                                  | -   |        | add_ln170_615   | add   | fabric  | 0       |
|    add_ln170_616_fu_4780_p2                                  | -   |        | add_ln170_616   | add   | fabric  | 0       |
|    add_ln170_617_fu_4800_p2                                  | -   |        | add_ln170_617   | add   | fabric  | 0       |
|    add_ln170_618_fu_4809_p2                                  | -   |        | add_ln170_618   | add   | fabric  | 0       |
|    add_ln170_619_fu_4819_p2                                  | -   |        | add_ln170_619   | add   | fabric  | 0       |
|    add_ln170_620_fu_4828_p2                                  | -   |        | add_ln170_620   | add   | fabric  | 0       |
|    add_ln170_621_fu_4848_p2                                  | -   |        | add_ln170_621   | add   | fabric  | 0       |
|    add_ln170_622_fu_4857_p2                                  | -   |        | add_ln170_622   | add   | fabric  | 0       |
|    add_ln170_623_fu_4867_p2                                  | -   |        | add_ln170_623   | add   | fabric  | 0       |
|    add_ln170_624_fu_4876_p2                                  | -   |        | add_ln170_624   | add   | fabric  | 0       |
|    add_ln170_625_fu_4896_p2                                  | -   |        | add_ln170_625   | add   | fabric  | 0       |
|    add_ln170_626_fu_4905_p2                                  | -   |        | add_ln170_626   | add   | fabric  | 0       |
|    add_ln170_627_fu_4915_p2                                  | -   |        | add_ln170_627   | add   | fabric  | 0       |
|    add_ln170_628_fu_4924_p2                                  | -   |        | add_ln170_628   | add   | fabric  | 0       |
|    add_ln170_629_fu_4944_p2                                  | -   |        | add_ln170_629   | add   | fabric  | 0       |
|    add_ln170_630_fu_4953_p2                                  | -   |        | add_ln170_630   | add   | fabric  | 0       |
|    add_ln170_631_fu_4963_p2                                  | -   |        | add_ln170_631   | add   | fabric  | 0       |
|    add_ln170_632_fu_4972_p2                                  | -   |        | add_ln170_632   | add   | fabric  | 0       |
|    add_ln170_633_fu_4992_p2                                  | -   |        | add_ln170_633   | add   | fabric  | 0       |
|    add_ln170_634_fu_5001_p2                                  | -   |        | add_ln170_634   | add   | fabric  | 0       |
|    add_ln170_635_fu_5011_p2                                  | -   |        | add_ln170_635   | add   | fabric  | 0       |
|    add_ln170_636_fu_5020_p2                                  | -   |        | add_ln170_636   | add   | fabric  | 0       |
|    add_ln170_637_fu_5040_p2                                  | -   |        | add_ln170_637   | add   | fabric  | 0       |
|    add_ln170_638_fu_5049_p2                                  | -   |        | add_ln170_638   | add   | fabric  | 0       |
|    add_ln170_639_fu_5059_p2                                  | -   |        | add_ln170_639   | add   | fabric  | 0       |
|    add_ln170_640_fu_5068_p2                                  | -   |        | add_ln170_640   | add   | fabric  | 0       |
|    add_ln170_641_fu_5088_p2                                  | -   |        | add_ln170_641   | add   | fabric  | 0       |
|    add_ln170_642_fu_5097_p2                                  | -   |        | add_ln170_642   | add   | fabric  | 0       |
|    add_ln170_643_fu_5107_p2                                  | -   |        | add_ln170_643   | add   | fabric  | 0       |
|    add_ln170_644_fu_5116_p2                                  | -   |        | add_ln170_644   | add   | fabric  | 0       |
|    add_ln170_645_fu_5136_p2                                  | -   |        | add_ln170_645   | add   | fabric  | 0       |
|    add_ln170_646_fu_5145_p2                                  | -   |        | add_ln170_646   | add   | fabric  | 0       |
|    add_ln170_647_fu_5155_p2                                  | -   |        | add_ln170_647   | add   | fabric  | 0       |
|    add_ln170_648_fu_5164_p2                                  | -   |        | add_ln170_648   | add   | fabric  | 0       |
|    add_ln170_649_fu_5184_p2                                  | -   |        | add_ln170_649   | add   | fabric  | 0       |
|    add_ln170_650_fu_5193_p2                                  | -   |        | add_ln170_650   | add   | fabric  | 0       |
|    add_ln170_651_fu_5203_p2                                  | -   |        | add_ln170_651   | add   | fabric  | 0       |
|    add_ln170_652_fu_5212_p2                                  | -   |        | add_ln170_652   | add   | fabric  | 0       |
|    add_ln170_653_fu_5232_p2                                  | -   |        | add_ln170_653   | add   | fabric  | 0       |
|    add_ln170_654_fu_5241_p2                                  | -   |        | add_ln170_654   | add   | fabric  | 0       |
|    add_ln170_655_fu_5251_p2                                  | -   |        | add_ln170_655   | add   | fabric  | 0       |
|    add_ln170_656_fu_5260_p2                                  | -   |        | add_ln170_656   | add   | fabric  | 0       |
|    add_ln170_657_fu_5280_p2                                  | -   |        | add_ln170_657   | add   | fabric  | 0       |
|    add_ln170_658_fu_5289_p2                                  | -   |        | add_ln170_658   | add   | fabric  | 0       |
|    add_ln170_659_fu_5299_p2                                  | -   |        | add_ln170_659   | add   | fabric  | 0       |
|    add_ln170_660_fu_5308_p2                                  | -   |        | add_ln170_660   | add   | fabric  | 0       |
|    add_ln170_661_fu_5328_p2                                  | -   |        | add_ln170_661   | add   | fabric  | 0       |
|    add_ln170_662_fu_5337_p2                                  | -   |        | add_ln170_662   | add   | fabric  | 0       |
|    add_ln170_663_fu_5347_p2                                  | -   |        | add_ln170_663   | add   | fabric  | 0       |
|    add_ln170_664_fu_5356_p2                                  | -   |        | add_ln170_664   | add   | fabric  | 0       |
|    add_ln170_665_fu_5376_p2                                  | -   |        | add_ln170_665   | add   | fabric  | 0       |
|    add_ln170_666_fu_5385_p2                                  | -   |        | add_ln170_666   | add   | fabric  | 0       |
|    add_ln170_667_fu_5395_p2                                  | -   |        | add_ln170_667   | add   | fabric  | 0       |
|    add_ln170_668_fu_5404_p2                                  | -   |        | add_ln170_668   | add   | fabric  | 0       |
|    add_ln170_669_fu_5424_p2                                  | -   |        | add_ln170_669   | add   | fabric  | 0       |
|    add_ln170_670_fu_5433_p2                                  | -   |        | add_ln170_670   | add   | fabric  | 0       |
|    add_ln170_671_fu_5443_p2                                  | -   |        | add_ln170_671   | add   | fabric  | 0       |
|    add_ln170_672_fu_5452_p2                                  | -   |        | add_ln170_672   | add   | fabric  | 0       |
|    add_ln170_673_fu_5472_p2                                  | -   |        | add_ln170_673   | add   | fabric  | 0       |
|    add_ln170_674_fu_5481_p2                                  | -   |        | add_ln170_674   | add   | fabric  | 0       |
|    add_ln170_675_fu_5491_p2                                  | -   |        | add_ln170_675   | add   | fabric  | 0       |
|    add_ln170_676_fu_5500_p2                                  | -   |        | add_ln170_676   | add   | fabric  | 0       |
|    add_ln170_677_fu_5520_p2                                  | -   |        | add_ln170_677   | add   | fabric  | 0       |
|    add_ln170_678_fu_5529_p2                                  | -   |        | add_ln170_678   | add   | fabric  | 0       |
|    add_ln170_679_fu_5539_p2                                  | -   |        | add_ln170_679   | add   | fabric  | 0       |
|    add_ln170_680_fu_5548_p2                                  | -   |        | add_ln170_680   | add   | fabric  | 0       |
|    add_ln170_681_fu_5568_p2                                  | -   |        | add_ln170_681   | add   | fabric  | 0       |
|    add_ln170_682_fu_5577_p2                                  | -   |        | add_ln170_682   | add   | fabric  | 0       |
|    add_ln170_683_fu_5587_p2                                  | -   |        | add_ln170_683   | add   | fabric  | 0       |
|    add_ln170_684_fu_5596_p2                                  | -   |        | add_ln170_684   | add   | fabric  | 0       |
|    add_ln170_685_fu_5616_p2                                  | -   |        | add_ln170_685   | add   | fabric  | 0       |
|    add_ln170_686_fu_5625_p2                                  | -   |        | add_ln170_686   | add   | fabric  | 0       |
|    add_ln170_687_fu_5635_p2                                  | -   |        | add_ln170_687   | add   | fabric  | 0       |
|    add_ln170_688_fu_5644_p2                                  | -   |        | add_ln170_688   | add   | fabric  | 0       |
|    add_ln170_689_fu_5664_p2                                  | -   |        | add_ln170_689   | add   | fabric  | 0       |
|    add_ln170_690_fu_5673_p2                                  | -   |        | add_ln170_690   | add   | fabric  | 0       |
|    add_ln170_691_fu_5683_p2                                  | -   |        | add_ln170_691   | add   | fabric  | 0       |
|    add_ln170_692_fu_5692_p2                                  | -   |        | add_ln170_692   | add   | fabric  | 0       |
|    add_ln170_693_fu_5712_p2                                  | -   |        | add_ln170_693   | add   | fabric  | 0       |
|    add_ln170_694_fu_5721_p2                                  | -   |        | add_ln170_694   | add   | fabric  | 0       |
|    add_ln170_695_fu_5731_p2                                  | -   |        | add_ln170_695   | add   | fabric  | 0       |
|    add_ln170_696_fu_5740_p2                                  | -   |        | add_ln170_696   | add   | fabric  | 0       |
|    add_ln170_697_fu_5760_p2                                  | -   |        | add_ln170_697   | add   | fabric  | 0       |
|    add_ln170_698_fu_5769_p2                                  | -   |        | add_ln170_698   | add   | fabric  | 0       |
|    add_ln170_699_fu_5779_p2                                  | -   |        | add_ln170_699   | add   | fabric  | 0       |
|    add_ln170_700_fu_5788_p2                                  | -   |        | add_ln170_700   | add   | fabric  | 0       |
|    add_ln170_701_fu_5808_p2                                  | -   |        | add_ln170_701   | add   | fabric  | 0       |
|    add_ln170_702_fu_5817_p2                                  | -   |        | add_ln170_702   | add   | fabric  | 0       |
|    add_ln170_703_fu_5827_p2                                  | -   |        | add_ln170_703   | add   | fabric  | 0       |
|    add_ln170_704_fu_5836_p2                                  | -   |        | add_ln170_704   | add   | fabric  | 0       |
|    add_ln170_705_fu_5856_p2                                  | -   |        | add_ln170_705   | add   | fabric  | 0       |
|    add_ln170_706_fu_5865_p2                                  | -   |        | add_ln170_706   | add   | fabric  | 0       |
|    add_ln170_707_fu_5875_p2                                  | -   |        | add_ln170_707   | add   | fabric  | 0       |
|    add_ln170_708_fu_5884_p2                                  | -   |        | add_ln170_708   | add   | fabric  | 0       |
|    add_ln170_709_fu_5904_p2                                  | -   |        | add_ln170_709   | add   | fabric  | 0       |
|    add_ln170_710_fu_5913_p2                                  | -   |        | add_ln170_710   | add   | fabric  | 0       |
|    add_ln170_711_fu_5923_p2                                  | -   |        | add_ln170_711   | add   | fabric  | 0       |
|    add_ln170_712_fu_5932_p2                                  | -   |        | add_ln170_712   | add   | fabric  | 0       |
|    add_ln170_713_fu_5952_p2                                  | -   |        | add_ln170_713   | add   | fabric  | 0       |
|    add_ln170_714_fu_5961_p2                                  | -   |        | add_ln170_714   | add   | fabric  | 0       |
|    add_ln170_715_fu_5971_p2                                  | -   |        | add_ln170_715   | add   | fabric  | 0       |
|    add_ln170_716_fu_5980_p2                                  | -   |        | add_ln170_716   | add   | fabric  | 0       |
|    add_ln170_717_fu_6000_p2                                  | -   |        | add_ln170_717   | add   | fabric  | 0       |
|    add_ln170_718_fu_6009_p2                                  | -   |        | add_ln170_718   | add   | fabric  | 0       |
|    add_ln170_719_fu_6019_p2                                  | -   |        | add_ln170_719   | add   | fabric  | 0       |
|    add_ln170_720_fu_6028_p2                                  | -   |        | add_ln170_720   | add   | fabric  | 0       |
|    add_ln170_721_fu_6048_p2                                  | -   |        | add_ln170_721   | add   | fabric  | 0       |
|    add_ln170_722_fu_6057_p2                                  | -   |        | add_ln170_722   | add   | fabric  | 0       |
|    add_ln170_723_fu_6067_p2                                  | -   |        | add_ln170_723   | add   | fabric  | 0       |
|    add_ln170_724_fu_6076_p2                                  | -   |        | add_ln170_724   | add   | fabric  | 0       |
|    add_ln170_725_fu_6096_p2                                  | -   |        | add_ln170_725   | add   | fabric  | 0       |
|    add_ln170_726_fu_6105_p2                                  | -   |        | add_ln170_726   | add   | fabric  | 0       |
|    add_ln170_727_fu_6115_p2                                  | -   |        | add_ln170_727   | add   | fabric  | 0       |
|    add_ln170_728_fu_6124_p2                                  | -   |        | add_ln170_728   | add   | fabric  | 0       |
|    add_ln170_729_fu_6144_p2                                  | -   |        | add_ln170_729   | add   | fabric  | 0       |
|    add_ln170_730_fu_6153_p2                                  | -   |        | add_ln170_730   | add   | fabric  | 0       |
|    add_ln170_731_fu_6163_p2                                  | -   |        | add_ln170_731   | add   | fabric  | 0       |
|    add_ln170_732_fu_6172_p2                                  | -   |        | add_ln170_732   | add   | fabric  | 0       |
|    add_ln170_733_fu_6192_p2                                  | -   |        | add_ln170_733   | add   | fabric  | 0       |
|    add_ln170_734_fu_6201_p2                                  | -   |        | add_ln170_734   | add   | fabric  | 0       |
|    add_ln170_735_fu_6211_p2                                  | -   |        | add_ln170_735   | add   | fabric  | 0       |
|    add_ln170_736_fu_6220_p2                                  | -   |        | add_ln170_736   | add   | fabric  | 0       |
|    add_ln170_737_fu_6240_p2                                  | -   |        | add_ln170_737   | add   | fabric  | 0       |
|    add_ln170_738_fu_6249_p2                                  | -   |        | add_ln170_738   | add   | fabric  | 0       |
|    add_ln170_739_fu_6259_p2                                  | -   |        | add_ln170_739   | add   | fabric  | 0       |
|    add_ln170_740_fu_6268_p2                                  | -   |        | add_ln170_740   | add   | fabric  | 0       |
|    add_ln170_741_fu_6288_p2                                  | -   |        | add_ln170_741   | add   | fabric  | 0       |
|    add_ln170_742_fu_6297_p2                                  | -   |        | add_ln170_742   | add   | fabric  | 0       |
|    add_ln170_743_fu_6307_p2                                  | -   |        | add_ln170_743   | add   | fabric  | 0       |
|    add_ln170_744_fu_6316_p2                                  | -   |        | add_ln170_744   | add   | fabric  | 0       |
|    add_ln170_745_fu_6336_p2                                  | -   |        | add_ln170_745   | add   | fabric  | 0       |
|    add_ln170_746_fu_6345_p2                                  | -   |        | add_ln170_746   | add   | fabric  | 0       |
|    add_ln170_747_fu_6355_p2                                  | -   |        | add_ln170_747   | add   | fabric  | 0       |
|    add_ln170_748_fu_6364_p2                                  | -   |        | add_ln170_748   | add   | fabric  | 0       |
|    add_ln170_749_fu_6384_p2                                  | -   |        | add_ln170_749   | add   | fabric  | 0       |
|    add_ln170_750_fu_6393_p2                                  | -   |        | add_ln170_750   | add   | fabric  | 0       |
|    add_ln170_751_fu_6403_p2                                  | -   |        | add_ln170_751   | add   | fabric  | 0       |
|    add_ln170_752_fu_6412_p2                                  | -   |        | add_ln170_752   | add   | fabric  | 0       |
|    add_ln170_753_fu_6432_p2                                  | -   |        | add_ln170_753   | add   | fabric  | 0       |
|    add_ln170_754_fu_6441_p2                                  | -   |        | add_ln170_754   | add   | fabric  | 0       |
|    add_ln170_755_fu_6451_p2                                  | -   |        | add_ln170_755   | add   | fabric  | 0       |
|    add_ln170_756_fu_6460_p2                                  | -   |        | add_ln170_756   | add   | fabric  | 0       |
|    add_ln170_757_fu_6480_p2                                  | -   |        | add_ln170_757   | add   | fabric  | 0       |
|    add_ln170_758_fu_6489_p2                                  | -   |        | add_ln170_758   | add   | fabric  | 0       |
|    add_ln170_759_fu_6499_p2                                  | -   |        | add_ln170_759   | add   | fabric  | 0       |
|    add_ln170_760_fu_6508_p2                                  | -   |        | add_ln170_760   | add   | fabric  | 0       |
|    add_ln170_761_fu_6528_p2                                  | -   |        | add_ln170_761   | add   | fabric  | 0       |
|    add_ln170_762_fu_6537_p2                                  | -   |        | add_ln170_762   | add   | fabric  | 0       |
|    add_ln170_763_fu_6547_p2                                  | -   |        | add_ln170_763   | add   | fabric  | 0       |
|    add_ln170_764_fu_6556_p2                                  | -   |        | add_ln170_764   | add   | fabric  | 0       |
|    add_ln170_765_fu_6576_p2                                  | -   |        | add_ln170_765   | add   | fabric  | 0       |
|    add_ln170_766_fu_6585_p2                                  | -   |        | add_ln170_766   | add   | fabric  | 0       |
|    add_ln170_767_fu_6595_p2                                  | -   |        | add_ln170_767   | add   | fabric  | 0       |
|    add_ln170_768_fu_6604_p2                                  | -   |        | add_ln170_768   | add   | fabric  | 0       |
|    add_ln170_769_fu_6624_p2                                  | -   |        | add_ln170_769   | add   | fabric  | 0       |
|    add_ln170_770_fu_6633_p2                                  | -   |        | add_ln170_770   | add   | fabric  | 0       |
|    add_ln170_771_fu_6643_p2                                  | -   |        | add_ln170_771   | add   | fabric  | 0       |
|    add_ln170_772_fu_6652_p2                                  | -   |        | add_ln170_772   | add   | fabric  | 0       |
|    add_ln170_773_fu_6672_p2                                  | -   |        | add_ln170_773   | add   | fabric  | 0       |
|    add_ln170_774_fu_6681_p2                                  | -   |        | add_ln170_774   | add   | fabric  | 0       |
|    add_ln170_775_fu_6691_p2                                  | -   |        | add_ln170_775   | add   | fabric  | 0       |
|    add_ln170_776_fu_6700_p2                                  | -   |        | add_ln170_776   | add   | fabric  | 0       |
|    add_ln170_777_fu_6720_p2                                  | -   |        | add_ln170_777   | add   | fabric  | 0       |
|    add_ln170_778_fu_6729_p2                                  | -   |        | add_ln170_778   | add   | fabric  | 0       |
|    add_ln170_779_fu_6739_p2                                  | -   |        | add_ln170_779   | add   | fabric  | 0       |
|    add_ln170_780_fu_6748_p2                                  | -   |        | add_ln170_780   | add   | fabric  | 0       |
|    add_ln170_781_fu_6768_p2                                  | -   |        | add_ln170_781   | add   | fabric  | 0       |
|    add_ln170_782_fu_6777_p2                                  | -   |        | add_ln170_782   | add   | fabric  | 0       |
|    add_ln170_783_fu_6787_p2                                  | -   |        | add_ln170_783   | add   | fabric  | 0       |
|    add_ln170_784_fu_6796_p2                                  | -   |        | add_ln170_784   | add   | fabric  | 0       |
|    add_ln170_785_fu_6816_p2                                  | -   |        | add_ln170_785   | add   | fabric  | 0       |
|    add_ln170_786_fu_6825_p2                                  | -   |        | add_ln170_786   | add   | fabric  | 0       |
|    add_ln170_787_fu_6835_p2                                  | -   |        | add_ln170_787   | add   | fabric  | 0       |
|    add_ln170_788_fu_6844_p2                                  | -   |        | add_ln170_788   | add   | fabric  | 0       |
|    add_ln170_789_fu_6864_p2                                  | -   |        | add_ln170_789   | add   | fabric  | 0       |
|    add_ln170_790_fu_6873_p2                                  | -   |        | add_ln170_790   | add   | fabric  | 0       |
|    add_ln170_791_fu_6883_p2                                  | -   |        | add_ln170_791   | add   | fabric  | 0       |
|    add_ln170_792_fu_6892_p2                                  | -   |        | add_ln170_792   | add   | fabric  | 0       |
|    add_ln170_793_fu_6912_p2                                  | -   |        | add_ln170_793   | add   | fabric  | 0       |
|    add_ln170_794_fu_6921_p2                                  | -   |        | add_ln170_794   | add   | fabric  | 0       |
|    add_ln170_795_fu_6931_p2                                  | -   |        | add_ln170_795   | add   | fabric  | 0       |
|    add_ln170_796_fu_6940_p2                                  | -   |        | add_ln170_796   | add   | fabric  | 0       |
|    add_ln170_797_fu_6960_p2                                  | -   |        | add_ln170_797   | add   | fabric  | 0       |
|    add_ln170_798_fu_6969_p2                                  | -   |        | add_ln170_798   | add   | fabric  | 0       |
|    add_ln170_799_fu_6979_p2                                  | -   |        | add_ln170_799   | add   | fabric  | 0       |
|    add_ln170_800_fu_6988_p2                                  | -   |        | add_ln170_800   | add   | fabric  | 0       |
|    add_ln170_801_fu_7008_p2                                  | -   |        | add_ln170_801   | add   | fabric  | 0       |
|    add_ln170_802_fu_7017_p2                                  | -   |        | add_ln170_802   | add   | fabric  | 0       |
|    add_ln170_803_fu_7027_p2                                  | -   |        | add_ln170_803   | add   | fabric  | 0       |
|    add_ln170_804_fu_7036_p2                                  | -   |        | add_ln170_804   | add   | fabric  | 0       |
|    add_ln170_805_fu_7056_p2                                  | -   |        | add_ln170_805   | add   | fabric  | 0       |
|    add_ln170_806_fu_7065_p2                                  | -   |        | add_ln170_806   | add   | fabric  | 0       |
|    add_ln170_807_fu_7075_p2                                  | -   |        | add_ln170_807   | add   | fabric  | 0       |
|    add_ln170_808_fu_7084_p2                                  | -   |        | add_ln170_808   | add   | fabric  | 0       |
|    add_ln170_809_fu_7104_p2                                  | -   |        | add_ln170_809   | add   | fabric  | 0       |
|    add_ln170_810_fu_7113_p2                                  | -   |        | add_ln170_810   | add   | fabric  | 0       |
|    add_ln170_811_fu_7123_p2                                  | -   |        | add_ln170_811   | add   | fabric  | 0       |
|    add_ln170_812_fu_7132_p2                                  | -   |        | add_ln170_812   | add   | fabric  | 0       |
|    add_ln170_813_fu_7152_p2                                  | -   |        | add_ln170_813   | add   | fabric  | 0       |
|    add_ln170_814_fu_7161_p2                                  | -   |        | add_ln170_814   | add   | fabric  | 0       |
|    add_ln170_815_fu_7171_p2                                  | -   |        | add_ln170_815   | add   | fabric  | 0       |
|    add_ln170_816_fu_7180_p2                                  | -   |        | add_ln170_816   | add   | fabric  | 0       |
|    add_ln170_817_fu_7200_p2                                  | -   |        | add_ln170_817   | add   | fabric  | 0       |
|    add_ln170_818_fu_7209_p2                                  | -   |        | add_ln170_818   | add   | fabric  | 0       |
|    add_ln172_fu_3248_p2                                      | -   |        | add_ln172       | add   | fabric  | 0       |
|    add_ln172_2_fu_3258_p2                                    | -   |        | add_ln172_2     | add   | fabric  | 0       |
|    add_ln163_fu_3264_p2                                      | -   |        | add_ln163       | add   | fabric  | 0       |
|  + transformer_blk_s2_top_Pipeline_LN_MEAN4                  | 0   |        |                 |       |         |         |
|    add_ln92_fu_677_p2                                        | -   |        | add_ln92        | add   | fabric  | 0       |
|    add_ln97_fu_687_p2                                        | -   |        | add_ln97        | add   | fabric  | 0       |
|    add_ln97_1_fu_697_p2                                      | -   |        | add_ln97_1      | add   | fabric  | 0       |
|  + transformer_blk_s2_top_Pipeline_LN_VAR5                   | 0   |        |                 |       |         |         |
|    add_ln113_fu_709_p2                                       | -   |        | add_ln113       | add   | fabric  | 0       |
|    add_ln118_fu_719_p2                                       | -   |        | add_ln118       | add   | fabric  | 0       |
|  + transformer_blk_s2_top_Pipeline_LN_NORM6                  | 0   |        |                 |       |         |         |
|    add_ln131_fu_263_p2                                       | -   |        | add_ln131       | add   | fabric  | 0       |
|    add_ln133_fu_283_p2                                       | -   |        | add_ln133       | add   | fabric  | 0       |
|    add_ln134_fu_326_p2                                       | -   |        | add_ln134       | add   | fabric  | 0       |
|    add_ln134_1_fu_336_p2                                     | -   |        | add_ln134_1     | add   | fabric  | 0       |
|    add_ln134_2_fu_350_p2                                     | -   |        | add_ln134_2     | add   | fabric  | 0       |
|    add_ln134_3_fu_359_p2                                     | -   |        | add_ln134_3     | add   | fabric  | 0       |
|  + transformer_blk_s2_top_Pipeline_MLP_ACT                   | 0   |        |                 |       |         |         |
|    add_ln71_fu_115_p2                                        | -   |        | add_ln71        | add   | fabric  | 0       |
|  + transformer_blk_s2_top_Pipeline_LF_S_LF_OD8               | 0   |        |                 |       |         |         |
|    empty_fu_6148_p2                                          | -   |        | empty           | add   | fabric  | 0       |
|    add_ln162_fu_6160_p2                                      | -   |        | add_ln162       | add   | fabric  | 0       |
|    add_ln162_1_fu_6183_p2                                    | -   |        | add_ln162_1     | add   | fabric  | 0       |
|    p_mid11975_fu_6209_p2                                     | -   |        | p_mid11975      | add   | fabric  | 0       |
|    add_ln162_2_fu_7324_p2                                    | -   |        | add_ln162_2     | add   | fabric  | 0       |
|    add_ln162_3_fu_7334_p2                                    | -   |        | add_ln162_3     | add   | fabric  | 0       |
|    add_ln162_4_fu_7392_p2                                    | -   |        | add_ln162_4     | add   | fabric  | 0       |
|    add_ln162_5_fu_7402_p2                                    | -   |        | add_ln162_5     | add   | fabric  | 0       |
|    add_ln162_6_fu_7464_p2                                    | -   |        | add_ln162_6     | add   | fabric  | 0       |
|    add_ln162_7_fu_7474_p2                                    | -   |        | add_ln162_7     | add   | fabric  | 0       |
|    add_ln162_8_fu_7532_p2                                    | -   |        | add_ln162_8     | add   | fabric  | 0       |
|    add_ln162_9_fu_7542_p2                                    | -   |        | add_ln162_9     | add   | fabric  | 0       |
|    add_ln162_10_fu_7600_p2                                   | -   |        | add_ln162_10    | add   | fabric  | 0       |
|    add_ln162_11_fu_7610_p2                                   | -   |        | add_ln162_11    | add   | fabric  | 0       |
|    add_ln162_12_fu_7668_p2                                   | -   |        | add_ln162_12    | add   | fabric  | 0       |
|    add_ln162_13_fu_7678_p2                                   | -   |        | add_ln162_13    | add   | fabric  | 0       |
|    add_ln162_14_fu_7736_p2                                   | -   |        | add_ln162_14    | add   | fabric  | 0       |
|    add_ln162_15_fu_7746_p2                                   | -   |        | add_ln162_15    | add   | fabric  | 0       |
|    add_ln162_16_fu_7804_p2                                   | -   |        | add_ln162_16    | add   | fabric  | 0       |
|    add_ln162_17_fu_7814_p2                                   | -   |        | add_ln162_17    | add   | fabric  | 0       |
|    add_ln162_18_fu_7872_p2                                   | -   |        | add_ln162_18    | add   | fabric  | 0       |
|    add_ln162_19_fu_7882_p2                                   | -   |        | add_ln162_19    | add   | fabric  | 0       |
|    add_ln162_20_fu_7940_p2                                   | -   |        | add_ln162_20    | add   | fabric  | 0       |
|    add_ln162_21_fu_7950_p2                                   | -   |        | add_ln162_21    | add   | fabric  | 0       |
|    add_ln162_22_fu_8008_p2                                   | -   |        | add_ln162_22    | add   | fabric  | 0       |
|    add_ln162_23_fu_8018_p2                                   | -   |        | add_ln162_23    | add   | fabric  | 0       |
|    add_ln162_24_fu_8076_p2                                   | -   |        | add_ln162_24    | add   | fabric  | 0       |
|    add_ln162_25_fu_8086_p2                                   | -   |        | add_ln162_25    | add   | fabric  | 0       |
|    add_ln162_26_fu_8144_p2                                   | -   |        | add_ln162_26    | add   | fabric  | 0       |
|    add_ln162_27_fu_8154_p2                                   | -   |        | add_ln162_27    | add   | fabric  | 0       |
|    add_ln162_28_fu_8212_p2                                   | -   |        | add_ln162_28    | add   | fabric  | 0       |
|    add_ln162_29_fu_8222_p2                                   | -   |        | add_ln162_29    | add   | fabric  | 0       |
|    add_ln162_30_fu_8280_p2                                   | -   |        | add_ln162_30    | add   | fabric  | 0       |
|    add_ln162_31_fu_8290_p2                                   | -   |        | add_ln162_31    | add   | fabric  | 0       |
|    add_ln162_32_fu_8348_p2                                   | -   |        | add_ln162_32    | add   | fabric  | 0       |
|    add_ln162_33_fu_8358_p2                                   | -   |        | add_ln162_33    | add   | fabric  | 0       |
|    add_ln162_34_fu_8416_p2                                   | -   |        | add_ln162_34    | add   | fabric  | 0       |
|    add_ln162_35_fu_8426_p2                                   | -   |        | add_ln162_35    | add   | fabric  | 0       |
|    add_ln162_36_fu_8484_p2                                   | -   |        | add_ln162_36    | add   | fabric  | 0       |
|    add_ln162_37_fu_8494_p2                                   | -   |        | add_ln162_37    | add   | fabric  | 0       |
|    add_ln162_38_fu_8552_p2                                   | -   |        | add_ln162_38    | add   | fabric  | 0       |
|    add_ln162_39_fu_8562_p2                                   | -   |        | add_ln162_39    | add   | fabric  | 0       |
|    add_ln162_40_fu_8620_p2                                   | -   |        | add_ln162_40    | add   | fabric  | 0       |
|    add_ln162_41_fu_8630_p2                                   | -   |        | add_ln162_41    | add   | fabric  | 0       |
|    add_ln162_42_fu_8688_p2                                   | -   |        | add_ln162_42    | add   | fabric  | 0       |
|    add_ln162_43_fu_8698_p2                                   | -   |        | add_ln162_43    | add   | fabric  | 0       |
|    add_ln162_44_fu_8756_p2                                   | -   |        | add_ln162_44    | add   | fabric  | 0       |
|    add_ln162_45_fu_8766_p2                                   | -   |        | add_ln162_45    | add   | fabric  | 0       |
|    add_ln162_46_fu_8824_p2                                   | -   |        | add_ln162_46    | add   | fabric  | 0       |
|    add_ln162_47_fu_8834_p2                                   | -   |        | add_ln162_47    | add   | fabric  | 0       |
|    add_ln162_48_fu_8892_p2                                   | -   |        | add_ln162_48    | add   | fabric  | 0       |
|    add_ln162_49_fu_8902_p2                                   | -   |        | add_ln162_49    | add   | fabric  | 0       |
|    add_ln162_50_fu_8960_p2                                   | -   |        | add_ln162_50    | add   | fabric  | 0       |
|    add_ln162_51_fu_8970_p2                                   | -   |        | add_ln162_51    | add   | fabric  | 0       |
|    add_ln162_52_fu_9028_p2                                   | -   |        | add_ln162_52    | add   | fabric  | 0       |
|    add_ln162_53_fu_9038_p2                                   | -   |        | add_ln162_53    | add   | fabric  | 0       |
|    add_ln162_54_fu_9096_p2                                   | -   |        | add_ln162_54    | add   | fabric  | 0       |
|    add_ln162_55_fu_9106_p2                                   | -   |        | add_ln162_55    | add   | fabric  | 0       |
|    add_ln162_56_fu_9164_p2                                   | -   |        | add_ln162_56    | add   | fabric  | 0       |
|    add_ln162_57_fu_9174_p2                                   | -   |        | add_ln162_57    | add   | fabric  | 0       |
|    add_ln162_58_fu_9232_p2                                   | -   |        | add_ln162_58    | add   | fabric  | 0       |
|    add_ln162_59_fu_9242_p2                                   | -   |        | add_ln162_59    | add   | fabric  | 0       |
|    add_ln162_60_fu_9300_p2                                   | -   |        | add_ln162_60    | add   | fabric  | 0       |
|    add_ln162_61_fu_9310_p2                                   | -   |        | add_ln162_61    | add   | fabric  | 0       |
|    add_ln162_62_fu_9368_p2                                   | -   |        | add_ln162_62    | add   | fabric  | 0       |
|    add_ln162_63_fu_9378_p2                                   | -   |        | add_ln162_63    | add   | fabric  | 0       |
|    add_ln162_64_fu_9436_p2                                   | -   |        | add_ln162_64    | add   | fabric  | 0       |
|    add_ln162_65_fu_9446_p2                                   | -   |        | add_ln162_65    | add   | fabric  | 0       |
|    add_ln162_66_fu_9504_p2                                   | -   |        | add_ln162_66    | add   | fabric  | 0       |
|    add_ln162_67_fu_9514_p2                                   | -   |        | add_ln162_67    | add   | fabric  | 0       |
|    add_ln162_68_fu_9572_p2                                   | -   |        | add_ln162_68    | add   | fabric  | 0       |
|    add_ln162_69_fu_9582_p2                                   | -   |        | add_ln162_69    | add   | fabric  | 0       |
|    add_ln162_70_fu_9640_p2                                   | -   |        | add_ln162_70    | add   | fabric  | 0       |
|    add_ln162_71_fu_9650_p2                                   | -   |        | add_ln162_71    | add   | fabric  | 0       |
|    add_ln162_72_fu_9708_p2                                   | -   |        | add_ln162_72    | add   | fabric  | 0       |
|    add_ln162_73_fu_9718_p2                                   | -   |        | add_ln162_73    | add   | fabric  | 0       |
|    add_ln162_74_fu_9776_p2                                   | -   |        | add_ln162_74    | add   | fabric  | 0       |
|    add_ln162_75_fu_9786_p2                                   | -   |        | add_ln162_75    | add   | fabric  | 0       |
|    add_ln162_76_fu_9844_p2                                   | -   |        | add_ln162_76    | add   | fabric  | 0       |
|    add_ln162_77_fu_9854_p2                                   | -   |        | add_ln162_77    | add   | fabric  | 0       |
|    add_ln162_78_fu_9912_p2                                   | -   |        | add_ln162_78    | add   | fabric  | 0       |
|    add_ln162_79_fu_9922_p2                                   | -   |        | add_ln162_79    | add   | fabric  | 0       |
|    add_ln162_80_fu_9980_p2                                   | -   |        | add_ln162_80    | add   | fabric  | 0       |
|    add_ln162_81_fu_9990_p2                                   | -   |        | add_ln162_81    | add   | fabric  | 0       |
|    add_ln162_82_fu_10048_p2                                  | -   |        | add_ln162_82    | add   | fabric  | 0       |
|    add_ln162_83_fu_10058_p2                                  | -   |        | add_ln162_83    | add   | fabric  | 0       |
|    add_ln162_84_fu_10116_p2                                  | -   |        | add_ln162_84    | add   | fabric  | 0       |
|    add_ln162_85_fu_10126_p2                                  | -   |        | add_ln162_85    | add   | fabric  | 0       |
|    add_ln162_86_fu_10184_p2                                  | -   |        | add_ln162_86    | add   | fabric  | 0       |
|    add_ln162_87_fu_10194_p2                                  | -   |        | add_ln162_87    | add   | fabric  | 0       |
|    add_ln162_88_fu_10252_p2                                  | -   |        | add_ln162_88    | add   | fabric  | 0       |
|    add_ln162_89_fu_10262_p2                                  | -   |        | add_ln162_89    | add   | fabric  | 0       |
|    add_ln162_90_fu_10320_p2                                  | -   |        | add_ln162_90    | add   | fabric  | 0       |
|    add_ln162_91_fu_10330_p2                                  | -   |        | add_ln162_91    | add   | fabric  | 0       |
|    add_ln162_92_fu_10388_p2                                  | -   |        | add_ln162_92    | add   | fabric  | 0       |
|    add_ln162_93_fu_10398_p2                                  | -   |        | add_ln162_93    | add   | fabric  | 0       |
|    add_ln162_94_fu_10456_p2                                  | -   |        | add_ln162_94    | add   | fabric  | 0       |
|    add_ln162_95_fu_10466_p2                                  | -   |        | add_ln162_95    | add   | fabric  | 0       |
|    add_ln162_96_fu_10524_p2                                  | -   |        | add_ln162_96    | add   | fabric  | 0       |
|    add_ln162_97_fu_10534_p2                                  | -   |        | add_ln162_97    | add   | fabric  | 0       |
|    add_ln162_98_fu_10592_p2                                  | -   |        | add_ln162_98    | add   | fabric  | 0       |
|    add_ln162_99_fu_10602_p2                                  | -   |        | add_ln162_99    | add   | fabric  | 0       |
|    add_ln162_100_fu_10660_p2                                 | -   |        | add_ln162_100   | add   | fabric  | 0       |
|    add_ln162_101_fu_10670_p2                                 | -   |        | add_ln162_101   | add   | fabric  | 0       |
|    add_ln162_102_fu_10728_p2                                 | -   |        | add_ln162_102   | add   | fabric  | 0       |
|    add_ln162_103_fu_10738_p2                                 | -   |        | add_ln162_103   | add   | fabric  | 0       |
|    add_ln162_104_fu_10796_p2                                 | -   |        | add_ln162_104   | add   | fabric  | 0       |
|    add_ln162_105_fu_10806_p2                                 | -   |        | add_ln162_105   | add   | fabric  | 0       |
|    add_ln162_106_fu_10864_p2                                 | -   |        | add_ln162_106   | add   | fabric  | 0       |
|    add_ln162_107_fu_10874_p2                                 | -   |        | add_ln162_107   | add   | fabric  | 0       |
|    add_ln162_108_fu_10932_p2                                 | -   |        | add_ln162_108   | add   | fabric  | 0       |
|    add_ln162_109_fu_10942_p2                                 | -   |        | add_ln162_109   | add   | fabric  | 0       |
|    add_ln162_110_fu_11000_p2                                 | -   |        | add_ln162_110   | add   | fabric  | 0       |
|    add_ln162_111_fu_11010_p2                                 | -   |        | add_ln162_111   | add   | fabric  | 0       |
|    add_ln162_112_fu_11068_p2                                 | -   |        | add_ln162_112   | add   | fabric  | 0       |
|    add_ln162_113_fu_11078_p2                                 | -   |        | add_ln162_113   | add   | fabric  | 0       |
|    add_ln162_114_fu_11136_p2                                 | -   |        | add_ln162_114   | add   | fabric  | 0       |
|    add_ln162_115_fu_11146_p2                                 | -   |        | add_ln162_115   | add   | fabric  | 0       |
|    add_ln162_116_fu_11204_p2                                 | -   |        | add_ln162_116   | add   | fabric  | 0       |
|    add_ln162_117_fu_11214_p2                                 | -   |        | add_ln162_117   | add   | fabric  | 0       |
|    add_ln162_118_fu_11272_p2                                 | -   |        | add_ln162_118   | add   | fabric  | 0       |
|    add_ln162_119_fu_11282_p2                                 | -   |        | add_ln162_119   | add   | fabric  | 0       |
|    add_ln162_120_fu_11340_p2                                 | -   |        | add_ln162_120   | add   | fabric  | 0       |
|    add_ln162_121_fu_11350_p2                                 | -   |        | add_ln162_121   | add   | fabric  | 0       |
|    add_ln162_122_fu_11408_p2                                 | -   |        | add_ln162_122   | add   | fabric  | 0       |
|    add_ln162_123_fu_11418_p2                                 | -   |        | add_ln162_123   | add   | fabric  | 0       |
|    add_ln162_124_fu_11476_p2                                 | -   |        | add_ln162_124   | add   | fabric  | 0       |
|    add_ln162_125_fu_11486_p2                                 | -   |        | add_ln162_125   | add   | fabric  | 0       |
|    add_ln162_126_fu_11544_p2                                 | -   |        | add_ln162_126   | add   | fabric  | 0       |
|    add_ln162_127_fu_11554_p2                                 | -   |        | add_ln162_127   | add   | fabric  | 0       |
|    add_ln162_128_fu_11612_p2                                 | -   |        | add_ln162_128   | add   | fabric  | 0       |
|    add_ln162_129_fu_11622_p2                                 | -   |        | add_ln162_129   | add   | fabric  | 0       |
|    add_ln162_130_fu_11680_p2                                 | -   |        | add_ln162_130   | add   | fabric  | 0       |
|    add_ln162_131_fu_11690_p2                                 | -   |        | add_ln162_131   | add   | fabric  | 0       |
|    add_ln162_132_fu_11748_p2                                 | -   |        | add_ln162_132   | add   | fabric  | 0       |
|    add_ln162_133_fu_11758_p2                                 | -   |        | add_ln162_133   | add   | fabric  | 0       |
|    add_ln162_134_fu_11816_p2                                 | -   |        | add_ln162_134   | add   | fabric  | 0       |
|    add_ln162_135_fu_11826_p2                                 | -   |        | add_ln162_135   | add   | fabric  | 0       |
|    add_ln162_136_fu_11884_p2                                 | -   |        | add_ln162_136   | add   | fabric  | 0       |
|    add_ln162_137_fu_11894_p2                                 | -   |        | add_ln162_137   | add   | fabric  | 0       |
|    add_ln162_138_fu_11952_p2                                 | -   |        | add_ln162_138   | add   | fabric  | 0       |
|    add_ln162_139_fu_11962_p2                                 | -   |        | add_ln162_139   | add   | fabric  | 0       |
|    add_ln162_140_fu_12020_p2                                 | -   |        | add_ln162_140   | add   | fabric  | 0       |
|    add_ln162_141_fu_12030_p2                                 | -   |        | add_ln162_141   | add   | fabric  | 0       |
|    add_ln162_142_fu_12088_p2                                 | -   |        | add_ln162_142   | add   | fabric  | 0       |
|    add_ln162_143_fu_12098_p2                                 | -   |        | add_ln162_143   | add   | fabric  | 0       |
|    add_ln162_144_fu_12156_p2                                 | -   |        | add_ln162_144   | add   | fabric  | 0       |
|    add_ln162_145_fu_12166_p2                                 | -   |        | add_ln162_145   | add   | fabric  | 0       |
|    add_ln162_146_fu_12224_p2                                 | -   |        | add_ln162_146   | add   | fabric  | 0       |
|    add_ln162_147_fu_12234_p2                                 | -   |        | add_ln162_147   | add   | fabric  | 0       |
|    add_ln162_148_fu_12292_p2                                 | -   |        | add_ln162_148   | add   | fabric  | 0       |
|    add_ln162_149_fu_12302_p2                                 | -   |        | add_ln162_149   | add   | fabric  | 0       |
|    add_ln162_150_fu_12360_p2                                 | -   |        | add_ln162_150   | add   | fabric  | 0       |
|    add_ln162_151_fu_12370_p2                                 | -   |        | add_ln162_151   | add   | fabric  | 0       |
|    add_ln162_152_fu_12428_p2                                 | -   |        | add_ln162_152   | add   | fabric  | 0       |
|    add_ln162_153_fu_12438_p2                                 | -   |        | add_ln162_153   | add   | fabric  | 0       |
|    add_ln162_154_fu_12496_p2                                 | -   |        | add_ln162_154   | add   | fabric  | 0       |
|    add_ln162_155_fu_12506_p2                                 | -   |        | add_ln162_155   | add   | fabric  | 0       |
|    add_ln162_156_fu_12564_p2                                 | -   |        | add_ln162_156   | add   | fabric  | 0       |
|    add_ln162_157_fu_12574_p2                                 | -   |        | add_ln162_157   | add   | fabric  | 0       |
|    add_ln162_158_fu_12632_p2                                 | -   |        | add_ln162_158   | add   | fabric  | 0       |
|    add_ln162_159_fu_12642_p2                                 | -   |        | add_ln162_159   | add   | fabric  | 0       |
|    add_ln162_160_fu_12700_p2                                 | -   |        | add_ln162_160   | add   | fabric  | 0       |
|    add_ln162_161_fu_12710_p2                                 | -   |        | add_ln162_161   | add   | fabric  | 0       |
|    add_ln162_162_fu_12768_p2                                 | -   |        | add_ln162_162   | add   | fabric  | 0       |
|    add_ln162_163_fu_12778_p2                                 | -   |        | add_ln162_163   | add   | fabric  | 0       |
|    add_ln162_164_fu_12836_p2                                 | -   |        | add_ln162_164   | add   | fabric  | 0       |
|    add_ln162_165_fu_12846_p2                                 | -   |        | add_ln162_165   | add   | fabric  | 0       |
|    add_ln162_166_fu_12904_p2                                 | -   |        | add_ln162_166   | add   | fabric  | 0       |
|    add_ln162_167_fu_12914_p2                                 | -   |        | add_ln162_167   | add   | fabric  | 0       |
|    add_ln162_168_fu_12972_p2                                 | -   |        | add_ln162_168   | add   | fabric  | 0       |
|    add_ln162_169_fu_12982_p2                                 | -   |        | add_ln162_169   | add   | fabric  | 0       |
|    add_ln162_170_fu_13040_p2                                 | -   |        | add_ln162_170   | add   | fabric  | 0       |
|    add_ln162_171_fu_13050_p2                                 | -   |        | add_ln162_171   | add   | fabric  | 0       |
|    add_ln162_172_fu_13108_p2                                 | -   |        | add_ln162_172   | add   | fabric  | 0       |
|    add_ln162_173_fu_13118_p2                                 | -   |        | add_ln162_173   | add   | fabric  | 0       |
|    add_ln162_174_fu_13176_p2                                 | -   |        | add_ln162_174   | add   | fabric  | 0       |
|    add_ln162_175_fu_13186_p2                                 | -   |        | add_ln162_175   | add   | fabric  | 0       |
|    add_ln162_176_fu_13244_p2                                 | -   |        | add_ln162_176   | add   | fabric  | 0       |
|    add_ln162_177_fu_13254_p2                                 | -   |        | add_ln162_177   | add   | fabric  | 0       |
|    add_ln162_178_fu_13312_p2                                 | -   |        | add_ln162_178   | add   | fabric  | 0       |
|    add_ln162_179_fu_13322_p2                                 | -   |        | add_ln162_179   | add   | fabric  | 0       |
|    add_ln162_180_fu_13380_p2                                 | -   |        | add_ln162_180   | add   | fabric  | 0       |
|    add_ln162_181_fu_13390_p2                                 | -   |        | add_ln162_181   | add   | fabric  | 0       |
|    add_ln162_182_fu_13448_p2                                 | -   |        | add_ln162_182   | add   | fabric  | 0       |
|    add_ln162_183_fu_13458_p2                                 | -   |        | add_ln162_183   | add   | fabric  | 0       |
|    add_ln162_184_fu_13516_p2                                 | -   |        | add_ln162_184   | add   | fabric  | 0       |
|    add_ln162_185_fu_13526_p2                                 | -   |        | add_ln162_185   | add   | fabric  | 0       |
|    add_ln162_186_fu_13584_p2                                 | -   |        | add_ln162_186   | add   | fabric  | 0       |
|    add_ln162_187_fu_13594_p2                                 | -   |        | add_ln162_187   | add   | fabric  | 0       |
|    add_ln162_188_fu_13652_p2                                 | -   |        | add_ln162_188   | add   | fabric  | 0       |
|    add_ln162_189_fu_13662_p2                                 | -   |        | add_ln162_189   | add   | fabric  | 0       |
|    add_ln162_190_fu_13720_p2                                 | -   |        | add_ln162_190   | add   | fabric  | 0       |
|    add_ln162_191_fu_13730_p2                                 | -   |        | add_ln162_191   | add   | fabric  | 0       |
|    add_ln162_192_fu_13788_p2                                 | -   |        | add_ln162_192   | add   | fabric  | 0       |
|    add_ln162_193_fu_13798_p2                                 | -   |        | add_ln162_193   | add   | fabric  | 0       |
|    add_ln162_194_fu_13856_p2                                 | -   |        | add_ln162_194   | add   | fabric  | 0       |
|    add_ln162_195_fu_13866_p2                                 | -   |        | add_ln162_195   | add   | fabric  | 0       |
|    add_ln162_196_fu_13924_p2                                 | -   |        | add_ln162_196   | add   | fabric  | 0       |
|    add_ln162_197_fu_13934_p2                                 | -   |        | add_ln162_197   | add   | fabric  | 0       |
|    add_ln162_198_fu_13992_p2                                 | -   |        | add_ln162_198   | add   | fabric  | 0       |
|    add_ln162_199_fu_14002_p2                                 | -   |        | add_ln162_199   | add   | fabric  | 0       |
|    add_ln162_200_fu_14060_p2                                 | -   |        | add_ln162_200   | add   | fabric  | 0       |
|    add_ln162_201_fu_14070_p2                                 | -   |        | add_ln162_201   | add   | fabric  | 0       |
|    add_ln162_202_fu_14128_p2                                 | -   |        | add_ln162_202   | add   | fabric  | 0       |
|    add_ln162_203_fu_14138_p2                                 | -   |        | add_ln162_203   | add   | fabric  | 0       |
|    add_ln162_204_fu_14196_p2                                 | -   |        | add_ln162_204   | add   | fabric  | 0       |
|    add_ln162_205_fu_14206_p2                                 | -   |        | add_ln162_205   | add   | fabric  | 0       |
|    add_ln162_206_fu_14264_p2                                 | -   |        | add_ln162_206   | add   | fabric  | 0       |
|    add_ln162_207_fu_14274_p2                                 | -   |        | add_ln162_207   | add   | fabric  | 0       |
|    add_ln162_208_fu_14332_p2                                 | -   |        | add_ln162_208   | add   | fabric  | 0       |
|    add_ln162_209_fu_14342_p2                                 | -   |        | add_ln162_209   | add   | fabric  | 0       |
|    add_ln162_210_fu_14400_p2                                 | -   |        | add_ln162_210   | add   | fabric  | 0       |
|    add_ln162_211_fu_14410_p2                                 | -   |        | add_ln162_211   | add   | fabric  | 0       |
|    add_ln162_212_fu_14468_p2                                 | -   |        | add_ln162_212   | add   | fabric  | 0       |
|    add_ln162_213_fu_14478_p2                                 | -   |        | add_ln162_213   | add   | fabric  | 0       |
|    add_ln162_214_fu_14536_p2                                 | -   |        | add_ln162_214   | add   | fabric  | 0       |
|    add_ln162_215_fu_14546_p2                                 | -   |        | add_ln162_215   | add   | fabric  | 0       |
|    add_ln162_216_fu_14604_p2                                 | -   |        | add_ln162_216   | add   | fabric  | 0       |
|    add_ln162_217_fu_14614_p2                                 | -   |        | add_ln162_217   | add   | fabric  | 0       |
|    add_ln162_218_fu_14672_p2                                 | -   |        | add_ln162_218   | add   | fabric  | 0       |
|    add_ln162_219_fu_14682_p2                                 | -   |        | add_ln162_219   | add   | fabric  | 0       |
|    add_ln162_220_fu_14740_p2                                 | -   |        | add_ln162_220   | add   | fabric  | 0       |
|    add_ln162_221_fu_14750_p2                                 | -   |        | add_ln162_221   | add   | fabric  | 0       |
|    add_ln162_222_fu_14808_p2                                 | -   |        | add_ln162_222   | add   | fabric  | 0       |
|    add_ln162_223_fu_14818_p2                                 | -   |        | add_ln162_223   | add   | fabric  | 0       |
|    add_ln162_224_fu_14876_p2                                 | -   |        | add_ln162_224   | add   | fabric  | 0       |
|    add_ln162_225_fu_14886_p2                                 | -   |        | add_ln162_225   | add   | fabric  | 0       |
|    add_ln162_226_fu_14944_p2                                 | -   |        | add_ln162_226   | add   | fabric  | 0       |
|    add_ln162_227_fu_14954_p2                                 | -   |        | add_ln162_227   | add   | fabric  | 0       |
|    add_ln162_228_fu_15012_p2                                 | -   |        | add_ln162_228   | add   | fabric  | 0       |
|    add_ln162_229_fu_15022_p2                                 | -   |        | add_ln162_229   | add   | fabric  | 0       |
|    add_ln162_230_fu_15080_p2                                 | -   |        | add_ln162_230   | add   | fabric  | 0       |
|    add_ln162_231_fu_15090_p2                                 | -   |        | add_ln162_231   | add   | fabric  | 0       |
|    add_ln162_232_fu_15148_p2                                 | -   |        | add_ln162_232   | add   | fabric  | 0       |
|    add_ln162_233_fu_15158_p2                                 | -   |        | add_ln162_233   | add   | fabric  | 0       |
|    add_ln162_234_fu_15216_p2                                 | -   |        | add_ln162_234   | add   | fabric  | 0       |
|    add_ln162_235_fu_15226_p2                                 | -   |        | add_ln162_235   | add   | fabric  | 0       |
|    add_ln162_236_fu_15284_p2                                 | -   |        | add_ln162_236   | add   | fabric  | 0       |
|    add_ln162_237_fu_15294_p2                                 | -   |        | add_ln162_237   | add   | fabric  | 0       |
|    add_ln162_238_fu_15352_p2                                 | -   |        | add_ln162_238   | add   | fabric  | 0       |
|    add_ln162_239_fu_15362_p2                                 | -   |        | add_ln162_239   | add   | fabric  | 0       |
|    add_ln162_240_fu_15420_p2                                 | -   |        | add_ln162_240   | add   | fabric  | 0       |
|    add_ln162_241_fu_15430_p2                                 | -   |        | add_ln162_241   | add   | fabric  | 0       |
|    add_ln162_242_fu_15488_p2                                 | -   |        | add_ln162_242   | add   | fabric  | 0       |
|    add_ln162_243_fu_15498_p2                                 | -   |        | add_ln162_243   | add   | fabric  | 0       |
|    add_ln162_244_fu_15556_p2                                 | -   |        | add_ln162_244   | add   | fabric  | 0       |
|    add_ln162_245_fu_15566_p2                                 | -   |        | add_ln162_245   | add   | fabric  | 0       |
|    add_ln162_246_fu_15624_p2                                 | -   |        | add_ln162_246   | add   | fabric  | 0       |
|    add_ln162_247_fu_15634_p2                                 | -   |        | add_ln162_247   | add   | fabric  | 0       |
|    add_ln162_248_fu_15692_p2                                 | -   |        | add_ln162_248   | add   | fabric  | 0       |
|    add_ln162_249_fu_15702_p2                                 | -   |        | add_ln162_249   | add   | fabric  | 0       |
|    add_ln162_250_fu_15760_p2                                 | -   |        | add_ln162_250   | add   | fabric  | 0       |
|    add_ln162_251_fu_15770_p2                                 | -   |        | add_ln162_251   | add   | fabric  | 0       |
|    add_ln162_252_fu_15828_p2                                 | -   |        | add_ln162_252   | add   | fabric  | 0       |
|    add_ln162_253_fu_15838_p2                                 | -   |        | add_ln162_253   | add   | fabric  | 0       |
|    add_ln162_254_fu_15896_p2                                 | -   |        | add_ln162_254   | add   | fabric  | 0       |
|    add_ln162_255_fu_15906_p2                                 | -   |        | add_ln162_255   | add   | fabric  | 0       |
|    add_ln162_256_fu_15964_p2                                 | -   |        | add_ln162_256   | add   | fabric  | 0       |
|    add_ln162_257_fu_15974_p2                                 | -   |        | add_ln162_257   | add   | fabric  | 0       |
|    add_ln165_fu_6308_p2                                      | -   |        | add_ln165       | add   | fabric  | 0       |
|    add_ln165_1_fu_6318_p2                                    | -   |        | add_ln165_1     | add   | fabric  | 0       |
|    add_ln170_fu_6346_p2                                      | -   |        | add_ln170       | add   | fabric  | 0       |
|    add_ln170_1_fu_6356_p2                                    | -   |        | add_ln170_1     | add   | fabric  | 0       |
|    add_ln170_2_fu_6411_p2                                    | -   |        | add_ln170_2     | add   | fabric  | 0       |
|    add_ln170_3_fu_6430_p2                                    | -   |        | add_ln170_3     | add   | fabric  | 0       |
|    add_ln170_4_fu_6474_p2                                    | -   |        | add_ln170_4     | add   | fabric  | 0       |
|    add_ln170_5_fu_6493_p2                                    | -   |        | add_ln170_5     | add   | fabric  | 0       |
|    add_ln170_6_fu_6542_p2                                    | -   |        | add_ln170_6     | add   | fabric  | 0       |
|    add_ln170_7_fu_6561_p2                                    | -   |        | add_ln170_7     | add   | fabric  | 0       |
|    add_ln170_8_fu_6610_p2                                    | -   |        | add_ln170_8     | add   | fabric  | 0       |
|    add_ln170_9_fu_6629_p2                                    | -   |        | add_ln170_9     | add   | fabric  | 0       |
|    add_ln170_10_fu_6678_p2                                   | -   |        | add_ln170_10    | add   | fabric  | 0       |
|    add_ln170_11_fu_6697_p2                                   | -   |        | add_ln170_11    | add   | fabric  | 0       |
|    add_ln170_12_fu_6746_p2                                   | -   |        | add_ln170_12    | add   | fabric  | 0       |
|    add_ln170_13_fu_6765_p2                                   | -   |        | add_ln170_13    | add   | fabric  | 0       |
|    add_ln170_14_fu_6819_p2                                   | -   |        | add_ln170_14    | add   | fabric  | 0       |
|    add_ln170_15_fu_6838_p2                                   | -   |        | add_ln170_15    | add   | fabric  | 0       |
|    add_ln170_16_fu_6887_p2                                   | -   |        | add_ln170_16    | add   | fabric  | 0       |
|    add_ln170_17_fu_6906_p2                                   | -   |        | add_ln170_17    | add   | fabric  | 0       |
|    add_ln170_18_fu_6955_p2                                   | -   |        | add_ln170_18    | add   | fabric  | 0       |
|    add_ln170_19_fu_6974_p2                                   | -   |        | add_ln170_19    | add   | fabric  | 0       |
|    add_ln170_20_fu_7023_p2                                   | -   |        | add_ln170_20    | add   | fabric  | 0       |
|    add_ln170_21_fu_7042_p2                                   | -   |        | add_ln170_21    | add   | fabric  | 0       |
|    add_ln170_22_fu_7091_p2                                   | -   |        | add_ln170_22    | add   | fabric  | 0       |
|    add_ln170_23_fu_7110_p2                                   | -   |        | add_ln170_23    | add   | fabric  | 0       |
|    add_ln170_24_fu_7159_p2                                   | -   |        | add_ln170_24    | add   | fabric  | 0       |
|    add_ln170_25_fu_7178_p2                                   | -   |        | add_ln170_25    | add   | fabric  | 0       |
|    add_ln170_26_fu_7227_p2                                   | -   |        | add_ln170_26    | add   | fabric  | 0       |
|    add_ln170_27_fu_7246_p2                                   | -   |        | add_ln170_27    | add   | fabric  | 0       |
|    add_ln170_28_fu_7295_p2                                   | -   |        | add_ln170_28    | add   | fabric  | 0       |
|    add_ln170_29_fu_7314_p2                                   | -   |        | add_ln170_29    | add   | fabric  | 0       |
|    add_ln170_30_fu_7363_p2                                   | -   |        | add_ln170_30    | add   | fabric  | 0       |
|    add_ln170_31_fu_7382_p2                                   | -   |        | add_ln170_31    | add   | fabric  | 0       |
|    add_ln170_32_fu_7434_p2                                   | -   |        | add_ln170_32    | add   | fabric  | 0       |
|    add_ln170_33_fu_7444_p2                                   | -   |        | add_ln170_33    | add   | fabric  | 0       |
|    add_ln170_34_fu_7454_p2                                   | -   |        | add_ln170_34    | add   | fabric  | 0       |
|    add_ln170_35_fu_7494_p2                                   | -   |        | add_ln170_35    | add   | fabric  | 0       |
|    add_ln170_36_fu_7503_p2                                   | -   |        | add_ln170_36    | add   | fabric  | 0       |
|    add_ln170_37_fu_7513_p2                                   | -   |        | add_ln170_37    | add   | fabric  | 0       |
|    add_ln170_38_fu_7522_p2                                   | -   |        | add_ln170_38    | add   | fabric  | 0       |
|    add_ln170_39_fu_7562_p2                                   | -   |        | add_ln170_39    | add   | fabric  | 0       |
|    add_ln170_40_fu_7571_p2                                   | -   |        | add_ln170_40    | add   | fabric  | 0       |
|    add_ln170_41_fu_7581_p2                                   | -   |        | add_ln170_41    | add   | fabric  | 0       |
|    add_ln170_42_fu_7590_p2                                   | -   |        | add_ln170_42    | add   | fabric  | 0       |
|    add_ln170_43_fu_7630_p2                                   | -   |        | add_ln170_43    | add   | fabric  | 0       |
|    add_ln170_44_fu_7639_p2                                   | -   |        | add_ln170_44    | add   | fabric  | 0       |
|    add_ln170_45_fu_7649_p2                                   | -   |        | add_ln170_45    | add   | fabric  | 0       |
|    add_ln170_46_fu_7658_p2                                   | -   |        | add_ln170_46    | add   | fabric  | 0       |
|    add_ln170_47_fu_7698_p2                                   | -   |        | add_ln170_47    | add   | fabric  | 0       |
|    add_ln170_48_fu_7707_p2                                   | -   |        | add_ln170_48    | add   | fabric  | 0       |
|    add_ln170_49_fu_7717_p2                                   | -   |        | add_ln170_49    | add   | fabric  | 0       |
|    add_ln170_50_fu_7726_p2                                   | -   |        | add_ln170_50    | add   | fabric  | 0       |
|    add_ln170_51_fu_7766_p2                                   | -   |        | add_ln170_51    | add   | fabric  | 0       |
|    add_ln170_52_fu_7775_p2                                   | -   |        | add_ln170_52    | add   | fabric  | 0       |
|    add_ln170_53_fu_7785_p2                                   | -   |        | add_ln170_53    | add   | fabric  | 0       |
|    add_ln170_54_fu_7794_p2                                   | -   |        | add_ln170_54    | add   | fabric  | 0       |
|    add_ln170_55_fu_7834_p2                                   | -   |        | add_ln170_55    | add   | fabric  | 0       |
|    add_ln170_56_fu_7843_p2                                   | -   |        | add_ln170_56    | add   | fabric  | 0       |
|    add_ln170_57_fu_7853_p2                                   | -   |        | add_ln170_57    | add   | fabric  | 0       |
|    add_ln170_58_fu_7862_p2                                   | -   |        | add_ln170_58    | add   | fabric  | 0       |
|    add_ln170_59_fu_7902_p2                                   | -   |        | add_ln170_59    | add   | fabric  | 0       |
|    add_ln170_60_fu_7911_p2                                   | -   |        | add_ln170_60    | add   | fabric  | 0       |
|    add_ln170_61_fu_7921_p2                                   | -   |        | add_ln170_61    | add   | fabric  | 0       |
|    add_ln170_62_fu_7930_p2                                   | -   |        | add_ln170_62    | add   | fabric  | 0       |
|    add_ln170_63_fu_7970_p2                                   | -   |        | add_ln170_63    | add   | fabric  | 0       |
|    add_ln170_64_fu_7979_p2                                   | -   |        | add_ln170_64    | add   | fabric  | 0       |
|    add_ln170_65_fu_7989_p2                                   | -   |        | add_ln170_65    | add   | fabric  | 0       |
|    add_ln170_66_fu_7998_p2                                   | -   |        | add_ln170_66    | add   | fabric  | 0       |
|    add_ln170_67_fu_8038_p2                                   | -   |        | add_ln170_67    | add   | fabric  | 0       |
|    add_ln170_68_fu_8047_p2                                   | -   |        | add_ln170_68    | add   | fabric  | 0       |
|    add_ln170_69_fu_8057_p2                                   | -   |        | add_ln170_69    | add   | fabric  | 0       |
|    add_ln170_70_fu_8066_p2                                   | -   |        | add_ln170_70    | add   | fabric  | 0       |
|    add_ln170_71_fu_8106_p2                                   | -   |        | add_ln170_71    | add   | fabric  | 0       |
|    add_ln170_72_fu_8115_p2                                   | -   |        | add_ln170_72    | add   | fabric  | 0       |
|    add_ln170_73_fu_8125_p2                                   | -   |        | add_ln170_73    | add   | fabric  | 0       |
|    add_ln170_74_fu_8134_p2                                   | -   |        | add_ln170_74    | add   | fabric  | 0       |
|    add_ln170_75_fu_8174_p2                                   | -   |        | add_ln170_75    | add   | fabric  | 0       |
|    add_ln170_76_fu_8183_p2                                   | -   |        | add_ln170_76    | add   | fabric  | 0       |
|    add_ln170_77_fu_8193_p2                                   | -   |        | add_ln170_77    | add   | fabric  | 0       |
|    add_ln170_78_fu_8202_p2                                   | -   |        | add_ln170_78    | add   | fabric  | 0       |
|    add_ln170_79_fu_8242_p2                                   | -   |        | add_ln170_79    | add   | fabric  | 0       |
|    add_ln170_80_fu_8251_p2                                   | -   |        | add_ln170_80    | add   | fabric  | 0       |
|    add_ln170_81_fu_8261_p2                                   | -   |        | add_ln170_81    | add   | fabric  | 0       |
|    add_ln170_82_fu_8270_p2                                   | -   |        | add_ln170_82    | add   | fabric  | 0       |
|    add_ln170_83_fu_8310_p2                                   | -   |        | add_ln170_83    | add   | fabric  | 0       |
|    add_ln170_84_fu_8319_p2                                   | -   |        | add_ln170_84    | add   | fabric  | 0       |
|    add_ln170_85_fu_8329_p2                                   | -   |        | add_ln170_85    | add   | fabric  | 0       |
|    add_ln170_86_fu_8338_p2                                   | -   |        | add_ln170_86    | add   | fabric  | 0       |
|    add_ln170_87_fu_8378_p2                                   | -   |        | add_ln170_87    | add   | fabric  | 0       |
|    add_ln170_88_fu_8387_p2                                   | -   |        | add_ln170_88    | add   | fabric  | 0       |
|    add_ln170_89_fu_8397_p2                                   | -   |        | add_ln170_89    | add   | fabric  | 0       |
|    add_ln170_90_fu_8406_p2                                   | -   |        | add_ln170_90    | add   | fabric  | 0       |
|    add_ln170_91_fu_8446_p2                                   | -   |        | add_ln170_91    | add   | fabric  | 0       |
|    add_ln170_92_fu_8455_p2                                   | -   |        | add_ln170_92    | add   | fabric  | 0       |
|    add_ln170_93_fu_8465_p2                                   | -   |        | add_ln170_93    | add   | fabric  | 0       |
|    add_ln170_94_fu_8474_p2                                   | -   |        | add_ln170_94    | add   | fabric  | 0       |
|    add_ln170_95_fu_8514_p2                                   | -   |        | add_ln170_95    | add   | fabric  | 0       |
|    add_ln170_96_fu_8523_p2                                   | -   |        | add_ln170_96    | add   | fabric  | 0       |
|    add_ln170_97_fu_8533_p2                                   | -   |        | add_ln170_97    | add   | fabric  | 0       |
|    add_ln170_98_fu_8542_p2                                   | -   |        | add_ln170_98    | add   | fabric  | 0       |
|    add_ln170_99_fu_8582_p2                                   | -   |        | add_ln170_99    | add   | fabric  | 0       |
|    add_ln170_100_fu_8591_p2                                  | -   |        | add_ln170_100   | add   | fabric  | 0       |
|    add_ln170_101_fu_8601_p2                                  | -   |        | add_ln170_101   | add   | fabric  | 0       |
|    add_ln170_102_fu_8610_p2                                  | -   |        | add_ln170_102   | add   | fabric  | 0       |
|    add_ln170_103_fu_8650_p2                                  | -   |        | add_ln170_103   | add   | fabric  | 0       |
|    add_ln170_104_fu_8659_p2                                  | -   |        | add_ln170_104   | add   | fabric  | 0       |
|    add_ln170_105_fu_8669_p2                                  | -   |        | add_ln170_105   | add   | fabric  | 0       |
|    add_ln170_106_fu_8678_p2                                  | -   |        | add_ln170_106   | add   | fabric  | 0       |
|    add_ln170_107_fu_8718_p2                                  | -   |        | add_ln170_107   | add   | fabric  | 0       |
|    add_ln170_108_fu_8727_p2                                  | -   |        | add_ln170_108   | add   | fabric  | 0       |
|    add_ln170_109_fu_8737_p2                                  | -   |        | add_ln170_109   | add   | fabric  | 0       |
|    add_ln170_110_fu_8746_p2                                  | -   |        | add_ln170_110   | add   | fabric  | 0       |
|    add_ln170_111_fu_8786_p2                                  | -   |        | add_ln170_111   | add   | fabric  | 0       |
|    add_ln170_112_fu_8795_p2                                  | -   |        | add_ln170_112   | add   | fabric  | 0       |
|    add_ln170_113_fu_8805_p2                                  | -   |        | add_ln170_113   | add   | fabric  | 0       |
|    add_ln170_114_fu_8814_p2                                  | -   |        | add_ln170_114   | add   | fabric  | 0       |
|    add_ln170_115_fu_8854_p2                                  | -   |        | add_ln170_115   | add   | fabric  | 0       |
|    add_ln170_116_fu_8863_p2                                  | -   |        | add_ln170_116   | add   | fabric  | 0       |
|    add_ln170_117_fu_8873_p2                                  | -   |        | add_ln170_117   | add   | fabric  | 0       |
|    add_ln170_118_fu_8882_p2                                  | -   |        | add_ln170_118   | add   | fabric  | 0       |
|    add_ln170_119_fu_8922_p2                                  | -   |        | add_ln170_119   | add   | fabric  | 0       |
|    add_ln170_120_fu_8931_p2                                  | -   |        | add_ln170_120   | add   | fabric  | 0       |
|    add_ln170_121_fu_8941_p2                                  | -   |        | add_ln170_121   | add   | fabric  | 0       |
|    add_ln170_122_fu_8950_p2                                  | -   |        | add_ln170_122   | add   | fabric  | 0       |
|    add_ln170_123_fu_8990_p2                                  | -   |        | add_ln170_123   | add   | fabric  | 0       |
|    add_ln170_124_fu_8999_p2                                  | -   |        | add_ln170_124   | add   | fabric  | 0       |
|    add_ln170_125_fu_9009_p2                                  | -   |        | add_ln170_125   | add   | fabric  | 0       |
|    add_ln170_126_fu_9018_p2                                  | -   |        | add_ln170_126   | add   | fabric  | 0       |
|    add_ln170_127_fu_9058_p2                                  | -   |        | add_ln170_127   | add   | fabric  | 0       |
|    add_ln170_128_fu_9067_p2                                  | -   |        | add_ln170_128   | add   | fabric  | 0       |
|    add_ln170_129_fu_9077_p2                                  | -   |        | add_ln170_129   | add   | fabric  | 0       |
|    add_ln170_130_fu_9086_p2                                  | -   |        | add_ln170_130   | add   | fabric  | 0       |
|    add_ln170_131_fu_9126_p2                                  | -   |        | add_ln170_131   | add   | fabric  | 0       |
|    add_ln170_132_fu_9135_p2                                  | -   |        | add_ln170_132   | add   | fabric  | 0       |
|    add_ln170_133_fu_9145_p2                                  | -   |        | add_ln170_133   | add   | fabric  | 0       |
|    add_ln170_134_fu_9154_p2                                  | -   |        | add_ln170_134   | add   | fabric  | 0       |
|    add_ln170_135_fu_9194_p2                                  | -   |        | add_ln170_135   | add   | fabric  | 0       |
|    add_ln170_136_fu_9203_p2                                  | -   |        | add_ln170_136   | add   | fabric  | 0       |
|    add_ln170_137_fu_9213_p2                                  | -   |        | add_ln170_137   | add   | fabric  | 0       |
|    add_ln170_138_fu_9222_p2                                  | -   |        | add_ln170_138   | add   | fabric  | 0       |
|    add_ln170_139_fu_9262_p2                                  | -   |        | add_ln170_139   | add   | fabric  | 0       |
|    add_ln170_140_fu_9271_p2                                  | -   |        | add_ln170_140   | add   | fabric  | 0       |
|    add_ln170_141_fu_9281_p2                                  | -   |        | add_ln170_141   | add   | fabric  | 0       |
|    add_ln170_142_fu_9290_p2                                  | -   |        | add_ln170_142   | add   | fabric  | 0       |
|    add_ln170_143_fu_9330_p2                                  | -   |        | add_ln170_143   | add   | fabric  | 0       |
|    add_ln170_144_fu_9339_p2                                  | -   |        | add_ln170_144   | add   | fabric  | 0       |
|    add_ln170_145_fu_9349_p2                                  | -   |        | add_ln170_145   | add   | fabric  | 0       |
|    add_ln170_146_fu_9358_p2                                  | -   |        | add_ln170_146   | add   | fabric  | 0       |
|    add_ln170_147_fu_9398_p2                                  | -   |        | add_ln170_147   | add   | fabric  | 0       |
|    add_ln170_148_fu_9407_p2                                  | -   |        | add_ln170_148   | add   | fabric  | 0       |
|    add_ln170_149_fu_9417_p2                                  | -   |        | add_ln170_149   | add   | fabric  | 0       |
|    add_ln170_150_fu_9426_p2                                  | -   |        | add_ln170_150   | add   | fabric  | 0       |
|    add_ln170_151_fu_9466_p2                                  | -   |        | add_ln170_151   | add   | fabric  | 0       |
|    add_ln170_152_fu_9475_p2                                  | -   |        | add_ln170_152   | add   | fabric  | 0       |
|    add_ln170_153_fu_9485_p2                                  | -   |        | add_ln170_153   | add   | fabric  | 0       |
|    add_ln170_154_fu_9494_p2                                  | -   |        | add_ln170_154   | add   | fabric  | 0       |
|    add_ln170_155_fu_9534_p2                                  | -   |        | add_ln170_155   | add   | fabric  | 0       |
|    add_ln170_156_fu_9543_p2                                  | -   |        | add_ln170_156   | add   | fabric  | 0       |
|    add_ln170_157_fu_9553_p2                                  | -   |        | add_ln170_157   | add   | fabric  | 0       |
|    add_ln170_158_fu_9562_p2                                  | -   |        | add_ln170_158   | add   | fabric  | 0       |
|    add_ln170_159_fu_9602_p2                                  | -   |        | add_ln170_159   | add   | fabric  | 0       |
|    add_ln170_160_fu_9611_p2                                  | -   |        | add_ln170_160   | add   | fabric  | 0       |
|    add_ln170_161_fu_9621_p2                                  | -   |        | add_ln170_161   | add   | fabric  | 0       |
|    add_ln170_162_fu_9630_p2                                  | -   |        | add_ln170_162   | add   | fabric  | 0       |
|    add_ln170_163_fu_9670_p2                                  | -   |        | add_ln170_163   | add   | fabric  | 0       |
|    add_ln170_164_fu_9679_p2                                  | -   |        | add_ln170_164   | add   | fabric  | 0       |
|    add_ln170_165_fu_9689_p2                                  | -   |        | add_ln170_165   | add   | fabric  | 0       |
|    add_ln170_166_fu_9698_p2                                  | -   |        | add_ln170_166   | add   | fabric  | 0       |
|    add_ln170_167_fu_9738_p2                                  | -   |        | add_ln170_167   | add   | fabric  | 0       |
|    add_ln170_168_fu_9747_p2                                  | -   |        | add_ln170_168   | add   | fabric  | 0       |
|    add_ln170_169_fu_9757_p2                                  | -   |        | add_ln170_169   | add   | fabric  | 0       |
|    add_ln170_170_fu_9766_p2                                  | -   |        | add_ln170_170   | add   | fabric  | 0       |
|    add_ln170_171_fu_9806_p2                                  | -   |        | add_ln170_171   | add   | fabric  | 0       |
|    add_ln170_172_fu_9815_p2                                  | -   |        | add_ln170_172   | add   | fabric  | 0       |
|    add_ln170_173_fu_9825_p2                                  | -   |        | add_ln170_173   | add   | fabric  | 0       |
|    add_ln170_174_fu_9834_p2                                  | -   |        | add_ln170_174   | add   | fabric  | 0       |
|    add_ln170_175_fu_9874_p2                                  | -   |        | add_ln170_175   | add   | fabric  | 0       |
|    add_ln170_176_fu_9883_p2                                  | -   |        | add_ln170_176   | add   | fabric  | 0       |
|    add_ln170_177_fu_9893_p2                                  | -   |        | add_ln170_177   | add   | fabric  | 0       |
|    add_ln170_178_fu_9902_p2                                  | -   |        | add_ln170_178   | add   | fabric  | 0       |
|    add_ln170_179_fu_9942_p2                                  | -   |        | add_ln170_179   | add   | fabric  | 0       |
|    add_ln170_180_fu_9951_p2                                  | -   |        | add_ln170_180   | add   | fabric  | 0       |
|    add_ln170_181_fu_9961_p2                                  | -   |        | add_ln170_181   | add   | fabric  | 0       |
|    add_ln170_182_fu_9970_p2                                  | -   |        | add_ln170_182   | add   | fabric  | 0       |
|    add_ln170_183_fu_10010_p2                                 | -   |        | add_ln170_183   | add   | fabric  | 0       |
|    add_ln170_184_fu_10019_p2                                 | -   |        | add_ln170_184   | add   | fabric  | 0       |
|    add_ln170_185_fu_10029_p2                                 | -   |        | add_ln170_185   | add   | fabric  | 0       |
|    add_ln170_186_fu_10038_p2                                 | -   |        | add_ln170_186   | add   | fabric  | 0       |
|    add_ln170_187_fu_10078_p2                                 | -   |        | add_ln170_187   | add   | fabric  | 0       |
|    add_ln170_188_fu_10087_p2                                 | -   |        | add_ln170_188   | add   | fabric  | 0       |
|    add_ln170_189_fu_10097_p2                                 | -   |        | add_ln170_189   | add   | fabric  | 0       |
|    add_ln170_190_fu_10106_p2                                 | -   |        | add_ln170_190   | add   | fabric  | 0       |
|    add_ln170_191_fu_10146_p2                                 | -   |        | add_ln170_191   | add   | fabric  | 0       |
|    add_ln170_192_fu_10155_p2                                 | -   |        | add_ln170_192   | add   | fabric  | 0       |
|    add_ln170_193_fu_10165_p2                                 | -   |        | add_ln170_193   | add   | fabric  | 0       |
|    add_ln170_194_fu_10174_p2                                 | -   |        | add_ln170_194   | add   | fabric  | 0       |
|    add_ln170_195_fu_10214_p2                                 | -   |        | add_ln170_195   | add   | fabric  | 0       |
|    add_ln170_196_fu_10223_p2                                 | -   |        | add_ln170_196   | add   | fabric  | 0       |
|    add_ln170_197_fu_10233_p2                                 | -   |        | add_ln170_197   | add   | fabric  | 0       |
|    add_ln170_198_fu_10242_p2                                 | -   |        | add_ln170_198   | add   | fabric  | 0       |
|    add_ln170_199_fu_10282_p2                                 | -   |        | add_ln170_199   | add   | fabric  | 0       |
|    add_ln170_200_fu_10291_p2                                 | -   |        | add_ln170_200   | add   | fabric  | 0       |
|    add_ln170_201_fu_10301_p2                                 | -   |        | add_ln170_201   | add   | fabric  | 0       |
|    add_ln170_202_fu_10310_p2                                 | -   |        | add_ln170_202   | add   | fabric  | 0       |
|    add_ln170_203_fu_10350_p2                                 | -   |        | add_ln170_203   | add   | fabric  | 0       |
|    add_ln170_204_fu_10359_p2                                 | -   |        | add_ln170_204   | add   | fabric  | 0       |
|    add_ln170_205_fu_10369_p2                                 | -   |        | add_ln170_205   | add   | fabric  | 0       |
|    add_ln170_206_fu_10378_p2                                 | -   |        | add_ln170_206   | add   | fabric  | 0       |
|    add_ln170_207_fu_10418_p2                                 | -   |        | add_ln170_207   | add   | fabric  | 0       |
|    add_ln170_208_fu_10427_p2                                 | -   |        | add_ln170_208   | add   | fabric  | 0       |
|    add_ln170_209_fu_10437_p2                                 | -   |        | add_ln170_209   | add   | fabric  | 0       |
|    add_ln170_210_fu_10446_p2                                 | -   |        | add_ln170_210   | add   | fabric  | 0       |
|    add_ln170_211_fu_10486_p2                                 | -   |        | add_ln170_211   | add   | fabric  | 0       |
|    add_ln170_212_fu_10495_p2                                 | -   |        | add_ln170_212   | add   | fabric  | 0       |
|    add_ln170_213_fu_10505_p2                                 | -   |        | add_ln170_213   | add   | fabric  | 0       |
|    add_ln170_214_fu_10514_p2                                 | -   |        | add_ln170_214   | add   | fabric  | 0       |
|    add_ln170_215_fu_10554_p2                                 | -   |        | add_ln170_215   | add   | fabric  | 0       |
|    add_ln170_216_fu_10563_p2                                 | -   |        | add_ln170_216   | add   | fabric  | 0       |
|    add_ln170_217_fu_10573_p2                                 | -   |        | add_ln170_217   | add   | fabric  | 0       |
|    add_ln170_218_fu_10582_p2                                 | -   |        | add_ln170_218   | add   | fabric  | 0       |
|    add_ln170_219_fu_10622_p2                                 | -   |        | add_ln170_219   | add   | fabric  | 0       |
|    add_ln170_220_fu_10631_p2                                 | -   |        | add_ln170_220   | add   | fabric  | 0       |
|    add_ln170_221_fu_10641_p2                                 | -   |        | add_ln170_221   | add   | fabric  | 0       |
|    add_ln170_222_fu_10650_p2                                 | -   |        | add_ln170_222   | add   | fabric  | 0       |
|    add_ln170_223_fu_10690_p2                                 | -   |        | add_ln170_223   | add   | fabric  | 0       |
|    add_ln170_224_fu_10699_p2                                 | -   |        | add_ln170_224   | add   | fabric  | 0       |
|    add_ln170_225_fu_10709_p2                                 | -   |        | add_ln170_225   | add   | fabric  | 0       |
|    add_ln170_226_fu_10718_p2                                 | -   |        | add_ln170_226   | add   | fabric  | 0       |
|    add_ln170_227_fu_10758_p2                                 | -   |        | add_ln170_227   | add   | fabric  | 0       |
|    add_ln170_228_fu_10767_p2                                 | -   |        | add_ln170_228   | add   | fabric  | 0       |
|    add_ln170_229_fu_10777_p2                                 | -   |        | add_ln170_229   | add   | fabric  | 0       |
|    add_ln170_230_fu_10786_p2                                 | -   |        | add_ln170_230   | add   | fabric  | 0       |
|    add_ln170_231_fu_10826_p2                                 | -   |        | add_ln170_231   | add   | fabric  | 0       |
|    add_ln170_232_fu_10835_p2                                 | -   |        | add_ln170_232   | add   | fabric  | 0       |
|    add_ln170_233_fu_10845_p2                                 | -   |        | add_ln170_233   | add   | fabric  | 0       |
|    add_ln170_234_fu_10854_p2                                 | -   |        | add_ln170_234   | add   | fabric  | 0       |
|    add_ln170_235_fu_10894_p2                                 | -   |        | add_ln170_235   | add   | fabric  | 0       |
|    add_ln170_236_fu_10903_p2                                 | -   |        | add_ln170_236   | add   | fabric  | 0       |
|    add_ln170_237_fu_10913_p2                                 | -   |        | add_ln170_237   | add   | fabric  | 0       |
|    add_ln170_238_fu_10922_p2                                 | -   |        | add_ln170_238   | add   | fabric  | 0       |
|    add_ln170_239_fu_10962_p2                                 | -   |        | add_ln170_239   | add   | fabric  | 0       |
|    add_ln170_240_fu_10971_p2                                 | -   |        | add_ln170_240   | add   | fabric  | 0       |
|    add_ln170_241_fu_10981_p2                                 | -   |        | add_ln170_241   | add   | fabric  | 0       |
|    add_ln170_242_fu_10990_p2                                 | -   |        | add_ln170_242   | add   | fabric  | 0       |
|    add_ln170_243_fu_11030_p2                                 | -   |        | add_ln170_243   | add   | fabric  | 0       |
|    add_ln170_244_fu_11039_p2                                 | -   |        | add_ln170_244   | add   | fabric  | 0       |
|    add_ln170_245_fu_11049_p2                                 | -   |        | add_ln170_245   | add   | fabric  | 0       |
|    add_ln170_246_fu_11058_p2                                 | -   |        | add_ln170_246   | add   | fabric  | 0       |
|    add_ln170_247_fu_11098_p2                                 | -   |        | add_ln170_247   | add   | fabric  | 0       |
|    add_ln170_248_fu_11107_p2                                 | -   |        | add_ln170_248   | add   | fabric  | 0       |
|    add_ln170_249_fu_11117_p2                                 | -   |        | add_ln170_249   | add   | fabric  | 0       |
|    add_ln170_250_fu_11126_p2                                 | -   |        | add_ln170_250   | add   | fabric  | 0       |
|    add_ln170_251_fu_11166_p2                                 | -   |        | add_ln170_251   | add   | fabric  | 0       |
|    add_ln170_252_fu_11175_p2                                 | -   |        | add_ln170_252   | add   | fabric  | 0       |
|    add_ln170_253_fu_11185_p2                                 | -   |        | add_ln170_253   | add   | fabric  | 0       |
|    add_ln170_254_fu_11194_p2                                 | -   |        | add_ln170_254   | add   | fabric  | 0       |
|    add_ln170_255_fu_11234_p2                                 | -   |        | add_ln170_255   | add   | fabric  | 0       |
|    add_ln170_256_fu_11243_p2                                 | -   |        | add_ln170_256   | add   | fabric  | 0       |
|    add_ln170_257_fu_11253_p2                                 | -   |        | add_ln170_257   | add   | fabric  | 0       |
|    add_ln170_258_fu_11262_p2                                 | -   |        | add_ln170_258   | add   | fabric  | 0       |
|    add_ln170_259_fu_11302_p2                                 | -   |        | add_ln170_259   | add   | fabric  | 0       |
|    add_ln170_260_fu_11311_p2                                 | -   |        | add_ln170_260   | add   | fabric  | 0       |
|    add_ln170_261_fu_11321_p2                                 | -   |        | add_ln170_261   | add   | fabric  | 0       |
|    add_ln170_262_fu_11330_p2                                 | -   |        | add_ln170_262   | add   | fabric  | 0       |
|    add_ln170_263_fu_11370_p2                                 | -   |        | add_ln170_263   | add   | fabric  | 0       |
|    add_ln170_264_fu_11379_p2                                 | -   |        | add_ln170_264   | add   | fabric  | 0       |
|    add_ln170_265_fu_11389_p2                                 | -   |        | add_ln170_265   | add   | fabric  | 0       |
|    add_ln170_266_fu_11398_p2                                 | -   |        | add_ln170_266   | add   | fabric  | 0       |
|    add_ln170_267_fu_11438_p2                                 | -   |        | add_ln170_267   | add   | fabric  | 0       |
|    add_ln170_268_fu_11447_p2                                 | -   |        | add_ln170_268   | add   | fabric  | 0       |
|    add_ln170_269_fu_11457_p2                                 | -   |        | add_ln170_269   | add   | fabric  | 0       |
|    add_ln170_270_fu_11466_p2                                 | -   |        | add_ln170_270   | add   | fabric  | 0       |
|    add_ln170_271_fu_11506_p2                                 | -   |        | add_ln170_271   | add   | fabric  | 0       |
|    add_ln170_272_fu_11515_p2                                 | -   |        | add_ln170_272   | add   | fabric  | 0       |
|    add_ln170_273_fu_11525_p2                                 | -   |        | add_ln170_273   | add   | fabric  | 0       |
|    add_ln170_274_fu_11534_p2                                 | -   |        | add_ln170_274   | add   | fabric  | 0       |
|    add_ln170_275_fu_11574_p2                                 | -   |        | add_ln170_275   | add   | fabric  | 0       |
|    add_ln170_276_fu_11583_p2                                 | -   |        | add_ln170_276   | add   | fabric  | 0       |
|    add_ln170_277_fu_11593_p2                                 | -   |        | add_ln170_277   | add   | fabric  | 0       |
|    add_ln170_278_fu_11602_p2                                 | -   |        | add_ln170_278   | add   | fabric  | 0       |
|    add_ln170_279_fu_11642_p2                                 | -   |        | add_ln170_279   | add   | fabric  | 0       |
|    add_ln170_280_fu_11651_p2                                 | -   |        | add_ln170_280   | add   | fabric  | 0       |
|    add_ln170_281_fu_11661_p2                                 | -   |        | add_ln170_281   | add   | fabric  | 0       |
|    add_ln170_282_fu_11670_p2                                 | -   |        | add_ln170_282   | add   | fabric  | 0       |
|    add_ln170_283_fu_11710_p2                                 | -   |        | add_ln170_283   | add   | fabric  | 0       |
|    add_ln170_284_fu_11719_p2                                 | -   |        | add_ln170_284   | add   | fabric  | 0       |
|    add_ln170_285_fu_11729_p2                                 | -   |        | add_ln170_285   | add   | fabric  | 0       |
|    add_ln170_286_fu_11738_p2                                 | -   |        | add_ln170_286   | add   | fabric  | 0       |
|    add_ln170_287_fu_11778_p2                                 | -   |        | add_ln170_287   | add   | fabric  | 0       |
|    add_ln170_288_fu_11787_p2                                 | -   |        | add_ln170_288   | add   | fabric  | 0       |
|    add_ln170_289_fu_11797_p2                                 | -   |        | add_ln170_289   | add   | fabric  | 0       |
|    add_ln170_290_fu_11806_p2                                 | -   |        | add_ln170_290   | add   | fabric  | 0       |
|    add_ln170_291_fu_11846_p2                                 | -   |        | add_ln170_291   | add   | fabric  | 0       |
|    add_ln170_292_fu_11855_p2                                 | -   |        | add_ln170_292   | add   | fabric  | 0       |
|    add_ln170_293_fu_11865_p2                                 | -   |        | add_ln170_293   | add   | fabric  | 0       |
|    add_ln170_294_fu_11874_p2                                 | -   |        | add_ln170_294   | add   | fabric  | 0       |
|    add_ln170_295_fu_11914_p2                                 | -   |        | add_ln170_295   | add   | fabric  | 0       |
|    add_ln170_296_fu_11923_p2                                 | -   |        | add_ln170_296   | add   | fabric  | 0       |
|    add_ln170_297_fu_11933_p2                                 | -   |        | add_ln170_297   | add   | fabric  | 0       |
|    add_ln170_298_fu_11942_p2                                 | -   |        | add_ln170_298   | add   | fabric  | 0       |
|    add_ln170_299_fu_11982_p2                                 | -   |        | add_ln170_299   | add   | fabric  | 0       |
|    add_ln170_300_fu_11991_p2                                 | -   |        | add_ln170_300   | add   | fabric  | 0       |
|    add_ln170_301_fu_12001_p2                                 | -   |        | add_ln170_301   | add   | fabric  | 0       |
|    add_ln170_302_fu_12010_p2                                 | -   |        | add_ln170_302   | add   | fabric  | 0       |
|    add_ln170_303_fu_12050_p2                                 | -   |        | add_ln170_303   | add   | fabric  | 0       |
|    add_ln170_304_fu_12059_p2                                 | -   |        | add_ln170_304   | add   | fabric  | 0       |
|    add_ln170_305_fu_12069_p2                                 | -   |        | add_ln170_305   | add   | fabric  | 0       |
|    add_ln170_306_fu_12078_p2                                 | -   |        | add_ln170_306   | add   | fabric  | 0       |
|    add_ln170_307_fu_12118_p2                                 | -   |        | add_ln170_307   | add   | fabric  | 0       |
|    add_ln170_308_fu_12127_p2                                 | -   |        | add_ln170_308   | add   | fabric  | 0       |
|    add_ln170_309_fu_12137_p2                                 | -   |        | add_ln170_309   | add   | fabric  | 0       |
|    add_ln170_310_fu_12146_p2                                 | -   |        | add_ln170_310   | add   | fabric  | 0       |
|    add_ln170_311_fu_12186_p2                                 | -   |        | add_ln170_311   | add   | fabric  | 0       |
|    add_ln170_312_fu_12195_p2                                 | -   |        | add_ln170_312   | add   | fabric  | 0       |
|    add_ln170_313_fu_12205_p2                                 | -   |        | add_ln170_313   | add   | fabric  | 0       |
|    add_ln170_314_fu_12214_p2                                 | -   |        | add_ln170_314   | add   | fabric  | 0       |
|    add_ln170_315_fu_12254_p2                                 | -   |        | add_ln170_315   | add   | fabric  | 0       |
|    add_ln170_316_fu_12263_p2                                 | -   |        | add_ln170_316   | add   | fabric  | 0       |
|    add_ln170_317_fu_12273_p2                                 | -   |        | add_ln170_317   | add   | fabric  | 0       |
|    add_ln170_318_fu_12282_p2                                 | -   |        | add_ln170_318   | add   | fabric  | 0       |
|    add_ln170_319_fu_12322_p2                                 | -   |        | add_ln170_319   | add   | fabric  | 0       |
|    add_ln170_320_fu_12331_p2                                 | -   |        | add_ln170_320   | add   | fabric  | 0       |
|    add_ln170_321_fu_12341_p2                                 | -   |        | add_ln170_321   | add   | fabric  | 0       |
|    add_ln170_322_fu_12350_p2                                 | -   |        | add_ln170_322   | add   | fabric  | 0       |
|    add_ln170_323_fu_12390_p2                                 | -   |        | add_ln170_323   | add   | fabric  | 0       |
|    add_ln170_324_fu_12399_p2                                 | -   |        | add_ln170_324   | add   | fabric  | 0       |
|    add_ln170_325_fu_12409_p2                                 | -   |        | add_ln170_325   | add   | fabric  | 0       |
|    add_ln170_326_fu_12418_p2                                 | -   |        | add_ln170_326   | add   | fabric  | 0       |
|    add_ln170_327_fu_12458_p2                                 | -   |        | add_ln170_327   | add   | fabric  | 0       |
|    add_ln170_328_fu_12467_p2                                 | -   |        | add_ln170_328   | add   | fabric  | 0       |
|    add_ln170_329_fu_12477_p2                                 | -   |        | add_ln170_329   | add   | fabric  | 0       |
|    add_ln170_330_fu_12486_p2                                 | -   |        | add_ln170_330   | add   | fabric  | 0       |
|    add_ln170_331_fu_12526_p2                                 | -   |        | add_ln170_331   | add   | fabric  | 0       |
|    add_ln170_332_fu_12535_p2                                 | -   |        | add_ln170_332   | add   | fabric  | 0       |
|    add_ln170_333_fu_12545_p2                                 | -   |        | add_ln170_333   | add   | fabric  | 0       |
|    add_ln170_334_fu_12554_p2                                 | -   |        | add_ln170_334   | add   | fabric  | 0       |
|    add_ln170_335_fu_12594_p2                                 | -   |        | add_ln170_335   | add   | fabric  | 0       |
|    add_ln170_336_fu_12603_p2                                 | -   |        | add_ln170_336   | add   | fabric  | 0       |
|    add_ln170_337_fu_12613_p2                                 | -   |        | add_ln170_337   | add   | fabric  | 0       |
|    add_ln170_338_fu_12622_p2                                 | -   |        | add_ln170_338   | add   | fabric  | 0       |
|    add_ln170_339_fu_12662_p2                                 | -   |        | add_ln170_339   | add   | fabric  | 0       |
|    add_ln170_340_fu_12671_p2                                 | -   |        | add_ln170_340   | add   | fabric  | 0       |
|    add_ln170_341_fu_12681_p2                                 | -   |        | add_ln170_341   | add   | fabric  | 0       |
|    add_ln170_342_fu_12690_p2                                 | -   |        | add_ln170_342   | add   | fabric  | 0       |
|    add_ln170_343_fu_12730_p2                                 | -   |        | add_ln170_343   | add   | fabric  | 0       |
|    add_ln170_344_fu_12739_p2                                 | -   |        | add_ln170_344   | add   | fabric  | 0       |
|    add_ln170_345_fu_12749_p2                                 | -   |        | add_ln170_345   | add   | fabric  | 0       |
|    add_ln170_346_fu_12758_p2                                 | -   |        | add_ln170_346   | add   | fabric  | 0       |
|    add_ln170_347_fu_12798_p2                                 | -   |        | add_ln170_347   | add   | fabric  | 0       |
|    add_ln170_348_fu_12807_p2                                 | -   |        | add_ln170_348   | add   | fabric  | 0       |
|    add_ln170_349_fu_12817_p2                                 | -   |        | add_ln170_349   | add   | fabric  | 0       |
|    add_ln170_350_fu_12826_p2                                 | -   |        | add_ln170_350   | add   | fabric  | 0       |
|    add_ln170_351_fu_12866_p2                                 | -   |        | add_ln170_351   | add   | fabric  | 0       |
|    add_ln170_352_fu_12875_p2                                 | -   |        | add_ln170_352   | add   | fabric  | 0       |
|    add_ln170_353_fu_12885_p2                                 | -   |        | add_ln170_353   | add   | fabric  | 0       |
|    add_ln170_354_fu_12894_p2                                 | -   |        | add_ln170_354   | add   | fabric  | 0       |
|    add_ln170_355_fu_12934_p2                                 | -   |        | add_ln170_355   | add   | fabric  | 0       |
|    add_ln170_356_fu_12943_p2                                 | -   |        | add_ln170_356   | add   | fabric  | 0       |
|    add_ln170_357_fu_12953_p2                                 | -   |        | add_ln170_357   | add   | fabric  | 0       |
|    add_ln170_358_fu_12962_p2                                 | -   |        | add_ln170_358   | add   | fabric  | 0       |
|    add_ln170_359_fu_13002_p2                                 | -   |        | add_ln170_359   | add   | fabric  | 0       |
|    add_ln170_360_fu_13011_p2                                 | -   |        | add_ln170_360   | add   | fabric  | 0       |
|    add_ln170_361_fu_13021_p2                                 | -   |        | add_ln170_361   | add   | fabric  | 0       |
|    add_ln170_362_fu_13030_p2                                 | -   |        | add_ln170_362   | add   | fabric  | 0       |
|    add_ln170_363_fu_13070_p2                                 | -   |        | add_ln170_363   | add   | fabric  | 0       |
|    add_ln170_364_fu_13079_p2                                 | -   |        | add_ln170_364   | add   | fabric  | 0       |
|    add_ln170_365_fu_13089_p2                                 | -   |        | add_ln170_365   | add   | fabric  | 0       |
|    add_ln170_366_fu_13098_p2                                 | -   |        | add_ln170_366   | add   | fabric  | 0       |
|    add_ln170_367_fu_13138_p2                                 | -   |        | add_ln170_367   | add   | fabric  | 0       |
|    add_ln170_368_fu_13147_p2                                 | -   |        | add_ln170_368   | add   | fabric  | 0       |
|    add_ln170_369_fu_13157_p2                                 | -   |        | add_ln170_369   | add   | fabric  | 0       |
|    add_ln170_370_fu_13166_p2                                 | -   |        | add_ln170_370   | add   | fabric  | 0       |
|    add_ln170_371_fu_13206_p2                                 | -   |        | add_ln170_371   | add   | fabric  | 0       |
|    add_ln170_372_fu_13215_p2                                 | -   |        | add_ln170_372   | add   | fabric  | 0       |
|    add_ln170_373_fu_13225_p2                                 | -   |        | add_ln170_373   | add   | fabric  | 0       |
|    add_ln170_374_fu_13234_p2                                 | -   |        | add_ln170_374   | add   | fabric  | 0       |
|    add_ln170_375_fu_13274_p2                                 | -   |        | add_ln170_375   | add   | fabric  | 0       |
|    add_ln170_376_fu_13283_p2                                 | -   |        | add_ln170_376   | add   | fabric  | 0       |
|    add_ln170_377_fu_13293_p2                                 | -   |        | add_ln170_377   | add   | fabric  | 0       |
|    add_ln170_378_fu_13302_p2                                 | -   |        | add_ln170_378   | add   | fabric  | 0       |
|    add_ln170_379_fu_13342_p2                                 | -   |        | add_ln170_379   | add   | fabric  | 0       |
|    add_ln170_380_fu_13351_p2                                 | -   |        | add_ln170_380   | add   | fabric  | 0       |
|    add_ln170_381_fu_13361_p2                                 | -   |        | add_ln170_381   | add   | fabric  | 0       |
|    add_ln170_382_fu_13370_p2                                 | -   |        | add_ln170_382   | add   | fabric  | 0       |
|    add_ln170_383_fu_13410_p2                                 | -   |        | add_ln170_383   | add   | fabric  | 0       |
|    add_ln170_384_fu_13419_p2                                 | -   |        | add_ln170_384   | add   | fabric  | 0       |
|    add_ln170_385_fu_13429_p2                                 | -   |        | add_ln170_385   | add   | fabric  | 0       |
|    add_ln170_386_fu_13438_p2                                 | -   |        | add_ln170_386   | add   | fabric  | 0       |
|    add_ln170_387_fu_13478_p2                                 | -   |        | add_ln170_387   | add   | fabric  | 0       |
|    add_ln170_388_fu_13487_p2                                 | -   |        | add_ln170_388   | add   | fabric  | 0       |
|    add_ln170_389_fu_13497_p2                                 | -   |        | add_ln170_389   | add   | fabric  | 0       |
|    add_ln170_390_fu_13506_p2                                 | -   |        | add_ln170_390   | add   | fabric  | 0       |
|    add_ln170_391_fu_13546_p2                                 | -   |        | add_ln170_391   | add   | fabric  | 0       |
|    add_ln170_392_fu_13555_p2                                 | -   |        | add_ln170_392   | add   | fabric  | 0       |
|    add_ln170_393_fu_13565_p2                                 | -   |        | add_ln170_393   | add   | fabric  | 0       |
|    add_ln170_394_fu_13574_p2                                 | -   |        | add_ln170_394   | add   | fabric  | 0       |
|    add_ln170_395_fu_13614_p2                                 | -   |        | add_ln170_395   | add   | fabric  | 0       |
|    add_ln170_396_fu_13623_p2                                 | -   |        | add_ln170_396   | add   | fabric  | 0       |
|    add_ln170_397_fu_13633_p2                                 | -   |        | add_ln170_397   | add   | fabric  | 0       |
|    add_ln170_398_fu_13642_p2                                 | -   |        | add_ln170_398   | add   | fabric  | 0       |
|    add_ln170_399_fu_13682_p2                                 | -   |        | add_ln170_399   | add   | fabric  | 0       |
|    add_ln170_400_fu_13691_p2                                 | -   |        | add_ln170_400   | add   | fabric  | 0       |
|    add_ln170_401_fu_13701_p2                                 | -   |        | add_ln170_401   | add   | fabric  | 0       |
|    add_ln170_402_fu_13710_p2                                 | -   |        | add_ln170_402   | add   | fabric  | 0       |
|    add_ln170_403_fu_13750_p2                                 | -   |        | add_ln170_403   | add   | fabric  | 0       |
|    add_ln170_404_fu_13759_p2                                 | -   |        | add_ln170_404   | add   | fabric  | 0       |
|    add_ln170_405_fu_13769_p2                                 | -   |        | add_ln170_405   | add   | fabric  | 0       |
|    add_ln170_406_fu_13778_p2                                 | -   |        | add_ln170_406   | add   | fabric  | 0       |
|    add_ln170_407_fu_13818_p2                                 | -   |        | add_ln170_407   | add   | fabric  | 0       |
|    add_ln170_408_fu_13827_p2                                 | -   |        | add_ln170_408   | add   | fabric  | 0       |
|    add_ln170_409_fu_13837_p2                                 | -   |        | add_ln170_409   | add   | fabric  | 0       |
|    add_ln170_410_fu_13846_p2                                 | -   |        | add_ln170_410   | add   | fabric  | 0       |
|    add_ln170_411_fu_13886_p2                                 | -   |        | add_ln170_411   | add   | fabric  | 0       |
|    add_ln170_412_fu_13895_p2                                 | -   |        | add_ln170_412   | add   | fabric  | 0       |
|    add_ln170_413_fu_13905_p2                                 | -   |        | add_ln170_413   | add   | fabric  | 0       |
|    add_ln170_414_fu_13914_p2                                 | -   |        | add_ln170_414   | add   | fabric  | 0       |
|    add_ln170_415_fu_13954_p2                                 | -   |        | add_ln170_415   | add   | fabric  | 0       |
|    add_ln170_416_fu_13963_p2                                 | -   |        | add_ln170_416   | add   | fabric  | 0       |
|    add_ln170_417_fu_13973_p2                                 | -   |        | add_ln170_417   | add   | fabric  | 0       |
|    add_ln170_418_fu_13982_p2                                 | -   |        | add_ln170_418   | add   | fabric  | 0       |
|    add_ln170_419_fu_14022_p2                                 | -   |        | add_ln170_419   | add   | fabric  | 0       |
|    add_ln170_420_fu_14031_p2                                 | -   |        | add_ln170_420   | add   | fabric  | 0       |
|    add_ln170_421_fu_14041_p2                                 | -   |        | add_ln170_421   | add   | fabric  | 0       |
|    add_ln170_422_fu_14050_p2                                 | -   |        | add_ln170_422   | add   | fabric  | 0       |
|    add_ln170_423_fu_14090_p2                                 | -   |        | add_ln170_423   | add   | fabric  | 0       |
|    add_ln170_424_fu_14099_p2                                 | -   |        | add_ln170_424   | add   | fabric  | 0       |
|    add_ln170_425_fu_14109_p2                                 | -   |        | add_ln170_425   | add   | fabric  | 0       |
|    add_ln170_426_fu_14118_p2                                 | -   |        | add_ln170_426   | add   | fabric  | 0       |
|    add_ln170_427_fu_14158_p2                                 | -   |        | add_ln170_427   | add   | fabric  | 0       |
|    add_ln170_428_fu_14167_p2                                 | -   |        | add_ln170_428   | add   | fabric  | 0       |
|    add_ln170_429_fu_14177_p2                                 | -   |        | add_ln170_429   | add   | fabric  | 0       |
|    add_ln170_430_fu_14186_p2                                 | -   |        | add_ln170_430   | add   | fabric  | 0       |
|    add_ln170_431_fu_14226_p2                                 | -   |        | add_ln170_431   | add   | fabric  | 0       |
|    add_ln170_432_fu_14235_p2                                 | -   |        | add_ln170_432   | add   | fabric  | 0       |
|    add_ln170_433_fu_14245_p2                                 | -   |        | add_ln170_433   | add   | fabric  | 0       |
|    add_ln170_434_fu_14254_p2                                 | -   |        | add_ln170_434   | add   | fabric  | 0       |
|    add_ln170_435_fu_14294_p2                                 | -   |        | add_ln170_435   | add   | fabric  | 0       |
|    add_ln170_436_fu_14303_p2                                 | -   |        | add_ln170_436   | add   | fabric  | 0       |
|    add_ln170_437_fu_14313_p2                                 | -   |        | add_ln170_437   | add   | fabric  | 0       |
|    add_ln170_438_fu_14322_p2                                 | -   |        | add_ln170_438   | add   | fabric  | 0       |
|    add_ln170_439_fu_14362_p2                                 | -   |        | add_ln170_439   | add   | fabric  | 0       |
|    add_ln170_440_fu_14371_p2                                 | -   |        | add_ln170_440   | add   | fabric  | 0       |
|    add_ln170_441_fu_14381_p2                                 | -   |        | add_ln170_441   | add   | fabric  | 0       |
|    add_ln170_442_fu_14390_p2                                 | -   |        | add_ln170_442   | add   | fabric  | 0       |
|    add_ln170_443_fu_14430_p2                                 | -   |        | add_ln170_443   | add   | fabric  | 0       |
|    add_ln170_444_fu_14439_p2                                 | -   |        | add_ln170_444   | add   | fabric  | 0       |
|    add_ln170_445_fu_14449_p2                                 | -   |        | add_ln170_445   | add   | fabric  | 0       |
|    add_ln170_446_fu_14458_p2                                 | -   |        | add_ln170_446   | add   | fabric  | 0       |
|    add_ln170_447_fu_14498_p2                                 | -   |        | add_ln170_447   | add   | fabric  | 0       |
|    add_ln170_448_fu_14507_p2                                 | -   |        | add_ln170_448   | add   | fabric  | 0       |
|    add_ln170_449_fu_14517_p2                                 | -   |        | add_ln170_449   | add   | fabric  | 0       |
|    add_ln170_450_fu_14526_p2                                 | -   |        | add_ln170_450   | add   | fabric  | 0       |
|    add_ln170_451_fu_14566_p2                                 | -   |        | add_ln170_451   | add   | fabric  | 0       |
|    add_ln170_452_fu_14575_p2                                 | -   |        | add_ln170_452   | add   | fabric  | 0       |
|    add_ln170_453_fu_14585_p2                                 | -   |        | add_ln170_453   | add   | fabric  | 0       |
|    add_ln170_454_fu_14594_p2                                 | -   |        | add_ln170_454   | add   | fabric  | 0       |
|    add_ln170_455_fu_14634_p2                                 | -   |        | add_ln170_455   | add   | fabric  | 0       |
|    add_ln170_456_fu_14643_p2                                 | -   |        | add_ln170_456   | add   | fabric  | 0       |
|    add_ln170_457_fu_14653_p2                                 | -   |        | add_ln170_457   | add   | fabric  | 0       |
|    add_ln170_458_fu_14662_p2                                 | -   |        | add_ln170_458   | add   | fabric  | 0       |
|    add_ln170_459_fu_14702_p2                                 | -   |        | add_ln170_459   | add   | fabric  | 0       |
|    add_ln170_460_fu_14711_p2                                 | -   |        | add_ln170_460   | add   | fabric  | 0       |
|    add_ln170_461_fu_14721_p2                                 | -   |        | add_ln170_461   | add   | fabric  | 0       |
|    add_ln170_462_fu_14730_p2                                 | -   |        | add_ln170_462   | add   | fabric  | 0       |
|    add_ln170_463_fu_14770_p2                                 | -   |        | add_ln170_463   | add   | fabric  | 0       |
|    add_ln170_464_fu_14779_p2                                 | -   |        | add_ln170_464   | add   | fabric  | 0       |
|    add_ln170_465_fu_14789_p2                                 | -   |        | add_ln170_465   | add   | fabric  | 0       |
|    add_ln170_466_fu_14798_p2                                 | -   |        | add_ln170_466   | add   | fabric  | 0       |
|    add_ln170_467_fu_14838_p2                                 | -   |        | add_ln170_467   | add   | fabric  | 0       |
|    add_ln170_468_fu_14847_p2                                 | -   |        | add_ln170_468   | add   | fabric  | 0       |
|    add_ln170_469_fu_14857_p2                                 | -   |        | add_ln170_469   | add   | fabric  | 0       |
|    add_ln170_470_fu_14866_p2                                 | -   |        | add_ln170_470   | add   | fabric  | 0       |
|    add_ln170_471_fu_14906_p2                                 | -   |        | add_ln170_471   | add   | fabric  | 0       |
|    add_ln170_472_fu_14915_p2                                 | -   |        | add_ln170_472   | add   | fabric  | 0       |
|    add_ln170_473_fu_14925_p2                                 | -   |        | add_ln170_473   | add   | fabric  | 0       |
|    add_ln170_474_fu_14934_p2                                 | -   |        | add_ln170_474   | add   | fabric  | 0       |
|    add_ln170_475_fu_14974_p2                                 | -   |        | add_ln170_475   | add   | fabric  | 0       |
|    add_ln170_476_fu_14983_p2                                 | -   |        | add_ln170_476   | add   | fabric  | 0       |
|    add_ln170_477_fu_14993_p2                                 | -   |        | add_ln170_477   | add   | fabric  | 0       |
|    add_ln170_478_fu_15002_p2                                 | -   |        | add_ln170_478   | add   | fabric  | 0       |
|    add_ln170_479_fu_15042_p2                                 | -   |        | add_ln170_479   | add   | fabric  | 0       |
|    add_ln170_480_fu_15051_p2                                 | -   |        | add_ln170_480   | add   | fabric  | 0       |
|    add_ln170_481_fu_15061_p2                                 | -   |        | add_ln170_481   | add   | fabric  | 0       |
|    add_ln170_482_fu_15070_p2                                 | -   |        | add_ln170_482   | add   | fabric  | 0       |
|    add_ln170_483_fu_15110_p2                                 | -   |        | add_ln170_483   | add   | fabric  | 0       |
|    add_ln170_484_fu_15119_p2                                 | -   |        | add_ln170_484   | add   | fabric  | 0       |
|    add_ln170_485_fu_15129_p2                                 | -   |        | add_ln170_485   | add   | fabric  | 0       |
|    add_ln170_486_fu_15138_p2                                 | -   |        | add_ln170_486   | add   | fabric  | 0       |
|    add_ln170_487_fu_15178_p2                                 | -   |        | add_ln170_487   | add   | fabric  | 0       |
|    add_ln170_488_fu_15187_p2                                 | -   |        | add_ln170_488   | add   | fabric  | 0       |
|    add_ln170_489_fu_15197_p2                                 | -   |        | add_ln170_489   | add   | fabric  | 0       |
|    add_ln170_490_fu_15206_p2                                 | -   |        | add_ln170_490   | add   | fabric  | 0       |
|    add_ln170_491_fu_15246_p2                                 | -   |        | add_ln170_491   | add   | fabric  | 0       |
|    add_ln170_492_fu_15255_p2                                 | -   |        | add_ln170_492   | add   | fabric  | 0       |
|    add_ln170_493_fu_15265_p2                                 | -   |        | add_ln170_493   | add   | fabric  | 0       |
|    add_ln170_494_fu_15274_p2                                 | -   |        | add_ln170_494   | add   | fabric  | 0       |
|    add_ln170_495_fu_15314_p2                                 | -   |        | add_ln170_495   | add   | fabric  | 0       |
|    add_ln170_496_fu_15323_p2                                 | -   |        | add_ln170_496   | add   | fabric  | 0       |
|    add_ln170_497_fu_15333_p2                                 | -   |        | add_ln170_497   | add   | fabric  | 0       |
|    add_ln170_498_fu_15342_p2                                 | -   |        | add_ln170_498   | add   | fabric  | 0       |
|    add_ln170_499_fu_15382_p2                                 | -   |        | add_ln170_499   | add   | fabric  | 0       |
|    add_ln170_500_fu_15391_p2                                 | -   |        | add_ln170_500   | add   | fabric  | 0       |
|    add_ln170_501_fu_15401_p2                                 | -   |        | add_ln170_501   | add   | fabric  | 0       |
|    add_ln170_502_fu_15410_p2                                 | -   |        | add_ln170_502   | add   | fabric  | 0       |
|    add_ln170_503_fu_15450_p2                                 | -   |        | add_ln170_503   | add   | fabric  | 0       |
|    add_ln170_504_fu_15459_p2                                 | -   |        | add_ln170_504   | add   | fabric  | 0       |
|    add_ln170_505_fu_15469_p2                                 | -   |        | add_ln170_505   | add   | fabric  | 0       |
|    add_ln170_506_fu_15478_p2                                 | -   |        | add_ln170_506   | add   | fabric  | 0       |
|    add_ln170_507_fu_15518_p2                                 | -   |        | add_ln170_507   | add   | fabric  | 0       |
|    add_ln170_508_fu_15527_p2                                 | -   |        | add_ln170_508   | add   | fabric  | 0       |
|    add_ln170_509_fu_15537_p2                                 | -   |        | add_ln170_509   | add   | fabric  | 0       |
|    add_ln170_510_fu_15546_p2                                 | -   |        | add_ln170_510   | add   | fabric  | 0       |
|    add_ln170_511_fu_15586_p2                                 | -   |        | add_ln170_511   | add   | fabric  | 0       |
|    add_ln170_512_fu_15595_p2                                 | -   |        | add_ln170_512   | add   | fabric  | 0       |
|    add_ln170_513_fu_15605_p2                                 | -   |        | add_ln170_513   | add   | fabric  | 0       |
|    add_ln170_514_fu_15614_p2                                 | -   |        | add_ln170_514   | add   | fabric  | 0       |
|    add_ln170_515_fu_15654_p2                                 | -   |        | add_ln170_515   | add   | fabric  | 0       |
|    add_ln170_516_fu_15663_p2                                 | -   |        | add_ln170_516   | add   | fabric  | 0       |
|    add_ln170_517_fu_15673_p2                                 | -   |        | add_ln170_517   | add   | fabric  | 0       |
|    add_ln170_518_fu_15682_p2                                 | -   |        | add_ln170_518   | add   | fabric  | 0       |
|    add_ln170_519_fu_15722_p2                                 | -   |        | add_ln170_519   | add   | fabric  | 0       |
|    add_ln170_520_fu_15731_p2                                 | -   |        | add_ln170_520   | add   | fabric  | 0       |
|    add_ln170_521_fu_15741_p2                                 | -   |        | add_ln170_521   | add   | fabric  | 0       |
|    add_ln170_522_fu_15750_p2                                 | -   |        | add_ln170_522   | add   | fabric  | 0       |
|    add_ln170_523_fu_15790_p2                                 | -   |        | add_ln170_523   | add   | fabric  | 0       |
|    add_ln170_524_fu_15799_p2                                 | -   |        | add_ln170_524   | add   | fabric  | 0       |
|    add_ln170_525_fu_15809_p2                                 | -   |        | add_ln170_525   | add   | fabric  | 0       |
|    add_ln170_526_fu_15818_p2                                 | -   |        | add_ln170_526   | add   | fabric  | 0       |
|    add_ln170_527_fu_15858_p2                                 | -   |        | add_ln170_527   | add   | fabric  | 0       |
|    add_ln170_528_fu_15867_p2                                 | -   |        | add_ln170_528   | add   | fabric  | 0       |
|    add_ln170_529_fu_15877_p2                                 | -   |        | add_ln170_529   | add   | fabric  | 0       |
|    add_ln170_530_fu_15886_p2                                 | -   |        | add_ln170_530   | add   | fabric  | 0       |
|    add_ln170_531_fu_15926_p2                                 | -   |        | add_ln170_531   | add   | fabric  | 0       |
|    add_ln170_532_fu_15935_p2                                 | -   |        | add_ln170_532   | add   | fabric  | 0       |
|    add_ln170_533_fu_15945_p2                                 | -   |        | add_ln170_533   | add   | fabric  | 0       |
|    add_ln170_534_fu_15954_p2                                 | -   |        | add_ln170_534   | add   | fabric  | 0       |
|    add_ln170_535_fu_15994_p2                                 | -   |        | add_ln170_535   | add   | fabric  | 0       |
|    add_ln170_536_fu_16003_p2                                 | -   |        | add_ln170_536   | add   | fabric  | 0       |
|    add_ln170_537_fu_16013_p2                                 | -   |        | add_ln170_537   | add   | fabric  | 0       |
|    add_ln170_538_fu_16022_p2                                 | -   |        | add_ln170_538   | add   | fabric  | 0       |
|    add_ln170_539_fu_16042_p2                                 | -   |        | add_ln170_539   | add   | fabric  | 0       |
|    add_ln170_540_fu_16051_p2                                 | -   |        | add_ln170_540   | add   | fabric  | 0       |
|    add_ln170_541_fu_16061_p2                                 | -   |        | add_ln170_541   | add   | fabric  | 0       |
|    add_ln170_542_fu_16070_p2                                 | -   |        | add_ln170_542   | add   | fabric  | 0       |
|    add_ln170_543_fu_16080_p2                                 | -   |        | add_ln170_543   | add   | fabric  | 0       |
|    add_ln170_544_fu_16089_p2                                 | -   |        | add_ln170_544   | add   | fabric  | 0       |
|    add_ln172_fu_6366_p2                                      | -   |        | add_ln172       | add   | fabric  | 0       |
|    add_ln172_1_fu_6376_p2                                    | -   |        | add_ln172_1     | add   | fabric  | 0       |
|    add_ln163_fu_6247_p2                                      | -   |        | add_ln163       | add   | fabric  | 0       |
|  + transformer_blk_s2_top_Pipeline_AR9                       | 0   |        |                 |       |         |         |
|    add_ln338_fu_159_p2                                       | -   |        | add_ln338       | add   | fabric  | 0       |
+--------------------------------------------------------------+-----+--------+-----------------+-------+---------+---------+


================================================================
== Bind Storage Report
================================================================
+--------------------------------------------------------------------+------+------+--------+----------------------------------------------------------------+---------+------+---------+
| Name                                                               | BRAM | URAM | Pragma | Variable                                                       | Storage | Impl | Latency |
+--------------------------------------------------------------------+------+------+--------+----------------------------------------------------------------+---------+------+---------+
| + transformer_blk_s2_top                                           | 1256 | 0    |        |                                                                |         |      |         |
|   transformer_blk_s2_top_float_const_float_float_const_x_buf_U     | 30   | -    |        | transformer_blk_s2_top_float_const_float_float_const_x_buf     | ram_s2p | auto | 1       |
|   transformer_blk_s2_top_float_const_float_float_const_x_buf_5_U   | 30   | -    |        | transformer_blk_s2_top_float_const_float_float_const_x_buf_5   | ram_s2p | auto | 1       |
|   transformer_blk_s2_top_float_const_float_float_const_x_buf_6_U   | 30   | -    |        | transformer_blk_s2_top_float_const_float_float_const_x_buf_6   | ram_s2p | auto | 1       |
|   transformer_blk_s2_top_float_const_float_float_const_x_buf_7_U   | 30   | -    |        | transformer_blk_s2_top_float_const_float_float_const_x_buf_7   | ram_s2p | auto | 1       |
|   transformer_blk_s2_top_float_const_float_float_const_q_buf_U     | 4    | -    |        | transformer_blk_s2_top_float_const_float_float_const_q_buf     | ram_s2p | auto | 1       |
|   transformer_blk_s2_top_float_const_float_float_const_ln_buf_U    | 30   | -    |        | transformer_blk_s2_top_float_const_float_float_const_ln_buf    | ram_s2p | auto | 1       |
|   transformer_blk_s2_top_float_const_float_float_const_ln_buf_8_U  | 30   | -    |        | transformer_blk_s2_top_float_const_float_float_const_ln_buf_8  | ram_s2p | auto | 1       |
|   transformer_blk_s2_top_float_const_float_float_const_ln_buf_9_U  | 30   | -    |        | transformer_blk_s2_top_float_const_float_float_const_ln_buf_9  | ram_s2p | auto | 1       |
|   transformer_blk_s2_top_float_const_float_float_const_ln_buf_10_U | 30   | -    |        | transformer_blk_s2_top_float_const_float_float_const_ln_buf_10 | ram_s2p | auto | 1       |
|   transformer_blk_s2_top_float_const_float_float_const_q_buf_11_U  | 4    | -    |        | transformer_blk_s2_top_float_const_float_float_const_q_buf_11  | ram_s2p | auto | 1       |
|   transformer_blk_s2_top_float_const_float_float_const_q_buf_12_U  | 4    | -    |        | transformer_blk_s2_top_float_const_float_float_const_q_buf_12  | ram_s2p | auto | 1       |
|   transformer_blk_s2_top_float_const_float_float_const_q_buf_13_U  | 4    | -    |        | transformer_blk_s2_top_float_const_float_float_const_q_buf_13  | ram_s2p | auto | 1       |
|   transformer_blk_s2_top_float_const_float_float_const_q_buf_14_U  | 4    | -    |        | transformer_blk_s2_top_float_const_float_float_const_q_buf_14  | ram_s2p | auto | 1       |
|   transformer_blk_s2_top_float_const_float_float_const_q_buf_15_U  | 4    | -    |        | transformer_blk_s2_top_float_const_float_float_const_q_buf_15  | ram_s2p | auto | 1       |
|   transformer_blk_s2_top_float_const_float_float_const_q_buf_16_U  | 4    | -    |        | transformer_blk_s2_top_float_const_float_float_const_q_buf_16  | ram_s2p | auto | 1       |
|   transformer_blk_s2_top_float_const_float_float_const_q_buf_17_U  | 4    | -    |        | transformer_blk_s2_top_float_const_float_float_const_q_buf_17  | ram_s2p | auto | 1       |
|   transformer_blk_s2_top_float_const_float_float_const_q_buf_18_U  | 4    | -    |        | transformer_blk_s2_top_float_const_float_float_const_q_buf_18  | ram_s2p | auto | 1       |
|   transformer_blk_s2_top_float_const_float_float_const_q_buf_19_U  | 4    | -    |        | transformer_blk_s2_top_float_const_float_float_const_q_buf_19  | ram_s2p | auto | 1       |
|   p_ZZ22transformer_blk_s2_topPKfPfS0_E5q_buf_10_U                 | 4    | -    |        | p_ZZ22transformer_blk_s2_topPKfPfS0_E5q_buf_10                 | ram_s2p | auto | 1       |
|   p_ZZ22transformer_blk_s2_topPKfPfS0_E5q_buf_11_U                 | 4    | -    |        | p_ZZ22transformer_blk_s2_topPKfPfS0_E5q_buf_11                 | ram_s2p | auto | 1       |
|   p_ZZ22transformer_blk_s2_topPKfPfS0_E5q_buf_12_U                 | 4    | -    |        | p_ZZ22transformer_blk_s2_topPKfPfS0_E5q_buf_12                 | ram_s2p | auto | 1       |
|   p_ZZ22transformer_blk_s2_topPKfPfS0_E5q_buf_13_U                 | 4    | -    |        | p_ZZ22transformer_blk_s2_topPKfPfS0_E5q_buf_13                 | ram_s2p | auto | 1       |
|   p_ZZ22transformer_blk_s2_topPKfPfS0_E5q_buf_14_U                 | 4    | -    |        | p_ZZ22transformer_blk_s2_topPKfPfS0_E5q_buf_14                 | ram_s2p | auto | 1       |
|   p_ZZ22transformer_blk_s2_topPKfPfS0_E5q_buf_15_U                 | 4    | -    |        | p_ZZ22transformer_blk_s2_topPKfPfS0_E5q_buf_15                 | ram_s2p | auto | 1       |
|   p_ZZ22transformer_blk_s2_topPKfPfS0_E5q_buf_16_U                 | 4    | -    |        | p_ZZ22transformer_blk_s2_topPKfPfS0_E5q_buf_16                 | ram_s2p | auto | 1       |
|   p_ZZ22transformer_blk_s2_topPKfPfS0_E5q_buf_17_U                 | 4    | -    |        | p_ZZ22transformer_blk_s2_topPKfPfS0_E5q_buf_17                 | ram_s2p | auto | 1       |
|   p_ZZ22transformer_blk_s2_topPKfPfS0_E5q_buf_18_U                 | 4    | -    |        | p_ZZ22transformer_blk_s2_topPKfPfS0_E5q_buf_18                 | ram_s2p | auto | 1       |
|   p_ZZ22transformer_blk_s2_topPKfPfS0_E5q_buf_19_U                 | 4    | -    |        | p_ZZ22transformer_blk_s2_topPKfPfS0_E5q_buf_19                 | ram_s2p | auto | 1       |
|   p_ZZ22transformer_blk_s2_topPKfPfS0_E5q_buf_20_U                 | 4    | -    |        | p_ZZ22transformer_blk_s2_topPKfPfS0_E5q_buf_20                 | ram_s2p | auto | 1       |
|   p_ZZ22transformer_blk_s2_topPKfPfS0_E5q_buf_21_U                 | 4    | -    |        | p_ZZ22transformer_blk_s2_topPKfPfS0_E5q_buf_21                 | ram_s2p | auto | 1       |
|   p_ZZ22transformer_blk_s2_topPKfPfS0_E5q_buf_22_U                 | 4    | -    |        | p_ZZ22transformer_blk_s2_topPKfPfS0_E5q_buf_22                 | ram_s2p | auto | 1       |
|   p_ZZ22transformer_blk_s2_topPKfPfS0_E5q_buf_23_U                 | 4    | -    |        | p_ZZ22transformer_blk_s2_topPKfPfS0_E5q_buf_23                 | ram_s2p | auto | 1       |
|   p_ZZ22transformer_blk_s2_topPKfPfS0_E5q_buf_24_U                 | 4    | -    |        | p_ZZ22transformer_blk_s2_topPKfPfS0_E5q_buf_24                 | ram_s2p | auto | 1       |
|   p_ZZ22transformer_blk_s2_topPKfPfS0_E5q_buf_25_U                 | 4    | -    |        | p_ZZ22transformer_blk_s2_topPKfPfS0_E5q_buf_25                 | ram_s2p | auto | 1       |
|   p_ZZ22transformer_blk_s2_topPKfPfS0_E5q_buf_26_U                 | 4    | -    |        | p_ZZ22transformer_blk_s2_topPKfPfS0_E5q_buf_26                 | ram_s2p | auto | 1       |
|   p_ZZ22transformer_blk_s2_topPKfPfS0_E5q_buf_27_U                 | 4    | -    |        | p_ZZ22transformer_blk_s2_topPKfPfS0_E5q_buf_27                 | ram_s2p | auto | 1       |
|   p_ZZ22transformer_blk_s2_topPKfPfS0_E5q_buf_28_U                 | 4    | -    |        | p_ZZ22transformer_blk_s2_topPKfPfS0_E5q_buf_28                 | ram_s2p | auto | 1       |
|   p_ZZ22transformer_blk_s2_topPKfPfS0_E5q_buf_29_U                 | 4    | -    |        | p_ZZ22transformer_blk_s2_topPKfPfS0_E5q_buf_29                 | ram_s2p | auto | 1       |
|   p_ZZ22transformer_blk_s2_topPKfPfS0_E5q_buf_30_U                 | 4    | -    |        | p_ZZ22transformer_blk_s2_topPKfPfS0_E5q_buf_30                 | ram_s2p | auto | 1       |
|   p_ZZ22transformer_blk_s2_topPKfPfS0_E5q_buf_31_U                 | 4    | -    |        | p_ZZ22transformer_blk_s2_topPKfPfS0_E5q_buf_31                 | ram_s2p | auto | 1       |
|   p_ZZ22transformer_blk_s2_topPKfPfS0_E5q_buf_32_U                 | 4    | -    |        | p_ZZ22transformer_blk_s2_topPKfPfS0_E5q_buf_32                 | ram_s2p | auto | 1       |
|   p_ZZ22transformer_blk_s2_topPKfPfS0_E5q_buf_33_U                 | 4    | -    |        | p_ZZ22transformer_blk_s2_topPKfPfS0_E5q_buf_33                 | ram_s2p | auto | 1       |
|   p_ZZ22transformer_blk_s2_topPKfPfS0_E5q_buf_34_U                 | 4    | -    |        | p_ZZ22transformer_blk_s2_topPKfPfS0_E5q_buf_34                 | ram_s2p | auto | 1       |
|   p_ZZ22transformer_blk_s2_topPKfPfS0_E5q_buf_35_U                 | 4    | -    |        | p_ZZ22transformer_blk_s2_topPKfPfS0_E5q_buf_35                 | ram_s2p | auto | 1       |
|   transformer_blk_s2_top_float_const_float_float_const_k_buf_U     | 4    | -    |        | transformer_blk_s2_top_float_const_float_float_const_k_buf     | ram_1p  | auto | 1       |
|   transformer_blk_s2_top_float_const_float_float_const_k_buf_20_U  | 4    | -    |        | transformer_blk_s2_top_float_const_float_float_const_k_buf_20  | ram_1p  | auto | 1       |
|   transformer_blk_s2_top_float_const_float_float_const_k_buf_21_U  | 4    | -    |        | transformer_blk_s2_top_float_const_float_float_const_k_buf_21  | ram_1p  | auto | 1       |
|   transformer_blk_s2_top_float_const_float_float_const_k_buf_22_U  | 4    | -    |        | transformer_blk_s2_top_float_const_float_float_const_k_buf_22  | ram_1p  | auto | 1       |
|   transformer_blk_s2_top_float_const_float_float_const_k_buf_23_U  | 4    | -    |        | transformer_blk_s2_top_float_const_float_float_const_k_buf_23  | ram_1p  | auto | 1       |
|   transformer_blk_s2_top_float_const_float_float_const_k_buf_24_U  | 4    | -    |        | transformer_blk_s2_top_float_const_float_float_const_k_buf_24  | ram_1p  | auto | 1       |
|   transformer_blk_s2_top_float_const_float_float_const_k_buf_25_U  | 4    | -    |        | transformer_blk_s2_top_float_const_float_float_const_k_buf_25  | ram_1p  | auto | 1       |
|   transformer_blk_s2_top_float_const_float_float_const_k_buf_26_U  | 4    | -    |        | transformer_blk_s2_top_float_const_float_float_const_k_buf_26  | ram_1p  | auto | 1       |
|   transformer_blk_s2_top_float_const_float_float_const_k_buf_27_U  | 4    | -    |        | transformer_blk_s2_top_float_const_float_float_const_k_buf_27  | ram_1p  | auto | 1       |
|   transformer_blk_s2_top_float_const_float_float_const_k_buf_28_U  | 4    | -    |        | transformer_blk_s2_top_float_const_float_float_const_k_buf_28  | ram_1p  | auto | 1       |
|   p_ZZ22transformer_blk_s2_topPKfPfS0_E5k_buf_10_U                 | 4    | -    |        | p_ZZ22transformer_blk_s2_topPKfPfS0_E5k_buf_10                 | ram_1p  | auto | 1       |
|   p_ZZ22transformer_blk_s2_topPKfPfS0_E5k_buf_11_U                 | 4    | -    |        | p_ZZ22transformer_blk_s2_topPKfPfS0_E5k_buf_11                 | ram_1p  | auto | 1       |
|   p_ZZ22transformer_blk_s2_topPKfPfS0_E5k_buf_12_U                 | 4    | -    |        | p_ZZ22transformer_blk_s2_topPKfPfS0_E5k_buf_12                 | ram_1p  | auto | 1       |
|   p_ZZ22transformer_blk_s2_topPKfPfS0_E5k_buf_13_U                 | 4    | -    |        | p_ZZ22transformer_blk_s2_topPKfPfS0_E5k_buf_13                 | ram_1p  | auto | 1       |
|   p_ZZ22transformer_blk_s2_topPKfPfS0_E5k_buf_14_U                 | 4    | -    |        | p_ZZ22transformer_blk_s2_topPKfPfS0_E5k_buf_14                 | ram_1p  | auto | 1       |
|   p_ZZ22transformer_blk_s2_topPKfPfS0_E5k_buf_15_U                 | 4    | -    |        | p_ZZ22transformer_blk_s2_topPKfPfS0_E5k_buf_15                 | ram_1p  | auto | 1       |
|   p_ZZ22transformer_blk_s2_topPKfPfS0_E5k_buf_16_U                 | 4    | -    |        | p_ZZ22transformer_blk_s2_topPKfPfS0_E5k_buf_16                 | ram_1p  | auto | 1       |
|   p_ZZ22transformer_blk_s2_topPKfPfS0_E5k_buf_17_U                 | 4    | -    |        | p_ZZ22transformer_blk_s2_topPKfPfS0_E5k_buf_17                 | ram_1p  | auto | 1       |
|   p_ZZ22transformer_blk_s2_topPKfPfS0_E5k_buf_18_U                 | 4    | -    |        | p_ZZ22transformer_blk_s2_topPKfPfS0_E5k_buf_18                 | ram_1p  | auto | 1       |
|   p_ZZ22transformer_blk_s2_topPKfPfS0_E5k_buf_19_U                 | 4    | -    |        | p_ZZ22transformer_blk_s2_topPKfPfS0_E5k_buf_19                 | ram_1p  | auto | 1       |
|   p_ZZ22transformer_blk_s2_topPKfPfS0_E5k_buf_20_U                 | 4    | -    |        | p_ZZ22transformer_blk_s2_topPKfPfS0_E5k_buf_20                 | ram_1p  | auto | 1       |
|   p_ZZ22transformer_blk_s2_topPKfPfS0_E5k_buf_21_U                 | 4    | -    |        | p_ZZ22transformer_blk_s2_topPKfPfS0_E5k_buf_21                 | ram_1p  | auto | 1       |
|   p_ZZ22transformer_blk_s2_topPKfPfS0_E5k_buf_22_U                 | 4    | -    |        | p_ZZ22transformer_blk_s2_topPKfPfS0_E5k_buf_22                 | ram_1p  | auto | 1       |
|   p_ZZ22transformer_blk_s2_topPKfPfS0_E5k_buf_23_U                 | 4    | -    |        | p_ZZ22transformer_blk_s2_topPKfPfS0_E5k_buf_23                 | ram_1p  | auto | 1       |
|   p_ZZ22transformer_blk_s2_topPKfPfS0_E5k_buf_24_U                 | 4    | -    |        | p_ZZ22transformer_blk_s2_topPKfPfS0_E5k_buf_24                 | ram_1p  | auto | 1       |
|   p_ZZ22transformer_blk_s2_topPKfPfS0_E5k_buf_25_U                 | 4    | -    |        | p_ZZ22transformer_blk_s2_topPKfPfS0_E5k_buf_25                 | ram_1p  | auto | 1       |
|   p_ZZ22transformer_blk_s2_topPKfPfS0_E5k_buf_26_U                 | 4    | -    |        | p_ZZ22transformer_blk_s2_topPKfPfS0_E5k_buf_26                 | ram_1p  | auto | 1       |
|   p_ZZ22transformer_blk_s2_topPKfPfS0_E5k_buf_27_U                 | 4    | -    |        | p_ZZ22transformer_blk_s2_topPKfPfS0_E5k_buf_27                 | ram_1p  | auto | 1       |
|   p_ZZ22transformer_blk_s2_topPKfPfS0_E5k_buf_28_U                 | 4    | -    |        | p_ZZ22transformer_blk_s2_topPKfPfS0_E5k_buf_28                 | ram_1p  | auto | 1       |
|   p_ZZ22transformer_blk_s2_topPKfPfS0_E5k_buf_29_U                 | 4    | -    |        | p_ZZ22transformer_blk_s2_topPKfPfS0_E5k_buf_29                 | ram_1p  | auto | 1       |
|   p_ZZ22transformer_blk_s2_topPKfPfS0_E5k_buf_30_U                 | 4    | -    |        | p_ZZ22transformer_blk_s2_topPKfPfS0_E5k_buf_30                 | ram_1p  | auto | 1       |
|   p_ZZ22transformer_blk_s2_topPKfPfS0_E5k_buf_31_U                 | 4    | -    |        | p_ZZ22transformer_blk_s2_topPKfPfS0_E5k_buf_31                 | ram_1p  | auto | 1       |
|   p_ZZ22transformer_blk_s2_topPKfPfS0_E5k_buf_32_U                 | 4    | -    |        | p_ZZ22transformer_blk_s2_topPKfPfS0_E5k_buf_32                 | ram_1p  | auto | 1       |
|   p_ZZ22transformer_blk_s2_topPKfPfS0_E5k_buf_33_U                 | 4    | -    |        | p_ZZ22transformer_blk_s2_topPKfPfS0_E5k_buf_33                 | ram_1p  | auto | 1       |
|   p_ZZ22transformer_blk_s2_topPKfPfS0_E5k_buf_34_U                 | 4    | -    |        | p_ZZ22transformer_blk_s2_topPKfPfS0_E5k_buf_34                 | ram_1p  | auto | 1       |
|   p_ZZ22transformer_blk_s2_topPKfPfS0_E5k_buf_35_U                 | 4    | -    |        | p_ZZ22transformer_blk_s2_topPKfPfS0_E5k_buf_35                 | ram_1p  | auto | 1       |
|   transformer_blk_s2_top_float_const_float_float_const_v_buf_U     | 24   | -    |        | transformer_blk_s2_top_float_const_float_float_const_v_buf     | ram_s2p | auto | 1       |
|   transformer_blk_s2_top_float_const_float_float_const_v_buf_29_U  | 24   | -    |        | transformer_blk_s2_top_float_const_float_float_const_v_buf_29  | ram_s2p | auto | 1       |
|   transformer_blk_s2_top_float_const_float_float_const_v_buf_30_U  | 24   | -    |        | transformer_blk_s2_top_float_const_float_float_const_v_buf_30  | ram_s2p | auto | 1       |
|   transformer_blk_s2_top_float_const_float_float_const_v_buf_31_U  | 24   | -    |        | transformer_blk_s2_top_float_const_float_float_const_v_buf_31  | ram_s2p | auto | 1       |
|   transformer_blk_s2_top_float_const_float_float_const_v_buf_32_U  | 24   | -    |        | transformer_blk_s2_top_float_const_float_float_const_v_buf_32  | ram_s2p | auto | 1       |
|   attn_out_U                                                       | 108  | -    | pragma | attn_out                                                       | ram_t2p | bram | 1       |
|   transformer_blk_s2_top_float_const_float_float_const_a_buf_U     | 58   | -    |        | transformer_blk_s2_top_float_const_float_float_const_a_buf     | ram_t2p | auto | 1       |
|   transformer_blk_s2_top_float_const_float_float_const_a_buf_1_U   | 58   | -    |        | transformer_blk_s2_top_float_const_float_float_const_a_buf_1   | ram_t2p | auto | 1       |
|   transformer_blk_s2_top_float_const_float_float_const_a_buf_2_U   | 58   | -    |        | transformer_blk_s2_top_float_const_float_float_const_a_buf_2   | ram_t2p | auto | 1       |
|   transformer_blk_s2_top_float_const_float_float_const_a_buf_3_U   | 58   | -    |        | transformer_blk_s2_top_float_const_float_float_const_a_buf_3   | ram_t2p | auto | 1       |
|   transformer_blk_s2_top_float_const_float_float_const_a_buf_4_U   | 58   | -    |        | transformer_blk_s2_top_float_const_float_float_const_a_buf_4   | ram_t2p | auto | 1       |
|   mlp_buf_U                                                        | 210  | -    | pragma | mlp_buf                                                        | ram_t2p | bram | 1       |
+--------------------------------------------------------------------+------+------+--------+----------------------------------------------------------------+---------+------+---------+


================================================================
== Pragma Report
================================================================
* Valid Pragma Syntax
+-----------------+----------------------------------------------+-------------------------------------------------------------------------------+
| Type            | Options                                      | Location                                                                      |
+-----------------+----------------------------------------------+-------------------------------------------------------------------------------+
| inline          |                                              | s2_transformer_block/t_blk_s2_top.cpp:41 in transformer_block                 |
| pipeline        | II=1                                         | s2_transformer_block/t_blk_s2_top.cpp:72 in transformer_block                 |
| interface       | bram port=in                                 | s2_transformer_block/t_blk_s2_top.cpp:91 in transformer_blk_s2_top, in        |
| interface       | bram port=out                                | s2_transformer_block/t_blk_s2_top.cpp:92 in transformer_blk_s2_top, out       |
| interface       | bram port=w                                  | s2_transformer_block/t_blk_s2_top.cpp:93 in transformer_blk_s2_top, w         |
| interface       | ap_ctrl_hs port=return                       | s2_transformer_block/t_blk_s2_top.cpp:94 in transformer_blk_s2_top, return    |
| bind_storage    | variable=attn_out type=RAM_T2P impl=BRAM     | s2_transformer_block/t_blk_s2_top.cpp:106 in transformer_blk_s2_top, attn_out |
| bind_storage    | variable=mlp_buf type=RAM_T2P impl=BRAM      | s2_transformer_block/t_blk_s2_top.cpp:107 in transformer_blk_s2_top, mlp_buf  |
| array_partition | variable=a_buf cyclic factor=5 dim=1         | s2_transformer_block/t_blk_s2_top.cpp:118 in transformer_blk_s2_top, a_buf    |
| dependence      | variable=a_buf inter false                   | s2_transformer_block/t_blk_s2_top.cpp:119 in transformer_blk_s2_top, a_buf    |
| array_partition | variable=x_buf cyclic factor=4 dim=1         | s2_transformer_block/t_blk_s2_top.cpp:124 in transformer_blk_s2_top, x_buf    |
| array_partition | variable=ln_buf cyclic factor=4 dim=1        | s2_transformer_block/t_blk_s2_top.cpp:125 in transformer_blk_s2_top, ln_buf   |
| array_partition | variable=q_buf cyclic factor=(144 / 4) dim=1 | s2_transformer_block/t_blk_s2_top.cpp:132 in transformer_blk_s2_top, q_buf    |
| array_partition | variable=k_buf cyclic factor=(144 / 4) dim=1 | s2_transformer_block/t_blk_s2_top.cpp:133 in transformer_blk_s2_top, k_buf    |
| array_partition | variable=v_buf cyclic factor=5 dim=1         | s2_transformer_block/t_blk_s2_top.cpp:142 in transformer_blk_s2_top, v_buf    |
| pipeline        | II=1                                         | s2_transformer_block/t_blk_s2_top.cpp:146 in transformer_blk_s2_top           |
| pipeline        | II=1                                         | s2_transformer_block/t_blk_s2_top.cpp:162 in transformer_blk_s2_top           |
| inline          |                                              | s2_transformer_block/t_blk_s2_utils.h:50 in silu_f                            |
| inline          |                                              | s2_transformer_block/t_blk_s2_utils.h:81 in layer_norm                        |
| array_partition | variable=mp complete dim=1                   | s2_transformer_block/t_blk_s2_utils.h:90 in layer_norm, mp                    |
| pipeline        | II=1                                         | s2_transformer_block/t_blk_s2_utils.h:93 in layer_norm                        |
| unroll          |                                              | s2_transformer_block/t_blk_s2_utils.h:96 in layer_norm                        |
| unroll          |                                              | s2_transformer_block/t_blk_s2_utils.h:104 in layer_norm                       |
| array_partition | variable=vp complete dim=1                   | s2_transformer_block/t_blk_s2_utils.h:111 in layer_norm, vp                   |
| pipeline        | II=1                                         | s2_transformer_block/t_blk_s2_utils.h:114 in layer_norm                       |
| unroll          |                                              | s2_transformer_block/t_blk_s2_utils.h:117 in layer_norm                       |
| unroll          |                                              | s2_transformer_block/t_blk_s2_utils.h:125 in layer_norm                       |
| pipeline        | II=1                                         | s2_transformer_block/t_blk_s2_utils.h:132 in layer_norm                       |
| inline          |                                              | s2_transformer_block/t_blk_s2_utils.h:161 in linear_f                         |
| pipeline        | II=1                                         | s2_transformer_block/t_blk_s2_utils.h:164 in linear_f                         |
| unroll          | factor=2                                     | s2_transformer_block/t_blk_s2_utils.h:169 in linear_f                         |
| inline          |                                              | s2_transformer_block/t_blk_s2_utils.h:194 in softmax_vec                      |
| pipeline        | II=1                                         | s2_transformer_block/t_blk_s2_utils.h:201 in softmax_vec                      |
| array_partition | variable=ex complete dim=1                   | s2_transformer_block/t_blk_s2_utils.h:207 in softmax_vec, ex                  |
| pipeline        | II=1                                         | s2_transformer_block/t_blk_s2_utils.h:209 in softmax_vec                      |
| array_partition | variable=sp complete dim=1                   | s2_transformer_block/t_blk_s2_utils.h:216 in softmax_vec, sp                  |
| pipeline        | II=1                                         | s2_transformer_block/t_blk_s2_utils.h:218 in softmax_vec                      |
| unroll          |                                              | s2_transformer_block/t_blk_s2_utils.h:221 in softmax_vec                      |
| unroll          |                                              | s2_transformer_block/t_blk_s2_utils.h:228 in softmax_vec                      |
| pipeline        | II=1                                         | s2_transformer_block/t_blk_s2_utils.h:234 in softmax_vec                      |
| inline          |                                              | s2_transformer_block/t_blk_s2_utils.h:251 in mhsa                             |
| pipeline        | II=1                                         | s2_transformer_block/t_blk_s2_utils.h:267 in mhsa                             |
| unroll          |                                              | s2_transformer_block/t_blk_s2_utils.h:270 in mhsa                             |
| pipeline        |                                              | s2_transformer_block/t_blk_s2_utils.h:289 in mhsa                             |
| dependence      | variable=a_buf inter false direction=RAW     | s2_transformer_block/t_blk_s2_utils.h:290 in mhsa, a_buf                      |
| array_partition | variable=op complete dim=1                   | s2_transformer_block/t_blk_s2_utils.h:303 in mhsa, op                         |
| pipeline        | II=1                                         | s2_transformer_block/t_blk_s2_utils.h:305 in mhsa                             |
| unroll          |                                              | s2_transformer_block/t_blk_s2_utils.h:308 in mhsa                             |
| unroll          |                                              | s2_transformer_block/t_blk_s2_utils.h:317 in mhsa                             |
| pipeline        | II=1                                         | s2_transformer_block/t_blk_s2_utils.h:327 in mhsa                             |
| inline          |                                              | s2_transformer_block/t_blk_s2_utils.h:337 in add_residual                     |
| pipeline        | II=1                                         | s2_transformer_block/t_blk_s2_utils.h:339 in add_residual                     |
+-----------------+----------------------------------------------+-------------------------------------------------------------------------------+


