

================================================================
== Vitis HLS Report for 'transformer_blk_s2_top_Pipeline_MHSA_QI_MHSA_KI'
================================================================
* Date:           Sun May 31 19:28:43 2026

* Version:        2022.2 (Build 3670227 on Oct 13 2022)
* Project:        s2_transformer_block
* Solution:       solution1 (Vivado IP Flow Target)
* Product family: zynquplus
* Target device:  xczu28dr-ffvg1517-2-e


================================================================
== Performance Estimates
================================================================
+ Timing: 
    * Summary: 
    +--------+---------+----------+------------+
    |  Clock |  Target | Estimated| Uncertainty|
    +--------+---------+----------+------------+
    |ap_clk  |  5.00 ns|  3.454 ns|     1.35 ns|
    +--------+---------+----------+------------+

+ Latency: 
    * Summary: 
    +---------+---------+----------+----------+--------+--------+---------+
    |  Latency (cycles) |  Latency (absolute) |     Interval    | Pipeline|
    |   min   |   max   |    min   |    max   |   min  |   max  |   Type  |
    +---------+---------+----------+----------+--------+--------+---------+
    |   160301|   160301|  0.802 ms|  0.802 ms|  160301|  160301|       no|
    +---------+---------+----------+----------+--------+--------+---------+

    + Detail: 
        * Instance: 
        N/A

        * Loop: 
        +-------------------+---------+---------+----------+-----------+-----------+--------+----------+
        |                   |  Latency (cycles) | Iteration|  Initiation Interval  |  Trip  |          |
        |     Loop Name     |   min   |   max   |  Latency |  achieved |   target  |  Count | Pipelined|
        +-------------------+---------+---------+----------+-----------+-----------+--------+----------+
        |- MHSA_QI_MHSA_KI  |   160299|   160299|       301|          1|          1|  160000|       yes|
        +-------------------+---------+---------+----------+-----------+-----------+--------+----------+



================================================================
== Utilization Estimates
================================================================
* Summary: 
+-----------------+---------+------+--------+--------+-----+
|       Name      | BRAM_18K|  DSP |   FF   |   LUT  | URAM|
+-----------------+---------+------+--------+--------+-----+
|DSP              |        -|     1|       -|       -|    -|
|Expression       |        -|     -|       0|     152|    -|
|FIFO             |        -|     -|       -|       -|    -|
|Instance         |        -|    99|    5218|    4935|    -|
|Memory           |        -|     -|       -|       -|    -|
|Multiplexer      |        -|     -|       -|      54|    -|
|Register         |        -|     -|    5647|     160|    -|
+-----------------+---------+------+--------+--------+-----+
|Total            |        0|   100|   10865|    5301|    0|
+-----------------+---------+------+--------+--------+-----+
|Available        |     2160|  4272|  850560|  425280|   80|
+-----------------+---------+------+--------+--------+-----+
|Utilization (%)  |        0|     2|       1|       1|    0|
+-----------------+---------+------+--------+--------+-----+

+ Detail: 
    * Instance: 
    +------------------------------------+-------------------------------+---------+----+-----+-----+-----+
    |              Instance              |             Module            | BRAM_18K| DSP|  FF | LUT | URAM|
    +------------------------------------+-------------------------------+---------+----+-----+-----+-----+
    |fmul_32ns_32ns_32_5_max_dsp_1_U279  |fmul_32ns_32ns_32_5_max_dsp_1  |        0|   3|  151|  145|    0|
    |fmul_32ns_32ns_32_5_max_dsp_1_U280  |fmul_32ns_32ns_32_5_max_dsp_1  |        0|   3|  151|  145|    0|
    |fmul_32ns_32ns_32_5_max_dsp_1_U281  |fmul_32ns_32ns_32_5_max_dsp_1  |        0|   3|  151|  145|    0|
    |fmul_32ns_32ns_32_5_max_dsp_1_U282  |fmul_32ns_32ns_32_5_max_dsp_1  |        0|   3|  151|  145|    0|
    |fmul_32ns_32ns_32_5_max_dsp_1_U283  |fmul_32ns_32ns_32_5_max_dsp_1  |        0|   3|  151|  145|    0|
    |fmul_32ns_32ns_32_5_max_dsp_1_U284  |fmul_32ns_32ns_32_5_max_dsp_1  |        0|   3|  151|  145|    0|
    |fmul_32ns_32ns_32_5_max_dsp_1_U285  |fmul_32ns_32ns_32_5_max_dsp_1  |        0|   3|  151|  145|    0|
    |fmul_32ns_32ns_32_5_max_dsp_1_U286  |fmul_32ns_32ns_32_5_max_dsp_1  |        0|   3|  151|  145|    0|
    |fmul_32ns_32ns_32_5_max_dsp_1_U287  |fmul_32ns_32ns_32_5_max_dsp_1  |        0|   3|  151|  145|    0|
    |fmul_32ns_32ns_32_5_max_dsp_1_U288  |fmul_32ns_32ns_32_5_max_dsp_1  |        0|   3|  151|  145|    0|
    |fmul_32ns_32ns_32_5_max_dsp_1_U289  |fmul_32ns_32ns_32_5_max_dsp_1  |        0|   3|  151|  145|    0|
    |fmul_32ns_32ns_32_5_max_dsp_1_U290  |fmul_32ns_32ns_32_5_max_dsp_1  |        0|   3|  151|  145|    0|
    |fmul_32ns_32ns_32_5_max_dsp_1_U291  |fmul_32ns_32ns_32_5_max_dsp_1  |        0|   3|  151|  145|    0|
    |fmul_32ns_32ns_32_5_max_dsp_1_U292  |fmul_32ns_32ns_32_5_max_dsp_1  |        0|   3|  151|  145|    0|
    |fmul_32ns_32ns_32_5_max_dsp_1_U293  |fmul_32ns_32ns_32_5_max_dsp_1  |        0|   3|  151|  145|    0|
    |fmul_32ns_32ns_32_5_max_dsp_1_U294  |fmul_32ns_32ns_32_5_max_dsp_1  |        0|   3|  151|  145|    0|
    |fmul_32ns_32ns_32_5_max_dsp_1_U295  |fmul_32ns_32ns_32_5_max_dsp_1  |        0|   3|  151|  145|    0|
    |fmul_32ns_32ns_32_5_max_dsp_1_U296  |fmul_32ns_32ns_32_5_max_dsp_1  |        0|   3|  151|  145|    0|
    |fmul_32ns_32ns_32_5_max_dsp_1_U297  |fmul_32ns_32ns_32_5_max_dsp_1  |        0|   3|  151|  145|    0|
    |fmul_32ns_32ns_32_5_max_dsp_1_U298  |fmul_32ns_32ns_32_5_max_dsp_1  |        0|   3|  151|  145|    0|
    |fmul_32ns_32ns_32_5_max_dsp_1_U299  |fmul_32ns_32ns_32_5_max_dsp_1  |        0|   3|  151|  145|    0|
    |fmul_32ns_32ns_32_5_max_dsp_1_U300  |fmul_32ns_32ns_32_5_max_dsp_1  |        0|   3|  151|  145|    0|
    |fmul_32ns_32ns_32_5_max_dsp_1_U301  |fmul_32ns_32ns_32_5_max_dsp_1  |        0|   3|  151|  145|    0|
    |fmul_32ns_32ns_32_5_max_dsp_1_U302  |fmul_32ns_32ns_32_5_max_dsp_1  |        0|   3|  151|  145|    0|
    |fmul_32ns_32ns_32_5_max_dsp_1_U303  |fmul_32ns_32ns_32_5_max_dsp_1  |        0|   3|  151|  145|    0|
    |fmul_32ns_32ns_32_5_max_dsp_1_U304  |fmul_32ns_32ns_32_5_max_dsp_1  |        0|   3|  151|  145|    0|
    |fmul_32ns_32ns_32_5_max_dsp_1_U305  |fmul_32ns_32ns_32_5_max_dsp_1  |        0|   3|  151|  145|    0|
    |fmul_32ns_32ns_32_5_max_dsp_1_U306  |fmul_32ns_32ns_32_5_max_dsp_1  |        0|   3|  151|  145|    0|
    |fmul_32ns_32ns_32_5_max_dsp_1_U307  |fmul_32ns_32ns_32_5_max_dsp_1  |        0|   3|  151|  145|    0|
    |fmul_32ns_32ns_32_5_max_dsp_1_U308  |fmul_32ns_32ns_32_5_max_dsp_1  |        0|   3|  151|  145|    0|
    |fmul_32ns_32ns_32_5_max_dsp_1_U309  |fmul_32ns_32ns_32_5_max_dsp_1  |        0|   3|  151|  145|    0|
    |fmul_32ns_32ns_32_5_max_dsp_1_U310  |fmul_32ns_32ns_32_5_max_dsp_1  |        0|   3|  151|  145|    0|
    |fmul_32ns_32ns_32_5_max_dsp_1_U311  |fmul_32ns_32ns_32_5_max_dsp_1  |        0|   3|  151|  145|    0|
    |urem_9ns_4ns_3_13_1_U312            |urem_9ns_4ns_3_13_1            |        0|   0|  235|  150|    0|
    +------------------------------------+-------------------------------+---------+----+-----+-----+-----+
    |Total                               |                               |        0|  99| 5218| 4935|    0|
    +------------------------------------+-------------------------------+---------+----+-----+-----+-----+

    * DSP: 
    +------------------------------+-------------------------+-----------+
    |           Instance           |          Module         | Expression|
    +------------------------------+-------------------------+-----------+
    |mul_mul_9ns_10ns_19_4_1_U313  |mul_mul_9ns_10ns_19_4_1  |    i0 * i1|
    +------------------------------+-------------------------+-----------+

    * Memory: 
    N/A

    * FIFO: 
    N/A

    * Expression: 
    +---------------------------+----------+----+---+----+------------+------------+
    |       Variable Name       | Operation| DSP| FF| LUT| Bitwidth P0| Bitwidth P1|
    +---------------------------+----------+----+---+----+------------+------------+
    |add_ln265_1_fu_1585_p2     |         +|   0|  0|  16|           9|           1|
    |add_ln265_fu_1562_p2       |         +|   0|  0|  25|          18|           1|
    |add_ln266_fu_1641_p2       |         +|   0|  0|  16|           9|           1|
    |add_ln274_1_fu_1689_p2     |         +|   0|  0|  20|          13|          13|
    |add_ln274_fu_1699_p2       |         +|   0|  0|  22|          15|          15|
    |icmp_ln265_fu_1556_p2      |      icmp|   0|  0|  13|          18|          18|
    |icmp_ln266_fu_1571_p2      |      icmp|   0|  0|  11|           9|           8|
    |select_ln265_2_fu_1591_p3  |    select|   0|  0|   9|           1|           9|
    |select_ln265_3_fu_1611_p3  |    select|   0|  0|   9|           1|           9|
    |select_ln265_fu_1577_p3    |    select|   0|  0|   9|           1|           1|
    |ap_enable_pp0              |       xor|   0|  0|   2|           1|           2|
    +---------------------------+----------+----+---+----+------------+------------+
    |Total                      |          |   0|  0| 152|          95|          78|
    +---------------------------+----------+----+---+----+------------+------------+

    * Multiplexer: 
    +--------------------------+----+-----------+-----+-----------+
    |           Name           | LUT| Input Size| Bits| Total Bits|
    +--------------------------+----+-----------+-----+-----------+
    |ap_done_int               |   9|          2|    1|          2|
    |ap_enable_reg_pp0_iter1   |   9|          2|    1|          2|
    |ap_enable_reg_pp0_iter2   |   9|          2|    1|          2|
    |indvar_flatten841_fu_230  |   9|          2|   18|         36|
    |ki_fu_222                 |   9|          2|    9|         18|
    |qi_fu_226                 |   9|          2|    9|         18|
    +--------------------------+----+-----------+-----+-----------+
    |Total                     |  54|         12|   39|         78|
    +--------------------------+----+-----------+-----+-----------+

    * Register: 
    +-----------------------------------------------------------------------------+----+----+-----+-----------+
    |                                     Name                                    | FF | LUT| Bits| Const Bits|
    +-----------------------------------------------------------------------------+----+----+-----+-----------+
    |add_ln274_reg_1869                                                           |  15|   0|   15|          0|
    |ap_CS_fsm                                                                    |   1|   0|    1|          0|
    |ap_done_reg                                                                  |   1|   0|    1|          0|
    |ap_enable_reg_pp0_iter1                                                      |   1|   0|    1|          0|
    |ap_enable_reg_pp0_iter10                                                     |   1|   0|    1|          0|
    |ap_enable_reg_pp0_iter100                                                    |   1|   0|    1|          0|
    |ap_enable_reg_pp0_iter101                                                    |   1|   0|    1|          0|
    |ap_enable_reg_pp0_iter102                                                    |   1|   0|    1|          0|
    |ap_enable_reg_pp0_iter103                                                    |   1|   0|    1|          0|
    |ap_enable_reg_pp0_iter104                                                    |   1|   0|    1|          0|
    |ap_enable_reg_pp0_iter105                                                    |   1|   0|    1|          0|
    |ap_enable_reg_pp0_iter106                                                    |   1|   0|    1|          0|
    |ap_enable_reg_pp0_iter107                                                    |   1|   0|    1|          0|
    |ap_enable_reg_pp0_iter108                                                    |   1|   0|    1|          0|
    |ap_enable_reg_pp0_iter109                                                    |   1|   0|    1|          0|
    |ap_enable_reg_pp0_iter11                                                     |   1|   0|    1|          0|
    |ap_enable_reg_pp0_iter110                                                    |   1|   0|    1|          0|
    |ap_enable_reg_pp0_iter111                                                    |   1|   0|    1|          0|
    |ap_enable_reg_pp0_iter112                                                    |   1|   0|    1|          0|
    |ap_enable_reg_pp0_iter113                                                    |   1|   0|    1|          0|
    |ap_enable_reg_pp0_iter114                                                    |   1|   0|    1|          0|
    |ap_enable_reg_pp0_iter115                                                    |   1|   0|    1|          0|
    |ap_enable_reg_pp0_iter116                                                    |   1|   0|    1|          0|
    |ap_enable_reg_pp0_iter117                                                    |   1|   0|    1|          0|
    |ap_enable_reg_pp0_iter118                                                    |   1|   0|    1|          0|
    |ap_enable_reg_pp0_iter119                                                    |   1|   0|    1|          0|
    |ap_enable_reg_pp0_iter12                                                     |   1|   0|    1|          0|
    |ap_enable_reg_pp0_iter120                                                    |   1|   0|    1|          0|
    |ap_enable_reg_pp0_iter121                                                    |   1|   0|    1|          0|
    |ap_enable_reg_pp0_iter122                                                    |   1|   0|    1|          0|
    |ap_enable_reg_pp0_iter123                                                    |   1|   0|    1|          0|
    |ap_enable_reg_pp0_iter124                                                    |   1|   0|    1|          0|
    |ap_enable_reg_pp0_iter125                                                    |   1|   0|    1|          0|
    |ap_enable_reg_pp0_iter126                                                    |   1|   0|    1|          0|
    |ap_enable_reg_pp0_iter127                                                    |   1|   0|    1|          0|
    |ap_enable_reg_pp0_iter128                                                    |   1|   0|    1|          0|
    |ap_enable_reg_pp0_iter129                                                    |   1|   0|    1|          0|
    |ap_enable_reg_pp0_iter13                                                     |   1|   0|    1|          0|
    |ap_enable_reg_pp0_iter130                                                    |   1|   0|    1|          0|
    |ap_enable_reg_pp0_iter131                                                    |   1|   0|    1|          0|
    |ap_enable_reg_pp0_iter132                                                    |   1|   0|    1|          0|
    |ap_enable_reg_pp0_iter133                                                    |   1|   0|    1|          0|
    |ap_enable_reg_pp0_iter134                                                    |   1|   0|    1|          0|
    |ap_enable_reg_pp0_iter135                                                    |   1|   0|    1|          0|
    |ap_enable_reg_pp0_iter136                                                    |   1|   0|    1|          0|
    |ap_enable_reg_pp0_iter137                                                    |   1|   0|    1|          0|
    |ap_enable_reg_pp0_iter138                                                    |   1|   0|    1|          0|
    |ap_enable_reg_pp0_iter139                                                    |   1|   0|    1|          0|
    |ap_enable_reg_pp0_iter14                                                     |   1|   0|    1|          0|
    |ap_enable_reg_pp0_iter140                                                    |   1|   0|    1|          0|
    |ap_enable_reg_pp0_iter141                                                    |   1|   0|    1|          0|
    |ap_enable_reg_pp0_iter142                                                    |   1|   0|    1|          0|
    |ap_enable_reg_pp0_iter143                                                    |   1|   0|    1|          0|
    |ap_enable_reg_pp0_iter144                                                    |   1|   0|    1|          0|
    |ap_enable_reg_pp0_iter145                                                    |   1|   0|    1|          0|
    |ap_enable_reg_pp0_iter146                                                    |   1|   0|    1|          0|
    |ap_enable_reg_pp0_iter147                                                    |   1|   0|    1|          0|
    |ap_enable_reg_pp0_iter148                                                    |   1|   0|    1|          0|
    |ap_enable_reg_pp0_iter149                                                    |   1|   0|    1|          0|
    |ap_enable_reg_pp0_iter15                                                     |   1|   0|    1|          0|
    |ap_enable_reg_pp0_iter150                                                    |   1|   0|    1|          0|
    |ap_enable_reg_pp0_iter151                                                    |   1|   0|    1|          0|
    |ap_enable_reg_pp0_iter152                                                    |   1|   0|    1|          0|
    |ap_enable_reg_pp0_iter153                                                    |   1|   0|    1|          0|
    |ap_enable_reg_pp0_iter154                                                    |   1|   0|    1|          0|
    |ap_enable_reg_pp0_iter155                                                    |   1|   0|    1|          0|
    |ap_enable_reg_pp0_iter156                                                    |   1|   0|    1|          0|
    |ap_enable_reg_pp0_iter157                                                    |   1|   0|    1|          0|
    |ap_enable_reg_pp0_iter158                                                    |   1|   0|    1|          0|
    |ap_enable_reg_pp0_iter159                                                    |   1|   0|    1|          0|
    |ap_enable_reg_pp0_iter16                                                     |   1|   0|    1|          0|
    |ap_enable_reg_pp0_iter160                                                    |   1|   0|    1|          0|
    |ap_enable_reg_pp0_iter161                                                    |   1|   0|    1|          0|
    |ap_enable_reg_pp0_iter162                                                    |   1|   0|    1|          0|
    |ap_enable_reg_pp0_iter163                                                    |   1|   0|    1|          0|
    |ap_enable_reg_pp0_iter164                                                    |   1|   0|    1|          0|
    |ap_enable_reg_pp0_iter165                                                    |   1|   0|    1|          0|
    |ap_enable_reg_pp0_iter166                                                    |   1|   0|    1|          0|
    |ap_enable_reg_pp0_iter167                                                    |   1|   0|    1|          0|
    |ap_enable_reg_pp0_iter168                                                    |   1|   0|    1|          0|
    |ap_enable_reg_pp0_iter169                                                    |   1|   0|    1|          0|
    |ap_enable_reg_pp0_iter17                                                     |   1|   0|    1|          0|
    |ap_enable_reg_pp0_iter170                                                    |   1|   0|    1|          0|
    |ap_enable_reg_pp0_iter171                                                    |   1|   0|    1|          0|
    |ap_enable_reg_pp0_iter172                                                    |   1|   0|    1|          0|
    |ap_enable_reg_pp0_iter173                                                    |   1|   0|    1|          0|
    |ap_enable_reg_pp0_iter174                                                    |   1|   0|    1|          0|
    |ap_enable_reg_pp0_iter175                                                    |   1|   0|    1|          0|
    |ap_enable_reg_pp0_iter176                                                    |   1|   0|    1|          0|
    |ap_enable_reg_pp0_iter177                                                    |   1|   0|    1|          0|
    |ap_enable_reg_pp0_iter178                                                    |   1|   0|    1|          0|
    |ap_enable_reg_pp0_iter179                                                    |   1|   0|    1|          0|
    |ap_enable_reg_pp0_iter18                                                     |   1|   0|    1|          0|
    |ap_enable_reg_pp0_iter180                                                    |   1|   0|    1|          0|
    |ap_enable_reg_pp0_iter181                                                    |   1|   0|    1|          0|
    |ap_enable_reg_pp0_iter182                                                    |   1|   0|    1|          0|
    |ap_enable_reg_pp0_iter183                                                    |   1|   0|    1|          0|
    |ap_enable_reg_pp0_iter184                                                    |   1|   0|    1|          0|
    |ap_enable_reg_pp0_iter185                                                    |   1|   0|    1|          0|
    |ap_enable_reg_pp0_iter186                                                    |   1|   0|    1|          0|
    |ap_enable_reg_pp0_iter187                                                    |   1|   0|    1|          0|
    |ap_enable_reg_pp0_iter188                                                    |   1|   0|    1|          0|
    |ap_enable_reg_pp0_iter189                                                    |   1|   0|    1|          0|
    |ap_enable_reg_pp0_iter19                                                     |   1|   0|    1|          0|
    |ap_enable_reg_pp0_iter190                                                    |   1|   0|    1|          0|
    |ap_enable_reg_pp0_iter191                                                    |   1|   0|    1|          0|
    |ap_enable_reg_pp0_iter192                                                    |   1|   0|    1|          0|
    |ap_enable_reg_pp0_iter193                                                    |   1|   0|    1|          0|
    |ap_enable_reg_pp0_iter194                                                    |   1|   0|    1|          0|
    |ap_enable_reg_pp0_iter195                                                    |   1|   0|    1|          0|
    |ap_enable_reg_pp0_iter196                                                    |   1|   0|    1|          0|
    |ap_enable_reg_pp0_iter197                                                    |   1|   0|    1|          0|
    |ap_enable_reg_pp0_iter198                                                    |   1|   0|    1|          0|
    |ap_enable_reg_pp0_iter199                                                    |   1|   0|    1|          0|
    |ap_enable_reg_pp0_iter2                                                      |   1|   0|    1|          0|
    |ap_enable_reg_pp0_iter20                                                     |   1|   0|    1|          0|
    |ap_enable_reg_pp0_iter200                                                    |   1|   0|    1|          0|
    |ap_enable_reg_pp0_iter201                                                    |   1|   0|    1|          0|
    |ap_enable_reg_pp0_iter202                                                    |   1|   0|    1|          0|
    |ap_enable_reg_pp0_iter203                                                    |   1|   0|    1|          0|
    |ap_enable_reg_pp0_iter204                                                    |   1|   0|    1|          0|
    |ap_enable_reg_pp0_iter205                                                    |   1|   0|    1|          0|
    |ap_enable_reg_pp0_iter206                                                    |   1|   0|    1|          0|
    |ap_enable_reg_pp0_iter207                                                    |   1|   0|    1|          0|
    |ap_enable_reg_pp0_iter208                                                    |   1|   0|    1|          0|
    |ap_enable_reg_pp0_iter209                                                    |   1|   0|    1|          0|
    |ap_enable_reg_pp0_iter21                                                     |   1|   0|    1|          0|
    |ap_enable_reg_pp0_iter210                                                    |   1|   0|    1|          0|
    |ap_enable_reg_pp0_iter211                                                    |   1|   0|    1|          0|
    |ap_enable_reg_pp0_iter212                                                    |   1|   0|    1|          0|
    |ap_enable_reg_pp0_iter213                                                    |   1|   0|    1|          0|
    |ap_enable_reg_pp0_iter214                                                    |   1|   0|    1|          0|
    |ap_enable_reg_pp0_iter215                                                    |   1|   0|    1|          0|
    |ap_enable_reg_pp0_iter216                                                    |   1|   0|    1|          0|
    |ap_enable_reg_pp0_iter217                                                    |   1|   0|    1|          0|
    |ap_enable_reg_pp0_iter218                                                    |   1|   0|    1|          0|
    |ap_enable_reg_pp0_iter219                                                    |   1|   0|    1|          0|
    |ap_enable_reg_pp0_iter22                                                     |   1|   0|    1|          0|
    |ap_enable_reg_pp0_iter220                                                    |   1|   0|    1|          0|
    |ap_enable_reg_pp0_iter221                                                    |   1|   0|    1|          0|
    |ap_enable_reg_pp0_iter222                                                    |   1|   0|    1|          0|
    |ap_enable_reg_pp0_iter223                                                    |   1|   0|    1|          0|
    |ap_enable_reg_pp0_iter224                                                    |   1|   0|    1|          0|
    |ap_enable_reg_pp0_iter225                                                    |   1|   0|    1|          0|
    |ap_enable_reg_pp0_iter226                                                    |   1|   0|    1|          0|
    |ap_enable_reg_pp0_iter227                                                    |   1|   0|    1|          0|
    |ap_enable_reg_pp0_iter228                                                    |   1|   0|    1|          0|
    |ap_enable_reg_pp0_iter229                                                    |   1|   0|    1|          0|
    |ap_enable_reg_pp0_iter23                                                     |   1|   0|    1|          0|
    |ap_enable_reg_pp0_iter230                                                    |   1|   0|    1|          0|
    |ap_enable_reg_pp0_iter231                                                    |   1|   0|    1|          0|
    |ap_enable_reg_pp0_iter232                                                    |   1|   0|    1|          0|
    |ap_enable_reg_pp0_iter233                                                    |   1|   0|    1|          0|
    |ap_enable_reg_pp0_iter234                                                    |   1|   0|    1|          0|
    |ap_enable_reg_pp0_iter235                                                    |   1|   0|    1|          0|
    |ap_enable_reg_pp0_iter236                                                    |   1|   0|    1|          0|
    |ap_enable_reg_pp0_iter237                                                    |   1|   0|    1|          0|
    |ap_enable_reg_pp0_iter238                                                    |   1|   0|    1|          0|
    |ap_enable_reg_pp0_iter239                                                    |   1|   0|    1|          0|
    |ap_enable_reg_pp0_iter24                                                     |   1|   0|    1|          0|
    |ap_enable_reg_pp0_iter240                                                    |   1|   0|    1|          0|
    |ap_enable_reg_pp0_iter241                                                    |   1|   0|    1|          0|
    |ap_enable_reg_pp0_iter242                                                    |   1|   0|    1|          0|
    |ap_enable_reg_pp0_iter243                                                    |   1|   0|    1|          0|
    |ap_enable_reg_pp0_iter244                                                    |   1|   0|    1|          0|
    |ap_enable_reg_pp0_iter245                                                    |   1|   0|    1|          0|
    |ap_enable_reg_pp0_iter246                                                    |   1|   0|    1|          0|
    |ap_enable_reg_pp0_iter247                                                    |   1|   0|    1|          0|
    |ap_enable_reg_pp0_iter248                                                    |   1|   0|    1|          0|
    |ap_enable_reg_pp0_iter249                                                    |   1|   0|    1|          0|
    |ap_enable_reg_pp0_iter25                                                     |   1|   0|    1|          0|
    |ap_enable_reg_pp0_iter250                                                    |   1|   0|    1|          0|
    |ap_enable_reg_pp0_iter251                                                    |   1|   0|    1|          0|
    |ap_enable_reg_pp0_iter252                                                    |   1|   0|    1|          0|
    |ap_enable_reg_pp0_iter253                                                    |   1|   0|    1|          0|
    |ap_enable_reg_pp0_iter254                                                    |   1|   0|    1|          0|
    |ap_enable_reg_pp0_iter255                                                    |   1|   0|    1|          0|
    |ap_enable_reg_pp0_iter256                                                    |   1|   0|    1|          0|
    |ap_enable_reg_pp0_iter257                                                    |   1|   0|    1|          0|
    |ap_enable_reg_pp0_iter258                                                    |   1|   0|    1|          0|
    |ap_enable_reg_pp0_iter259                                                    |   1|   0|    1|          0|
    |ap_enable_reg_pp0_iter26                                                     |   1|   0|    1|          0|
    |ap_enable_reg_pp0_iter260                                                    |   1|   0|    1|          0|
    |ap_enable_reg_pp0_iter261                                                    |   1|   0|    1|          0|
    |ap_enable_reg_pp0_iter262                                                    |   1|   0|    1|          0|
    |ap_enable_reg_pp0_iter263                                                    |   1|   0|    1|          0|
    |ap_enable_reg_pp0_iter264                                                    |   1|   0|    1|          0|
    |ap_enable_reg_pp0_iter265                                                    |   1|   0|    1|          0|
    |ap_enable_reg_pp0_iter266                                                    |   1|   0|    1|          0|
    |ap_enable_reg_pp0_iter267                                                    |   1|   0|    1|          0|
    |ap_enable_reg_pp0_iter268                                                    |   1|   0|    1|          0|
    |ap_enable_reg_pp0_iter269                                                    |   1|   0|    1|          0|
    |ap_enable_reg_pp0_iter27                                                     |   1|   0|    1|          0|
    |ap_enable_reg_pp0_iter270                                                    |   1|   0|    1|          0|
    |ap_enable_reg_pp0_iter271                                                    |   1|   0|    1|          0|
    |ap_enable_reg_pp0_iter272                                                    |   1|   0|    1|          0|
    |ap_enable_reg_pp0_iter273                                                    |   1|   0|    1|          0|
    |ap_enable_reg_pp0_iter274                                                    |   1|   0|    1|          0|
    |ap_enable_reg_pp0_iter275                                                    |   1|   0|    1|          0|
    |ap_enable_reg_pp0_iter276                                                    |   1|   0|    1|          0|
    |ap_enable_reg_pp0_iter277                                                    |   1|   0|    1|          0|
    |ap_enable_reg_pp0_iter278                                                    |   1|   0|    1|          0|
    |ap_enable_reg_pp0_iter279                                                    |   1|   0|    1|          0|
    |ap_enable_reg_pp0_iter28                                                     |   1|   0|    1|          0|
    |ap_enable_reg_pp0_iter280                                                    |   1|   0|    1|          0|
    |ap_enable_reg_pp0_iter281                                                    |   1|   0|    1|          0|
    |ap_enable_reg_pp0_iter282                                                    |   1|   0|    1|          0|
    |ap_enable_reg_pp0_iter283                                                    |   1|   0|    1|          0|
    |ap_enable_reg_pp0_iter284                                                    |   1|   0|    1|          0|
    |ap_enable_reg_pp0_iter285                                                    |   1|   0|    1|          0|
    |ap_enable_reg_pp0_iter286                                                    |   1|   0|    1|          0|
    |ap_enable_reg_pp0_iter287                                                    |   1|   0|    1|          0|
    |ap_enable_reg_pp0_iter288                                                    |   1|   0|    1|          0|
    |ap_enable_reg_pp0_iter289                                                    |   1|   0|    1|          0|
    |ap_enable_reg_pp0_iter29                                                     |   1|   0|    1|          0|
    |ap_enable_reg_pp0_iter290                                                    |   1|   0|    1|          0|
    |ap_enable_reg_pp0_iter291                                                    |   1|   0|    1|          0|
    |ap_enable_reg_pp0_iter292                                                    |   1|   0|    1|          0|
    |ap_enable_reg_pp0_iter293                                                    |   1|   0|    1|          0|
    |ap_enable_reg_pp0_iter294                                                    |   1|   0|    1|          0|
    |ap_enable_reg_pp0_iter295                                                    |   1|   0|    1|          0|
    |ap_enable_reg_pp0_iter296                                                    |   1|   0|    1|          0|
    |ap_enable_reg_pp0_iter297                                                    |   1|   0|    1|          0|
    |ap_enable_reg_pp0_iter298                                                    |   1|   0|    1|          0|
    |ap_enable_reg_pp0_iter299                                                    |   1|   0|    1|          0|
    |ap_enable_reg_pp0_iter3                                                      |   1|   0|    1|          0|
    |ap_enable_reg_pp0_iter30                                                     |   1|   0|    1|          0|
    |ap_enable_reg_pp0_iter300                                                    |   1|   0|    1|          0|
    |ap_enable_reg_pp0_iter301                                                    |   1|   0|    1|          0|
    |ap_enable_reg_pp0_iter31                                                     |   1|   0|    1|          0|
    |ap_enable_reg_pp0_iter32                                                     |   1|   0|    1|          0|
    |ap_enable_reg_pp0_iter33                                                     |   1|   0|    1|          0|
    |ap_enable_reg_pp0_iter34                                                     |   1|   0|    1|          0|
    |ap_enable_reg_pp0_iter35                                                     |   1|   0|    1|          0|
    |ap_enable_reg_pp0_iter36                                                     |   1|   0|    1|          0|
    |ap_enable_reg_pp0_iter37                                                     |   1|   0|    1|          0|
    |ap_enable_reg_pp0_iter38                                                     |   1|   0|    1|          0|
    |ap_enable_reg_pp0_iter39                                                     |   1|   0|    1|          0|
    |ap_enable_reg_pp0_iter4                                                      |   1|   0|    1|          0|
    |ap_enable_reg_pp0_iter40                                                     |   1|   0|    1|          0|
    |ap_enable_reg_pp0_iter41                                                     |   1|   0|    1|          0|
    |ap_enable_reg_pp0_iter42                                                     |   1|   0|    1|          0|
    |ap_enable_reg_pp0_iter43                                                     |   1|   0|    1|          0|
    |ap_enable_reg_pp0_iter44                                                     |   1|   0|    1|          0|
    |ap_enable_reg_pp0_iter45                                                     |   1|   0|    1|          0|
    |ap_enable_reg_pp0_iter46                                                     |   1|   0|    1|          0|
    |ap_enable_reg_pp0_iter47                                                     |   1|   0|    1|          0|
    |ap_enable_reg_pp0_iter48                                                     |   1|   0|    1|          0|
    |ap_enable_reg_pp0_iter49                                                     |   1|   0|    1|          0|
    |ap_enable_reg_pp0_iter5                                                      |   1|   0|    1|          0|
    |ap_enable_reg_pp0_iter50                                                     |   1|   0|    1|          0|
    |ap_enable_reg_pp0_iter51                                                     |   1|   0|    1|          0|
    |ap_enable_reg_pp0_iter52                                                     |   1|   0|    1|          0|
    |ap_enable_reg_pp0_iter53                                                     |   1|   0|    1|          0|
    |ap_enable_reg_pp0_iter54                                                     |   1|   0|    1|          0|
    |ap_enable_reg_pp0_iter55                                                     |   1|   0|    1|          0|
    |ap_enable_reg_pp0_iter56                                                     |   1|   0|    1|          0|
    |ap_enable_reg_pp0_iter57                                                     |   1|   0|    1|          0|
    |ap_enable_reg_pp0_iter58                                                     |   1|   0|    1|          0|
    |ap_enable_reg_pp0_iter59                                                     |   1|   0|    1|          0|
    |ap_enable_reg_pp0_iter6                                                      |   1|   0|    1|          0|
    |ap_enable_reg_pp0_iter60                                                     |   1|   0|    1|          0|
    |ap_enable_reg_pp0_iter61                                                     |   1|   0|    1|          0|
    |ap_enable_reg_pp0_iter62                                                     |   1|   0|    1|          0|
    |ap_enable_reg_pp0_iter63                                                     |   1|   0|    1|          0|
    |ap_enable_reg_pp0_iter64                                                     |   1|   0|    1|          0|
    |ap_enable_reg_pp0_iter65                                                     |   1|   0|    1|          0|
    |ap_enable_reg_pp0_iter66                                                     |   1|   0|    1|          0|
    |ap_enable_reg_pp0_iter67                                                     |   1|   0|    1|          0|
    |ap_enable_reg_pp0_iter68                                                     |   1|   0|    1|          0|
    |ap_enable_reg_pp0_iter69                                                     |   1|   0|    1|          0|
    |ap_enable_reg_pp0_iter7                                                      |   1|   0|    1|          0|
    |ap_enable_reg_pp0_iter70                                                     |   1|   0|    1|          0|
    |ap_enable_reg_pp0_iter71                                                     |   1|   0|    1|          0|
    |ap_enable_reg_pp0_iter72                                                     |   1|   0|    1|          0|
    |ap_enable_reg_pp0_iter73                                                     |   1|   0|    1|          0|
    |ap_enable_reg_pp0_iter74                                                     |   1|   0|    1|          0|
    |ap_enable_reg_pp0_iter75                                                     |   1|   0|    1|          0|
    |ap_enable_reg_pp0_iter76                                                     |   1|   0|    1|          0|
    |ap_enable_reg_pp0_iter77                                                     |   1|   0|    1|          0|
    |ap_enable_reg_pp0_iter78                                                     |   1|   0|    1|          0|
    |ap_enable_reg_pp0_iter79                                                     |   1|   0|    1|          0|
    |ap_enable_reg_pp0_iter8                                                      |   1|   0|    1|          0|
    |ap_enable_reg_pp0_iter80                                                     |   1|   0|    1|          0|
    |ap_enable_reg_pp0_iter81                                                     |   1|   0|    1|          0|
    |ap_enable_reg_pp0_iter82                                                     |   1|   0|    1|          0|
    |ap_enable_reg_pp0_iter83                                                     |   1|   0|    1|          0|
    |ap_enable_reg_pp0_iter84                                                     |   1|   0|    1|          0|
    |ap_enable_reg_pp0_iter85                                                     |   1|   0|    1|          0|
    |ap_enable_reg_pp0_iter86                                                     |   1|   0|    1|          0|
    |ap_enable_reg_pp0_iter87                                                     |   1|   0|    1|          0|
    |ap_enable_reg_pp0_iter88                                                     |   1|   0|    1|          0|
    |ap_enable_reg_pp0_iter89                                                     |   1|   0|    1|          0|
    |ap_enable_reg_pp0_iter9                                                      |   1|   0|    1|          0|
    |ap_enable_reg_pp0_iter90                                                     |   1|   0|    1|          0|
    |ap_enable_reg_pp0_iter91                                                     |   1|   0|    1|          0|
    |ap_enable_reg_pp0_iter92                                                     |   1|   0|    1|          0|
    |ap_enable_reg_pp0_iter93                                                     |   1|   0|    1|          0|
    |ap_enable_reg_pp0_iter94                                                     |   1|   0|    1|          0|
    |ap_enable_reg_pp0_iter95                                                     |   1|   0|    1|          0|
    |ap_enable_reg_pp0_iter96                                                     |   1|   0|    1|          0|
    |ap_enable_reg_pp0_iter97                                                     |   1|   0|    1|          0|
    |ap_enable_reg_pp0_iter98                                                     |   1|   0|    1|          0|
    |ap_enable_reg_pp0_iter99                                                     |   1|   0|    1|          0|
    |ap_loop_exit_ready_pp0_iter100_reg                                           |   1|   0|    1|          0|
    |ap_loop_exit_ready_pp0_iter101_reg                                           |   1|   0|    1|          0|
    |ap_loop_exit_ready_pp0_iter102_reg                                           |   1|   0|    1|          0|
    |ap_loop_exit_ready_pp0_iter103_reg                                           |   1|   0|    1|          0|
    |ap_loop_exit_ready_pp0_iter104_reg                                           |   1|   0|    1|          0|
    |ap_loop_exit_ready_pp0_iter105_reg                                           |   1|   0|    1|          0|
    |ap_loop_exit_ready_pp0_iter106_reg                                           |   1|   0|    1|          0|
    |ap_loop_exit_ready_pp0_iter107_reg                                           |   1|   0|    1|          0|
    |ap_loop_exit_ready_pp0_iter108_reg                                           |   1|   0|    1|          0|
    |ap_loop_exit_ready_pp0_iter109_reg                                           |   1|   0|    1|          0|
    |ap_loop_exit_ready_pp0_iter10_reg                                            |   1|   0|    1|          0|
    |ap_loop_exit_ready_pp0_iter110_reg                                           |   1|   0|    1|          0|
    |ap_loop_exit_ready_pp0_iter111_reg                                           |   1|   0|    1|          0|
    |ap_loop_exit_ready_pp0_iter112_reg                                           |   1|   0|    1|          0|
    |ap_loop_exit_ready_pp0_iter113_reg                                           |   1|   0|    1|          0|
    |ap_loop_exit_ready_pp0_iter114_reg                                           |   1|   0|    1|          0|
    |ap_loop_exit_ready_pp0_iter115_reg                                           |   1|   0|    1|          0|
    |ap_loop_exit_ready_pp0_iter116_reg                                           |   1|   0|    1|          0|
    |ap_loop_exit_ready_pp0_iter117_reg                                           |   1|   0|    1|          0|
    |ap_loop_exit_ready_pp0_iter118_reg                                           |   1|   0|    1|          0|
    |ap_loop_exit_ready_pp0_iter119_reg                                           |   1|   0|    1|          0|
    |ap_loop_exit_ready_pp0_iter11_reg                                            |   1|   0|    1|          0|
    |ap_loop_exit_ready_pp0_iter120_reg                                           |   1|   0|    1|          0|
    |ap_loop_exit_ready_pp0_iter121_reg                                           |   1|   0|    1|          0|
    |ap_loop_exit_ready_pp0_iter122_reg                                           |   1|   0|    1|          0|
    |ap_loop_exit_ready_pp0_iter123_reg                                           |   1|   0|    1|          0|
    |ap_loop_exit_ready_pp0_iter124_reg                                           |   1|   0|    1|          0|
    |ap_loop_exit_ready_pp0_iter125_reg                                           |   1|   0|    1|          0|
    |ap_loop_exit_ready_pp0_iter126_reg                                           |   1|   0|    1|          0|
    |ap_loop_exit_ready_pp0_iter127_reg                                           |   1|   0|    1|          0|
    |ap_loop_exit_ready_pp0_iter128_reg                                           |   1|   0|    1|          0|
    |ap_loop_exit_ready_pp0_iter129_reg                                           |   1|   0|    1|          0|
    |ap_loop_exit_ready_pp0_iter12_reg                                            |   1|   0|    1|          0|
    |ap_loop_exit_ready_pp0_iter130_reg                                           |   1|   0|    1|          0|
    |ap_loop_exit_ready_pp0_iter131_reg                                           |   1|   0|    1|          0|
    |ap_loop_exit_ready_pp0_iter132_reg                                           |   1|   0|    1|          0|
    |ap_loop_exit_ready_pp0_iter133_reg                                           |   1|   0|    1|          0|
    |ap_loop_exit_ready_pp0_iter134_reg                                           |   1|   0|    1|          0|
    |ap_loop_exit_ready_pp0_iter135_reg                                           |   1|   0|    1|          0|
    |ap_loop_exit_ready_pp0_iter136_reg                                           |   1|   0|    1|          0|
    |ap_loop_exit_ready_pp0_iter137_reg                                           |   1|   0|    1|          0|
    |ap_loop_exit_ready_pp0_iter138_reg                                           |   1|   0|    1|          0|
    |ap_loop_exit_ready_pp0_iter139_reg                                           |   1|   0|    1|          0|
    |ap_loop_exit_ready_pp0_iter13_reg                                            |   1|   0|    1|          0|
    |ap_loop_exit_ready_pp0_iter140_reg                                           |   1|   0|    1|          0|
    |ap_loop_exit_ready_pp0_iter141_reg                                           |   1|   0|    1|          0|
    |ap_loop_exit_ready_pp0_iter142_reg                                           |   1|   0|    1|          0|
    |ap_loop_exit_ready_pp0_iter143_reg                                           |   1|   0|    1|          0|
    |ap_loop_exit_ready_pp0_iter144_reg                                           |   1|   0|    1|          0|
    |ap_loop_exit_ready_pp0_iter145_reg                                           |   1|   0|    1|          0|
    |ap_loop_exit_ready_pp0_iter146_reg                                           |   1|   0|    1|          0|
    |ap_loop_exit_ready_pp0_iter147_reg                                           |   1|   0|    1|          0|
    |ap_loop_exit_ready_pp0_iter148_reg                                           |   1|   0|    1|          0|
    |ap_loop_exit_ready_pp0_iter149_reg                                           |   1|   0|    1|          0|
    |ap_loop_exit_ready_pp0_iter14_reg                                            |   1|   0|    1|          0|
    |ap_loop_exit_ready_pp0_iter150_reg                                           |   1|   0|    1|          0|
    |ap_loop_exit_ready_pp0_iter151_reg                                           |   1|   0|    1|          0|
    |ap_loop_exit_ready_pp0_iter152_reg                                           |   1|   0|    1|          0|
    |ap_loop_exit_ready_pp0_iter153_reg                                           |   1|   0|    1|          0|
    |ap_loop_exit_ready_pp0_iter154_reg                                           |   1|   0|    1|          0|
    |ap_loop_exit_ready_pp0_iter155_reg                                           |   1|   0|    1|          0|
    |ap_loop_exit_ready_pp0_iter156_reg                                           |   1|   0|    1|          0|
    |ap_loop_exit_ready_pp0_iter157_reg                                           |   1|   0|    1|          0|
    |ap_loop_exit_ready_pp0_iter158_reg                                           |   1|   0|    1|          0|
    |ap_loop_exit_ready_pp0_iter159_reg                                           |   1|   0|    1|          0|
    |ap_loop_exit_ready_pp0_iter15_reg                                            |   1|   0|    1|          0|
    |ap_loop_exit_ready_pp0_iter160_reg                                           |   1|   0|    1|          0|
    |ap_loop_exit_ready_pp0_iter161_reg                                           |   1|   0|    1|          0|
    |ap_loop_exit_ready_pp0_iter162_reg                                           |   1|   0|    1|          0|
    |ap_loop_exit_ready_pp0_iter163_reg                                           |   1|   0|    1|          0|
    |ap_loop_exit_ready_pp0_iter164_reg                                           |   1|   0|    1|          0|
    |ap_loop_exit_ready_pp0_iter165_reg                                           |   1|   0|    1|          0|
    |ap_loop_exit_ready_pp0_iter166_reg                                           |   1|   0|    1|          0|
    |ap_loop_exit_ready_pp0_iter167_reg                                           |   1|   0|    1|          0|
    |ap_loop_exit_ready_pp0_iter168_reg                                           |   1|   0|    1|          0|
    |ap_loop_exit_ready_pp0_iter169_reg                                           |   1|   0|    1|          0|
    |ap_loop_exit_ready_pp0_iter16_reg                                            |   1|   0|    1|          0|
    |ap_loop_exit_ready_pp0_iter170_reg                                           |   1|   0|    1|          0|
    |ap_loop_exit_ready_pp0_iter171_reg                                           |   1|   0|    1|          0|
    |ap_loop_exit_ready_pp0_iter172_reg                                           |   1|   0|    1|          0|
    |ap_loop_exit_ready_pp0_iter173_reg                                           |   1|   0|    1|          0|
    |ap_loop_exit_ready_pp0_iter174_reg                                           |   1|   0|    1|          0|
    |ap_loop_exit_ready_pp0_iter175_reg                                           |   1|   0|    1|          0|
    |ap_loop_exit_ready_pp0_iter176_reg                                           |   1|   0|    1|          0|
    |ap_loop_exit_ready_pp0_iter177_reg                                           |   1|   0|    1|          0|
    |ap_loop_exit_ready_pp0_iter178_reg                                           |   1|   0|    1|          0|
    |ap_loop_exit_ready_pp0_iter179_reg                                           |   1|   0|    1|          0|
    |ap_loop_exit_ready_pp0_iter17_reg                                            |   1|   0|    1|          0|
    |ap_loop_exit_ready_pp0_iter180_reg                                           |   1|   0|    1|          0|
    |ap_loop_exit_ready_pp0_iter181_reg                                           |   1|   0|    1|          0|
    |ap_loop_exit_ready_pp0_iter182_reg                                           |   1|   0|    1|          0|
    |ap_loop_exit_ready_pp0_iter183_reg                                           |   1|   0|    1|          0|
    |ap_loop_exit_ready_pp0_iter184_reg                                           |   1|   0|    1|          0|
    |ap_loop_exit_ready_pp0_iter185_reg                                           |   1|   0|    1|          0|
    |ap_loop_exit_ready_pp0_iter186_reg                                           |   1|   0|    1|          0|
    |ap_loop_exit_ready_pp0_iter187_reg                                           |   1|   0|    1|          0|
    |ap_loop_exit_ready_pp0_iter188_reg                                           |   1|   0|    1|          0|
    |ap_loop_exit_ready_pp0_iter189_reg                                           |   1|   0|    1|          0|
    |ap_loop_exit_ready_pp0_iter18_reg                                            |   1|   0|    1|          0|
    |ap_loop_exit_ready_pp0_iter190_reg                                           |   1|   0|    1|          0|
    |ap_loop_exit_ready_pp0_iter191_reg                                           |   1|   0|    1|          0|
    |ap_loop_exit_ready_pp0_iter192_reg                                           |   1|   0|    1|          0|
    |ap_loop_exit_ready_pp0_iter193_reg                                           |   1|   0|    1|          0|
    |ap_loop_exit_ready_pp0_iter194_reg                                           |   1|   0|    1|          0|
    |ap_loop_exit_ready_pp0_iter195_reg                                           |   1|   0|    1|          0|
    |ap_loop_exit_ready_pp0_iter196_reg                                           |   1|   0|    1|          0|
    |ap_loop_exit_ready_pp0_iter197_reg                                           |   1|   0|    1|          0|
    |ap_loop_exit_ready_pp0_iter198_reg                                           |   1|   0|    1|          0|
    |ap_loop_exit_ready_pp0_iter199_reg                                           |   1|   0|    1|          0|
    |ap_loop_exit_ready_pp0_iter19_reg                                            |   1|   0|    1|          0|
    |ap_loop_exit_ready_pp0_iter200_reg                                           |   1|   0|    1|          0|
    |ap_loop_exit_ready_pp0_iter201_reg                                           |   1|   0|    1|          0|
    |ap_loop_exit_ready_pp0_iter202_reg                                           |   1|   0|    1|          0|
    |ap_loop_exit_ready_pp0_iter203_reg                                           |   1|   0|    1|          0|
    |ap_loop_exit_ready_pp0_iter204_reg                                           |   1|   0|    1|          0|
    |ap_loop_exit_ready_pp0_iter205_reg                                           |   1|   0|    1|          0|
    |ap_loop_exit_ready_pp0_iter206_reg                                           |   1|   0|    1|          0|
    |ap_loop_exit_ready_pp0_iter207_reg                                           |   1|   0|    1|          0|
    |ap_loop_exit_ready_pp0_iter208_reg                                           |   1|   0|    1|          0|
    |ap_loop_exit_ready_pp0_iter209_reg                                           |   1|   0|    1|          0|
    |ap_loop_exit_ready_pp0_iter20_reg                                            |   1|   0|    1|          0|
    |ap_loop_exit_ready_pp0_iter210_reg                                           |   1|   0|    1|          0|
    |ap_loop_exit_ready_pp0_iter211_reg                                           |   1|   0|    1|          0|
    |ap_loop_exit_ready_pp0_iter212_reg                                           |   1|   0|    1|          0|
    |ap_loop_exit_ready_pp0_iter213_reg                                           |   1|   0|    1|          0|
    |ap_loop_exit_ready_pp0_iter214_reg                                           |   1|   0|    1|          0|
    |ap_loop_exit_ready_pp0_iter215_reg                                           |   1|   0|    1|          0|
    |ap_loop_exit_ready_pp0_iter216_reg                                           |   1|   0|    1|          0|
    |ap_loop_exit_ready_pp0_iter217_reg                                           |   1|   0|    1|          0|
    |ap_loop_exit_ready_pp0_iter218_reg                                           |   1|   0|    1|          0|
    |ap_loop_exit_ready_pp0_iter219_reg                                           |   1|   0|    1|          0|
    |ap_loop_exit_ready_pp0_iter21_reg                                            |   1|   0|    1|          0|
    |ap_loop_exit_ready_pp0_iter220_reg                                           |   1|   0|    1|          0|
    |ap_loop_exit_ready_pp0_iter221_reg                                           |   1|   0|    1|          0|
    |ap_loop_exit_ready_pp0_iter222_reg                                           |   1|   0|    1|          0|
    |ap_loop_exit_ready_pp0_iter223_reg                                           |   1|   0|    1|          0|
    |ap_loop_exit_ready_pp0_iter224_reg                                           |   1|   0|    1|          0|
    |ap_loop_exit_ready_pp0_iter225_reg                                           |   1|   0|    1|          0|
    |ap_loop_exit_ready_pp0_iter226_reg                                           |   1|   0|    1|          0|
    |ap_loop_exit_ready_pp0_iter227_reg                                           |   1|   0|    1|          0|
    |ap_loop_exit_ready_pp0_iter228_reg                                           |   1|   0|    1|          0|
    |ap_loop_exit_ready_pp0_iter229_reg                                           |   1|   0|    1|          0|
    |ap_loop_exit_ready_pp0_iter22_reg                                            |   1|   0|    1|          0|
    |ap_loop_exit_ready_pp0_iter230_reg                                           |   1|   0|    1|          0|
    |ap_loop_exit_ready_pp0_iter231_reg                                           |   1|   0|    1|          0|
    |ap_loop_exit_ready_pp0_iter232_reg                                           |   1|   0|    1|          0|
    |ap_loop_exit_ready_pp0_iter233_reg                                           |   1|   0|    1|          0|
    |ap_loop_exit_ready_pp0_iter234_reg                                           |   1|   0|    1|          0|
    |ap_loop_exit_ready_pp0_iter235_reg                                           |   1|   0|    1|          0|
    |ap_loop_exit_ready_pp0_iter236_reg                                           |   1|   0|    1|          0|
    |ap_loop_exit_ready_pp0_iter237_reg                                           |   1|   0|    1|          0|
    |ap_loop_exit_ready_pp0_iter238_reg                                           |   1|   0|    1|          0|
    |ap_loop_exit_ready_pp0_iter239_reg                                           |   1|   0|    1|          0|
    |ap_loop_exit_ready_pp0_iter23_reg                                            |   1|   0|    1|          0|
    |ap_loop_exit_ready_pp0_iter240_reg                                           |   1|   0|    1|          0|
    |ap_loop_exit_ready_pp0_iter241_reg                                           |   1|   0|    1|          0|
    |ap_loop_exit_ready_pp0_iter242_reg                                           |   1|   0|    1|          0|
    |ap_loop_exit_ready_pp0_iter243_reg                                           |   1|   0|    1|          0|
    |ap_loop_exit_ready_pp0_iter244_reg                                           |   1|   0|    1|          0|
    |ap_loop_exit_ready_pp0_iter245_reg                                           |   1|   0|    1|          0|
    |ap_loop_exit_ready_pp0_iter246_reg                                           |   1|   0|    1|          0|
    |ap_loop_exit_ready_pp0_iter247_reg                                           |   1|   0|    1|          0|
    |ap_loop_exit_ready_pp0_iter248_reg                                           |   1|   0|    1|          0|
    |ap_loop_exit_ready_pp0_iter249_reg                                           |   1|   0|    1|          0|
    |ap_loop_exit_ready_pp0_iter24_reg                                            |   1|   0|    1|          0|
    |ap_loop_exit_ready_pp0_iter250_reg                                           |   1|   0|    1|          0|
    |ap_loop_exit_ready_pp0_iter251_reg                                           |   1|   0|    1|          0|
    |ap_loop_exit_ready_pp0_iter252_reg                                           |   1|   0|    1|          0|
    |ap_loop_exit_ready_pp0_iter253_reg                                           |   1|   0|    1|          0|
    |ap_loop_exit_ready_pp0_iter254_reg                                           |   1|   0|    1|          0|
    |ap_loop_exit_ready_pp0_iter255_reg                                           |   1|   0|    1|          0|
    |ap_loop_exit_ready_pp0_iter256_reg                                           |   1|   0|    1|          0|
    |ap_loop_exit_ready_pp0_iter257_reg                                           |   1|   0|    1|          0|
    |ap_loop_exit_ready_pp0_iter258_reg                                           |   1|   0|    1|          0|
    |ap_loop_exit_ready_pp0_iter259_reg                                           |   1|   0|    1|          0|
    |ap_loop_exit_ready_pp0_iter25_reg                                            |   1|   0|    1|          0|
    |ap_loop_exit_ready_pp0_iter260_reg                                           |   1|   0|    1|          0|
    |ap_loop_exit_ready_pp0_iter261_reg                                           |   1|   0|    1|          0|
    |ap_loop_exit_ready_pp0_iter262_reg                                           |   1|   0|    1|          0|
    |ap_loop_exit_ready_pp0_iter263_reg                                           |   1|   0|    1|          0|
    |ap_loop_exit_ready_pp0_iter264_reg                                           |   1|   0|    1|          0|
    |ap_loop_exit_ready_pp0_iter265_reg                                           |   1|   0|    1|          0|
    |ap_loop_exit_ready_pp0_iter266_reg                                           |   1|   0|    1|          0|
    |ap_loop_exit_ready_pp0_iter267_reg                                           |   1|   0|    1|          0|
    |ap_loop_exit_ready_pp0_iter268_reg                                           |   1|   0|    1|          0|
    |ap_loop_exit_ready_pp0_iter269_reg                                           |   1|   0|    1|          0|
    |ap_loop_exit_ready_pp0_iter26_reg                                            |   1|   0|    1|          0|
    |ap_loop_exit_ready_pp0_iter270_reg                                           |   1|   0|    1|          0|
    |ap_loop_exit_ready_pp0_iter271_reg                                           |   1|   0|    1|          0|
    |ap_loop_exit_ready_pp0_iter272_reg                                           |   1|   0|    1|          0|
    |ap_loop_exit_ready_pp0_iter273_reg                                           |   1|   0|    1|          0|
    |ap_loop_exit_ready_pp0_iter274_reg                                           |   1|   0|    1|          0|
    |ap_loop_exit_ready_pp0_iter275_reg                                           |   1|   0|    1|          0|
    |ap_loop_exit_ready_pp0_iter276_reg                                           |   1|   0|    1|          0|
    |ap_loop_exit_ready_pp0_iter277_reg                                           |   1|   0|    1|          0|
    |ap_loop_exit_ready_pp0_iter278_reg                                           |   1|   0|    1|          0|
    |ap_loop_exit_ready_pp0_iter279_reg                                           |   1|   0|    1|          0|
    |ap_loop_exit_ready_pp0_iter27_reg                                            |   1|   0|    1|          0|
    |ap_loop_exit_ready_pp0_iter280_reg                                           |   1|   0|    1|          0|
    |ap_loop_exit_ready_pp0_iter281_reg                                           |   1|   0|    1|          0|
    |ap_loop_exit_ready_pp0_iter282_reg                                           |   1|   0|    1|          0|
    |ap_loop_exit_ready_pp0_iter283_reg                                           |   1|   0|    1|          0|
    |ap_loop_exit_ready_pp0_iter284_reg                                           |   1|   0|    1|          0|
    |ap_loop_exit_ready_pp0_iter285_reg                                           |   1|   0|    1|          0|
    |ap_loop_exit_ready_pp0_iter286_reg                                           |   1|   0|    1|          0|
    |ap_loop_exit_ready_pp0_iter287_reg                                           |   1|   0|    1|          0|
    |ap_loop_exit_ready_pp0_iter288_reg                                           |   1|   0|    1|          0|
    |ap_loop_exit_ready_pp0_iter289_reg                                           |   1|   0|    1|          0|
    |ap_loop_exit_ready_pp0_iter28_reg                                            |   1|   0|    1|          0|
    |ap_loop_exit_ready_pp0_iter290_reg                                           |   1|   0|    1|          0|
    |ap_loop_exit_ready_pp0_iter291_reg                                           |   1|   0|    1|          0|
    |ap_loop_exit_ready_pp0_iter292_reg                                           |   1|   0|    1|          0|
    |ap_loop_exit_ready_pp0_iter293_reg                                           |   1|   0|    1|          0|
    |ap_loop_exit_ready_pp0_iter294_reg                                           |   1|   0|    1|          0|
    |ap_loop_exit_ready_pp0_iter295_reg                                           |   1|   0|    1|          0|
    |ap_loop_exit_ready_pp0_iter296_reg                                           |   1|   0|    1|          0|
    |ap_loop_exit_ready_pp0_iter297_reg                                           |   1|   0|    1|          0|
    |ap_loop_exit_ready_pp0_iter298_reg                                           |   1|   0|    1|          0|
    |ap_loop_exit_ready_pp0_iter299_reg                                           |   1|   0|    1|          0|
    |ap_loop_exit_ready_pp0_iter29_reg                                            |   1|   0|    1|          0|
    |ap_loop_exit_ready_pp0_iter2_reg                                             |   1|   0|    1|          0|
    |ap_loop_exit_ready_pp0_iter300_reg                                           |   1|   0|    1|          0|
    |ap_loop_exit_ready_pp0_iter30_reg                                            |   1|   0|    1|          0|
    |ap_loop_exit_ready_pp0_iter31_reg                                            |   1|   0|    1|          0|
    |ap_loop_exit_ready_pp0_iter32_reg                                            |   1|   0|    1|          0|
    |ap_loop_exit_ready_pp0_iter33_reg                                            |   1|   0|    1|          0|
    |ap_loop_exit_ready_pp0_iter34_reg                                            |   1|   0|    1|          0|
    |ap_loop_exit_ready_pp0_iter35_reg                                            |   1|   0|    1|          0|
    |ap_loop_exit_ready_pp0_iter36_reg                                            |   1|   0|    1|          0|
    |ap_loop_exit_ready_pp0_iter37_reg                                            |   1|   0|    1|          0|
    |ap_loop_exit_ready_pp0_iter38_reg                                            |   1|   0|    1|          0|
    |ap_loop_exit_ready_pp0_iter39_reg                                            |   1|   0|    1|          0|
    |ap_loop_exit_ready_pp0_iter3_reg                                             |   1|   0|    1|          0|
    |ap_loop_exit_ready_pp0_iter40_reg                                            |   1|   0|    1|          0|
    |ap_loop_exit_ready_pp0_iter41_reg                                            |   1|   0|    1|          0|
    |ap_loop_exit_ready_pp0_iter42_reg                                            |   1|   0|    1|          0|
    |ap_loop_exit_ready_pp0_iter43_reg                                            |   1|   0|    1|          0|
    |ap_loop_exit_ready_pp0_iter44_reg                                            |   1|   0|    1|          0|
    |ap_loop_exit_ready_pp0_iter45_reg                                            |   1|   0|    1|          0|
    |ap_loop_exit_ready_pp0_iter46_reg                                            |   1|   0|    1|          0|
    |ap_loop_exit_ready_pp0_iter47_reg                                            |   1|   0|    1|          0|
    |ap_loop_exit_ready_pp0_iter48_reg                                            |   1|   0|    1|          0|
    |ap_loop_exit_ready_pp0_iter49_reg                                            |   1|   0|    1|          0|
    |ap_loop_exit_ready_pp0_iter4_reg                                             |   1|   0|    1|          0|
    |ap_loop_exit_ready_pp0_iter50_reg                                            |   1|   0|    1|          0|
    |ap_loop_exit_ready_pp0_iter51_reg                                            |   1|   0|    1|          0|
    |ap_loop_exit_ready_pp0_iter52_reg                                            |   1|   0|    1|          0|
    |ap_loop_exit_ready_pp0_iter53_reg                                            |   1|   0|    1|          0|
    |ap_loop_exit_ready_pp0_iter54_reg                                            |   1|   0|    1|          0|
    |ap_loop_exit_ready_pp0_iter55_reg                                            |   1|   0|    1|          0|
    |ap_loop_exit_ready_pp0_iter56_reg                                            |   1|   0|    1|          0|
    |ap_loop_exit_ready_pp0_iter57_reg                                            |   1|   0|    1|          0|
    |ap_loop_exit_ready_pp0_iter58_reg                                            |   1|   0|    1|          0|
    |ap_loop_exit_ready_pp0_iter59_reg                                            |   1|   0|    1|          0|
    |ap_loop_exit_ready_pp0_iter5_reg                                             |   1|   0|    1|          0|
    |ap_loop_exit_ready_pp0_iter60_reg                                            |   1|   0|    1|          0|
    |ap_loop_exit_ready_pp0_iter61_reg                                            |   1|   0|    1|          0|
    |ap_loop_exit_ready_pp0_iter62_reg                                            |   1|   0|    1|          0|
    |ap_loop_exit_ready_pp0_iter63_reg                                            |   1|   0|    1|          0|
    |ap_loop_exit_ready_pp0_iter64_reg                                            |   1|   0|    1|          0|
    |ap_loop_exit_ready_pp0_iter65_reg                                            |   1|   0|    1|          0|
    |ap_loop_exit_ready_pp0_iter66_reg                                            |   1|   0|    1|          0|
    |ap_loop_exit_ready_pp0_iter67_reg                                            |   1|   0|    1|          0|
    |ap_loop_exit_ready_pp0_iter68_reg                                            |   1|   0|    1|          0|
    |ap_loop_exit_ready_pp0_iter69_reg                                            |   1|   0|    1|          0|
    |ap_loop_exit_ready_pp0_iter6_reg                                             |   1|   0|    1|          0|
    |ap_loop_exit_ready_pp0_iter70_reg                                            |   1|   0|    1|          0|
    |ap_loop_exit_ready_pp0_iter71_reg                                            |   1|   0|    1|          0|
    |ap_loop_exit_ready_pp0_iter72_reg                                            |   1|   0|    1|          0|
    |ap_loop_exit_ready_pp0_iter73_reg                                            |   1|   0|    1|          0|
    |ap_loop_exit_ready_pp0_iter74_reg                                            |   1|   0|    1|          0|
    |ap_loop_exit_ready_pp0_iter75_reg                                            |   1|   0|    1|          0|
    |ap_loop_exit_ready_pp0_iter76_reg                                            |   1|   0|    1|          0|
    |ap_loop_exit_ready_pp0_iter77_reg                                            |   1|   0|    1|          0|
    |ap_loop_exit_ready_pp0_iter78_reg                                            |   1|   0|    1|          0|
    |ap_loop_exit_ready_pp0_iter79_reg                                            |   1|   0|    1|          0|
    |ap_loop_exit_ready_pp0_iter7_reg                                             |   1|   0|    1|          0|
    |ap_loop_exit_ready_pp0_iter80_reg                                            |   1|   0|    1|          0|
    |ap_loop_exit_ready_pp0_iter81_reg                                            |   1|   0|    1|          0|
    |ap_loop_exit_ready_pp0_iter82_reg                                            |   1|   0|    1|          0|
    |ap_loop_exit_ready_pp0_iter83_reg                                            |   1|   0|    1|          0|
    |ap_loop_exit_ready_pp0_iter84_reg                                            |   1|   0|    1|          0|
    |ap_loop_exit_ready_pp0_iter85_reg                                            |   1|   0|    1|          0|
    |ap_loop_exit_ready_pp0_iter86_reg                                            |   1|   0|    1|          0|
    |ap_loop_exit_ready_pp0_iter87_reg                                            |   1|   0|    1|          0|
    |ap_loop_exit_ready_pp0_iter88_reg                                            |   1|   0|    1|          0|
    |ap_loop_exit_ready_pp0_iter89_reg                                            |   1|   0|    1|          0|
    |ap_loop_exit_ready_pp0_iter8_reg                                             |   1|   0|    1|          0|
    |ap_loop_exit_ready_pp0_iter90_reg                                            |   1|   0|    1|          0|
    |ap_loop_exit_ready_pp0_iter91_reg                                            |   1|   0|    1|          0|
    |ap_loop_exit_ready_pp0_iter92_reg                                            |   1|   0|    1|          0|
    |ap_loop_exit_ready_pp0_iter93_reg                                            |   1|   0|    1|          0|
    |ap_loop_exit_ready_pp0_iter94_reg                                            |   1|   0|    1|          0|
    |ap_loop_exit_ready_pp0_iter95_reg                                            |   1|   0|    1|          0|
    |ap_loop_exit_ready_pp0_iter96_reg                                            |   1|   0|    1|          0|
    |ap_loop_exit_ready_pp0_iter97_reg                                            |   1|   0|    1|          0|
    |ap_loop_exit_ready_pp0_iter98_reg                                            |   1|   0|    1|          0|
    |ap_loop_exit_ready_pp0_iter99_reg                                            |   1|   0|    1|          0|
    |ap_loop_exit_ready_pp0_iter9_reg                                             |   1|   0|    1|          0|
    |dot_10_reg_2203                                                              |  32|   0|   32|          0|
    |dot_11_reg_2233                                                              |  32|   0|   32|          0|
    |dot_12_reg_2263                                                              |  32|   0|   32|          0|
    |dot_13_reg_2293                                                              |  32|   0|   32|          0|
    |dot_14_reg_2323                                                              |  32|   0|   32|          0|
    |dot_15_reg_2353                                                              |  32|   0|   32|          0|
    |dot_16_reg_2383                                                              |  32|   0|   32|          0|
    |dot_17_reg_2413                                                              |  32|   0|   32|          0|
    |dot_18_reg_2443                                                              |  32|   0|   32|          0|
    |dot_19_reg_2473                                                              |  32|   0|   32|          0|
    |dot_1_reg_1933                                                               |  32|   0|   32|          0|
    |dot_20_reg_2503                                                              |  32|   0|   32|          0|
    |dot_21_reg_2533                                                              |  32|   0|   32|          0|
    |dot_22_reg_2563                                                              |  32|   0|   32|          0|
    |dot_23_reg_2593                                                              |  32|   0|   32|          0|
    |dot_24_reg_2623                                                              |  32|   0|   32|          0|
    |dot_25_reg_2653                                                              |  32|   0|   32|          0|
    |dot_26_reg_2683                                                              |  32|   0|   32|          0|
    |dot_27_reg_2713                                                              |  32|   0|   32|          0|
    |dot_28_reg_2743                                                              |  32|   0|   32|          0|
    |dot_29_reg_2773                                                              |  32|   0|   32|          0|
    |dot_2_reg_1963                                                               |  32|   0|   32|          0|
    |dot_30_reg_2803                                                              |  32|   0|   32|          0|
    |dot_31_reg_2833                                                              |  32|   0|   32|          0|
    |dot_32_reg_2863                                                              |  32|   0|   32|          0|
    |dot_33_reg_2893                                                              |  32|   0|   32|          0|
    |dot_34_reg_2923                                                              |  32|   0|   32|          0|
    |dot_35_reg_2933                                                              |  32|   0|   32|          0|
    |dot_3_reg_1993                                                               |  32|   0|   32|          0|
    |dot_4_reg_2023                                                               |  32|   0|   32|          0|
    |dot_5_reg_2053                                                               |  32|   0|   32|          0|
    |dot_6_reg_2083                                                               |  32|   0|   32|          0|
    |dot_7_reg_2113                                                               |  32|   0|   32|          0|
    |dot_8_reg_2143                                                               |  32|   0|   32|          0|
    |dot_9_reg_2173                                                               |  32|   0|   32|          0|
    |dot_reg_1903                                                                 |  32|   0|   32|          0|
    |indvar_flatten841_fu_230                                                     |  18|   0|   18|          0|
    |ki_fu_222                                                                    |   9|   0|    9|          0|
    |mul21_i_i_10_reg_2208                                                        |  32|   0|   32|          0|
    |mul21_i_i_11_reg_2238                                                        |  32|   0|   32|          0|
    |mul21_i_i_12_reg_2268                                                        |  32|   0|   32|          0|
    |mul21_i_i_13_reg_2298                                                        |  32|   0|   32|          0|
    |mul21_i_i_14_reg_2328                                                        |  32|   0|   32|          0|
    |mul21_i_i_15_reg_2358                                                        |  32|   0|   32|          0|
    |mul21_i_i_16_reg_2388                                                        |  32|   0|   32|          0|
    |mul21_i_i_17_reg_2418                                                        |  32|   0|   32|          0|
    |mul21_i_i_18_reg_2448                                                        |  32|   0|   32|          0|
    |mul21_i_i_19_reg_2478                                                        |  32|   0|   32|          0|
    |mul21_i_i_1_reg_1908                                                         |  32|   0|   32|          0|
    |mul21_i_i_20_reg_2508                                                        |  32|   0|   32|          0|
    |mul21_i_i_21_reg_2538                                                        |  32|   0|   32|          0|
    |mul21_i_i_22_reg_2568                                                        |  32|   0|   32|          0|
    |mul21_i_i_23_reg_2598                                                        |  32|   0|   32|          0|
    |mul21_i_i_24_reg_2628                                                        |  32|   0|   32|          0|
    |mul21_i_i_25_reg_2658                                                        |  32|   0|   32|          0|
    |mul21_i_i_26_reg_2688                                                        |  32|   0|   32|          0|
    |mul21_i_i_27_reg_2718                                                        |  32|   0|   32|          0|
    |mul21_i_i_28_reg_2748                                                        |  32|   0|   32|          0|
    |mul21_i_i_29_reg_2778                                                        |  32|   0|   32|          0|
    |mul21_i_i_2_reg_1938                                                         |  32|   0|   32|          0|
    |mul21_i_i_30_reg_2808                                                        |  32|   0|   32|          0|
    |mul21_i_i_31_reg_2838                                                        |  32|   0|   32|          0|
    |mul21_i_i_32_reg_2868                                                        |  32|   0|   32|          0|
    |mul21_i_i_33_reg_2898                                                        |  32|   0|   32|          0|
    |mul21_i_i_34_reg_2928                                                        |  32|   0|   32|          0|
    |mul21_i_i_3_reg_1968                                                         |  32|   0|   32|          0|
    |mul21_i_i_4_reg_1998                                                         |  32|   0|   32|          0|
    |mul21_i_i_5_reg_2028                                                         |  32|   0|   32|          0|
    |mul21_i_i_6_reg_2058                                                         |  32|   0|   32|          0|
    |mul21_i_i_7_reg_2088                                                         |  32|   0|   32|          0|
    |mul21_i_i_8_reg_2118                                                         |  32|   0|   32|          0|
    |mul21_i_i_9_reg_2148                                                         |  32|   0|   32|          0|
    |mul21_i_i_reg_1874                                                           |  32|   0|   32|          0|
    |mul21_i_i_s_reg_2178                                                         |  32|   0|   32|          0|
    |mul23_i_i_reg_2938                                                           |  32|   0|   32|          0|
    |p_ZZ22transformer_blk_s2_topPKfPfS0_E5k_buf_10_load_reg_2168                 |  32|   0|   32|          0|
    |p_ZZ22transformer_blk_s2_topPKfPfS0_E5k_buf_16_load_reg_2348                 |  32|   0|   32|          0|
    |p_ZZ22transformer_blk_s2_topPKfPfS0_E5k_buf_17_load_reg_2378                 |  32|   0|   32|          0|
    |p_ZZ22transformer_blk_s2_topPKfPfS0_E5k_buf_18_load_reg_2408                 |  32|   0|   32|          0|
    |p_ZZ22transformer_blk_s2_topPKfPfS0_E5k_buf_19_load_reg_2438                 |  32|   0|   32|          0|
    |p_ZZ22transformer_blk_s2_topPKfPfS0_E5k_buf_20_load_reg_2468                 |  32|   0|   32|          0|
    |p_ZZ22transformer_blk_s2_topPKfPfS0_E5k_buf_26_load_reg_2648                 |  32|   0|   32|          0|
    |p_ZZ22transformer_blk_s2_topPKfPfS0_E5k_buf_27_load_reg_2678                 |  32|   0|   32|          0|
    |p_ZZ22transformer_blk_s2_topPKfPfS0_E5k_buf_28_load_reg_2708                 |  32|   0|   32|          0|
    |p_ZZ22transformer_blk_s2_topPKfPfS0_E5k_buf_29_load_reg_2738                 |  32|   0|   32|          0|
    |p_ZZ22transformer_blk_s2_topPKfPfS0_E5k_buf_30_load_reg_2768                 |  32|   0|   32|          0|
    |p_ZZ22transformer_blk_s2_topPKfPfS0_E5q_buf_10_load_reg_2163                 |  32|   0|   32|          0|
    |p_ZZ22transformer_blk_s2_topPKfPfS0_E5q_buf_16_load_reg_2343                 |  32|   0|   32|          0|
    |p_ZZ22transformer_blk_s2_topPKfPfS0_E5q_buf_17_load_reg_2373                 |  32|   0|   32|          0|
    |p_ZZ22transformer_blk_s2_topPKfPfS0_E5q_buf_18_load_reg_2403                 |  32|   0|   32|          0|
    |p_ZZ22transformer_blk_s2_topPKfPfS0_E5q_buf_19_load_reg_2433                 |  32|   0|   32|          0|
    |p_ZZ22transformer_blk_s2_topPKfPfS0_E5q_buf_20_load_reg_2463                 |  32|   0|   32|          0|
    |p_ZZ22transformer_blk_s2_topPKfPfS0_E5q_buf_26_load_reg_2643                 |  32|   0|   32|          0|
    |p_ZZ22transformer_blk_s2_topPKfPfS0_E5q_buf_27_load_reg_2673                 |  32|   0|   32|          0|
    |p_ZZ22transformer_blk_s2_topPKfPfS0_E5q_buf_28_load_reg_2703                 |  32|   0|   32|          0|
    |p_ZZ22transformer_blk_s2_topPKfPfS0_E5q_buf_29_load_reg_2733                 |  32|   0|   32|          0|
    |p_ZZ22transformer_blk_s2_topPKfPfS0_E5q_buf_30_load_reg_2763                 |  32|   0|   32|          0|
    |qi_fu_226                                                                    |   9|   0|    9|          0|
    |select_ln265_3_reg_1804                                                      |   9|   0|    9|          0|
    |transformer_blk_s2_top_float_const_float_float_const_k_buf_20_load_reg_1894  |  32|   0|   32|          0|
    |transformer_blk_s2_top_float_const_float_float_const_k_buf_21_load_reg_1928  |  32|   0|   32|          0|
    |transformer_blk_s2_top_float_const_float_float_const_k_buf_22_load_reg_1958  |  32|   0|   32|          0|
    |transformer_blk_s2_top_float_const_float_float_const_k_buf_23_load_reg_1988  |  32|   0|   32|          0|
    |transformer_blk_s2_top_float_const_float_float_const_k_buf_24_load_reg_2018  |  32|   0|   32|          0|
    |transformer_blk_s2_top_float_const_float_float_const_k_buf_25_load_reg_2048  |  32|   0|   32|          0|
    |transformer_blk_s2_top_float_const_float_float_const_k_buf_26_load_reg_2078  |  32|   0|   32|          0|
    |transformer_blk_s2_top_float_const_float_float_const_k_buf_27_load_reg_2108  |  32|   0|   32|          0|
    |transformer_blk_s2_top_float_const_float_float_const_k_buf_28_load_reg_2138  |  32|   0|   32|          0|
    |transformer_blk_s2_top_float_const_float_float_const_k_buf_52_reg_2228       |  32|   0|   32|          0|
    |transformer_blk_s2_top_float_const_float_float_const_k_buf_53_reg_2258       |  32|   0|   32|          0|
    |transformer_blk_s2_top_float_const_float_float_const_k_buf_54_reg_2288       |  32|   0|   32|          0|
    |transformer_blk_s2_top_float_const_float_float_const_k_buf_56_reg_2318       |  32|   0|   32|          0|
    |transformer_blk_s2_top_float_const_float_float_const_k_buf_57_reg_2498       |  32|   0|   32|          0|
    |transformer_blk_s2_top_float_const_float_float_const_k_buf_58_reg_2528       |  32|   0|   32|          0|
    |transformer_blk_s2_top_float_const_float_float_const_k_buf_59_reg_2558       |  32|   0|   32|          0|
    |transformer_blk_s2_top_float_const_float_float_const_k_buf_60_reg_2588       |  32|   0|   32|          0|
    |transformer_blk_s2_top_float_const_float_float_const_k_buf_62_reg_2618       |  32|   0|   32|          0|
    |transformer_blk_s2_top_float_const_float_float_const_k_buf_63_reg_2798       |  32|   0|   32|          0|
    |transformer_blk_s2_top_float_const_float_float_const_k_buf_64_reg_2828       |  32|   0|   32|          0|
    |transformer_blk_s2_top_float_const_float_float_const_k_buf_65_reg_2858       |  32|   0|   32|          0|
    |transformer_blk_s2_top_float_const_float_float_const_k_buf_66_reg_2888       |  32|   0|   32|          0|
    |transformer_blk_s2_top_float_const_float_float_const_k_buf_68_reg_2918       |  32|   0|   32|          0|
    |transformer_blk_s2_top_float_const_float_float_const_k_buf_load_reg_1864     |  32|   0|   32|          0|
    |transformer_blk_s2_top_float_const_float_float_const_k_buf_reg_2198          |  32|   0|   32|          0|
    |transformer_blk_s2_top_float_const_float_float_const_q_buf_11_load_reg_1889  |  32|   0|   32|          0|
    |transformer_blk_s2_top_float_const_float_float_const_q_buf_12_load_reg_1923  |  32|   0|   32|          0|
    |transformer_blk_s2_top_float_const_float_float_const_q_buf_13_load_reg_1953  |  32|   0|   32|          0|
    |transformer_blk_s2_top_float_const_float_float_const_q_buf_14_load_reg_1983  |  32|   0|   32|          0|
    |transformer_blk_s2_top_float_const_float_float_const_q_buf_15_load_reg_2013  |  32|   0|   32|          0|
    |transformer_blk_s2_top_float_const_float_float_const_q_buf_16_load_reg_2043  |  32|   0|   32|          0|
    |transformer_blk_s2_top_float_const_float_float_const_q_buf_17_load_reg_2073  |  32|   0|   32|          0|
    |transformer_blk_s2_top_float_const_float_float_const_q_buf_18_load_reg_2103  |  32|   0|   32|          0|
    |transformer_blk_s2_top_float_const_float_float_const_q_buf_19_load_reg_2133  |  32|   0|   32|          0|
    |transformer_blk_s2_top_float_const_float_float_const_q_buf_35_reg_2223       |  32|   0|   32|          0|
    |transformer_blk_s2_top_float_const_float_float_const_q_buf_36_reg_2253       |  32|   0|   32|          0|
    |transformer_blk_s2_top_float_const_float_float_const_q_buf_37_reg_2283       |  32|   0|   32|          0|
    |transformer_blk_s2_top_float_const_float_float_const_q_buf_39_reg_2313       |  32|   0|   32|          0|
    |transformer_blk_s2_top_float_const_float_float_const_q_buf_40_reg_2493       |  32|   0|   32|          0|
    |transformer_blk_s2_top_float_const_float_float_const_q_buf_41_reg_2523       |  32|   0|   32|          0|
    |transformer_blk_s2_top_float_const_float_float_const_q_buf_42_reg_2553       |  32|   0|   32|          0|
    |transformer_blk_s2_top_float_const_float_float_const_q_buf_43_reg_2583       |  32|   0|   32|          0|
    |transformer_blk_s2_top_float_const_float_float_const_q_buf_45_reg_2613       |  32|   0|   32|          0|
    |transformer_blk_s2_top_float_const_float_float_const_q_buf_46_reg_2793       |  32|   0|   32|          0|
    |transformer_blk_s2_top_float_const_float_float_const_q_buf_47_reg_2823       |  32|   0|   32|          0|
    |transformer_blk_s2_top_float_const_float_float_const_q_buf_48_reg_2853       |  32|   0|   32|          0|
    |transformer_blk_s2_top_float_const_float_float_const_q_buf_49_reg_2883       |  32|   0|   32|          0|
    |transformer_blk_s2_top_float_const_float_float_const_q_buf_51_reg_2913       |  32|   0|   32|          0|
    |transformer_blk_s2_top_float_const_float_float_const_q_buf_load_reg_1859     |  32|   0|   32|          0|
    |transformer_blk_s2_top_float_const_float_float_const_q_buf_reg_2193          |  32|   0|   32|          0|
    |trunc_ln274_reg_1899                                                         |   3|   0|    3|          0|
    |zext_ln265_reg_1760                                                          |  11|   0|   64|         53|
    |zext_ln272_reg_1810                                                          |  11|   0|   64|         53|
    |add_ln274_reg_1869                                                           |  64|  32|   15|          0|
    |select_ln265_3_reg_1804                                                      |  64|  32|    9|          0|
    |trunc_ln274_reg_1899                                                         |  64|  32|    3|          0|
    |zext_ln265_reg_1760                                                          |  64|  32|   64|         53|
    |zext_ln272_reg_1810                                                          |  64|  32|   64|         53|
    +-----------------------------------------------------------------------------+----+----+-----+-----------+
    |Total                                                                        |5647| 160| 5588|        212|
    +-----------------------------------------------------------------------------+----+----+-----+-----------+



================================================================
== Interface
================================================================
* Summary: 
+------------------------------------------------------------------------+-----+-----+------------+---------------------------------------------------------------+--------------+
|                                RTL Ports                               | Dir | Bits|  Protocol  |                         Source Object                         |    C Type    |
+------------------------------------------------------------------------+-----+-----+------------+---------------------------------------------------------------+--------------+
|ap_clk                                                                  |   in|    1|  ap_ctrl_hs|                transformer_blk_s2_top_Pipeline_MHSA_QI_MHSA_KI|  return value|
|ap_rst                                                                  |   in|    1|  ap_ctrl_hs|                transformer_blk_s2_top_Pipeline_MHSA_QI_MHSA_KI|  return value|
|ap_start                                                                |   in|    1|  ap_ctrl_hs|                transformer_blk_s2_top_Pipeline_MHSA_QI_MHSA_KI|  return value|
|ap_done                                                                 |  out|    1|  ap_ctrl_hs|                transformer_blk_s2_top_Pipeline_MHSA_QI_MHSA_KI|  return value|
|ap_idle                                                                 |  out|    1|  ap_ctrl_hs|                transformer_blk_s2_top_Pipeline_MHSA_QI_MHSA_KI|  return value|
|ap_ready                                                                |  out|    1|  ap_ctrl_hs|                transformer_blk_s2_top_Pipeline_MHSA_QI_MHSA_KI|  return value|
|grp_fu_1888_p_din0                                                      |  out|   32|  ap_ctrl_hs|                transformer_blk_s2_top_Pipeline_MHSA_QI_MHSA_KI|  return value|
|grp_fu_1888_p_din1                                                      |  out|   32|  ap_ctrl_hs|                transformer_blk_s2_top_Pipeline_MHSA_QI_MHSA_KI|  return value|
|grp_fu_1888_p_opcode                                                    |  out|    1|  ap_ctrl_hs|                transformer_blk_s2_top_Pipeline_MHSA_QI_MHSA_KI|  return value|
|grp_fu_1888_p_dout0                                                     |   in|   32|  ap_ctrl_hs|                transformer_blk_s2_top_Pipeline_MHSA_QI_MHSA_KI|  return value|
|grp_fu_1888_p_ce                                                        |  out|    1|  ap_ctrl_hs|                transformer_blk_s2_top_Pipeline_MHSA_QI_MHSA_KI|  return value|
|grp_fu_4124_p_din0                                                      |  out|   32|  ap_ctrl_hs|                transformer_blk_s2_top_Pipeline_MHSA_QI_MHSA_KI|  return value|
|grp_fu_4124_p_din1                                                      |  out|   32|  ap_ctrl_hs|                transformer_blk_s2_top_Pipeline_MHSA_QI_MHSA_KI|  return value|
|grp_fu_4124_p_opcode                                                    |  out|    1|  ap_ctrl_hs|                transformer_blk_s2_top_Pipeline_MHSA_QI_MHSA_KI|  return value|
|grp_fu_4124_p_dout0                                                     |   in|   32|  ap_ctrl_hs|                transformer_blk_s2_top_Pipeline_MHSA_QI_MHSA_KI|  return value|
|grp_fu_4124_p_ce                                                        |  out|    1|  ap_ctrl_hs|                transformer_blk_s2_top_Pipeline_MHSA_QI_MHSA_KI|  return value|
|grp_fu_4128_p_din0                                                      |  out|   32|  ap_ctrl_hs|                transformer_blk_s2_top_Pipeline_MHSA_QI_MHSA_KI|  return value|
|grp_fu_4128_p_din1                                                      |  out|   32|  ap_ctrl_hs|                transformer_blk_s2_top_Pipeline_MHSA_QI_MHSA_KI|  return value|
|grp_fu_4128_p_opcode                                                    |  out|    1|  ap_ctrl_hs|                transformer_blk_s2_top_Pipeline_MHSA_QI_MHSA_KI|  return value|
|grp_fu_4128_p_dout0                                                     |   in|   32|  ap_ctrl_hs|                transformer_blk_s2_top_Pipeline_MHSA_QI_MHSA_KI|  return value|
|grp_fu_4128_p_ce                                                        |  out|    1|  ap_ctrl_hs|                transformer_blk_s2_top_Pipeline_MHSA_QI_MHSA_KI|  return value|
|grp_fu_4132_p_din0                                                      |  out|   32|  ap_ctrl_hs|                transformer_blk_s2_top_Pipeline_MHSA_QI_MHSA_KI|  return value|
|grp_fu_4132_p_din1                                                      |  out|   32|  ap_ctrl_hs|                transformer_blk_s2_top_Pipeline_MHSA_QI_MHSA_KI|  return value|
|grp_fu_4132_p_opcode                                                    |  out|    1|  ap_ctrl_hs|                transformer_blk_s2_top_Pipeline_MHSA_QI_MHSA_KI|  return value|
|grp_fu_4132_p_dout0                                                     |   in|   32|  ap_ctrl_hs|                transformer_blk_s2_top_Pipeline_MHSA_QI_MHSA_KI|  return value|
|grp_fu_4132_p_ce                                                        |  out|    1|  ap_ctrl_hs|                transformer_blk_s2_top_Pipeline_MHSA_QI_MHSA_KI|  return value|
|grp_fu_4136_p_din0                                                      |  out|   32|  ap_ctrl_hs|                transformer_blk_s2_top_Pipeline_MHSA_QI_MHSA_KI|  return value|
|grp_fu_4136_p_din1                                                      |  out|   32|  ap_ctrl_hs|                transformer_blk_s2_top_Pipeline_MHSA_QI_MHSA_KI|  return value|
|grp_fu_4136_p_opcode                                                    |  out|    1|  ap_ctrl_hs|                transformer_blk_s2_top_Pipeline_MHSA_QI_MHSA_KI|  return value|
|grp_fu_4136_p_dout0                                                     |   in|   32|  ap_ctrl_hs|                transformer_blk_s2_top_Pipeline_MHSA_QI_MHSA_KI|  return value|
|grp_fu_4136_p_ce                                                        |  out|    1|  ap_ctrl_hs|                transformer_blk_s2_top_Pipeline_MHSA_QI_MHSA_KI|  return value|
|grp_fu_4140_p_din0                                                      |  out|   32|  ap_ctrl_hs|                transformer_blk_s2_top_Pipeline_MHSA_QI_MHSA_KI|  return value|
|grp_fu_4140_p_din1                                                      |  out|   32|  ap_ctrl_hs|                transformer_blk_s2_top_Pipeline_MHSA_QI_MHSA_KI|  return value|
|grp_fu_4140_p_opcode                                                    |  out|    1|  ap_ctrl_hs|                transformer_blk_s2_top_Pipeline_MHSA_QI_MHSA_KI|  return value|
|grp_fu_4140_p_dout0                                                     |   in|   32|  ap_ctrl_hs|                transformer_blk_s2_top_Pipeline_MHSA_QI_MHSA_KI|  return value|
|grp_fu_4140_p_ce                                                        |  out|    1|  ap_ctrl_hs|                transformer_blk_s2_top_Pipeline_MHSA_QI_MHSA_KI|  return value|
|grp_fu_4144_p_din0                                                      |  out|   32|  ap_ctrl_hs|                transformer_blk_s2_top_Pipeline_MHSA_QI_MHSA_KI|  return value|
|grp_fu_4144_p_din1                                                      |  out|   32|  ap_ctrl_hs|                transformer_blk_s2_top_Pipeline_MHSA_QI_MHSA_KI|  return value|
|grp_fu_4144_p_opcode                                                    |  out|    1|  ap_ctrl_hs|                transformer_blk_s2_top_Pipeline_MHSA_QI_MHSA_KI|  return value|
|grp_fu_4144_p_dout0                                                     |   in|   32|  ap_ctrl_hs|                transformer_blk_s2_top_Pipeline_MHSA_QI_MHSA_KI|  return value|
|grp_fu_4144_p_ce                                                        |  out|    1|  ap_ctrl_hs|                transformer_blk_s2_top_Pipeline_MHSA_QI_MHSA_KI|  return value|
|grp_fu_4148_p_din0                                                      |  out|   32|  ap_ctrl_hs|                transformer_blk_s2_top_Pipeline_MHSA_QI_MHSA_KI|  return value|
|grp_fu_4148_p_din1                                                      |  out|   32|  ap_ctrl_hs|                transformer_blk_s2_top_Pipeline_MHSA_QI_MHSA_KI|  return value|
|grp_fu_4148_p_opcode                                                    |  out|    1|  ap_ctrl_hs|                transformer_blk_s2_top_Pipeline_MHSA_QI_MHSA_KI|  return value|
|grp_fu_4148_p_dout0                                                     |   in|   32|  ap_ctrl_hs|                transformer_blk_s2_top_Pipeline_MHSA_QI_MHSA_KI|  return value|
|grp_fu_4148_p_ce                                                        |  out|    1|  ap_ctrl_hs|                transformer_blk_s2_top_Pipeline_MHSA_QI_MHSA_KI|  return value|
|grp_fu_4168_p_din0                                                      |  out|   32|  ap_ctrl_hs|                transformer_blk_s2_top_Pipeline_MHSA_QI_MHSA_KI|  return value|
|grp_fu_4168_p_din1                                                      |  out|   32|  ap_ctrl_hs|                transformer_blk_s2_top_Pipeline_MHSA_QI_MHSA_KI|  return value|
|grp_fu_4168_p_opcode                                                    |  out|    1|  ap_ctrl_hs|                transformer_blk_s2_top_Pipeline_MHSA_QI_MHSA_KI|  return value|
|grp_fu_4168_p_dout0                                                     |   in|   32|  ap_ctrl_hs|                transformer_blk_s2_top_Pipeline_MHSA_QI_MHSA_KI|  return value|
|grp_fu_4168_p_ce                                                        |  out|    1|  ap_ctrl_hs|                transformer_blk_s2_top_Pipeline_MHSA_QI_MHSA_KI|  return value|
|grp_fu_4172_p_din0                                                      |  out|   32|  ap_ctrl_hs|                transformer_blk_s2_top_Pipeline_MHSA_QI_MHSA_KI|  return value|
|grp_fu_4172_p_din1                                                      |  out|   32|  ap_ctrl_hs|                transformer_blk_s2_top_Pipeline_MHSA_QI_MHSA_KI|  return value|
|grp_fu_4172_p_opcode                                                    |  out|    1|  ap_ctrl_hs|                transformer_blk_s2_top_Pipeline_MHSA_QI_MHSA_KI|  return value|
|grp_fu_4172_p_dout0                                                     |   in|   32|  ap_ctrl_hs|                transformer_blk_s2_top_Pipeline_MHSA_QI_MHSA_KI|  return value|
|grp_fu_4172_p_ce                                                        |  out|    1|  ap_ctrl_hs|                transformer_blk_s2_top_Pipeline_MHSA_QI_MHSA_KI|  return value|
|grp_fu_4176_p_din0                                                      |  out|   32|  ap_ctrl_hs|                transformer_blk_s2_top_Pipeline_MHSA_QI_MHSA_KI|  return value|
|grp_fu_4176_p_din1                                                      |  out|   32|  ap_ctrl_hs|                transformer_blk_s2_top_Pipeline_MHSA_QI_MHSA_KI|  return value|
|grp_fu_4176_p_opcode                                                    |  out|    1|  ap_ctrl_hs|                transformer_blk_s2_top_Pipeline_MHSA_QI_MHSA_KI|  return value|
|grp_fu_4176_p_dout0                                                     |   in|   32|  ap_ctrl_hs|                transformer_blk_s2_top_Pipeline_MHSA_QI_MHSA_KI|  return value|
|grp_fu_4176_p_ce                                                        |  out|    1|  ap_ctrl_hs|                transformer_blk_s2_top_Pipeline_MHSA_QI_MHSA_KI|  return value|
|grp_fu_4180_p_din0                                                      |  out|   32|  ap_ctrl_hs|                transformer_blk_s2_top_Pipeline_MHSA_QI_MHSA_KI|  return value|
|grp_fu_4180_p_din1                                                      |  out|   32|  ap_ctrl_hs|                transformer_blk_s2_top_Pipeline_MHSA_QI_MHSA_KI|  return value|
|grp_fu_4180_p_opcode                                                    |  out|    1|  ap_ctrl_hs|                transformer_blk_s2_top_Pipeline_MHSA_QI_MHSA_KI|  return value|
|grp_fu_4180_p_dout0                                                     |   in|   32|  ap_ctrl_hs|                transformer_blk_s2_top_Pipeline_MHSA_QI_MHSA_KI|  return value|
|grp_fu_4180_p_ce                                                        |  out|    1|  ap_ctrl_hs|                transformer_blk_s2_top_Pipeline_MHSA_QI_MHSA_KI|  return value|
|grp_fu_4184_p_din0                                                      |  out|   32|  ap_ctrl_hs|                transformer_blk_s2_top_Pipeline_MHSA_QI_MHSA_KI|  return value|
|grp_fu_4184_p_din1                                                      |  out|   32|  ap_ctrl_hs|                transformer_blk_s2_top_Pipeline_MHSA_QI_MHSA_KI|  return value|
|grp_fu_4184_p_opcode                                                    |  out|    2|  ap_ctrl_hs|                transformer_blk_s2_top_Pipeline_MHSA_QI_MHSA_KI|  return value|
|grp_fu_4184_p_dout0                                                     |   in|   32|  ap_ctrl_hs|                transformer_blk_s2_top_Pipeline_MHSA_QI_MHSA_KI|  return value|
|grp_fu_4184_p_ce                                                        |  out|    1|  ap_ctrl_hs|                transformer_blk_s2_top_Pipeline_MHSA_QI_MHSA_KI|  return value|
|grp_fu_4188_p_din0                                                      |  out|   32|  ap_ctrl_hs|                transformer_blk_s2_top_Pipeline_MHSA_QI_MHSA_KI|  return value|
|grp_fu_4188_p_din1                                                      |  out|   32|  ap_ctrl_hs|                transformer_blk_s2_top_Pipeline_MHSA_QI_MHSA_KI|  return value|
|grp_fu_4188_p_opcode                                                    |  out|    2|  ap_ctrl_hs|                transformer_blk_s2_top_Pipeline_MHSA_QI_MHSA_KI|  return value|
|grp_fu_4188_p_dout0                                                     |   in|   32|  ap_ctrl_hs|                transformer_blk_s2_top_Pipeline_MHSA_QI_MHSA_KI|  return value|
|grp_fu_4188_p_ce                                                        |  out|    1|  ap_ctrl_hs|                transformer_blk_s2_top_Pipeline_MHSA_QI_MHSA_KI|  return value|
|grp_fu_4192_p_din0                                                      |  out|   32|  ap_ctrl_hs|                transformer_blk_s2_top_Pipeline_MHSA_QI_MHSA_KI|  return value|
|grp_fu_4192_p_din1                                                      |  out|   32|  ap_ctrl_hs|                transformer_blk_s2_top_Pipeline_MHSA_QI_MHSA_KI|  return value|
|grp_fu_4192_p_opcode                                                    |  out|    2|  ap_ctrl_hs|                transformer_blk_s2_top_Pipeline_MHSA_QI_MHSA_KI|  return value|
|grp_fu_4192_p_dout0                                                     |   in|   32|  ap_ctrl_hs|                transformer_blk_s2_top_Pipeline_MHSA_QI_MHSA_KI|  return value|
|grp_fu_4192_p_ce                                                        |  out|    1|  ap_ctrl_hs|                transformer_blk_s2_top_Pipeline_MHSA_QI_MHSA_KI|  return value|
|grp_fu_4196_p_din0                                                      |  out|   32|  ap_ctrl_hs|                transformer_blk_s2_top_Pipeline_MHSA_QI_MHSA_KI|  return value|
|grp_fu_4196_p_din1                                                      |  out|   32|  ap_ctrl_hs|                transformer_blk_s2_top_Pipeline_MHSA_QI_MHSA_KI|  return value|
|grp_fu_4196_p_opcode                                                    |  out|    2|  ap_ctrl_hs|                transformer_blk_s2_top_Pipeline_MHSA_QI_MHSA_KI|  return value|
|grp_fu_4196_p_dout0                                                     |   in|   32|  ap_ctrl_hs|                transformer_blk_s2_top_Pipeline_MHSA_QI_MHSA_KI|  return value|
|grp_fu_4196_p_ce                                                        |  out|    1|  ap_ctrl_hs|                transformer_blk_s2_top_Pipeline_MHSA_QI_MHSA_KI|  return value|
|grp_fu_4200_p_din0                                                      |  out|   32|  ap_ctrl_hs|                transformer_blk_s2_top_Pipeline_MHSA_QI_MHSA_KI|  return value|
|grp_fu_4200_p_din1                                                      |  out|   32|  ap_ctrl_hs|                transformer_blk_s2_top_Pipeline_MHSA_QI_MHSA_KI|  return value|
|grp_fu_4200_p_opcode                                                    |  out|    2|  ap_ctrl_hs|                transformer_blk_s2_top_Pipeline_MHSA_QI_MHSA_KI|  return value|
|grp_fu_4200_p_dout0                                                     |   in|   32|  ap_ctrl_hs|                transformer_blk_s2_top_Pipeline_MHSA_QI_MHSA_KI|  return value|
|grp_fu_4200_p_ce                                                        |  out|    1|  ap_ctrl_hs|                transformer_blk_s2_top_Pipeline_MHSA_QI_MHSA_KI|  return value|
|grp_fu_4204_p_din0                                                      |  out|   32|  ap_ctrl_hs|                transformer_blk_s2_top_Pipeline_MHSA_QI_MHSA_KI|  return value|
|grp_fu_4204_p_din1                                                      |  out|   32|  ap_ctrl_hs|                transformer_blk_s2_top_Pipeline_MHSA_QI_MHSA_KI|  return value|
|grp_fu_4204_p_opcode                                                    |  out|    2|  ap_ctrl_hs|                transformer_blk_s2_top_Pipeline_MHSA_QI_MHSA_KI|  return value|
|grp_fu_4204_p_dout0                                                     |   in|   32|  ap_ctrl_hs|                transformer_blk_s2_top_Pipeline_MHSA_QI_MHSA_KI|  return value|
|grp_fu_4204_p_ce                                                        |  out|    1|  ap_ctrl_hs|                transformer_blk_s2_top_Pipeline_MHSA_QI_MHSA_KI|  return value|
|grp_fu_4208_p_din0                                                      |  out|   32|  ap_ctrl_hs|                transformer_blk_s2_top_Pipeline_MHSA_QI_MHSA_KI|  return value|
|grp_fu_4208_p_din1                                                      |  out|   32|  ap_ctrl_hs|                transformer_blk_s2_top_Pipeline_MHSA_QI_MHSA_KI|  return value|
|grp_fu_4208_p_opcode                                                    |  out|    2|  ap_ctrl_hs|                transformer_blk_s2_top_Pipeline_MHSA_QI_MHSA_KI|  return value|
|grp_fu_4208_p_dout0                                                     |   in|   32|  ap_ctrl_hs|                transformer_blk_s2_top_Pipeline_MHSA_QI_MHSA_KI|  return value|
|grp_fu_4208_p_ce                                                        |  out|    1|  ap_ctrl_hs|                transformer_blk_s2_top_Pipeline_MHSA_QI_MHSA_KI|  return value|
|grp_fu_4212_p_din0                                                      |  out|   32|  ap_ctrl_hs|                transformer_blk_s2_top_Pipeline_MHSA_QI_MHSA_KI|  return value|
|grp_fu_4212_p_din1                                                      |  out|   32|  ap_ctrl_hs|                transformer_blk_s2_top_Pipeline_MHSA_QI_MHSA_KI|  return value|
|grp_fu_4212_p_opcode                                                    |  out|    2|  ap_ctrl_hs|                transformer_blk_s2_top_Pipeline_MHSA_QI_MHSA_KI|  return value|
|grp_fu_4212_p_dout0                                                     |   in|   32|  ap_ctrl_hs|                transformer_blk_s2_top_Pipeline_MHSA_QI_MHSA_KI|  return value|
|grp_fu_4212_p_ce                                                        |  out|    1|  ap_ctrl_hs|                transformer_blk_s2_top_Pipeline_MHSA_QI_MHSA_KI|  return value|
|grp_fu_4216_p_din0                                                      |  out|   32|  ap_ctrl_hs|                transformer_blk_s2_top_Pipeline_MHSA_QI_MHSA_KI|  return value|
|grp_fu_4216_p_din1                                                      |  out|   32|  ap_ctrl_hs|                transformer_blk_s2_top_Pipeline_MHSA_QI_MHSA_KI|  return value|
|grp_fu_4216_p_opcode                                                    |  out|    2|  ap_ctrl_hs|                transformer_blk_s2_top_Pipeline_MHSA_QI_MHSA_KI|  return value|
|grp_fu_4216_p_dout0                                                     |   in|   32|  ap_ctrl_hs|                transformer_blk_s2_top_Pipeline_MHSA_QI_MHSA_KI|  return value|
|grp_fu_4216_p_ce                                                        |  out|    1|  ap_ctrl_hs|                transformer_blk_s2_top_Pipeline_MHSA_QI_MHSA_KI|  return value|
|grp_fu_4220_p_din0                                                      |  out|   32|  ap_ctrl_hs|                transformer_blk_s2_top_Pipeline_MHSA_QI_MHSA_KI|  return value|
|grp_fu_4220_p_din1                                                      |  out|   32|  ap_ctrl_hs|                transformer_blk_s2_top_Pipeline_MHSA_QI_MHSA_KI|  return value|
|grp_fu_4220_p_opcode                                                    |  out|    2|  ap_ctrl_hs|                transformer_blk_s2_top_Pipeline_MHSA_QI_MHSA_KI|  return value|
|grp_fu_4220_p_dout0                                                     |   in|   32|  ap_ctrl_hs|                transformer_blk_s2_top_Pipeline_MHSA_QI_MHSA_KI|  return value|
|grp_fu_4220_p_ce                                                        |  out|    1|  ap_ctrl_hs|                transformer_blk_s2_top_Pipeline_MHSA_QI_MHSA_KI|  return value|
|grp_fu_4224_p_din0                                                      |  out|   32|  ap_ctrl_hs|                transformer_blk_s2_top_Pipeline_MHSA_QI_MHSA_KI|  return value|
|grp_fu_4224_p_din1                                                      |  out|   32|  ap_ctrl_hs|                transformer_blk_s2_top_Pipeline_MHSA_QI_MHSA_KI|  return value|
|grp_fu_4224_p_opcode                                                    |  out|    2|  ap_ctrl_hs|                transformer_blk_s2_top_Pipeline_MHSA_QI_MHSA_KI|  return value|
|grp_fu_4224_p_dout0                                                     |   in|   32|  ap_ctrl_hs|                transformer_blk_s2_top_Pipeline_MHSA_QI_MHSA_KI|  return value|
|grp_fu_4224_p_ce                                                        |  out|    1|  ap_ctrl_hs|                transformer_blk_s2_top_Pipeline_MHSA_QI_MHSA_KI|  return value|
|grp_fu_4228_p_din0                                                      |  out|   32|  ap_ctrl_hs|                transformer_blk_s2_top_Pipeline_MHSA_QI_MHSA_KI|  return value|
|grp_fu_4228_p_din1                                                      |  out|   32|  ap_ctrl_hs|                transformer_blk_s2_top_Pipeline_MHSA_QI_MHSA_KI|  return value|
|grp_fu_4228_p_opcode                                                    |  out|    2|  ap_ctrl_hs|                transformer_blk_s2_top_Pipeline_MHSA_QI_MHSA_KI|  return value|
|grp_fu_4228_p_dout0                                                     |   in|   32|  ap_ctrl_hs|                transformer_blk_s2_top_Pipeline_MHSA_QI_MHSA_KI|  return value|
|grp_fu_4228_p_ce                                                        |  out|    1|  ap_ctrl_hs|                transformer_blk_s2_top_Pipeline_MHSA_QI_MHSA_KI|  return value|
|grp_fu_4232_p_din0                                                      |  out|   32|  ap_ctrl_hs|                transformer_blk_s2_top_Pipeline_MHSA_QI_MHSA_KI|  return value|
|grp_fu_4232_p_din1                                                      |  out|   32|  ap_ctrl_hs|                transformer_blk_s2_top_Pipeline_MHSA_QI_MHSA_KI|  return value|
|grp_fu_4232_p_opcode                                                    |  out|    2|  ap_ctrl_hs|                transformer_blk_s2_top_Pipeline_MHSA_QI_MHSA_KI|  return value|
|grp_fu_4232_p_dout0                                                     |   in|   32|  ap_ctrl_hs|                transformer_blk_s2_top_Pipeline_MHSA_QI_MHSA_KI|  return value|
|grp_fu_4232_p_ce                                                        |  out|    1|  ap_ctrl_hs|                transformer_blk_s2_top_Pipeline_MHSA_QI_MHSA_KI|  return value|
|grp_fu_4236_p_din0                                                      |  out|   32|  ap_ctrl_hs|                transformer_blk_s2_top_Pipeline_MHSA_QI_MHSA_KI|  return value|
|grp_fu_4236_p_din1                                                      |  out|   32|  ap_ctrl_hs|                transformer_blk_s2_top_Pipeline_MHSA_QI_MHSA_KI|  return value|
|grp_fu_4236_p_opcode                                                    |  out|    2|  ap_ctrl_hs|                transformer_blk_s2_top_Pipeline_MHSA_QI_MHSA_KI|  return value|
|grp_fu_4236_p_dout0                                                     |   in|   32|  ap_ctrl_hs|                transformer_blk_s2_top_Pipeline_MHSA_QI_MHSA_KI|  return value|
|grp_fu_4236_p_ce                                                        |  out|    1|  ap_ctrl_hs|                transformer_blk_s2_top_Pipeline_MHSA_QI_MHSA_KI|  return value|
|grp_fu_4240_p_din0                                                      |  out|   32|  ap_ctrl_hs|                transformer_blk_s2_top_Pipeline_MHSA_QI_MHSA_KI|  return value|
|grp_fu_4240_p_din1                                                      |  out|   32|  ap_ctrl_hs|                transformer_blk_s2_top_Pipeline_MHSA_QI_MHSA_KI|  return value|
|grp_fu_4240_p_opcode                                                    |  out|    2|  ap_ctrl_hs|                transformer_blk_s2_top_Pipeline_MHSA_QI_MHSA_KI|  return value|
|grp_fu_4240_p_dout0                                                     |   in|   32|  ap_ctrl_hs|                transformer_blk_s2_top_Pipeline_MHSA_QI_MHSA_KI|  return value|
|grp_fu_4240_p_ce                                                        |  out|    1|  ap_ctrl_hs|                transformer_blk_s2_top_Pipeline_MHSA_QI_MHSA_KI|  return value|
|grp_fu_4244_p_din0                                                      |  out|   32|  ap_ctrl_hs|                transformer_blk_s2_top_Pipeline_MHSA_QI_MHSA_KI|  return value|
|grp_fu_4244_p_din1                                                      |  out|   32|  ap_ctrl_hs|                transformer_blk_s2_top_Pipeline_MHSA_QI_MHSA_KI|  return value|
|grp_fu_4244_p_opcode                                                    |  out|    2|  ap_ctrl_hs|                transformer_blk_s2_top_Pipeline_MHSA_QI_MHSA_KI|  return value|
|grp_fu_4244_p_dout0                                                     |   in|   32|  ap_ctrl_hs|                transformer_blk_s2_top_Pipeline_MHSA_QI_MHSA_KI|  return value|
|grp_fu_4244_p_ce                                                        |  out|    1|  ap_ctrl_hs|                transformer_blk_s2_top_Pipeline_MHSA_QI_MHSA_KI|  return value|
|grp_fu_4248_p_din0                                                      |  out|   32|  ap_ctrl_hs|                transformer_blk_s2_top_Pipeline_MHSA_QI_MHSA_KI|  return value|
|grp_fu_4248_p_din1                                                      |  out|   32|  ap_ctrl_hs|                transformer_blk_s2_top_Pipeline_MHSA_QI_MHSA_KI|  return value|
|grp_fu_4248_p_opcode                                                    |  out|    2|  ap_ctrl_hs|                transformer_blk_s2_top_Pipeline_MHSA_QI_MHSA_KI|  return value|
|grp_fu_4248_p_dout0                                                     |   in|   32|  ap_ctrl_hs|                transformer_blk_s2_top_Pipeline_MHSA_QI_MHSA_KI|  return value|
|grp_fu_4248_p_ce                                                        |  out|    1|  ap_ctrl_hs|                transformer_blk_s2_top_Pipeline_MHSA_QI_MHSA_KI|  return value|
|grp_fu_4252_p_din0                                                      |  out|   32|  ap_ctrl_hs|                transformer_blk_s2_top_Pipeline_MHSA_QI_MHSA_KI|  return value|
|grp_fu_4252_p_din1                                                      |  out|   32|  ap_ctrl_hs|                transformer_blk_s2_top_Pipeline_MHSA_QI_MHSA_KI|  return value|
|grp_fu_4252_p_opcode                                                    |  out|    2|  ap_ctrl_hs|                transformer_blk_s2_top_Pipeline_MHSA_QI_MHSA_KI|  return value|
|grp_fu_4252_p_dout0                                                     |   in|   32|  ap_ctrl_hs|                transformer_blk_s2_top_Pipeline_MHSA_QI_MHSA_KI|  return value|
|grp_fu_4252_p_ce                                                        |  out|    1|  ap_ctrl_hs|                transformer_blk_s2_top_Pipeline_MHSA_QI_MHSA_KI|  return value|
|grp_fu_4256_p_din0                                                      |  out|   32|  ap_ctrl_hs|                transformer_blk_s2_top_Pipeline_MHSA_QI_MHSA_KI|  return value|
|grp_fu_4256_p_din1                                                      |  out|   32|  ap_ctrl_hs|                transformer_blk_s2_top_Pipeline_MHSA_QI_MHSA_KI|  return value|
|grp_fu_4256_p_opcode                                                    |  out|    2|  ap_ctrl_hs|                transformer_blk_s2_top_Pipeline_MHSA_QI_MHSA_KI|  return value|
|grp_fu_4256_p_dout0                                                     |   in|   32|  ap_ctrl_hs|                transformer_blk_s2_top_Pipeline_MHSA_QI_MHSA_KI|  return value|
|grp_fu_4256_p_ce                                                        |  out|    1|  ap_ctrl_hs|                transformer_blk_s2_top_Pipeline_MHSA_QI_MHSA_KI|  return value|
|grp_fu_4260_p_din0                                                      |  out|   32|  ap_ctrl_hs|                transformer_blk_s2_top_Pipeline_MHSA_QI_MHSA_KI|  return value|
|grp_fu_4260_p_din1                                                      |  out|   32|  ap_ctrl_hs|                transformer_blk_s2_top_Pipeline_MHSA_QI_MHSA_KI|  return value|
|grp_fu_4260_p_opcode                                                    |  out|    2|  ap_ctrl_hs|                transformer_blk_s2_top_Pipeline_MHSA_QI_MHSA_KI|  return value|
|grp_fu_4260_p_dout0                                                     |   in|   32|  ap_ctrl_hs|                transformer_blk_s2_top_Pipeline_MHSA_QI_MHSA_KI|  return value|
|grp_fu_4260_p_ce                                                        |  out|    1|  ap_ctrl_hs|                transformer_blk_s2_top_Pipeline_MHSA_QI_MHSA_KI|  return value|
|grp_fu_4264_p_din0                                                      |  out|   32|  ap_ctrl_hs|                transformer_blk_s2_top_Pipeline_MHSA_QI_MHSA_KI|  return value|
|grp_fu_4264_p_din1                                                      |  out|   32|  ap_ctrl_hs|                transformer_blk_s2_top_Pipeline_MHSA_QI_MHSA_KI|  return value|
|grp_fu_4264_p_opcode                                                    |  out|    2|  ap_ctrl_hs|                transformer_blk_s2_top_Pipeline_MHSA_QI_MHSA_KI|  return value|
|grp_fu_4264_p_dout0                                                     |   in|   32|  ap_ctrl_hs|                transformer_blk_s2_top_Pipeline_MHSA_QI_MHSA_KI|  return value|
|grp_fu_4264_p_ce                                                        |  out|    1|  ap_ctrl_hs|                transformer_blk_s2_top_Pipeline_MHSA_QI_MHSA_KI|  return value|
|grp_fu_4268_p_din0                                                      |  out|   32|  ap_ctrl_hs|                transformer_blk_s2_top_Pipeline_MHSA_QI_MHSA_KI|  return value|
|grp_fu_4268_p_din1                                                      |  out|   32|  ap_ctrl_hs|                transformer_blk_s2_top_Pipeline_MHSA_QI_MHSA_KI|  return value|
|grp_fu_4268_p_opcode                                                    |  out|    2|  ap_ctrl_hs|                transformer_blk_s2_top_Pipeline_MHSA_QI_MHSA_KI|  return value|
|grp_fu_4268_p_dout0                                                     |   in|   32|  ap_ctrl_hs|                transformer_blk_s2_top_Pipeline_MHSA_QI_MHSA_KI|  return value|
|grp_fu_4268_p_ce                                                        |  out|    1|  ap_ctrl_hs|                transformer_blk_s2_top_Pipeline_MHSA_QI_MHSA_KI|  return value|
|grp_fu_4272_p_din0                                                      |  out|   32|  ap_ctrl_hs|                transformer_blk_s2_top_Pipeline_MHSA_QI_MHSA_KI|  return value|
|grp_fu_4272_p_din1                                                      |  out|   32|  ap_ctrl_hs|                transformer_blk_s2_top_Pipeline_MHSA_QI_MHSA_KI|  return value|
|grp_fu_4272_p_opcode                                                    |  out|    2|  ap_ctrl_hs|                transformer_blk_s2_top_Pipeline_MHSA_QI_MHSA_KI|  return value|
|grp_fu_4272_p_dout0                                                     |   in|   32|  ap_ctrl_hs|                transformer_blk_s2_top_Pipeline_MHSA_QI_MHSA_KI|  return value|
|grp_fu_4272_p_ce                                                        |  out|    1|  ap_ctrl_hs|                transformer_blk_s2_top_Pipeline_MHSA_QI_MHSA_KI|  return value|
|grp_fu_4276_p_din0                                                      |  out|   32|  ap_ctrl_hs|                transformer_blk_s2_top_Pipeline_MHSA_QI_MHSA_KI|  return value|
|grp_fu_4276_p_din1                                                      |  out|   32|  ap_ctrl_hs|                transformer_blk_s2_top_Pipeline_MHSA_QI_MHSA_KI|  return value|
|grp_fu_4276_p_opcode                                                    |  out|    2|  ap_ctrl_hs|                transformer_blk_s2_top_Pipeline_MHSA_QI_MHSA_KI|  return value|
|grp_fu_4276_p_dout0                                                     |   in|   32|  ap_ctrl_hs|                transformer_blk_s2_top_Pipeline_MHSA_QI_MHSA_KI|  return value|
|grp_fu_4276_p_ce                                                        |  out|    1|  ap_ctrl_hs|                transformer_blk_s2_top_Pipeline_MHSA_QI_MHSA_KI|  return value|
|grp_fu_4152_p_din0                                                      |  out|   32|  ap_ctrl_hs|                transformer_blk_s2_top_Pipeline_MHSA_QI_MHSA_KI|  return value|
|grp_fu_4152_p_din1                                                      |  out|   32|  ap_ctrl_hs|                transformer_blk_s2_top_Pipeline_MHSA_QI_MHSA_KI|  return value|
|grp_fu_4152_p_dout0                                                     |   in|   32|  ap_ctrl_hs|                transformer_blk_s2_top_Pipeline_MHSA_QI_MHSA_KI|  return value|
|grp_fu_4152_p_ce                                                        |  out|    1|  ap_ctrl_hs|                transformer_blk_s2_top_Pipeline_MHSA_QI_MHSA_KI|  return value|
|grp_fu_4156_p_din0                                                      |  out|   32|  ap_ctrl_hs|                transformer_blk_s2_top_Pipeline_MHSA_QI_MHSA_KI|  return value|
|grp_fu_4156_p_din1                                                      |  out|   32|  ap_ctrl_hs|                transformer_blk_s2_top_Pipeline_MHSA_QI_MHSA_KI|  return value|
|grp_fu_4156_p_dout0                                                     |   in|   32|  ap_ctrl_hs|                transformer_blk_s2_top_Pipeline_MHSA_QI_MHSA_KI|  return value|
|grp_fu_4156_p_ce                                                        |  out|    1|  ap_ctrl_hs|                transformer_blk_s2_top_Pipeline_MHSA_QI_MHSA_KI|  return value|
|grp_fu_4160_p_din0                                                      |  out|   32|  ap_ctrl_hs|                transformer_blk_s2_top_Pipeline_MHSA_QI_MHSA_KI|  return value|
|grp_fu_4160_p_din1                                                      |  out|   32|  ap_ctrl_hs|                transformer_blk_s2_top_Pipeline_MHSA_QI_MHSA_KI|  return value|
|grp_fu_4160_p_dout0                                                     |   in|   32|  ap_ctrl_hs|                transformer_blk_s2_top_Pipeline_MHSA_QI_MHSA_KI|  return value|
|grp_fu_4160_p_ce                                                        |  out|    1|  ap_ctrl_hs|                transformer_blk_s2_top_Pipeline_MHSA_QI_MHSA_KI|  return value|
|grp_fu_4164_p_din0                                                      |  out|   32|  ap_ctrl_hs|                transformer_blk_s2_top_Pipeline_MHSA_QI_MHSA_KI|  return value|
|grp_fu_4164_p_din1                                                      |  out|   32|  ap_ctrl_hs|                transformer_blk_s2_top_Pipeline_MHSA_QI_MHSA_KI|  return value|
|grp_fu_4164_p_dout0                                                     |   in|   32|  ap_ctrl_hs|                transformer_blk_s2_top_Pipeline_MHSA_QI_MHSA_KI|  return value|
|grp_fu_4164_p_ce                                                        |  out|    1|  ap_ctrl_hs|                transformer_blk_s2_top_Pipeline_MHSA_QI_MHSA_KI|  return value|
|zext_ln262                                                              |   in|    2|     ap_none|                                                     zext_ln262|        scalar|
|transformer_blk_s2_top_float_const_float_float_const_a_buf_address0     |  out|   15|   ap_memory|     transformer_blk_s2_top_float_const_float_float_const_a_buf|         array|
|transformer_blk_s2_top_float_const_float_float_const_a_buf_ce0          |  out|    1|   ap_memory|     transformer_blk_s2_top_float_const_float_float_const_a_buf|         array|
|transformer_blk_s2_top_float_const_float_float_const_a_buf_we0          |  out|    1|   ap_memory|     transformer_blk_s2_top_float_const_float_float_const_a_buf|         array|
|transformer_blk_s2_top_float_const_float_float_const_a_buf_d0           |  out|   32|   ap_memory|     transformer_blk_s2_top_float_const_float_float_const_a_buf|         array|
|transformer_blk_s2_top_float_const_float_float_const_q_buf_address0     |  out|   11|   ap_memory|     transformer_blk_s2_top_float_const_float_float_const_q_buf|         array|
|transformer_blk_s2_top_float_const_float_float_const_q_buf_ce0          |  out|    1|   ap_memory|     transformer_blk_s2_top_float_const_float_float_const_q_buf|         array|
|transformer_blk_s2_top_float_const_float_float_const_q_buf_q0           |   in|   32|   ap_memory|     transformer_blk_s2_top_float_const_float_float_const_q_buf|         array|
|transformer_blk_s2_top_float_const_float_float_const_q_buf_11_address0  |  out|   11|   ap_memory|  transformer_blk_s2_top_float_const_float_float_const_q_buf_11|         array|
|transformer_blk_s2_top_float_const_float_float_const_q_buf_11_ce0       |  out|    1|   ap_memory|  transformer_blk_s2_top_float_const_float_float_const_q_buf_11|         array|
|transformer_blk_s2_top_float_const_float_float_const_q_buf_11_q0        |   in|   32|   ap_memory|  transformer_blk_s2_top_float_const_float_float_const_q_buf_11|         array|
|transformer_blk_s2_top_float_const_float_float_const_q_buf_12_address0  |  out|   11|   ap_memory|  transformer_blk_s2_top_float_const_float_float_const_q_buf_12|         array|
|transformer_blk_s2_top_float_const_float_float_const_q_buf_12_ce0       |  out|    1|   ap_memory|  transformer_blk_s2_top_float_const_float_float_const_q_buf_12|         array|
|transformer_blk_s2_top_float_const_float_float_const_q_buf_12_q0        |   in|   32|   ap_memory|  transformer_blk_s2_top_float_const_float_float_const_q_buf_12|         array|
|transformer_blk_s2_top_float_const_float_float_const_q_buf_13_address0  |  out|   11|   ap_memory|  transformer_blk_s2_top_float_const_float_float_const_q_buf_13|         array|
|transformer_blk_s2_top_float_const_float_float_const_q_buf_13_ce0       |  out|    1|   ap_memory|  transformer_blk_s2_top_float_const_float_float_const_q_buf_13|         array|
|transformer_blk_s2_top_float_const_float_float_const_q_buf_13_q0        |   in|   32|   ap_memory|  transformer_blk_s2_top_float_const_float_float_const_q_buf_13|         array|
|transformer_blk_s2_top_float_const_float_float_const_q_buf_14_address0  |  out|   11|   ap_memory|  transformer_blk_s2_top_float_const_float_float_const_q_buf_14|         array|
|transformer_blk_s2_top_float_const_float_float_const_q_buf_14_ce0       |  out|    1|   ap_memory|  transformer_blk_s2_top_float_const_float_float_const_q_buf_14|         array|
|transformer_blk_s2_top_float_const_float_float_const_q_buf_14_q0        |   in|   32|   ap_memory|  transformer_blk_s2_top_float_const_float_float_const_q_buf_14|         array|
|transformer_blk_s2_top_float_const_float_float_const_q_buf_15_address0  |  out|   11|   ap_memory|  transformer_blk_s2_top_float_const_float_float_const_q_buf_15|         array|
|transformer_blk_s2_top_float_const_float_float_const_q_buf_15_ce0       |  out|    1|   ap_memory|  transformer_blk_s2_top_float_const_float_float_const_q_buf_15|         array|
|transformer_blk_s2_top_float_const_float_float_const_q_buf_15_q0        |   in|   32|   ap_memory|  transformer_blk_s2_top_float_const_float_float_const_q_buf_15|         array|
|transformer_blk_s2_top_float_const_float_float_const_q_buf_16_address0  |  out|   11|   ap_memory|  transformer_blk_s2_top_float_const_float_float_const_q_buf_16|         array|
|transformer_blk_s2_top_float_const_float_float_const_q_buf_16_ce0       |  out|    1|   ap_memory|  transformer_blk_s2_top_float_const_float_float_const_q_buf_16|         array|
|transformer_blk_s2_top_float_const_float_float_const_q_buf_16_q0        |   in|   32|   ap_memory|  transformer_blk_s2_top_float_const_float_float_const_q_buf_16|         array|
|transformer_blk_s2_top_float_const_float_float_const_q_buf_17_address0  |  out|   11|   ap_memory|  transformer_blk_s2_top_float_const_float_float_const_q_buf_17|         array|
|transformer_blk_s2_top_float_const_float_float_const_q_buf_17_ce0       |  out|    1|   ap_memory|  transformer_blk_s2_top_float_const_float_float_const_q_buf_17|         array|
|transformer_blk_s2_top_float_const_float_float_const_q_buf_17_q0        |   in|   32|   ap_memory|  transformer_blk_s2_top_float_const_float_float_const_q_buf_17|         array|
|transformer_blk_s2_top_float_const_float_float_const_q_buf_18_address0  |  out|   11|   ap_memory|  transformer_blk_s2_top_float_const_float_float_const_q_buf_18|         array|
|transformer_blk_s2_top_float_const_float_float_const_q_buf_18_ce0       |  out|    1|   ap_memory|  transformer_blk_s2_top_float_const_float_float_const_q_buf_18|         array|
|transformer_blk_s2_top_float_const_float_float_const_q_buf_18_q0        |   in|   32|   ap_memory|  transformer_blk_s2_top_float_const_float_float_const_q_buf_18|         array|
|transformer_blk_s2_top_float_const_float_float_const_q_buf_19_address0  |  out|   11|   ap_memory|  transformer_blk_s2_top_float_const_float_float_const_q_buf_19|         array|
|transformer_blk_s2_top_float_const_float_float_const_q_buf_19_ce0       |  out|    1|   ap_memory|  transformer_blk_s2_top_float_const_float_float_const_q_buf_19|         array|
|transformer_blk_s2_top_float_const_float_float_const_q_buf_19_q0        |   in|   32|   ap_memory|  transformer_blk_s2_top_float_const_float_float_const_q_buf_19|         array|
|p_ZZ22transformer_blk_s2_topPKfPfS0_E5q_buf_10_address0                 |  out|   11|   ap_memory|                 p_ZZ22transformer_blk_s2_topPKfPfS0_E5q_buf_10|         array|
|p_ZZ22transformer_blk_s2_topPKfPfS0_E5q_buf_10_ce0                      |  out|    1|   ap_memory|                 p_ZZ22transformer_blk_s2_topPKfPfS0_E5q_buf_10|         array|
|p_ZZ22transformer_blk_s2_topPKfPfS0_E5q_buf_10_q0                       |   in|   32|   ap_memory|                 p_ZZ22transformer_blk_s2_topPKfPfS0_E5q_buf_10|         array|
|p_ZZ22transformer_blk_s2_topPKfPfS0_E5q_buf_11_address0                 |  out|   11|   ap_memory|                 p_ZZ22transformer_blk_s2_topPKfPfS0_E5q_buf_11|         array|
|p_ZZ22transformer_blk_s2_topPKfPfS0_E5q_buf_11_ce0                      |  out|    1|   ap_memory|                 p_ZZ22transformer_blk_s2_topPKfPfS0_E5q_buf_11|         array|
|p_ZZ22transformer_blk_s2_topPKfPfS0_E5q_buf_11_q0                       |   in|   32|   ap_memory|                 p_ZZ22transformer_blk_s2_topPKfPfS0_E5q_buf_11|         array|
|p_ZZ22transformer_blk_s2_topPKfPfS0_E5q_buf_12_address0                 |  out|   11|   ap_memory|                 p_ZZ22transformer_blk_s2_topPKfPfS0_E5q_buf_12|         array|
|p_ZZ22transformer_blk_s2_topPKfPfS0_E5q_buf_12_ce0                      |  out|    1|   ap_memory|                 p_ZZ22transformer_blk_s2_topPKfPfS0_E5q_buf_12|         array|
|p_ZZ22transformer_blk_s2_topPKfPfS0_E5q_buf_12_q0                       |   in|   32|   ap_memory|                 p_ZZ22transformer_blk_s2_topPKfPfS0_E5q_buf_12|         array|
|p_ZZ22transformer_blk_s2_topPKfPfS0_E5q_buf_13_address0                 |  out|   11|   ap_memory|                 p_ZZ22transformer_blk_s2_topPKfPfS0_E5q_buf_13|         array|
|p_ZZ22transformer_blk_s2_topPKfPfS0_E5q_buf_13_ce0                      |  out|    1|   ap_memory|                 p_ZZ22transformer_blk_s2_topPKfPfS0_E5q_buf_13|         array|
|p_ZZ22transformer_blk_s2_topPKfPfS0_E5q_buf_13_q0                       |   in|   32|   ap_memory|                 p_ZZ22transformer_blk_s2_topPKfPfS0_E5q_buf_13|         array|
|p_ZZ22transformer_blk_s2_topPKfPfS0_E5q_buf_14_address0                 |  out|   11|   ap_memory|                 p_ZZ22transformer_blk_s2_topPKfPfS0_E5q_buf_14|         array|
|p_ZZ22transformer_blk_s2_topPKfPfS0_E5q_buf_14_ce0                      |  out|    1|   ap_memory|                 p_ZZ22transformer_blk_s2_topPKfPfS0_E5q_buf_14|         array|
|p_ZZ22transformer_blk_s2_topPKfPfS0_E5q_buf_14_q0                       |   in|   32|   ap_memory|                 p_ZZ22transformer_blk_s2_topPKfPfS0_E5q_buf_14|         array|
|p_ZZ22transformer_blk_s2_topPKfPfS0_E5q_buf_15_address0                 |  out|   11|   ap_memory|                 p_ZZ22transformer_blk_s2_topPKfPfS0_E5q_buf_15|         array|
|p_ZZ22transformer_blk_s2_topPKfPfS0_E5q_buf_15_ce0                      |  out|    1|   ap_memory|                 p_ZZ22transformer_blk_s2_topPKfPfS0_E5q_buf_15|         array|
|p_ZZ22transformer_blk_s2_topPKfPfS0_E5q_buf_15_q0                       |   in|   32|   ap_memory|                 p_ZZ22transformer_blk_s2_topPKfPfS0_E5q_buf_15|         array|
|p_ZZ22transformer_blk_s2_topPKfPfS0_E5q_buf_16_address0                 |  out|   11|   ap_memory|                 p_ZZ22transformer_blk_s2_topPKfPfS0_E5q_buf_16|         array|
|p_ZZ22transformer_blk_s2_topPKfPfS0_E5q_buf_16_ce0                      |  out|    1|   ap_memory|                 p_ZZ22transformer_blk_s2_topPKfPfS0_E5q_buf_16|         array|
|p_ZZ22transformer_blk_s2_topPKfPfS0_E5q_buf_16_q0                       |   in|   32|   ap_memory|                 p_ZZ22transformer_blk_s2_topPKfPfS0_E5q_buf_16|         array|
|p_ZZ22transformer_blk_s2_topPKfPfS0_E5q_buf_17_address0                 |  out|   11|   ap_memory|                 p_ZZ22transformer_blk_s2_topPKfPfS0_E5q_buf_17|         array|
|p_ZZ22transformer_blk_s2_topPKfPfS0_E5q_buf_17_ce0                      |  out|    1|   ap_memory|                 p_ZZ22transformer_blk_s2_topPKfPfS0_E5q_buf_17|         array|
|p_ZZ22transformer_blk_s2_topPKfPfS0_E5q_buf_17_q0                       |   in|   32|   ap_memory|                 p_ZZ22transformer_blk_s2_topPKfPfS0_E5q_buf_17|         array|
|p_ZZ22transformer_blk_s2_topPKfPfS0_E5q_buf_18_address0                 |  out|   11|   ap_memory|                 p_ZZ22transformer_blk_s2_topPKfPfS0_E5q_buf_18|         array|
|p_ZZ22transformer_blk_s2_topPKfPfS0_E5q_buf_18_ce0                      |  out|    1|   ap_memory|                 p_ZZ22transformer_blk_s2_topPKfPfS0_E5q_buf_18|         array|
|p_ZZ22transformer_blk_s2_topPKfPfS0_E5q_buf_18_q0                       |   in|   32|   ap_memory|                 p_ZZ22transformer_blk_s2_topPKfPfS0_E5q_buf_18|         array|
|p_ZZ22transformer_blk_s2_topPKfPfS0_E5q_buf_19_address0                 |  out|   11|   ap_memory|                 p_ZZ22transformer_blk_s2_topPKfPfS0_E5q_buf_19|         array|
|p_ZZ22transformer_blk_s2_topPKfPfS0_E5q_buf_19_ce0                      |  out|    1|   ap_memory|                 p_ZZ22transformer_blk_s2_topPKfPfS0_E5q_buf_19|         array|
|p_ZZ22transformer_blk_s2_topPKfPfS0_E5q_buf_19_q0                       |   in|   32|   ap_memory|                 p_ZZ22transformer_blk_s2_topPKfPfS0_E5q_buf_19|         array|
|p_ZZ22transformer_blk_s2_topPKfPfS0_E5q_buf_20_address0                 |  out|   11|   ap_memory|                 p_ZZ22transformer_blk_s2_topPKfPfS0_E5q_buf_20|         array|
|p_ZZ22transformer_blk_s2_topPKfPfS0_E5q_buf_20_ce0                      |  out|    1|   ap_memory|                 p_ZZ22transformer_blk_s2_topPKfPfS0_E5q_buf_20|         array|
|p_ZZ22transformer_blk_s2_topPKfPfS0_E5q_buf_20_q0                       |   in|   32|   ap_memory|                 p_ZZ22transformer_blk_s2_topPKfPfS0_E5q_buf_20|         array|
|p_ZZ22transformer_blk_s2_topPKfPfS0_E5q_buf_21_address0                 |  out|   11|   ap_memory|                 p_ZZ22transformer_blk_s2_topPKfPfS0_E5q_buf_21|         array|
|p_ZZ22transformer_blk_s2_topPKfPfS0_E5q_buf_21_ce0                      |  out|    1|   ap_memory|                 p_ZZ22transformer_blk_s2_topPKfPfS0_E5q_buf_21|         array|
|p_ZZ22transformer_blk_s2_topPKfPfS0_E5q_buf_21_q0                       |   in|   32|   ap_memory|                 p_ZZ22transformer_blk_s2_topPKfPfS0_E5q_buf_21|         array|
|p_ZZ22transformer_blk_s2_topPKfPfS0_E5q_buf_22_address0                 |  out|   11|   ap_memory|                 p_ZZ22transformer_blk_s2_topPKfPfS0_E5q_buf_22|         array|
|p_ZZ22transformer_blk_s2_topPKfPfS0_E5q_buf_22_ce0                      |  out|    1|   ap_memory|                 p_ZZ22transformer_blk_s2_topPKfPfS0_E5q_buf_22|         array|
|p_ZZ22transformer_blk_s2_topPKfPfS0_E5q_buf_22_q0                       |   in|   32|   ap_memory|                 p_ZZ22transformer_blk_s2_topPKfPfS0_E5q_buf_22|         array|
|p_ZZ22transformer_blk_s2_topPKfPfS0_E5q_buf_23_address0                 |  out|   11|   ap_memory|                 p_ZZ22transformer_blk_s2_topPKfPfS0_E5q_buf_23|         array|
|p_ZZ22transformer_blk_s2_topPKfPfS0_E5q_buf_23_ce0                      |  out|    1|   ap_memory|                 p_ZZ22transformer_blk_s2_topPKfPfS0_E5q_buf_23|         array|
|p_ZZ22transformer_blk_s2_topPKfPfS0_E5q_buf_23_q0                       |   in|   32|   ap_memory|                 p_ZZ22transformer_blk_s2_topPKfPfS0_E5q_buf_23|         array|
|p_ZZ22transformer_blk_s2_topPKfPfS0_E5q_buf_24_address0                 |  out|   11|   ap_memory|                 p_ZZ22transformer_blk_s2_topPKfPfS0_E5q_buf_24|         array|
|p_ZZ22transformer_blk_s2_topPKfPfS0_E5q_buf_24_ce0                      |  out|    1|   ap_memory|                 p_ZZ22transformer_blk_s2_topPKfPfS0_E5q_buf_24|         array|
|p_ZZ22transformer_blk_s2_topPKfPfS0_E5q_buf_24_q0                       |   in|   32|   ap_memory|                 p_ZZ22transformer_blk_s2_topPKfPfS0_E5q_buf_24|         array|
|p_ZZ22transformer_blk_s2_topPKfPfS0_E5q_buf_25_address0                 |  out|   11|   ap_memory|                 p_ZZ22transformer_blk_s2_topPKfPfS0_E5q_buf_25|         array|
|p_ZZ22transformer_blk_s2_topPKfPfS0_E5q_buf_25_ce0                      |  out|    1|   ap_memory|                 p_ZZ22transformer_blk_s2_topPKfPfS0_E5q_buf_25|         array|
|p_ZZ22transformer_blk_s2_topPKfPfS0_E5q_buf_25_q0                       |   in|   32|   ap_memory|                 p_ZZ22transformer_blk_s2_topPKfPfS0_E5q_buf_25|         array|
|p_ZZ22transformer_blk_s2_topPKfPfS0_E5q_buf_26_address0                 |  out|   11|   ap_memory|                 p_ZZ22transformer_blk_s2_topPKfPfS0_E5q_buf_26|         array|
|p_ZZ22transformer_blk_s2_topPKfPfS0_E5q_buf_26_ce0                      |  out|    1|   ap_memory|                 p_ZZ22transformer_blk_s2_topPKfPfS0_E5q_buf_26|         array|
|p_ZZ22transformer_blk_s2_topPKfPfS0_E5q_buf_26_q0                       |   in|   32|   ap_memory|                 p_ZZ22transformer_blk_s2_topPKfPfS0_E5q_buf_26|         array|
|p_ZZ22transformer_blk_s2_topPKfPfS0_E5q_buf_27_address0                 |  out|   11|   ap_memory|                 p_ZZ22transformer_blk_s2_topPKfPfS0_E5q_buf_27|         array|
|p_ZZ22transformer_blk_s2_topPKfPfS0_E5q_buf_27_ce0                      |  out|    1|   ap_memory|                 p_ZZ22transformer_blk_s2_topPKfPfS0_E5q_buf_27|         array|
|p_ZZ22transformer_blk_s2_topPKfPfS0_E5q_buf_27_q0                       |   in|   32|   ap_memory|                 p_ZZ22transformer_blk_s2_topPKfPfS0_E5q_buf_27|         array|
|p_ZZ22transformer_blk_s2_topPKfPfS0_E5q_buf_28_address0                 |  out|   11|   ap_memory|                 p_ZZ22transformer_blk_s2_topPKfPfS0_E5q_buf_28|         array|
|p_ZZ22transformer_blk_s2_topPKfPfS0_E5q_buf_28_ce0                      |  out|    1|   ap_memory|                 p_ZZ22transformer_blk_s2_topPKfPfS0_E5q_buf_28|         array|
|p_ZZ22transformer_blk_s2_topPKfPfS0_E5q_buf_28_q0                       |   in|   32|   ap_memory|                 p_ZZ22transformer_blk_s2_topPKfPfS0_E5q_buf_28|         array|
|p_ZZ22transformer_blk_s2_topPKfPfS0_E5q_buf_29_address0                 |  out|   11|   ap_memory|                 p_ZZ22transformer_blk_s2_topPKfPfS0_E5q_buf_29|         array|
|p_ZZ22transformer_blk_s2_topPKfPfS0_E5q_buf_29_ce0                      |  out|    1|   ap_memory|                 p_ZZ22transformer_blk_s2_topPKfPfS0_E5q_buf_29|         array|
|p_ZZ22transformer_blk_s2_topPKfPfS0_E5q_buf_29_q0                       |   in|   32|   ap_memory|                 p_ZZ22transformer_blk_s2_topPKfPfS0_E5q_buf_29|         array|
|p_ZZ22transformer_blk_s2_topPKfPfS0_E5q_buf_30_address0                 |  out|   11|   ap_memory|                 p_ZZ22transformer_blk_s2_topPKfPfS0_E5q_buf_30|         array|
|p_ZZ22transformer_blk_s2_topPKfPfS0_E5q_buf_30_ce0                      |  out|    1|   ap_memory|                 p_ZZ22transformer_blk_s2_topPKfPfS0_E5q_buf_30|         array|
|p_ZZ22transformer_blk_s2_topPKfPfS0_E5q_buf_30_q0                       |   in|   32|   ap_memory|                 p_ZZ22transformer_blk_s2_topPKfPfS0_E5q_buf_30|         array|
|p_ZZ22transformer_blk_s2_topPKfPfS0_E5q_buf_31_address0                 |  out|   11|   ap_memory|                 p_ZZ22transformer_blk_s2_topPKfPfS0_E5q_buf_31|         array|
|p_ZZ22transformer_blk_s2_topPKfPfS0_E5q_buf_31_ce0                      |  out|    1|   ap_memory|                 p_ZZ22transformer_blk_s2_topPKfPfS0_E5q_buf_31|         array|
|p_ZZ22transformer_blk_s2_topPKfPfS0_E5q_buf_31_q0                       |   in|   32|   ap_memory|                 p_ZZ22transformer_blk_s2_topPKfPfS0_E5q_buf_31|         array|
|p_ZZ22transformer_blk_s2_topPKfPfS0_E5q_buf_32_address0                 |  out|   11|   ap_memory|                 p_ZZ22transformer_blk_s2_topPKfPfS0_E5q_buf_32|         array|
|p_ZZ22transformer_blk_s2_topPKfPfS0_E5q_buf_32_ce0                      |  out|    1|   ap_memory|                 p_ZZ22transformer_blk_s2_topPKfPfS0_E5q_buf_32|         array|
|p_ZZ22transformer_blk_s2_topPKfPfS0_E5q_buf_32_q0                       |   in|   32|   ap_memory|                 p_ZZ22transformer_blk_s2_topPKfPfS0_E5q_buf_32|         array|
|p_ZZ22transformer_blk_s2_topPKfPfS0_E5q_buf_33_address0                 |  out|   11|   ap_memory|                 p_ZZ22transformer_blk_s2_topPKfPfS0_E5q_buf_33|         array|
|p_ZZ22transformer_blk_s2_topPKfPfS0_E5q_buf_33_ce0                      |  out|    1|   ap_memory|                 p_ZZ22transformer_blk_s2_topPKfPfS0_E5q_buf_33|         array|
|p_ZZ22transformer_blk_s2_topPKfPfS0_E5q_buf_33_q0                       |   in|   32|   ap_memory|                 p_ZZ22transformer_blk_s2_topPKfPfS0_E5q_buf_33|         array|
|p_ZZ22transformer_blk_s2_topPKfPfS0_E5q_buf_34_address0                 |  out|   11|   ap_memory|                 p_ZZ22transformer_blk_s2_topPKfPfS0_E5q_buf_34|         array|
|p_ZZ22transformer_blk_s2_topPKfPfS0_E5q_buf_34_ce0                      |  out|    1|   ap_memory|                 p_ZZ22transformer_blk_s2_topPKfPfS0_E5q_buf_34|         array|
|p_ZZ22transformer_blk_s2_topPKfPfS0_E5q_buf_34_q0                       |   in|   32|   ap_memory|                 p_ZZ22transformer_blk_s2_topPKfPfS0_E5q_buf_34|         array|
|p_ZZ22transformer_blk_s2_topPKfPfS0_E5q_buf_35_address0                 |  out|   11|   ap_memory|                 p_ZZ22transformer_blk_s2_topPKfPfS0_E5q_buf_35|         array|
|p_ZZ22transformer_blk_s2_topPKfPfS0_E5q_buf_35_ce0                      |  out|    1|   ap_memory|                 p_ZZ22transformer_blk_s2_topPKfPfS0_E5q_buf_35|         array|
|p_ZZ22transformer_blk_s2_topPKfPfS0_E5q_buf_35_q0                       |   in|   32|   ap_memory|                 p_ZZ22transformer_blk_s2_topPKfPfS0_E5q_buf_35|         array|
|transformer_blk_s2_top_float_const_float_float_const_k_buf_address0     |  out|   11|   ap_memory|     transformer_blk_s2_top_float_const_float_float_const_k_buf|         array|
|transformer_blk_s2_top_float_const_float_float_const_k_buf_ce0          |  out|    1|   ap_memory|     transformer_blk_s2_top_float_const_float_float_const_k_buf|         array|
|transformer_blk_s2_top_float_const_float_float_const_k_buf_q0           |   in|   32|   ap_memory|     transformer_blk_s2_top_float_const_float_float_const_k_buf|         array|
|transformer_blk_s2_top_float_const_float_float_const_k_buf_20_address0  |  out|   11|   ap_memory|  transformer_blk_s2_top_float_const_float_float_const_k_buf_20|         array|
|transformer_blk_s2_top_float_const_float_float_const_k_buf_20_ce0       |  out|    1|   ap_memory|  transformer_blk_s2_top_float_const_float_float_const_k_buf_20|         array|
|transformer_blk_s2_top_float_const_float_float_const_k_buf_20_q0        |   in|   32|   ap_memory|  transformer_blk_s2_top_float_const_float_float_const_k_buf_20|         array|
|transformer_blk_s2_top_float_const_float_float_const_k_buf_21_address0  |  out|   11|   ap_memory|  transformer_blk_s2_top_float_const_float_float_const_k_buf_21|         array|
|transformer_blk_s2_top_float_const_float_float_const_k_buf_21_ce0       |  out|    1|   ap_memory|  transformer_blk_s2_top_float_const_float_float_const_k_buf_21|         array|
|transformer_blk_s2_top_float_const_float_float_const_k_buf_21_q0        |   in|   32|   ap_memory|  transformer_blk_s2_top_float_const_float_float_const_k_buf_21|         array|
|transformer_blk_s2_top_float_const_float_float_const_k_buf_22_address0  |  out|   11|   ap_memory|  transformer_blk_s2_top_float_const_float_float_const_k_buf_22|         array|
|transformer_blk_s2_top_float_const_float_float_const_k_buf_22_ce0       |  out|    1|   ap_memory|  transformer_blk_s2_top_float_const_float_float_const_k_buf_22|         array|
|transformer_blk_s2_top_float_const_float_float_const_k_buf_22_q0        |   in|   32|   ap_memory|  transformer_blk_s2_top_float_const_float_float_const_k_buf_22|         array|
|transformer_blk_s2_top_float_const_float_float_const_k_buf_23_address0  |  out|   11|   ap_memory|  transformer_blk_s2_top_float_const_float_float_const_k_buf_23|         array|
|transformer_blk_s2_top_float_const_float_float_const_k_buf_23_ce0       |  out|    1|   ap_memory|  transformer_blk_s2_top_float_const_float_float_const_k_buf_23|         array|
|transformer_blk_s2_top_float_const_float_float_const_k_buf_23_q0        |   in|   32|   ap_memory|  transformer_blk_s2_top_float_const_float_float_const_k_buf_23|         array|
|transformer_blk_s2_top_float_const_float_float_const_k_buf_24_address0  |  out|   11|   ap_memory|  transformer_blk_s2_top_float_const_float_float_const_k_buf_24|         array|
|transformer_blk_s2_top_float_const_float_float_const_k_buf_24_ce0       |  out|    1|   ap_memory|  transformer_blk_s2_top_float_const_float_float_const_k_buf_24|         array|
|transformer_blk_s2_top_float_const_float_float_const_k_buf_24_q0        |   in|   32|   ap_memory|  transformer_blk_s2_top_float_const_float_float_const_k_buf_24|         array|
|transformer_blk_s2_top_float_const_float_float_const_k_buf_25_address0  |  out|   11|   ap_memory|  transformer_blk_s2_top_float_const_float_float_const_k_buf_25|         array|
|transformer_blk_s2_top_float_const_float_float_const_k_buf_25_ce0       |  out|    1|   ap_memory|  transformer_blk_s2_top_float_const_float_float_const_k_buf_25|         array|
|transformer_blk_s2_top_float_const_float_float_const_k_buf_25_q0        |   in|   32|   ap_memory|  transformer_blk_s2_top_float_const_float_float_const_k_buf_25|         array|
|transformer_blk_s2_top_float_const_float_float_const_k_buf_26_address0  |  out|   11|   ap_memory|  transformer_blk_s2_top_float_const_float_float_const_k_buf_26|         array|
|transformer_blk_s2_top_float_const_float_float_const_k_buf_26_ce0       |  out|    1|   ap_memory|  transformer_blk_s2_top_float_const_float_float_const_k_buf_26|         array|
|transformer_blk_s2_top_float_const_float_float_const_k_buf_26_q0        |   in|   32|   ap_memory|  transformer_blk_s2_top_float_const_float_float_const_k_buf_26|         array|
|transformer_blk_s2_top_float_const_float_float_const_k_buf_27_address0  |  out|   11|   ap_memory|  transformer_blk_s2_top_float_const_float_float_const_k_buf_27|         array|
|transformer_blk_s2_top_float_const_float_float_const_k_buf_27_ce0       |  out|    1|   ap_memory|  transformer_blk_s2_top_float_const_float_float_const_k_buf_27|         array|
|transformer_blk_s2_top_float_const_float_float_const_k_buf_27_q0        |   in|   32|   ap_memory|  transformer_blk_s2_top_float_const_float_float_const_k_buf_27|         array|
|transformer_blk_s2_top_float_const_float_float_const_k_buf_28_address0  |  out|   11|   ap_memory|  transformer_blk_s2_top_float_const_float_float_const_k_buf_28|         array|
|transformer_blk_s2_top_float_const_float_float_const_k_buf_28_ce0       |  out|    1|   ap_memory|  transformer_blk_s2_top_float_const_float_float_const_k_buf_28|         array|
|transformer_blk_s2_top_float_const_float_float_const_k_buf_28_q0        |   in|   32|   ap_memory|  transformer_blk_s2_top_float_const_float_float_const_k_buf_28|         array|
|p_ZZ22transformer_blk_s2_topPKfPfS0_E5k_buf_10_address0                 |  out|   11|   ap_memory|                 p_ZZ22transformer_blk_s2_topPKfPfS0_E5k_buf_10|         array|
|p_ZZ22transformer_blk_s2_topPKfPfS0_E5k_buf_10_ce0                      |  out|    1|   ap_memory|                 p_ZZ22transformer_blk_s2_topPKfPfS0_E5k_buf_10|         array|
|p_ZZ22transformer_blk_s2_topPKfPfS0_E5k_buf_10_q0                       |   in|   32|   ap_memory|                 p_ZZ22transformer_blk_s2_topPKfPfS0_E5k_buf_10|         array|
|p_ZZ22transformer_blk_s2_topPKfPfS0_E5k_buf_11_address0                 |  out|   11|   ap_memory|                 p_ZZ22transformer_blk_s2_topPKfPfS0_E5k_buf_11|         array|
|p_ZZ22transformer_blk_s2_topPKfPfS0_E5k_buf_11_ce0                      |  out|    1|   ap_memory|                 p_ZZ22transformer_blk_s2_topPKfPfS0_E5k_buf_11|         array|
|p_ZZ22transformer_blk_s2_topPKfPfS0_E5k_buf_11_q0                       |   in|   32|   ap_memory|                 p_ZZ22transformer_blk_s2_topPKfPfS0_E5k_buf_11|         array|
|p_ZZ22transformer_blk_s2_topPKfPfS0_E5k_buf_12_address0                 |  out|   11|   ap_memory|                 p_ZZ22transformer_blk_s2_topPKfPfS0_E5k_buf_12|         array|
|p_ZZ22transformer_blk_s2_topPKfPfS0_E5k_buf_12_ce0                      |  out|    1|   ap_memory|                 p_ZZ22transformer_blk_s2_topPKfPfS0_E5k_buf_12|         array|
|p_ZZ22transformer_blk_s2_topPKfPfS0_E5k_buf_12_q0                       |   in|   32|   ap_memory|                 p_ZZ22transformer_blk_s2_topPKfPfS0_E5k_buf_12|         array|
|p_ZZ22transformer_blk_s2_topPKfPfS0_E5k_buf_13_address0                 |  out|   11|   ap_memory|                 p_ZZ22transformer_blk_s2_topPKfPfS0_E5k_buf_13|         array|
|p_ZZ22transformer_blk_s2_topPKfPfS0_E5k_buf_13_ce0                      |  out|    1|   ap_memory|                 p_ZZ22transformer_blk_s2_topPKfPfS0_E5k_buf_13|         array|
|p_ZZ22transformer_blk_s2_topPKfPfS0_E5k_buf_13_q0                       |   in|   32|   ap_memory|                 p_ZZ22transformer_blk_s2_topPKfPfS0_E5k_buf_13|         array|
|p_ZZ22transformer_blk_s2_topPKfPfS0_E5k_buf_14_address0                 |  out|   11|   ap_memory|                 p_ZZ22transformer_blk_s2_topPKfPfS0_E5k_buf_14|         array|
|p_ZZ22transformer_blk_s2_topPKfPfS0_E5k_buf_14_ce0                      |  out|    1|   ap_memory|                 p_ZZ22transformer_blk_s2_topPKfPfS0_E5k_buf_14|         array|
|p_ZZ22transformer_blk_s2_topPKfPfS0_E5k_buf_14_q0                       |   in|   32|   ap_memory|                 p_ZZ22transformer_blk_s2_topPKfPfS0_E5k_buf_14|         array|
|p_ZZ22transformer_blk_s2_topPKfPfS0_E5k_buf_15_address0                 |  out|   11|   ap_memory|                 p_ZZ22transformer_blk_s2_topPKfPfS0_E5k_buf_15|         array|
|p_ZZ22transformer_blk_s2_topPKfPfS0_E5k_buf_15_ce0                      |  out|    1|   ap_memory|                 p_ZZ22transformer_blk_s2_topPKfPfS0_E5k_buf_15|         array|
|p_ZZ22transformer_blk_s2_topPKfPfS0_E5k_buf_15_q0                       |   in|   32|   ap_memory|                 p_ZZ22transformer_blk_s2_topPKfPfS0_E5k_buf_15|         array|
|p_ZZ22transformer_blk_s2_topPKfPfS0_E5k_buf_16_address0                 |  out|   11|   ap_memory|                 p_ZZ22transformer_blk_s2_topPKfPfS0_E5k_buf_16|         array|
|p_ZZ22transformer_blk_s2_topPKfPfS0_E5k_buf_16_ce0                      |  out|    1|   ap_memory|                 p_ZZ22transformer_blk_s2_topPKfPfS0_E5k_buf_16|         array|
|p_ZZ22transformer_blk_s2_topPKfPfS0_E5k_buf_16_q0                       |   in|   32|   ap_memory|                 p_ZZ22transformer_blk_s2_topPKfPfS0_E5k_buf_16|         array|
|p_ZZ22transformer_blk_s2_topPKfPfS0_E5k_buf_17_address0                 |  out|   11|   ap_memory|                 p_ZZ22transformer_blk_s2_topPKfPfS0_E5k_buf_17|         array|
|p_ZZ22transformer_blk_s2_topPKfPfS0_E5k_buf_17_ce0                      |  out|    1|   ap_memory|                 p_ZZ22transformer_blk_s2_topPKfPfS0_E5k_buf_17|         array|
|p_ZZ22transformer_blk_s2_topPKfPfS0_E5k_buf_17_q0                       |   in|   32|   ap_memory|                 p_ZZ22transformer_blk_s2_topPKfPfS0_E5k_buf_17|         array|
|p_ZZ22transformer_blk_s2_topPKfPfS0_E5k_buf_18_address0                 |  out|   11|   ap_memory|                 p_ZZ22transformer_blk_s2_topPKfPfS0_E5k_buf_18|         array|
|p_ZZ22transformer_blk_s2_topPKfPfS0_E5k_buf_18_ce0                      |  out|    1|   ap_memory|                 p_ZZ22transformer_blk_s2_topPKfPfS0_E5k_buf_18|         array|
|p_ZZ22transformer_blk_s2_topPKfPfS0_E5k_buf_18_q0                       |   in|   32|   ap_memory|                 p_ZZ22transformer_blk_s2_topPKfPfS0_E5k_buf_18|         array|
|p_ZZ22transformer_blk_s2_topPKfPfS0_E5k_buf_19_address0                 |  out|   11|   ap_memory|                 p_ZZ22transformer_blk_s2_topPKfPfS0_E5k_buf_19|         array|
|p_ZZ22transformer_blk_s2_topPKfPfS0_E5k_buf_19_ce0                      |  out|    1|   ap_memory|                 p_ZZ22transformer_blk_s2_topPKfPfS0_E5k_buf_19|         array|
|p_ZZ22transformer_blk_s2_topPKfPfS0_E5k_buf_19_q0                       |   in|   32|   ap_memory|                 p_ZZ22transformer_blk_s2_topPKfPfS0_E5k_buf_19|         array|
|p_ZZ22transformer_blk_s2_topPKfPfS0_E5k_buf_20_address0                 |  out|   11|   ap_memory|                 p_ZZ22transformer_blk_s2_topPKfPfS0_E5k_buf_20|         array|
|p_ZZ22transformer_blk_s2_topPKfPfS0_E5k_buf_20_ce0                      |  out|    1|   ap_memory|                 p_ZZ22transformer_blk_s2_topPKfPfS0_E5k_buf_20|         array|
|p_ZZ22transformer_blk_s2_topPKfPfS0_E5k_buf_20_q0                       |   in|   32|   ap_memory|                 p_ZZ22transformer_blk_s2_topPKfPfS0_E5k_buf_20|         array|
|p_ZZ22transformer_blk_s2_topPKfPfS0_E5k_buf_21_address0                 |  out|   11|   ap_memory|                 p_ZZ22transformer_blk_s2_topPKfPfS0_E5k_buf_21|         array|
|p_ZZ22transformer_blk_s2_topPKfPfS0_E5k_buf_21_ce0                      |  out|    1|   ap_memory|                 p_ZZ22transformer_blk_s2_topPKfPfS0_E5k_buf_21|         array|
|p_ZZ22transformer_blk_s2_topPKfPfS0_E5k_buf_21_q0                       |   in|   32|   ap_memory|                 p_ZZ22transformer_blk_s2_topPKfPfS0_E5k_buf_21|         array|
|p_ZZ22transformer_blk_s2_topPKfPfS0_E5k_buf_22_address0                 |  out|   11|   ap_memory|                 p_ZZ22transformer_blk_s2_topPKfPfS0_E5k_buf_22|         array|
|p_ZZ22transformer_blk_s2_topPKfPfS0_E5k_buf_22_ce0                      |  out|    1|   ap_memory|                 p_ZZ22transformer_blk_s2_topPKfPfS0_E5k_buf_22|         array|
|p_ZZ22transformer_blk_s2_topPKfPfS0_E5k_buf_22_q0                       |   in|   32|   ap_memory|                 p_ZZ22transformer_blk_s2_topPKfPfS0_E5k_buf_22|         array|
|p_ZZ22transformer_blk_s2_topPKfPfS0_E5k_buf_23_address0                 |  out|   11|   ap_memory|                 p_ZZ22transformer_blk_s2_topPKfPfS0_E5k_buf_23|         array|
|p_ZZ22transformer_blk_s2_topPKfPfS0_E5k_buf_23_ce0                      |  out|    1|   ap_memory|                 p_ZZ22transformer_blk_s2_topPKfPfS0_E5k_buf_23|         array|
|p_ZZ22transformer_blk_s2_topPKfPfS0_E5k_buf_23_q0                       |   in|   32|   ap_memory|                 p_ZZ22transformer_blk_s2_topPKfPfS0_E5k_buf_23|         array|
|p_ZZ22transformer_blk_s2_topPKfPfS0_E5k_buf_24_address0                 |  out|   11|   ap_memory|                 p_ZZ22transformer_blk_s2_topPKfPfS0_E5k_buf_24|         array|
|p_ZZ22transformer_blk_s2_topPKfPfS0_E5k_buf_24_ce0                      |  out|    1|   ap_memory|                 p_ZZ22transformer_blk_s2_topPKfPfS0_E5k_buf_24|         array|
|p_ZZ22transformer_blk_s2_topPKfPfS0_E5k_buf_24_q0                       |   in|   32|   ap_memory|                 p_ZZ22transformer_blk_s2_topPKfPfS0_E5k_buf_24|         array|
|p_ZZ22transformer_blk_s2_topPKfPfS0_E5k_buf_25_address0                 |  out|   11|   ap_memory|                 p_ZZ22transformer_blk_s2_topPKfPfS0_E5k_buf_25|         array|
|p_ZZ22transformer_blk_s2_topPKfPfS0_E5k_buf_25_ce0                      |  out|    1|   ap_memory|                 p_ZZ22transformer_blk_s2_topPKfPfS0_E5k_buf_25|         array|
|p_ZZ22transformer_blk_s2_topPKfPfS0_E5k_buf_25_q0                       |   in|   32|   ap_memory|                 p_ZZ22transformer_blk_s2_topPKfPfS0_E5k_buf_25|         array|
|p_ZZ22transformer_blk_s2_topPKfPfS0_E5k_buf_26_address0                 |  out|   11|   ap_memory|                 p_ZZ22transformer_blk_s2_topPKfPfS0_E5k_buf_26|         array|
|p_ZZ22transformer_blk_s2_topPKfPfS0_E5k_buf_26_ce0                      |  out|    1|   ap_memory|                 p_ZZ22transformer_blk_s2_topPKfPfS0_E5k_buf_26|         array|
|p_ZZ22transformer_blk_s2_topPKfPfS0_E5k_buf_26_q0                       |   in|   32|   ap_memory|                 p_ZZ22transformer_blk_s2_topPKfPfS0_E5k_buf_26|         array|
|p_ZZ22transformer_blk_s2_topPKfPfS0_E5k_buf_27_address0                 |  out|   11|   ap_memory|                 p_ZZ22transformer_blk_s2_topPKfPfS0_E5k_buf_27|         array|
|p_ZZ22transformer_blk_s2_topPKfPfS0_E5k_buf_27_ce0                      |  out|    1|   ap_memory|                 p_ZZ22transformer_blk_s2_topPKfPfS0_E5k_buf_27|         array|
|p_ZZ22transformer_blk_s2_topPKfPfS0_E5k_buf_27_q0                       |   in|   32|   ap_memory|                 p_ZZ22transformer_blk_s2_topPKfPfS0_E5k_buf_27|         array|
|p_ZZ22transformer_blk_s2_topPKfPfS0_E5k_buf_28_address0                 |  out|   11|   ap_memory|                 p_ZZ22transformer_blk_s2_topPKfPfS0_E5k_buf_28|         array|
|p_ZZ22transformer_blk_s2_topPKfPfS0_E5k_buf_28_ce0                      |  out|    1|   ap_memory|                 p_ZZ22transformer_blk_s2_topPKfPfS0_E5k_buf_28|         array|
|p_ZZ22transformer_blk_s2_topPKfPfS0_E5k_buf_28_q0                       |   in|   32|   ap_memory|                 p_ZZ22transformer_blk_s2_topPKfPfS0_E5k_buf_28|         array|
|p_ZZ22transformer_blk_s2_topPKfPfS0_E5k_buf_29_address0                 |  out|   11|   ap_memory|                 p_ZZ22transformer_blk_s2_topPKfPfS0_E5k_buf_29|         array|
|p_ZZ22transformer_blk_s2_topPKfPfS0_E5k_buf_29_ce0                      |  out|    1|   ap_memory|                 p_ZZ22transformer_blk_s2_topPKfPfS0_E5k_buf_29|         array|
|p_ZZ22transformer_blk_s2_topPKfPfS0_E5k_buf_29_q0                       |   in|   32|   ap_memory|                 p_ZZ22transformer_blk_s2_topPKfPfS0_E5k_buf_29|         array|
|p_ZZ22transformer_blk_s2_topPKfPfS0_E5k_buf_30_address0                 |  out|   11|   ap_memory|                 p_ZZ22transformer_blk_s2_topPKfPfS0_E5k_buf_30|         array|
|p_ZZ22transformer_blk_s2_topPKfPfS0_E5k_buf_30_ce0                      |  out|    1|   ap_memory|                 p_ZZ22transformer_blk_s2_topPKfPfS0_E5k_buf_30|         array|
|p_ZZ22transformer_blk_s2_topPKfPfS0_E5k_buf_30_q0                       |   in|   32|   ap_memory|                 p_ZZ22transformer_blk_s2_topPKfPfS0_E5k_buf_30|         array|
|p_ZZ22transformer_blk_s2_topPKfPfS0_E5k_buf_31_address0                 |  out|   11|   ap_memory|                 p_ZZ22transformer_blk_s2_topPKfPfS0_E5k_buf_31|         array|
|p_ZZ22transformer_blk_s2_topPKfPfS0_E5k_buf_31_ce0                      |  out|    1|   ap_memory|                 p_ZZ22transformer_blk_s2_topPKfPfS0_E5k_buf_31|         array|
|p_ZZ22transformer_blk_s2_topPKfPfS0_E5k_buf_31_q0                       |   in|   32|   ap_memory|                 p_ZZ22transformer_blk_s2_topPKfPfS0_E5k_buf_31|         array|
|p_ZZ22transformer_blk_s2_topPKfPfS0_E5k_buf_32_address0                 |  out|   11|   ap_memory|                 p_ZZ22transformer_blk_s2_topPKfPfS0_E5k_buf_32|         array|
|p_ZZ22transformer_blk_s2_topPKfPfS0_E5k_buf_32_ce0                      |  out|    1|   ap_memory|                 p_ZZ22transformer_blk_s2_topPKfPfS0_E5k_buf_32|         array|
|p_ZZ22transformer_blk_s2_topPKfPfS0_E5k_buf_32_q0                       |   in|   32|   ap_memory|                 p_ZZ22transformer_blk_s2_topPKfPfS0_E5k_buf_32|         array|
|p_ZZ22transformer_blk_s2_topPKfPfS0_E5k_buf_33_address0                 |  out|   11|   ap_memory|                 p_ZZ22transformer_blk_s2_topPKfPfS0_E5k_buf_33|         array|
|p_ZZ22transformer_blk_s2_topPKfPfS0_E5k_buf_33_ce0                      |  out|    1|   ap_memory|                 p_ZZ22transformer_blk_s2_topPKfPfS0_E5k_buf_33|         array|
|p_ZZ22transformer_blk_s2_topPKfPfS0_E5k_buf_33_q0                       |   in|   32|   ap_memory|                 p_ZZ22transformer_blk_s2_topPKfPfS0_E5k_buf_33|         array|
|p_ZZ22transformer_blk_s2_topPKfPfS0_E5k_buf_34_address0                 |  out|   11|   ap_memory|                 p_ZZ22transformer_blk_s2_topPKfPfS0_E5k_buf_34|         array|
|p_ZZ22transformer_blk_s2_topPKfPfS0_E5k_buf_34_ce0                      |  out|    1|   ap_memory|                 p_ZZ22transformer_blk_s2_topPKfPfS0_E5k_buf_34|         array|
|p_ZZ22transformer_blk_s2_topPKfPfS0_E5k_buf_34_q0                       |   in|   32|   ap_memory|                 p_ZZ22transformer_blk_s2_topPKfPfS0_E5k_buf_34|         array|
|p_ZZ22transformer_blk_s2_topPKfPfS0_E5k_buf_35_address0                 |  out|   11|   ap_memory|                 p_ZZ22transformer_blk_s2_topPKfPfS0_E5k_buf_35|         array|
|p_ZZ22transformer_blk_s2_topPKfPfS0_E5k_buf_35_ce0                      |  out|    1|   ap_memory|                 p_ZZ22transformer_blk_s2_topPKfPfS0_E5k_buf_35|         array|
|p_ZZ22transformer_blk_s2_topPKfPfS0_E5k_buf_35_q0                       |   in|   32|   ap_memory|                 p_ZZ22transformer_blk_s2_topPKfPfS0_E5k_buf_35|         array|
|transformer_blk_s2_top_float_const_float_float_const_a_buf_1_address0   |  out|   15|   ap_memory|   transformer_blk_s2_top_float_const_float_float_const_a_buf_1|         array|
|transformer_blk_s2_top_float_const_float_float_const_a_buf_1_ce0        |  out|    1|   ap_memory|   transformer_blk_s2_top_float_const_float_float_const_a_buf_1|         array|
|transformer_blk_s2_top_float_const_float_float_const_a_buf_1_we0        |  out|    1|   ap_memory|   transformer_blk_s2_top_float_const_float_float_const_a_buf_1|         array|
|transformer_blk_s2_top_float_const_float_float_const_a_buf_1_d0         |  out|   32|   ap_memory|   transformer_blk_s2_top_float_const_float_float_const_a_buf_1|         array|
|transformer_blk_s2_top_float_const_float_float_const_a_buf_2_address0   |  out|   15|   ap_memory|   transformer_blk_s2_top_float_const_float_float_const_a_buf_2|         array|
|transformer_blk_s2_top_float_const_float_float_const_a_buf_2_ce0        |  out|    1|   ap_memory|   transformer_blk_s2_top_float_const_float_float_const_a_buf_2|         array|
|transformer_blk_s2_top_float_const_float_float_const_a_buf_2_we0        |  out|    1|   ap_memory|   transformer_blk_s2_top_float_const_float_float_const_a_buf_2|         array|
|transformer_blk_s2_top_float_const_float_float_const_a_buf_2_d0         |  out|   32|   ap_memory|   transformer_blk_s2_top_float_const_float_float_const_a_buf_2|         array|
|transformer_blk_s2_top_float_const_float_float_const_a_buf_3_address0   |  out|   15|   ap_memory|   transformer_blk_s2_top_float_const_float_float_const_a_buf_3|         array|
|transformer_blk_s2_top_float_const_float_float_const_a_buf_3_ce0        |  out|    1|   ap_memory|   transformer_blk_s2_top_float_const_float_float_const_a_buf_3|         array|
|transformer_blk_s2_top_float_const_float_float_const_a_buf_3_we0        |  out|    1|   ap_memory|   transformer_blk_s2_top_float_const_float_float_const_a_buf_3|         array|
|transformer_blk_s2_top_float_const_float_float_const_a_buf_3_d0         |  out|   32|   ap_memory|   transformer_blk_s2_top_float_const_float_float_const_a_buf_3|         array|
|transformer_blk_s2_top_float_const_float_float_const_a_buf_4_address0   |  out|   15|   ap_memory|   transformer_blk_s2_top_float_const_float_float_const_a_buf_4|         array|
|transformer_blk_s2_top_float_const_float_float_const_a_buf_4_ce0        |  out|    1|   ap_memory|   transformer_blk_s2_top_float_const_float_float_const_a_buf_4|         array|
|transformer_blk_s2_top_float_const_float_float_const_a_buf_4_we0        |  out|    1|   ap_memory|   transformer_blk_s2_top_float_const_float_float_const_a_buf_4|         array|
|transformer_blk_s2_top_float_const_float_float_const_a_buf_4_d0         |  out|   32|   ap_memory|   transformer_blk_s2_top_float_const_float_float_const_a_buf_4|         array|
+------------------------------------------------------------------------+-----+-----+------------+---------------------------------------------------------------+--------------+

