

================================================================
== Vitis HLS Report for 'transformer_blk_s2_top_Pipeline_LF_S_LF_OD2'
================================================================
* Date:           Sun May 31 19:28:39 2026

* Version:        2022.2 (Build 3670227 on Oct 13 2022)
* Project:        s2_transformer_block
* Solution:       solution1 (Vivado IP Flow Target)
* Product family: zynquplus
* Target device:  xczu28dr-ffvg1517-2-e


================================================================
== Performance Estimates
================================================================
+ Timing: 
    * Summary: 
    +--------+---------+----------+------------+
    |  Clock |  Target | Estimated| Uncertainty|
    +--------+---------+----------+------------+
    |ap_clk  |  5.00 ns|  4.290 ns|     1.35 ns|
    +--------+---------+----------+------------+

+ Latency: 
    * Summary: 
    +---------+---------+-----------+-----------+---------+---------+---------+
    |  Latency (cycles) |   Latency (absolute)  |      Interval     | Pipeline|
    |   min   |   max   |    min    |    max    |   min   |   max   |   Type  |
    +---------+---------+-----------+-----------+---------+---------+---------+
    |  4205889|  4205889|  21.029 ms|  21.029 ms|  4205889|  4205889|       no|
    +---------+---------+-----------+-----------+---------+---------+---------+

    + Detail: 
        * Instance: 
        N/A

        * Loop: 
        +--------------+---------+---------+----------+-----------+-----------+-------+----------+
        |              |  Latency (cycles) | Iteration|  Initiation Interval  |  Trip |          |
        |   Loop Name  |   min   |   max   |  Latency |  achieved |   target  | Count | Pipelined|
        +--------------+---------+---------+----------+-----------+-----------+-------+----------+
        |- LF_S_LF_OD  |  4205887|  4205887|      1161|         73|          1|  57600|       yes|
        +--------------+---------+---------+----------+-----------+-----------+-------+----------+



================================================================
== Utilization Estimates
================================================================
* Summary: 
+-----------------+---------+------+--------+--------+-----+
|       Name      | BRAM_18K|  DSP |   FF   |   LUT  | URAM|
+-----------------+---------+------+--------+--------+-----+
|DSP              |        -|     1|       -|       -|    -|
|Expression       |        -|     -|       0|    7746|    -|
|FIFO             |        -|     -|       -|       -|    -|
|Instance         |        -|     -|     635|     457|    -|
|Memory           |        -|     -|       -|       -|    -|
|Multiplexer      |        -|     -|       -|    4386|    -|
|Register         |        -|     -|   17824|    4096|    -|
+-----------------+---------+------+--------+--------+-----+
|Total            |        0|     1|   18459|   16685|    0|
+-----------------+---------+------+--------+--------+-----+
|Available        |     2160|  4272|  850560|  425280|   80|
+-----------------+---------+------+--------+--------+-----+
|Utilization (%)  |        0|    ~0|       2|       3|    0|
+-----------------+---------+------+--------+--------+-----+

+ Detail: 
    * Instance: 
    +---------------------------+----------------------+---------+----+-----+-----+-----+
    |          Instance         |        Module        | BRAM_18K| DSP|  FF | LUT | URAM|
    +---------------------------+----------------------+---------+----+-----+-----+-----+
    |urem_16ns_4ns_3_20_1_U224  |urem_16ns_4ns_3_20_1  |        0|   0|  635|  457|    0|
    +---------------------------+----------------------+---------+----+-----+-----+-----+
    |Total                      |                      |        0|   0|  635|  457|    0|
    +---------------------------+----------------------+---------+----+-----+-----+-----+

    * DSP: 
    +-------------------------------+--------------------------+-----------+
    |            Instance           |          Module          | Expression|
    +-------------------------------+--------------------------+-----------+
    |mul_mul_16ns_17ns_33_4_1_U225  |mul_mul_16ns_17ns_33_4_1  |    i0 * i1|
    +-------------------------------+--------------------------+-----------+

    * Memory: 
    N/A

    * FIFO: 
    N/A

    * Expression: 
    +---------------------------+----------+----+---+----+------------+------------+
    |       Variable Name       | Operation| DSP| FF| LUT| Bitwidth P0| Bitwidth P1|
    +---------------------------+----------+----+---+----+------------+------------+
    |add_ln162_290_fu_3456_p2   |         +|   0|  0|  21|          14|           3|
    |add_ln162_291_fu_3469_p2   |         +|   0|  0|  21|          14|           3|
    |add_ln162_292_fu_3520_p2   |         +|   0|  0|  21|          14|           3|
    |add_ln162_293_fu_3533_p2   |         +|   0|  0|  21|          14|           3|
    |add_ln162_294_fu_3589_p2   |         +|   0|  0|  21|          14|           4|
    |add_ln162_295_fu_3602_p2   |         +|   0|  0|  21|          14|           4|
    |add_ln162_296_fu_3672_p2   |         +|   0|  0|  21|          14|           4|
    |add_ln162_297_fu_3685_p2   |         +|   0|  0|  21|          14|           4|
    |add_ln162_298_fu_3746_p2   |         +|   0|  0|  21|          14|           4|
    |add_ln162_299_fu_3759_p2   |         +|   0|  0|  21|          14|           4|
    |add_ln162_300_fu_3820_p2   |         +|   0|  0|  21|          14|           4|
    |add_ln162_301_fu_3833_p2   |         +|   0|  0|  21|          14|           4|
    |add_ln162_302_fu_3894_p2   |         +|   0|  0|  21|          14|           5|
    |add_ln162_303_fu_3907_p2   |         +|   0|  0|  21|          14|           5|
    |add_ln162_304_fu_3973_p2   |         +|   0|  0|  21|          14|           5|
    |add_ln162_305_fu_3986_p2   |         +|   0|  0|  21|          14|           5|
    |add_ln162_306_fu_4051_p2   |         +|   0|  0|  21|          14|           5|
    |add_ln162_307_fu_4064_p2   |         +|   0|  0|  21|          14|           5|
    |add_ln162_308_fu_4125_p2   |         +|   0|  0|  21|          14|           5|
    |add_ln162_309_fu_4138_p2   |         +|   0|  0|  21|          14|           5|
    |add_ln162_310_fu_4199_p2   |         +|   0|  0|  21|          14|           5|
    |add_ln162_311_fu_4212_p2   |         +|   0|  0|  21|          14|           5|
    |add_ln162_312_fu_4273_p2   |         +|   0|  0|  21|          14|           5|
    |add_ln162_313_fu_4286_p2   |         +|   0|  0|  21|          14|           5|
    |add_ln162_314_fu_4347_p2   |         +|   0|  0|  21|          14|           5|
    |add_ln162_315_fu_4360_p2   |         +|   0|  0|  21|          14|           5|
    |add_ln162_316_fu_4421_p2   |         +|   0|  0|  21|          14|           5|
    |add_ln162_317_fu_4434_p2   |         +|   0|  0|  21|          14|           5|
    |add_ln162_318_fu_4495_p2   |         +|   0|  0|  21|          14|           6|
    |add_ln162_319_fu_4508_p2   |         +|   0|  0|  21|          14|           6|
    |add_ln162_320_fu_4569_p2   |         +|   0|  0|  21|          14|           6|
    |add_ln162_321_fu_4582_p2   |         +|   0|  0|  21|          14|           6|
    |add_ln162_5_fu_3211_p2     |         +|   0|  0|  23|          16|           1|
    |add_ln162_fu_3234_p2       |         +|   0|  0|  16|           9|           1|
    |add_ln163_fu_3304_p2       |         +|   0|  0|  15|           8|           1|
    |add_ln165_3_fu_3368_p2     |         +|   0|  0|  20|          13|          13|
    |add_ln165_fu_3382_p2       |         +|   0|  0|  25|          18|          18|
    |add_ln170_275_fu_3199_p2   |         +|   0|  0|  21|          14|          14|
    |add_ln170_551_fu_3410_p2   |         +|   0|  0|  22|          15|          15|
    |add_ln170_552_fu_3420_p2   |         +|   0|  0|  25|          18|          18|
    |add_ln170_553_fu_3491_p2   |         +|   0|  0|  25|          18|          18|
    |add_ln170_554_fu_3510_p2   |         +|   0|  0|  25|          18|          18|
    |add_ln170_555_fu_3560_p2   |         +|   0|  0|  25|          18|          18|
    |add_ln170_556_fu_3579_p2   |         +|   0|  0|  25|          18|          18|
    |add_ln170_557_fu_3634_p2   |         +|   0|  0|  25|          18|          18|
    |add_ln170_558_fu_3653_p2   |         +|   0|  0|  25|          18|          18|
    |add_ln170_559_fu_3717_p2   |         +|   0|  0|  25|          18|          18|
    |add_ln170_560_fu_3736_p2   |         +|   0|  0|  25|          18|          18|
    |add_ln170_561_fu_3791_p2   |         +|   0|  0|  25|          18|          18|
    |add_ln170_562_fu_3810_p2   |         +|   0|  0|  25|          18|          18|
    |add_ln170_563_fu_3865_p2   |         +|   0|  0|  25|          18|          18|
    |add_ln170_564_fu_3884_p2   |         +|   0|  0|  25|          18|          18|
    |add_ln170_565_fu_3944_p2   |         +|   0|  0|  25|          18|          18|
    |add_ln170_566_fu_3963_p2   |         +|   0|  0|  25|          18|          18|
    |add_ln170_567_fu_4021_p2   |         +|   0|  0|  25|          18|          18|
    |add_ln170_568_fu_4031_p2   |         +|   0|  0|  23|          16|          16|
    |add_ln170_569_fu_4041_p2   |         +|   0|  0|  25|          18|          18|
    |add_ln170_570_fu_4087_p2   |         +|   0|  0|  23|          16|          16|
    |add_ln170_571_fu_4096_p2   |         +|   0|  0|  25|          18|          18|
    |add_ln170_572_fu_4106_p2   |         +|   0|  0|  23|          16|          16|
    |add_ln170_573_fu_4115_p2   |         +|   0|  0|  25|          18|          18|
    |add_ln170_574_fu_4161_p2   |         +|   0|  0|  23|          16|          16|
    |add_ln170_575_fu_4170_p2   |         +|   0|  0|  25|          18|          18|
    |add_ln170_576_fu_4180_p2   |         +|   0|  0|  23|          16|          16|
    |add_ln170_577_fu_4189_p2   |         +|   0|  0|  25|          18|          18|
    |add_ln170_578_fu_4235_p2   |         +|   0|  0|  23|          16|          16|
    |add_ln170_579_fu_4244_p2   |         +|   0|  0|  25|          18|          18|
    |add_ln170_580_fu_4254_p2   |         +|   0|  0|  23|          16|          16|
    |add_ln170_581_fu_4263_p2   |         +|   0|  0|  25|          18|          18|
    |add_ln170_582_fu_4309_p2   |         +|   0|  0|  23|          16|          16|
    |add_ln170_583_fu_4318_p2   |         +|   0|  0|  25|          18|          18|
    |add_ln170_584_fu_4328_p2   |         +|   0|  0|  23|          16|          16|
    |add_ln170_585_fu_4337_p2   |         +|   0|  0|  25|          18|          18|
    |add_ln170_586_fu_4383_p2   |         +|   0|  0|  23|          16|          16|
    |add_ln170_587_fu_4392_p2   |         +|   0|  0|  25|          18|          18|
    |add_ln170_588_fu_4402_p2   |         +|   0|  0|  23|          16|          16|
    |add_ln170_589_fu_4411_p2   |         +|   0|  0|  25|          18|          18|
    |add_ln170_590_fu_4457_p2   |         +|   0|  0|  23|          16|          16|
    |add_ln170_591_fu_4466_p2   |         +|   0|  0|  25|          18|          18|
    |add_ln170_592_fu_4476_p2   |         +|   0|  0|  23|          16|          16|
    |add_ln170_593_fu_4485_p2   |         +|   0|  0|  25|          18|          18|
    |add_ln170_594_fu_4531_p2   |         +|   0|  0|  23|          16|          16|
    |add_ln170_595_fu_4540_p2   |         +|   0|  0|  25|          18|          18|
    |add_ln170_596_fu_4550_p2   |         +|   0|  0|  23|          16|          16|
    |add_ln170_597_fu_4559_p2   |         +|   0|  0|  25|          18|          18|
    |add_ln170_598_fu_4605_p2   |         +|   0|  0|  23|          16|          16|
    |add_ln170_599_fu_4614_p2   |         +|   0|  0|  25|          18|          18|
    |add_ln170_600_fu_4624_p2   |         +|   0|  0|  23|          16|          16|
    |add_ln170_601_fu_4633_p2   |         +|   0|  0|  25|          18|          18|
    |add_ln170_602_fu_4653_p2   |         +|   0|  0|  23|          16|          16|
    |add_ln170_603_fu_4662_p2   |         +|   0|  0|  25|          18|          18|
    |add_ln170_604_fu_4672_p2   |         +|   0|  0|  23|          16|          16|
    |add_ln170_605_fu_4681_p2   |         +|   0|  0|  25|          18|          18|
    |add_ln170_606_fu_4701_p2   |         +|   0|  0|  23|          16|          16|
    |add_ln170_607_fu_4710_p2   |         +|   0|  0|  25|          18|          18|
    |add_ln170_608_fu_4720_p2   |         +|   0|  0|  23|          16|          16|
    |add_ln170_609_fu_4729_p2   |         +|   0|  0|  25|          18|          18|
    |add_ln170_610_fu_4749_p2   |         +|   0|  0|  23|          16|          16|
    |add_ln170_611_fu_4758_p2   |         +|   0|  0|  25|          18|          18|
    |add_ln170_612_fu_4768_p2   |         +|   0|  0|  23|          16|          16|
    |add_ln170_613_fu_4777_p2   |         +|   0|  0|  25|          18|          18|
    |add_ln170_614_fu_4801_p2   |         +|   0|  0|  23|          16|          16|
    |add_ln170_615_fu_4810_p2   |         +|   0|  0|  25|          18|          18|
    |add_ln170_616_fu_4820_p2   |         +|   0|  0|  23|          16|          16|
    |add_ln170_617_fu_4829_p2   |         +|   0|  0|  25|          18|          18|
    |add_ln170_618_fu_4849_p2   |         +|   0|  0|  23|          16|          16|
    |add_ln170_619_fu_4858_p2   |         +|   0|  0|  25|          18|          18|
    |add_ln170_620_fu_4868_p2   |         +|   0|  0|  23|          16|          16|
    |add_ln170_621_fu_4877_p2   |         +|   0|  0|  25|          18|          18|
    |add_ln170_622_fu_4897_p2   |         +|   0|  0|  23|          16|          16|
    |add_ln170_623_fu_4906_p2   |         +|   0|  0|  25|          18|          18|
    |add_ln170_624_fu_4916_p2   |         +|   0|  0|  23|          16|          16|
    |add_ln170_625_fu_4925_p2   |         +|   0|  0|  25|          18|          18|
    |add_ln170_626_fu_4945_p2   |         +|   0|  0|  23|          16|          16|
    |add_ln170_627_fu_4954_p2   |         +|   0|  0|  25|          18|          18|
    |add_ln170_628_fu_4964_p2   |         +|   0|  0|  23|          16|          16|
    |add_ln170_629_fu_4973_p2   |         +|   0|  0|  25|          18|          18|
    |add_ln170_630_fu_4993_p2   |         +|   0|  0|  23|          16|          16|
    |add_ln170_631_fu_5002_p2   |         +|   0|  0|  25|          18|          18|
    |add_ln170_632_fu_5012_p2   |         +|   0|  0|  23|          16|          16|
    |add_ln170_633_fu_5021_p2   |         +|   0|  0|  25|          18|          18|
    |add_ln170_634_fu_5041_p2   |         +|   0|  0|  23|          16|          16|
    |add_ln170_635_fu_5050_p2   |         +|   0|  0|  25|          18|          18|
    |add_ln170_636_fu_5060_p2   |         +|   0|  0|  23|          16|          16|
    |add_ln170_637_fu_5069_p2   |         +|   0|  0|  25|          18|          18|
    |add_ln170_638_fu_5089_p2   |         +|   0|  0|  23|          16|          16|
    |add_ln170_639_fu_5098_p2   |         +|   0|  0|  25|          18|          18|
    |add_ln170_640_fu_5108_p2   |         +|   0|  0|  23|          16|          16|
    |add_ln170_641_fu_5117_p2   |         +|   0|  0|  25|          18|          18|
    |add_ln170_642_fu_5137_p2   |         +|   0|  0|  23|          16|          16|
    |add_ln170_643_fu_5146_p2   |         +|   0|  0|  25|          18|          18|
    |add_ln170_644_fu_5156_p2   |         +|   0|  0|  23|          16|          16|
    |add_ln170_645_fu_5165_p2   |         +|   0|  0|  25|          18|          18|
    |add_ln170_646_fu_5185_p2   |         +|   0|  0|  23|          16|          16|
    |add_ln170_647_fu_5194_p2   |         +|   0|  0|  25|          18|          18|
    |add_ln170_648_fu_5204_p2   |         +|   0|  0|  23|          16|          16|
    |add_ln170_649_fu_5213_p2   |         +|   0|  0|  25|          18|          18|
    |add_ln170_650_fu_5233_p2   |         +|   0|  0|  23|          16|          16|
    |add_ln170_651_fu_5242_p2   |         +|   0|  0|  25|          18|          18|
    |add_ln170_652_fu_5252_p2   |         +|   0|  0|  23|          16|          16|
    |add_ln170_653_fu_5261_p2   |         +|   0|  0|  25|          18|          18|
    |add_ln170_654_fu_5281_p2   |         +|   0|  0|  23|          16|          16|
    |add_ln170_655_fu_5290_p2   |         +|   0|  0|  25|          18|          18|
    |add_ln170_656_fu_5300_p2   |         +|   0|  0|  23|          16|          16|
    |add_ln170_657_fu_5309_p2   |         +|   0|  0|  25|          18|          18|
    |add_ln170_658_fu_5329_p2   |         +|   0|  0|  23|          16|          16|
    |add_ln170_659_fu_5338_p2   |         +|   0|  0|  25|          18|          18|
    |add_ln170_660_fu_5348_p2   |         +|   0|  0|  23|          16|          16|
    |add_ln170_661_fu_5357_p2   |         +|   0|  0|  25|          18|          18|
    |add_ln170_662_fu_5377_p2   |         +|   0|  0|  23|          16|          16|
    |add_ln170_663_fu_5386_p2   |         +|   0|  0|  25|          18|          18|
    |add_ln170_664_fu_5396_p2   |         +|   0|  0|  23|          16|          16|
    |add_ln170_665_fu_5405_p2   |         +|   0|  0|  25|          18|          18|
    |add_ln170_666_fu_5425_p2   |         +|   0|  0|  23|          16|          16|
    |add_ln170_667_fu_5434_p2   |         +|   0|  0|  25|          18|          18|
    |add_ln170_668_fu_5444_p2   |         +|   0|  0|  23|          16|          16|
    |add_ln170_669_fu_5453_p2   |         +|   0|  0|  25|          18|          18|
    |add_ln170_670_fu_5473_p2   |         +|   0|  0|  23|          16|          16|
    |add_ln170_671_fu_5482_p2   |         +|   0|  0|  25|          18|          18|
    |add_ln170_672_fu_5492_p2   |         +|   0|  0|  23|          16|          16|
    |add_ln170_673_fu_5501_p2   |         +|   0|  0|  25|          18|          18|
    |add_ln170_674_fu_5521_p2   |         +|   0|  0|  23|          16|          16|
    |add_ln170_675_fu_5530_p2   |         +|   0|  0|  25|          18|          18|
    |add_ln170_676_fu_5540_p2   |         +|   0|  0|  23|          16|          16|
    |add_ln170_677_fu_5549_p2   |         +|   0|  0|  25|          18|          18|
    |add_ln170_678_fu_5569_p2   |         +|   0|  0|  23|          16|          16|
    |add_ln170_679_fu_5578_p2   |         +|   0|  0|  25|          18|          18|
    |add_ln170_680_fu_5588_p2   |         +|   0|  0|  23|          16|          16|
    |add_ln170_681_fu_5597_p2   |         +|   0|  0|  25|          18|          18|
    |add_ln170_682_fu_5617_p2   |         +|   0|  0|  23|          16|          16|
    |add_ln170_683_fu_5626_p2   |         +|   0|  0|  25|          18|          18|
    |add_ln170_684_fu_5636_p2   |         +|   0|  0|  23|          16|          16|
    |add_ln170_685_fu_5645_p2   |         +|   0|  0|  25|          18|          18|
    |add_ln170_686_fu_5665_p2   |         +|   0|  0|  23|          16|          16|
    |add_ln170_687_fu_5674_p2   |         +|   0|  0|  25|          18|          18|
    |add_ln170_688_fu_5684_p2   |         +|   0|  0|  23|          16|          16|
    |add_ln170_689_fu_5693_p2   |         +|   0|  0|  25|          18|          18|
    |add_ln170_690_fu_5713_p2   |         +|   0|  0|  23|          16|          16|
    |add_ln170_691_fu_5722_p2   |         +|   0|  0|  25|          18|          18|
    |add_ln170_692_fu_5732_p2   |         +|   0|  0|  23|          16|          16|
    |add_ln170_693_fu_5741_p2   |         +|   0|  0|  25|          18|          18|
    |add_ln170_694_fu_5761_p2   |         +|   0|  0|  23|          16|          16|
    |add_ln170_695_fu_5770_p2   |         +|   0|  0|  25|          18|          18|
    |add_ln170_696_fu_5780_p2   |         +|   0|  0|  23|          16|          16|
    |add_ln170_697_fu_5789_p2   |         +|   0|  0|  25|          18|          18|
    |add_ln170_698_fu_5809_p2   |         +|   0|  0|  23|          16|          16|
    |add_ln170_699_fu_5818_p2   |         +|   0|  0|  25|          18|          18|
    |add_ln170_700_fu_5828_p2   |         +|   0|  0|  23|          16|          16|
    |add_ln170_701_fu_5837_p2   |         +|   0|  0|  25|          18|          18|
    |add_ln170_702_fu_5857_p2   |         +|   0|  0|  23|          16|          16|
    |add_ln170_703_fu_5866_p2   |         +|   0|  0|  25|          18|          18|
    |add_ln170_704_fu_5876_p2   |         +|   0|  0|  23|          16|          16|
    |add_ln170_705_fu_5885_p2   |         +|   0|  0|  25|          18|          18|
    |add_ln170_706_fu_5905_p2   |         +|   0|  0|  23|          16|          16|
    |add_ln170_707_fu_5914_p2   |         +|   0|  0|  25|          18|          18|
    |add_ln170_708_fu_5924_p2   |         +|   0|  0|  23|          16|          16|
    |add_ln170_709_fu_5933_p2   |         +|   0|  0|  25|          18|          18|
    |add_ln170_710_fu_5953_p2   |         +|   0|  0|  23|          16|          16|
    |add_ln170_711_fu_5962_p2   |         +|   0|  0|  25|          18|          18|
    |add_ln170_712_fu_5972_p2   |         +|   0|  0|  23|          16|          16|
    |add_ln170_713_fu_5981_p2   |         +|   0|  0|  25|          18|          18|
    |add_ln170_714_fu_6001_p2   |         +|   0|  0|  23|          16|          16|
    |add_ln170_715_fu_6010_p2   |         +|   0|  0|  25|          18|          18|
    |add_ln170_716_fu_6020_p2   |         +|   0|  0|  23|          16|          16|
    |add_ln170_717_fu_6029_p2   |         +|   0|  0|  25|          18|          18|
    |add_ln170_718_fu_6049_p2   |         +|   0|  0|  23|          16|          16|
    |add_ln170_719_fu_6058_p2   |         +|   0|  0|  25|          18|          18|
    |add_ln170_720_fu_6068_p2   |         +|   0|  0|  23|          16|          16|
    |add_ln170_721_fu_6077_p2   |         +|   0|  0|  25|          18|          18|
    |add_ln170_722_fu_6097_p2   |         +|   0|  0|  23|          16|          16|
    |add_ln170_723_fu_6106_p2   |         +|   0|  0|  25|          18|          18|
    |add_ln170_724_fu_6116_p2   |         +|   0|  0|  23|          16|          16|
    |add_ln170_725_fu_6125_p2   |         +|   0|  0|  25|          18|          18|
    |add_ln170_726_fu_6145_p2   |         +|   0|  0|  23|          16|          16|
    |add_ln170_727_fu_6154_p2   |         +|   0|  0|  25|          18|          18|
    |add_ln170_728_fu_6164_p2   |         +|   0|  0|  23|          16|          16|
    |add_ln170_729_fu_6173_p2   |         +|   0|  0|  25|          18|          18|
    |add_ln170_730_fu_6193_p2   |         +|   0|  0|  23|          16|          16|
    |add_ln170_731_fu_6202_p2   |         +|   0|  0|  25|          18|          18|
    |add_ln170_732_fu_6212_p2   |         +|   0|  0|  23|          16|          16|
    |add_ln170_733_fu_6221_p2   |         +|   0|  0|  25|          18|          18|
    |add_ln170_734_fu_6241_p2   |         +|   0|  0|  23|          16|          16|
    |add_ln170_735_fu_6250_p2   |         +|   0|  0|  25|          18|          18|
    |add_ln170_736_fu_6260_p2   |         +|   0|  0|  23|          16|          16|
    |add_ln170_737_fu_6269_p2   |         +|   0|  0|  25|          18|          18|
    |add_ln170_738_fu_6289_p2   |         +|   0|  0|  23|          16|          16|
    |add_ln170_739_fu_6298_p2   |         +|   0|  0|  25|          18|          18|
    |add_ln170_740_fu_6308_p2   |         +|   0|  0|  23|          16|          16|
    |add_ln170_741_fu_6317_p2   |         +|   0|  0|  25|          18|          18|
    |add_ln170_742_fu_6337_p2   |         +|   0|  0|  23|          16|          16|
    |add_ln170_743_fu_6346_p2   |         +|   0|  0|  25|          18|          18|
    |add_ln170_744_fu_6356_p2   |         +|   0|  0|  23|          16|          16|
    |add_ln170_745_fu_6365_p2   |         +|   0|  0|  25|          18|          18|
    |add_ln170_746_fu_6385_p2   |         +|   0|  0|  23|          16|          16|
    |add_ln170_747_fu_6394_p2   |         +|   0|  0|  25|          18|          18|
    |add_ln170_748_fu_6404_p2   |         +|   0|  0|  23|          16|          16|
    |add_ln170_749_fu_6413_p2   |         +|   0|  0|  25|          18|          18|
    |add_ln170_750_fu_6433_p2   |         +|   0|  0|  23|          16|          16|
    |add_ln170_751_fu_6442_p2   |         +|   0|  0|  25|          18|          18|
    |add_ln170_752_fu_6452_p2   |         +|   0|  0|  23|          16|          16|
    |add_ln170_753_fu_6461_p2   |         +|   0|  0|  25|          18|          18|
    |add_ln170_754_fu_6481_p2   |         +|   0|  0|  23|          16|          16|
    |add_ln170_755_fu_6490_p2   |         +|   0|  0|  25|          18|          18|
    |add_ln170_756_fu_6500_p2   |         +|   0|  0|  23|          16|          16|
    |add_ln170_757_fu_6509_p2   |         +|   0|  0|  25|          18|          18|
    |add_ln170_758_fu_6529_p2   |         +|   0|  0|  23|          16|          16|
    |add_ln170_759_fu_6538_p2   |         +|   0|  0|  25|          18|          18|
    |add_ln170_760_fu_6548_p2   |         +|   0|  0|  23|          16|          16|
    |add_ln170_761_fu_6557_p2   |         +|   0|  0|  25|          18|          18|
    |add_ln170_762_fu_6577_p2   |         +|   0|  0|  23|          16|          16|
    |add_ln170_763_fu_6586_p2   |         +|   0|  0|  25|          18|          18|
    |add_ln170_764_fu_6596_p2   |         +|   0|  0|  23|          16|          16|
    |add_ln170_765_fu_6605_p2   |         +|   0|  0|  25|          18|          18|
    |add_ln170_766_fu_6625_p2   |         +|   0|  0|  23|          16|          16|
    |add_ln170_767_fu_6634_p2   |         +|   0|  0|  25|          18|          18|
    |add_ln170_768_fu_6644_p2   |         +|   0|  0|  23|          16|          16|
    |add_ln170_769_fu_6653_p2   |         +|   0|  0|  25|          18|          18|
    |add_ln170_770_fu_6673_p2   |         +|   0|  0|  23|          16|          16|
    |add_ln170_771_fu_6682_p2   |         +|   0|  0|  25|          18|          18|
    |add_ln170_772_fu_6692_p2   |         +|   0|  0|  23|          16|          16|
    |add_ln170_773_fu_6701_p2   |         +|   0|  0|  25|          18|          18|
    |add_ln170_774_fu_6721_p2   |         +|   0|  0|  23|          16|          16|
    |add_ln170_775_fu_6730_p2   |         +|   0|  0|  25|          18|          18|
    |add_ln170_776_fu_6740_p2   |         +|   0|  0|  23|          16|          16|
    |add_ln170_777_fu_6749_p2   |         +|   0|  0|  25|          18|          18|
    |add_ln170_778_fu_6769_p2   |         +|   0|  0|  23|          16|          16|
    |add_ln170_779_fu_6778_p2   |         +|   0|  0|  25|          18|          18|
    |add_ln170_780_fu_6788_p2   |         +|   0|  0|  23|          16|          16|
    |add_ln170_781_fu_6797_p2   |         +|   0|  0|  25|          18|          18|
    |add_ln170_782_fu_6817_p2   |         +|   0|  0|  23|          16|          16|
    |add_ln170_783_fu_6826_p2   |         +|   0|  0|  25|          18|          18|
    |add_ln170_784_fu_6836_p2   |         +|   0|  0|  23|          16|          16|
    |add_ln170_785_fu_6845_p2   |         +|   0|  0|  25|          18|          18|
    |add_ln170_786_fu_6865_p2   |         +|   0|  0|  23|          16|          16|
    |add_ln170_787_fu_6874_p2   |         +|   0|  0|  25|          18|          18|
    |add_ln170_788_fu_6884_p2   |         +|   0|  0|  23|          16|          16|
    |add_ln170_789_fu_6893_p2   |         +|   0|  0|  25|          18|          18|
    |add_ln170_790_fu_6913_p2   |         +|   0|  0|  23|          16|          16|
    |add_ln170_791_fu_6922_p2   |         +|   0|  0|  25|          18|          18|
    |add_ln170_792_fu_6932_p2   |         +|   0|  0|  23|          16|          16|
    |add_ln170_793_fu_6941_p2   |         +|   0|  0|  25|          18|          18|
    |add_ln170_794_fu_6961_p2   |         +|   0|  0|  23|          16|          16|
    |add_ln170_795_fu_6970_p2   |         +|   0|  0|  25|          18|          18|
    |add_ln170_796_fu_6980_p2   |         +|   0|  0|  23|          16|          16|
    |add_ln170_797_fu_6989_p2   |         +|   0|  0|  25|          18|          18|
    |add_ln170_798_fu_7009_p2   |         +|   0|  0|  23|          16|          16|
    |add_ln170_799_fu_7018_p2   |         +|   0|  0|  25|          18|          18|
    |add_ln170_800_fu_7028_p2   |         +|   0|  0|  23|          16|          16|
    |add_ln170_801_fu_7037_p2   |         +|   0|  0|  25|          18|          18|
    |add_ln170_802_fu_7057_p2   |         +|   0|  0|  23|          16|          16|
    |add_ln170_803_fu_7066_p2   |         +|   0|  0|  25|          18|          18|
    |add_ln170_804_fu_7076_p2   |         +|   0|  0|  23|          16|          16|
    |add_ln170_805_fu_7085_p2   |         +|   0|  0|  25|          18|          18|
    |add_ln170_806_fu_7105_p2   |         +|   0|  0|  23|          16|          16|
    |add_ln170_807_fu_7114_p2   |         +|   0|  0|  25|          18|          18|
    |add_ln170_808_fu_7124_p2   |         +|   0|  0|  23|          16|          16|
    |add_ln170_809_fu_7133_p2   |         +|   0|  0|  25|          18|          18|
    |add_ln170_810_fu_7153_p2   |         +|   0|  0|  23|          16|          16|
    |add_ln170_811_fu_7162_p2   |         +|   0|  0|  25|          18|          18|
    |add_ln170_812_fu_7172_p2   |         +|   0|  0|  23|          16|          16|
    |add_ln170_813_fu_7181_p2   |         +|   0|  0|  25|          18|          18|
    |add_ln170_814_fu_7201_p2   |         +|   0|  0|  23|          16|          16|
    |add_ln170_815_fu_7210_p2   |         +|   0|  0|  25|          18|          18|
    |add_ln170_816_fu_7220_p2   |         +|   0|  0|  23|          16|          16|
    |add_ln170_817_fu_7229_p2   |         +|   0|  0|  25|          18|          18|
    |add_ln170_818_fu_7249_p2   |         +|   0|  0|  23|          16|          16|
    |add_ln170_819_fu_7258_p2   |         +|   0|  0|  25|          18|          18|
    |add_ln170_820_fu_7268_p2   |         +|   0|  0|  23|          16|          16|
    |add_ln170_821_fu_7277_p2   |         +|   0|  0|  25|          18|          18|
    |add_ln170_822_fu_7297_p2   |         +|   0|  0|  23|          16|          16|
    |add_ln170_823_fu_7306_p2   |         +|   0|  0|  25|          18|          18|
    |add_ln170_fu_3268_p2       |         +|   0|  0|  21|          14|          14|
    |add_ln172_2_fu_3440_p2     |         +|   0|  0|  23|          16|          16|
    |add_ln172_fu_3430_p2       |         +|   0|  0|  20|          13|          13|
    |icmp_ln162_fu_3205_p2      |      icmp|   0|  0|  13|          16|          14|
    |icmp_ln163_fu_3220_p2      |      icmp|   0|  0|  11|           8|           8|
    |or_ln162_35_fu_3339_p2     |        or|   0|  0|  14|          14|           2|
    |or_ln162_36_fu_3352_p2     |        or|   0|  0|  14|          14|           2|
    |or_ln162_fu_3290_p2        |        or|   0|  0|  14|          14|           1|
    |or_ln170_30_fu_3482_p2     |        or|   0|  0|  15|           1|          15|
    |or_ln170_31_fu_3501_p2     |        or|   0|  0|  15|           2|          15|
    |or_ln170_32_fu_3551_p2     |        or|   0|  0|  15|           2|          15|
    |or_ln170_33_fu_3570_p2     |        or|   0|  0|  15|           3|          15|
    |or_ln170_34_fu_3625_p2     |        or|   0|  0|  15|           3|          15|
    |or_ln170_35_fu_3644_p2     |        or|   0|  0|  15|           3|          15|
    |or_ln170_36_fu_3708_p2     |        or|   0|  0|  15|           3|          15|
    |or_ln170_37_fu_3727_p2     |        or|   0|  0|  15|           4|          15|
    |or_ln170_38_fu_3782_p2     |        or|   0|  0|  15|           4|          15|
    |or_ln170_39_fu_3801_p2     |        or|   0|  0|  15|           4|          15|
    |or_ln170_40_fu_3856_p2     |        or|   0|  0|  15|           4|          15|
    |or_ln170_41_fu_3875_p2     |        or|   0|  0|  15|           4|          15|
    |or_ln170_42_fu_3935_p2     |        or|   0|  0|  15|           4|          15|
    |or_ln170_43_fu_3954_p2     |        or|   0|  0|  15|           4|          15|
    |or_ln170_44_fu_4012_p2     |        or|   0|  0|  15|           4|          15|
    |select_ln162_8_fu_3240_p3  |    select|   0|  0|   9|           1|           9|
    |select_ln162_9_fu_3274_p3  |    select|   0|  0|  14|           1|          14|
    |select_ln162_fu_3226_p3    |    select|   0|  0|   8|           1|           1|
    |ap_enable_pp0              |       xor|   0|  0|   2|           1|           2|
    +---------------------------+----------+----+---+----+------------+------------+
    |Total                      |          |   0|  0|7746|        5343|        5172|
    +---------------------------+----------+----+---+----+------------+------------+

    * Multiplexer: 
    +-------------------------------------------------------------------------+-----+-----------+-----+-----------+
    |                                   Name                                  | LUT | Input Size| Bits| Total Bits|
    +-------------------------------------------------------------------------+-----+-----------+-----+-----------+
    |ap_NS_fsm                                                                |  389|         74|    1|         74|
    |ap_done_int                                                              |    9|          2|    1|          2|
    |ap_enable_reg_pp0_iter0                                                  |    9|          2|    1|          2|
    |ap_enable_reg_pp0_iter1                                                  |    9|          2|    1|          2|
    |ap_enable_reg_pp0_iter15                                                 |    9|          2|    1|          2|
    |ap_loop_exit_ready_pp0_iter10_reg                                        |    9|          2|    1|          2|
    |ap_loop_exit_ready_pp0_iter11_reg                                        |    9|          2|    1|          2|
    |ap_loop_exit_ready_pp0_iter12_reg                                        |    9|          2|    1|          2|
    |ap_loop_exit_ready_pp0_iter13_reg                                        |    9|          2|    1|          2|
    |ap_loop_exit_ready_pp0_iter14_reg                                        |    9|          2|    1|          2|
    |ap_loop_exit_ready_pp0_iter1_reg                                         |    9|          2|    1|          2|
    |ap_loop_exit_ready_pp0_iter2_reg                                         |    9|          2|    1|          2|
    |ap_loop_exit_ready_pp0_iter3_reg                                         |    9|          2|    1|          2|
    |ap_loop_exit_ready_pp0_iter4_reg                                         |    9|          2|    1|          2|
    |ap_loop_exit_ready_pp0_iter5_reg                                         |    9|          2|    1|          2|
    |ap_loop_exit_ready_pp0_iter6_reg                                         |    9|          2|    1|          2|
    |ap_loop_exit_ready_pp0_iter7_reg                                         |    9|          2|    1|          2|
    |ap_loop_exit_ready_pp0_iter8_reg                                         |    9|          2|    1|          2|
    |ap_loop_exit_ready_pp0_iter9_reg                                         |    9|          2|    1|          2|
    |grp_fu_2912_p0                                                           |   54|         10|   32|        320|
    |grp_fu_2912_p1                                                           |  389|         74|   32|       2368|
    |grp_fu_2916_p0                                                           |   54|         10|   32|        320|
    |grp_fu_2916_p1                                                           |  366|         72|   32|       2304|
    |grp_fu_2920_p0                                                           |  269|         63|   32|       2016|
    |grp_fu_2920_p1                                                           |  389|         74|   32|       2368|
    |grp_fu_2924_p0                                                           |  262|         61|   32|       1952|
    |grp_fu_2924_p1                                                           |  366|         72|   32|       2304|
    |indvar_flatten798_fu_474                                                 |    9|          2|   16|         32|
    |od_fu_466                                                                |    9|          2|    8|         16|
    |reg_2949                                                                 |    9|          2|   32|         64|
    |reg_2955                                                                 |    9|          2|   32|         64|
    |reg_2961                                                                 |    9|          2|   32|         64|
    |reg_2967                                                                 |    9|          2|   32|         64|
    |reg_2993                                                                 |    9|          2|   32|         64|
    |reg_2999                                                                 |    9|          2|   32|         64|
    |reg_3005                                                                 |    9|          2|   32|         64|
    |reg_3011                                                                 |    9|          2|   32|         64|
    |reg_3017                                                                 |    9|          2|   32|         64|
    |reg_3022                                                                 |    9|          2|   32|         64|
    |reg_3047                                                                 |    9|          2|   32|         64|
    |reg_3053                                                                 |    9|          2|   32|         64|
    |reg_3059                                                                 |    9|          2|   32|         64|
    |s_3_fu_470                                                               |    9|          2|    9|         18|
    |transformer_blk_s2_top_float_const_float_float_const_ln_buf_10_address0  |   97|         19|   14|        266|
    |transformer_blk_s2_top_float_const_float_float_const_ln_buf_10_address1  |   97|         19|   14|        266|
    |transformer_blk_s2_top_float_const_float_float_const_ln_buf_8_address0   |   97|         19|   14|        266|
    |transformer_blk_s2_top_float_const_float_float_const_ln_buf_8_address1   |   97|         19|   14|        266|
    |transformer_blk_s2_top_float_const_float_float_const_ln_buf_9_address0   |   97|         19|   14|        266|
    |transformer_blk_s2_top_float_const_float_float_const_ln_buf_9_address1   |   97|         19|   14|        266|
    |transformer_blk_s2_top_float_const_float_float_const_ln_buf_address0     |   97|         19|   14|        266|
    |transformer_blk_s2_top_float_const_float_float_const_ln_buf_address1     |   97|         19|   14|        266|
    |w_Addr_A_orig                                                            |  389|         74|   32|       2368|
    |w_Addr_B_orig                                                            |  377|         73|   32|       2336|
    +-------------------------------------------------------------------------+-----+-----------+-----+-----------+
    |Total                                                                    | 4386|        877|  900|      21792|
    +-------------------------------------------------------------------------+-----+-----------+-----+-----------+

    * Register: 
    +---------------------------------------------------------------------------------+-----+----+-----+-----------+
    |                                       Name                                      |  FF | LUT| Bits| Const Bits|
    +---------------------------------------------------------------------------------+-----+----+-----+-----------+
    |acc_796_reg_11125                                                                |   32|   0|   32|          0|
    |add_ln170_21_cast_reg_7500                                                       |   18|   0|   18|          0|
    |add_ln170_551_reg_7660                                                           |   11|   0|   15|          4|
    |ap_CS_fsm                                                                        |   73|   0|   73|          0|
    |ap_done_reg                                                                      |    1|   0|    1|          0|
    |ap_enable_reg_pp0_iter0_reg                                                      |    1|   0|    1|          0|
    |ap_enable_reg_pp0_iter1                                                          |    1|   0|    1|          0|
    |ap_enable_reg_pp0_iter10                                                         |    1|   0|    1|          0|
    |ap_enable_reg_pp0_iter11                                                         |    1|   0|    1|          0|
    |ap_enable_reg_pp0_iter12                                                         |    1|   0|    1|          0|
    |ap_enable_reg_pp0_iter13                                                         |    1|   0|    1|          0|
    |ap_enable_reg_pp0_iter14                                                         |    1|   0|    1|          0|
    |ap_enable_reg_pp0_iter15                                                         |    1|   0|    1|          0|
    |ap_enable_reg_pp0_iter2                                                          |    1|   0|    1|          0|
    |ap_enable_reg_pp0_iter3                                                          |    1|   0|    1|          0|
    |ap_enable_reg_pp0_iter4                                                          |    1|   0|    1|          0|
    |ap_enable_reg_pp0_iter5                                                          |    1|   0|    1|          0|
    |ap_enable_reg_pp0_iter6                                                          |    1|   0|    1|          0|
    |ap_enable_reg_pp0_iter7                                                          |    1|   0|    1|          0|
    |ap_enable_reg_pp0_iter8                                                          |    1|   0|    1|          0|
    |ap_enable_reg_pp0_iter9                                                          |    1|   0|    1|          0|
    |ap_loop_exit_ready_pp0_iter10_reg                                                |    1|   0|    1|          0|
    |ap_loop_exit_ready_pp0_iter11_reg                                                |    1|   0|    1|          0|
    |ap_loop_exit_ready_pp0_iter12_reg                                                |    1|   0|    1|          0|
    |ap_loop_exit_ready_pp0_iter13_reg                                                |    1|   0|    1|          0|
    |ap_loop_exit_ready_pp0_iter14_reg                                                |    1|   0|    1|          0|
    |ap_loop_exit_ready_pp0_iter1_reg                                                 |    1|   0|    1|          0|
    |ap_loop_exit_ready_pp0_iter2_reg                                                 |    1|   0|    1|          0|
    |ap_loop_exit_ready_pp0_iter3_reg                                                 |    1|   0|    1|          0|
    |ap_loop_exit_ready_pp0_iter4_reg                                                 |    1|   0|    1|          0|
    |ap_loop_exit_ready_pp0_iter5_reg                                                 |    1|   0|    1|          0|
    |ap_loop_exit_ready_pp0_iter6_reg                                                 |    1|   0|    1|          0|
    |ap_loop_exit_ready_pp0_iter7_reg                                                 |    1|   0|    1|          0|
    |ap_loop_exit_ready_pp0_iter8_reg                                                 |    1|   0|    1|          0|
    |ap_loop_exit_ready_pp0_iter9_reg                                                 |    1|   0|    1|          0|
    |icmp_ln162_reg_7520                                                              |    1|   0|    1|          0|
    |indvar_flatten798_fu_474                                                         |   16|   0|   16|          0|
    |mul15_i70_i_i_100_reg_10580                                                      |   32|   0|   32|          0|
    |mul15_i70_i_i_101_reg_10585                                                      |   32|   0|   32|          0|
    |mul15_i70_i_i_102_reg_10610                                                      |   32|   0|   32|          0|
    |mul15_i70_i_i_103_reg_10615                                                      |   32|   0|   32|          0|
    |mul15_i70_i_i_104_reg_10640                                                      |   32|   0|   32|          0|
    |mul15_i70_i_i_105_reg_10645                                                      |   32|   0|   32|          0|
    |mul15_i70_i_i_106_reg_10670                                                      |   32|   0|   32|          0|
    |mul15_i70_i_i_107_reg_10675                                                      |   32|   0|   32|          0|
    |mul15_i70_i_i_108_reg_10700                                                      |   32|   0|   32|          0|
    |mul15_i70_i_i_109_reg_10705                                                      |   32|   0|   32|          0|
    |mul15_i70_i_i_10_reg_8916                                                        |   32|   0|   32|          0|
    |mul15_i70_i_i_10_reg_8916_pp0_iter1_reg                                          |   32|   0|   32|          0|
    |mul15_i70_i_i_110_reg_10730                                                      |   32|   0|   32|          0|
    |mul15_i70_i_i_111_reg_10735                                                      |   32|   0|   32|          0|
    |mul15_i70_i_i_112_reg_10760                                                      |   32|   0|   32|          0|
    |mul15_i70_i_i_113_reg_10765                                                      |   32|   0|   32|          0|
    |mul15_i70_i_i_114_reg_10790                                                      |   32|   0|   32|          0|
    |mul15_i70_i_i_115_reg_10795                                                      |   32|   0|   32|          0|
    |mul15_i70_i_i_116_reg_10820                                                      |   32|   0|   32|          0|
    |mul15_i70_i_i_117_reg_10825                                                      |   32|   0|   32|          0|
    |mul15_i70_i_i_118_reg_10850                                                      |   32|   0|   32|          0|
    |mul15_i70_i_i_119_reg_10855                                                      |   32|   0|   32|          0|
    |mul15_i70_i_i_11_reg_8921                                                        |   32|   0|   32|          0|
    |mul15_i70_i_i_11_reg_8921_pp0_iter1_reg                                          |   32|   0|   32|          0|
    |mul15_i70_i_i_120_reg_10880                                                      |   32|   0|   32|          0|
    |mul15_i70_i_i_121_reg_10885                                                      |   32|   0|   32|          0|
    |mul15_i70_i_i_122_reg_10910                                                      |   32|   0|   32|          0|
    |mul15_i70_i_i_123_reg_10915                                                      |   32|   0|   32|          0|
    |mul15_i70_i_i_124_reg_10940                                                      |   32|   0|   32|          0|
    |mul15_i70_i_i_125_reg_10945                                                      |   32|   0|   32|          0|
    |mul15_i70_i_i_126_reg_10970                                                      |   32|   0|   32|          0|
    |mul15_i70_i_i_127_reg_10975                                                      |   32|   0|   32|          0|
    |mul15_i70_i_i_128_reg_11000                                                      |   32|   0|   32|          0|
    |mul15_i70_i_i_129_reg_11005                                                      |   32|   0|   32|          0|
    |mul15_i70_i_i_12_reg_9016                                                        |   32|   0|   32|          0|
    |mul15_i70_i_i_12_reg_9016_pp0_iter1_reg                                          |   32|   0|   32|          0|
    |mul15_i70_i_i_130_reg_11030                                                      |   32|   0|   32|          0|
    |mul15_i70_i_i_131_reg_11035                                                      |   32|   0|   32|          0|
    |mul15_i70_i_i_132_reg_11055                                                      |   32|   0|   32|          0|
    |mul15_i70_i_i_133_reg_11060                                                      |   32|   0|   32|          0|
    |mul15_i70_i_i_134_reg_11075                                                      |   32|   0|   32|          0|
    |mul15_i70_i_i_135_reg_11080                                                      |   32|   0|   32|          0|
    |mul15_i70_i_i_136_reg_11090                                                      |   32|   0|   32|          0|
    |mul15_i70_i_i_137_reg_11095                                                      |   32|   0|   32|          0|
    |mul15_i70_i_i_138_reg_11100                                                      |   32|   0|   32|          0|
    |mul15_i70_i_i_139_reg_11105                                                      |   32|   0|   32|          0|
    |mul15_i70_i_i_13_reg_9021                                                        |   32|   0|   32|          0|
    |mul15_i70_i_i_13_reg_9021_pp0_iter1_reg                                          |   32|   0|   32|          0|
    |mul15_i70_i_i_140_reg_11110                                                      |   32|   0|   32|          0|
    |mul15_i70_i_i_141_reg_11115                                                      |   32|   0|   32|          0|
    |mul15_i70_i_i_142_reg_11120                                                      |   32|   0|   32|          0|
    |mul15_i70_i_i_14_reg_9116                                                        |   32|   0|   32|          0|
    |mul15_i70_i_i_14_reg_9116_pp0_iter1_reg                                          |   32|   0|   32|          0|
    |mul15_i70_i_i_15_reg_9121                                                        |   32|   0|   32|          0|
    |mul15_i70_i_i_15_reg_9121_pp0_iter1_reg                                          |   32|   0|   32|          0|
    |mul15_i70_i_i_16_reg_9216                                                        |   32|   0|   32|          0|
    |mul15_i70_i_i_16_reg_9216_pp0_iter1_reg                                          |   32|   0|   32|          0|
    |mul15_i70_i_i_17_reg_9221                                                        |   32|   0|   32|          0|
    |mul15_i70_i_i_17_reg_9221_pp0_iter1_reg                                          |   32|   0|   32|          0|
    |mul15_i70_i_i_18_reg_9316                                                        |   32|   0|   32|          0|
    |mul15_i70_i_i_19_reg_9321                                                        |   32|   0|   32|          0|
    |mul15_i70_i_i_1_reg_8285                                                         |   32|   0|   32|          0|
    |mul15_i70_i_i_20_reg_9376                                                        |   32|   0|   32|          0|
    |mul15_i70_i_i_21_reg_9381                                                        |   32|   0|   32|          0|
    |mul15_i70_i_i_22_reg_9406                                                        |   32|   0|   32|          0|
    |mul15_i70_i_i_23_reg_9411                                                        |   32|   0|   32|          0|
    |mul15_i70_i_i_24_reg_9436                                                        |   32|   0|   32|          0|
    |mul15_i70_i_i_25_reg_9441                                                        |   32|   0|   32|          0|
    |mul15_i70_i_i_26_reg_9470                                                        |   32|   0|   32|          0|
    |mul15_i70_i_i_27_reg_9475                                                        |   32|   0|   32|          0|
    |mul15_i70_i_i_28_reg_9500                                                        |   32|   0|   32|          0|
    |mul15_i70_i_i_29_reg_9505                                                        |   32|   0|   32|          0|
    |mul15_i70_i_i_2_reg_8290                                                         |   32|   0|   32|          0|
    |mul15_i70_i_i_30_reg_9530                                                        |   32|   0|   32|          0|
    |mul15_i70_i_i_31_reg_9535                                                        |   32|   0|   32|          0|
    |mul15_i70_i_i_32_reg_9560                                                        |   32|   0|   32|          0|
    |mul15_i70_i_i_33_reg_9565                                                        |   32|   0|   32|          0|
    |mul15_i70_i_i_34_reg_9590                                                        |   32|   0|   32|          0|
    |mul15_i70_i_i_35_reg_9595                                                        |   32|   0|   32|          0|
    |mul15_i70_i_i_36_reg_9620                                                        |   32|   0|   32|          0|
    |mul15_i70_i_i_37_reg_9625                                                        |   32|   0|   32|          0|
    |mul15_i70_i_i_38_reg_9650                                                        |   32|   0|   32|          0|
    |mul15_i70_i_i_39_reg_9655                                                        |   32|   0|   32|          0|
    |mul15_i70_i_i_3_reg_8516                                                         |   32|   0|   32|          0|
    |mul15_i70_i_i_40_reg_9680                                                        |   32|   0|   32|          0|
    |mul15_i70_i_i_41_reg_9685                                                        |   32|   0|   32|          0|
    |mul15_i70_i_i_42_reg_9710                                                        |   32|   0|   32|          0|
    |mul15_i70_i_i_43_reg_9715                                                        |   32|   0|   32|          0|
    |mul15_i70_i_i_44_reg_9740                                                        |   32|   0|   32|          0|
    |mul15_i70_i_i_45_reg_9745                                                        |   32|   0|   32|          0|
    |mul15_i70_i_i_46_reg_9770                                                        |   32|   0|   32|          0|
    |mul15_i70_i_i_47_reg_9775                                                        |   32|   0|   32|          0|
    |mul15_i70_i_i_48_reg_9800                                                        |   32|   0|   32|          0|
    |mul15_i70_i_i_49_reg_9805                                                        |   32|   0|   32|          0|
    |mul15_i70_i_i_4_reg_8521                                                         |   32|   0|   32|          0|
    |mul15_i70_i_i_50_reg_9830                                                        |   32|   0|   32|          0|
    |mul15_i70_i_i_51_reg_9835                                                        |   32|   0|   32|          0|
    |mul15_i70_i_i_52_reg_9860                                                        |   32|   0|   32|          0|
    |mul15_i70_i_i_53_reg_9865                                                        |   32|   0|   32|          0|
    |mul15_i70_i_i_54_reg_9890                                                        |   32|   0|   32|          0|
    |mul15_i70_i_i_55_reg_9895                                                        |   32|   0|   32|          0|
    |mul15_i70_i_i_56_reg_9920                                                        |   32|   0|   32|          0|
    |mul15_i70_i_i_57_reg_9925                                                        |   32|   0|   32|          0|
    |mul15_i70_i_i_58_reg_9950                                                        |   32|   0|   32|          0|
    |mul15_i70_i_i_59_reg_9955                                                        |   32|   0|   32|          0|
    |mul15_i70_i_i_5_reg_8616                                                         |   32|   0|   32|          0|
    |mul15_i70_i_i_60_reg_9980                                                        |   32|   0|   32|          0|
    |mul15_i70_i_i_61_reg_9985                                                        |   32|   0|   32|          0|
    |mul15_i70_i_i_62_reg_10010                                                       |   32|   0|   32|          0|
    |mul15_i70_i_i_63_reg_10015                                                       |   32|   0|   32|          0|
    |mul15_i70_i_i_64_reg_10040                                                       |   32|   0|   32|          0|
    |mul15_i70_i_i_65_reg_10045                                                       |   32|   0|   32|          0|
    |mul15_i70_i_i_66_reg_10070                                                       |   32|   0|   32|          0|
    |mul15_i70_i_i_67_reg_10075                                                       |   32|   0|   32|          0|
    |mul15_i70_i_i_68_reg_10100                                                       |   32|   0|   32|          0|
    |mul15_i70_i_i_69_reg_10105                                                       |   32|   0|   32|          0|
    |mul15_i70_i_i_6_reg_8621                                                         |   32|   0|   32|          0|
    |mul15_i70_i_i_70_reg_10130                                                       |   32|   0|   32|          0|
    |mul15_i70_i_i_71_reg_10135                                                       |   32|   0|   32|          0|
    |mul15_i70_i_i_72_reg_10160                                                       |   32|   0|   32|          0|
    |mul15_i70_i_i_73_reg_10165                                                       |   32|   0|   32|          0|
    |mul15_i70_i_i_74_reg_10190                                                       |   32|   0|   32|          0|
    |mul15_i70_i_i_75_reg_10195                                                       |   32|   0|   32|          0|
    |mul15_i70_i_i_76_reg_10220                                                       |   32|   0|   32|          0|
    |mul15_i70_i_i_77_reg_10225                                                       |   32|   0|   32|          0|
    |mul15_i70_i_i_78_reg_10250                                                       |   32|   0|   32|          0|
    |mul15_i70_i_i_79_reg_10255                                                       |   32|   0|   32|          0|
    |mul15_i70_i_i_7_reg_8716                                                         |   32|   0|   32|          0|
    |mul15_i70_i_i_80_reg_10280                                                       |   32|   0|   32|          0|
    |mul15_i70_i_i_81_reg_10285                                                       |   32|   0|   32|          0|
    |mul15_i70_i_i_82_reg_10310                                                       |   32|   0|   32|          0|
    |mul15_i70_i_i_83_reg_10315                                                       |   32|   0|   32|          0|
    |mul15_i70_i_i_84_reg_10340                                                       |   32|   0|   32|          0|
    |mul15_i70_i_i_85_reg_10345                                                       |   32|   0|   32|          0|
    |mul15_i70_i_i_86_reg_10370                                                       |   32|   0|   32|          0|
    |mul15_i70_i_i_87_reg_10375                                                       |   32|   0|   32|          0|
    |mul15_i70_i_i_88_reg_10400                                                       |   32|   0|   32|          0|
    |mul15_i70_i_i_89_reg_10405                                                       |   32|   0|   32|          0|
    |mul15_i70_i_i_8_reg_8721                                                         |   32|   0|   32|          0|
    |mul15_i70_i_i_90_reg_10430                                                       |   32|   0|   32|          0|
    |mul15_i70_i_i_91_reg_10435                                                       |   32|   0|   32|          0|
    |mul15_i70_i_i_92_reg_10460                                                       |   32|   0|   32|          0|
    |mul15_i70_i_i_93_reg_10465                                                       |   32|   0|   32|          0|
    |mul15_i70_i_i_94_reg_10490                                                       |   32|   0|   32|          0|
    |mul15_i70_i_i_95_reg_10495                                                       |   32|   0|   32|          0|
    |mul15_i70_i_i_96_reg_10520                                                       |   32|   0|   32|          0|
    |mul15_i70_i_i_97_reg_10525                                                       |   32|   0|   32|          0|
    |mul15_i70_i_i_98_reg_10550                                                       |   32|   0|   32|          0|
    |mul15_i70_i_i_99_reg_10555                                                       |   32|   0|   32|          0|
    |mul15_i70_i_i_9_reg_8816                                                         |   32|   0|   32|          0|
    |mul15_i70_i_i_reg_8185                                                           |   32|   0|   32|          0|
    |mul15_i70_i_i_s_reg_8821                                                         |   32|   0|   32|          0|
    |mul15_i70_i_i_s_reg_8821_pp0_iter1_reg                                           |   32|   0|   32|          0|
    |od_fu_466                                                                        |    8|   0|    8|          0|
    |reg_2928                                                                         |   32|   0|   32|          0|
    |reg_2934                                                                         |   32|   0|   32|          0|
    |reg_2939                                                                         |   32|   0|   32|          0|
    |reg_2944                                                                         |   32|   0|   32|          0|
    |reg_2949                                                                         |   32|   0|   32|          0|
    |reg_2955                                                                         |   32|   0|   32|          0|
    |reg_2961                                                                         |   32|   0|   32|          0|
    |reg_2967                                                                         |   32|   0|   32|          0|
    |reg_2973                                                                         |   32|   0|   32|          0|
    |reg_2978                                                                         |   32|   0|   32|          0|
    |reg_2983                                                                         |   32|   0|   32|          0|
    |reg_2988                                                                         |   32|   0|   32|          0|
    |reg_2993                                                                         |   32|   0|   32|          0|
    |reg_2999                                                                         |   32|   0|   32|          0|
    |reg_3005                                                                         |   32|   0|   32|          0|
    |reg_3011                                                                         |   32|   0|   32|          0|
    |reg_3017                                                                         |   32|   0|   32|          0|
    |reg_3022                                                                         |   32|   0|   32|          0|
    |reg_3027                                                                         |   32|   0|   32|          0|
    |reg_3032                                                                         |   32|   0|   32|          0|
    |reg_3037                                                                         |   32|   0|   32|          0|
    |reg_3042                                                                         |   32|   0|   32|          0|
    |reg_3047                                                                         |   32|   0|   32|          0|
    |reg_3053                                                                         |   32|   0|   32|          0|
    |reg_3059                                                                         |   32|   0|   32|          0|
    |reg_3065                                                                         |   32|   0|   32|          0|
    |reg_3069                                                                         |   32|   0|   32|          0|
    |reg_3074                                                                         |   32|   0|   32|          0|
    |reg_3079                                                                         |   32|   0|   32|          0|
    |reg_3084                                                                         |   32|   0|   32|          0|
    |reg_3089                                                                         |   32|   0|   32|          0|
    |reg_3094                                                                         |   32|   0|   32|          0|
    |reg_3099                                                                         |   32|   0|   32|          0|
    |reg_3104                                                                         |   32|   0|   32|          0|
    |reg_3109                                                                         |   32|   0|   32|          0|
    |reg_3114                                                                         |   32|   0|   32|          0|
    |reg_3119                                                                         |   32|   0|   32|          0|
    |reg_3124                                                                         |   32|   0|   32|          0|
    |reg_3129                                                                         |   32|   0|   32|          0|
    |reg_3134                                                                         |   32|   0|   32|          0|
    |reg_3139                                                                         |   32|   0|   32|          0|
    |reg_3144                                                                         |   32|   0|   32|          0|
    |s_3_fu_470                                                                       |    9|   0|    9|          0|
    |select_ln162_8_reg_7531                                                          |    9|   0|    9|          0|
    |select_ln162_9_reg_7537                                                          |   12|   0|   14|          2|
    |select_ln162_reg_7524                                                            |    8|   0|    8|          0|
    |tmp_reg_7905                                                                     |   14|   0|   14|          0|
    |transformer_blk_s2_top_float_const_float_float_const_ln_buf_10_load_40_reg_7745  |   32|   0|   32|          0|
    |transformer_blk_s2_top_float_const_float_float_const_ln_buf_10_load_41_reg_7820  |   32|   0|   32|          0|
    |transformer_blk_s2_top_float_const_float_float_const_ln_buf_10_load_42_reg_7840  |   32|   0|   32|          0|
    |transformer_blk_s2_top_float_const_float_float_const_ln_buf_10_load_43_reg_7925  |   32|   0|   32|          0|
    |transformer_blk_s2_top_float_const_float_float_const_ln_buf_10_load_44_reg_7945  |   32|   0|   32|          0|
    |transformer_blk_s2_top_float_const_float_float_const_ln_buf_10_load_45_reg_8025  |   32|   0|   32|          0|
    |transformer_blk_s2_top_float_const_float_float_const_ln_buf_10_load_46_reg_8045  |   32|   0|   32|          0|
    |transformer_blk_s2_top_float_const_float_float_const_ln_buf_10_load_47_reg_8120  |   32|   0|   32|          0|
    |transformer_blk_s2_top_float_const_float_float_const_ln_buf_10_load_48_reg_8140  |   32|   0|   32|          0|
    |transformer_blk_s2_top_float_const_float_float_const_ln_buf_10_load_49_reg_8215  |   32|   0|   32|          0|
    |transformer_blk_s2_top_float_const_float_float_const_ln_buf_10_load_50_reg_8235  |   32|   0|   32|          0|
    |transformer_blk_s2_top_float_const_float_float_const_ln_buf_10_load_52_reg_8340  |   32|   0|   32|          0|
    |transformer_blk_s2_top_float_const_float_float_const_ln_buf_10_load_53_reg_8551  |   32|   0|   32|          0|
    |transformer_blk_s2_top_float_const_float_float_const_ln_buf_10_load_54_reg_8571  |   32|   0|   32|          0|
    |transformer_blk_s2_top_float_const_float_float_const_ln_buf_10_load_56_reg_8671  |   32|   0|   32|          0|
    |transformer_blk_s2_top_float_const_float_float_const_ln_buf_10_load_57_reg_8751  |   32|   0|   32|          0|
    |transformer_blk_s2_top_float_const_float_float_const_ln_buf_10_load_58_reg_8771  |   32|   0|   32|          0|
    |transformer_blk_s2_top_float_const_float_float_const_ln_buf_10_load_60_reg_8871  |   32|   0|   32|          0|
    |transformer_blk_s2_top_float_const_float_float_const_ln_buf_10_load_61_reg_8951  |   32|   0|   32|          0|
    |transformer_blk_s2_top_float_const_float_float_const_ln_buf_10_load_62_reg_8971  |   32|   0|   32|          0|
    |transformer_blk_s2_top_float_const_float_float_const_ln_buf_10_load_64_reg_9071  |   32|   0|   32|          0|
    |transformer_blk_s2_top_float_const_float_float_const_ln_buf_10_load_65_reg_9151  |   32|   0|   32|          0|
    |transformer_blk_s2_top_float_const_float_float_const_ln_buf_10_load_66_reg_9171  |   32|   0|   32|          0|
    |transformer_blk_s2_top_float_const_float_float_const_ln_buf_10_load_68_reg_9271  |   32|   0|   32|          0|
    |transformer_blk_s2_top_float_const_float_float_const_ln_buf_10_load_69_reg_9351  |   32|   0|   32|          0|
    |transformer_blk_s2_top_float_const_float_float_const_ln_buf_10_load_70_reg_9371  |   32|   0|   32|          0|
    |transformer_blk_s2_top_float_const_float_float_const_ln_buf_8_load_41_reg_7810   |   32|   0|   32|          0|
    |transformer_blk_s2_top_float_const_float_float_const_ln_buf_8_load_42_reg_7830   |   32|   0|   32|          0|
    |transformer_blk_s2_top_float_const_float_float_const_ln_buf_8_load_43_reg_7915   |   32|   0|   32|          0|
    |transformer_blk_s2_top_float_const_float_float_const_ln_buf_8_load_44_reg_7935   |   32|   0|   32|          0|
    |transformer_blk_s2_top_float_const_float_float_const_ln_buf_8_load_45_reg_8015   |   32|   0|   32|          0|
    |transformer_blk_s2_top_float_const_float_float_const_ln_buf_8_load_46_reg_8035   |   32|   0|   32|          0|
    |transformer_blk_s2_top_float_const_float_float_const_ln_buf_8_load_47_reg_8110   |   32|   0|   32|          0|
    |transformer_blk_s2_top_float_const_float_float_const_ln_buf_8_load_48_reg_8130   |   32|   0|   32|          0|
    |transformer_blk_s2_top_float_const_float_float_const_ln_buf_8_load_50_reg_8225   |   32|   0|   32|          0|
    |transformer_blk_s2_top_float_const_float_float_const_ln_buf_8_load_51_reg_8315   |   32|   0|   32|          0|
    |transformer_blk_s2_top_float_const_float_float_const_ln_buf_8_load_52_reg_8330   |   32|   0|   32|          0|
    |transformer_blk_s2_top_float_const_float_float_const_ln_buf_8_load_54_reg_8561   |   32|   0|   32|          0|
    |transformer_blk_s2_top_float_const_float_float_const_ln_buf_8_load_55_reg_8646   |   32|   0|   32|          0|
    |transformer_blk_s2_top_float_const_float_float_const_ln_buf_8_load_56_reg_8661   |   32|   0|   32|          0|
    |transformer_blk_s2_top_float_const_float_float_const_ln_buf_8_load_58_reg_8761   |   32|   0|   32|          0|
    |transformer_blk_s2_top_float_const_float_float_const_ln_buf_8_load_59_reg_8846   |   32|   0|   32|          0|
    |transformer_blk_s2_top_float_const_float_float_const_ln_buf_8_load_60_reg_8861   |   32|   0|   32|          0|
    |transformer_blk_s2_top_float_const_float_float_const_ln_buf_8_load_62_reg_8961   |   32|   0|   32|          0|
    |transformer_blk_s2_top_float_const_float_float_const_ln_buf_8_load_63_reg_9046   |   32|   0|   32|          0|
    |transformer_blk_s2_top_float_const_float_float_const_ln_buf_8_load_64_reg_9061   |   32|   0|   32|          0|
    |transformer_blk_s2_top_float_const_float_float_const_ln_buf_8_load_66_reg_9161   |   32|   0|   32|          0|
    |transformer_blk_s2_top_float_const_float_float_const_ln_buf_8_load_67_reg_9246   |   32|   0|   32|          0|
    |transformer_blk_s2_top_float_const_float_float_const_ln_buf_8_load_68_reg_9261   |   32|   0|   32|          0|
    |transformer_blk_s2_top_float_const_float_float_const_ln_buf_8_load_70_reg_9361   |   32|   0|   32|          0|
    |transformer_blk_s2_top_float_const_float_float_const_ln_buf_9_load_41_reg_7815   |   32|   0|   32|          0|
    |transformer_blk_s2_top_float_const_float_float_const_ln_buf_9_load_42_reg_7835   |   32|   0|   32|          0|
    |transformer_blk_s2_top_float_const_float_float_const_ln_buf_9_load_43_reg_7920   |   32|   0|   32|          0|
    |transformer_blk_s2_top_float_const_float_float_const_ln_buf_9_load_44_reg_7940   |   32|   0|   32|          0|
    |transformer_blk_s2_top_float_const_float_float_const_ln_buf_9_load_45_reg_8020   |   32|   0|   32|          0|
    |transformer_blk_s2_top_float_const_float_float_const_ln_buf_9_load_46_reg_8040   |   32|   0|   32|          0|
    |transformer_blk_s2_top_float_const_float_float_const_ln_buf_9_load_47_reg_8115   |   32|   0|   32|          0|
    |transformer_blk_s2_top_float_const_float_float_const_ln_buf_9_load_48_reg_8135   |   32|   0|   32|          0|
    |transformer_blk_s2_top_float_const_float_float_const_ln_buf_9_load_50_reg_8230   |   32|   0|   32|          0|
    |transformer_blk_s2_top_float_const_float_float_const_ln_buf_9_load_51_reg_8320   |   32|   0|   32|          0|
    |transformer_blk_s2_top_float_const_float_float_const_ln_buf_9_load_52_reg_8335   |   32|   0|   32|          0|
    |transformer_blk_s2_top_float_const_float_float_const_ln_buf_9_load_54_reg_8566   |   32|   0|   32|          0|
    |transformer_blk_s2_top_float_const_float_float_const_ln_buf_9_load_55_reg_8651   |   32|   0|   32|          0|
    |transformer_blk_s2_top_float_const_float_float_const_ln_buf_9_load_56_reg_8666   |   32|   0|   32|          0|
    |transformer_blk_s2_top_float_const_float_float_const_ln_buf_9_load_58_reg_8766   |   32|   0|   32|          0|
    |transformer_blk_s2_top_float_const_float_float_const_ln_buf_9_load_59_reg_8851   |   32|   0|   32|          0|
    |transformer_blk_s2_top_float_const_float_float_const_ln_buf_9_load_60_reg_8866   |   32|   0|   32|          0|
    |transformer_blk_s2_top_float_const_float_float_const_ln_buf_9_load_62_reg_8966   |   32|   0|   32|          0|
    |transformer_blk_s2_top_float_const_float_float_const_ln_buf_9_load_63_reg_9051   |   32|   0|   32|          0|
    |transformer_blk_s2_top_float_const_float_float_const_ln_buf_9_load_64_reg_9066   |   32|   0|   32|          0|
    |transformer_blk_s2_top_float_const_float_float_const_ln_buf_9_load_66_reg_9166   |   32|   0|   32|          0|
    |transformer_blk_s2_top_float_const_float_float_const_ln_buf_9_load_67_reg_9251   |   32|   0|   32|          0|
    |transformer_blk_s2_top_float_const_float_float_const_ln_buf_9_load_68_reg_9266   |   32|   0|   32|          0|
    |transformer_blk_s2_top_float_const_float_float_const_ln_buf_9_load_70_reg_9366   |   32|   0|   32|          0|
    |transformer_blk_s2_top_float_const_float_float_const_ln_buf_load_41_reg_7805     |   32|   0|   32|          0|
    |transformer_blk_s2_top_float_const_float_float_const_ln_buf_load_42_reg_7825     |   32|   0|   32|          0|
    |transformer_blk_s2_top_float_const_float_float_const_ln_buf_load_43_reg_7910     |   32|   0|   32|          0|
    |transformer_blk_s2_top_float_const_float_float_const_ln_buf_load_44_reg_7930     |   32|   0|   32|          0|
    |transformer_blk_s2_top_float_const_float_float_const_ln_buf_load_45_reg_8010     |   32|   0|   32|          0|
    |transformer_blk_s2_top_float_const_float_float_const_ln_buf_load_46_reg_8030     |   32|   0|   32|          0|
    |transformer_blk_s2_top_float_const_float_float_const_ln_buf_load_48_reg_8125     |   32|   0|   32|          0|
    |transformer_blk_s2_top_float_const_float_float_const_ln_buf_load_49_reg_8210     |   32|   0|   32|          0|
    |transformer_blk_s2_top_float_const_float_float_const_ln_buf_load_50_reg_8220     |   32|   0|   32|          0|
    |transformer_blk_s2_top_float_const_float_float_const_ln_buf_load_52_reg_8325     |   32|   0|   32|          0|
    |transformer_blk_s2_top_float_const_float_float_const_ln_buf_load_53_reg_8546     |   32|   0|   32|          0|
    |transformer_blk_s2_top_float_const_float_float_const_ln_buf_load_54_reg_8556     |   32|   0|   32|          0|
    |transformer_blk_s2_top_float_const_float_float_const_ln_buf_load_56_reg_8656     |   32|   0|   32|          0|
    |transformer_blk_s2_top_float_const_float_float_const_ln_buf_load_57_reg_8746     |   32|   0|   32|          0|
    |transformer_blk_s2_top_float_const_float_float_const_ln_buf_load_58_reg_8756     |   32|   0|   32|          0|
    |transformer_blk_s2_top_float_const_float_float_const_ln_buf_load_60_reg_8856     |   32|   0|   32|          0|
    |transformer_blk_s2_top_float_const_float_float_const_ln_buf_load_61_reg_8946     |   32|   0|   32|          0|
    |transformer_blk_s2_top_float_const_float_float_const_ln_buf_load_62_reg_8956     |   32|   0|   32|          0|
    |transformer_blk_s2_top_float_const_float_float_const_ln_buf_load_64_reg_9056     |   32|   0|   32|          0|
    |transformer_blk_s2_top_float_const_float_float_const_ln_buf_load_65_reg_9146     |   32|   0|   32|          0|
    |transformer_blk_s2_top_float_const_float_float_const_ln_buf_load_66_reg_9156     |   32|   0|   32|          0|
    |transformer_blk_s2_top_float_const_float_float_const_ln_buf_load_68_reg_9256     |   32|   0|   32|          0|
    |transformer_blk_s2_top_float_const_float_float_const_ln_buf_load_69_reg_9346     |   32|   0|   32|          0|
    |transformer_blk_s2_top_float_const_float_float_const_ln_buf_load_70_reg_9356     |   32|   0|   32|          0|
    |trunc_ln172_reg_9466                                                             |    3|   0|    3|          0|
    |zext_ln170_1011_reg_8385                                                         |   11|   0|   16|          5|
    |icmp_ln162_reg_7520                                                              |   64|  32|    1|          0|
    |mul15_i70_i_i_100_reg_10580                                                      |   64|  32|   32|          0|
    |mul15_i70_i_i_101_reg_10585                                                      |   64|  32|   32|          0|
    |mul15_i70_i_i_102_reg_10610                                                      |   64|  32|   32|          0|
    |mul15_i70_i_i_103_reg_10615                                                      |   64|  32|   32|          0|
    |mul15_i70_i_i_104_reg_10640                                                      |   64|  32|   32|          0|
    |mul15_i70_i_i_105_reg_10645                                                      |   64|  32|   32|          0|
    |mul15_i70_i_i_106_reg_10670                                                      |   64|  32|   32|          0|
    |mul15_i70_i_i_107_reg_10675                                                      |   64|  32|   32|          0|
    |mul15_i70_i_i_108_reg_10700                                                      |   64|  32|   32|          0|
    |mul15_i70_i_i_109_reg_10705                                                      |   64|  32|   32|          0|
    |mul15_i70_i_i_110_reg_10730                                                      |   64|  32|   32|          0|
    |mul15_i70_i_i_111_reg_10735                                                      |   64|  32|   32|          0|
    |mul15_i70_i_i_112_reg_10760                                                      |   64|  32|   32|          0|
    |mul15_i70_i_i_113_reg_10765                                                      |   64|  32|   32|          0|
    |mul15_i70_i_i_114_reg_10790                                                      |   64|  32|   32|          0|
    |mul15_i70_i_i_115_reg_10795                                                      |   64|  32|   32|          0|
    |mul15_i70_i_i_116_reg_10820                                                      |   64|  32|   32|          0|
    |mul15_i70_i_i_117_reg_10825                                                      |   64|  32|   32|          0|
    |mul15_i70_i_i_118_reg_10850                                                      |   64|  32|   32|          0|
    |mul15_i70_i_i_119_reg_10855                                                      |   64|  32|   32|          0|
    |mul15_i70_i_i_120_reg_10880                                                      |   64|  32|   32|          0|
    |mul15_i70_i_i_121_reg_10885                                                      |   64|  32|   32|          0|
    |mul15_i70_i_i_122_reg_10910                                                      |   64|  32|   32|          0|
    |mul15_i70_i_i_123_reg_10915                                                      |   64|  32|   32|          0|
    |mul15_i70_i_i_124_reg_10940                                                      |   64|  32|   32|          0|
    |mul15_i70_i_i_125_reg_10945                                                      |   64|  32|   32|          0|
    |mul15_i70_i_i_126_reg_10970                                                      |   64|  32|   32|          0|
    |mul15_i70_i_i_127_reg_10975                                                      |   64|  32|   32|          0|
    |mul15_i70_i_i_128_reg_11000                                                      |   64|  32|   32|          0|
    |mul15_i70_i_i_129_reg_11005                                                      |   64|  32|   32|          0|
    |mul15_i70_i_i_130_reg_11030                                                      |   64|  32|   32|          0|
    |mul15_i70_i_i_131_reg_11035                                                      |   64|  32|   32|          0|
    |mul15_i70_i_i_132_reg_11055                                                      |   64|  32|   32|          0|
    |mul15_i70_i_i_133_reg_11060                                                      |   64|  32|   32|          0|
    |mul15_i70_i_i_134_reg_11075                                                      |   64|  32|   32|          0|
    |mul15_i70_i_i_135_reg_11080                                                      |   64|  32|   32|          0|
    |mul15_i70_i_i_136_reg_11090                                                      |   64|  32|   32|          0|
    |mul15_i70_i_i_137_reg_11095                                                      |   64|  32|   32|          0|
    |mul15_i70_i_i_138_reg_11100                                                      |   64|  32|   32|          0|
    |mul15_i70_i_i_139_reg_11105                                                      |   64|  32|   32|          0|
    |mul15_i70_i_i_140_reg_11110                                                      |   64|  32|   32|          0|
    |mul15_i70_i_i_141_reg_11115                                                      |   64|  32|   32|          0|
    |mul15_i70_i_i_142_reg_11120                                                      |   64|  32|   32|          0|
    |mul15_i70_i_i_18_reg_9316                                                        |   64|  32|   32|          0|
    |mul15_i70_i_i_19_reg_9321                                                        |   64|  32|   32|          0|
    |mul15_i70_i_i_20_reg_9376                                                        |   64|  32|   32|          0|
    |mul15_i70_i_i_21_reg_9381                                                        |   64|  32|   32|          0|
    |mul15_i70_i_i_22_reg_9406                                                        |   64|  32|   32|          0|
    |mul15_i70_i_i_23_reg_9411                                                        |   64|  32|   32|          0|
    |mul15_i70_i_i_24_reg_9436                                                        |   64|  32|   32|          0|
    |mul15_i70_i_i_25_reg_9441                                                        |   64|  32|   32|          0|
    |mul15_i70_i_i_26_reg_9470                                                        |   64|  32|   32|          0|
    |mul15_i70_i_i_27_reg_9475                                                        |   64|  32|   32|          0|
    |mul15_i70_i_i_28_reg_9500                                                        |   64|  32|   32|          0|
    |mul15_i70_i_i_29_reg_9505                                                        |   64|  32|   32|          0|
    |mul15_i70_i_i_30_reg_9530                                                        |   64|  32|   32|          0|
    |mul15_i70_i_i_31_reg_9535                                                        |   64|  32|   32|          0|
    |mul15_i70_i_i_32_reg_9560                                                        |   64|  32|   32|          0|
    |mul15_i70_i_i_33_reg_9565                                                        |   64|  32|   32|          0|
    |mul15_i70_i_i_34_reg_9590                                                        |   64|  32|   32|          0|
    |mul15_i70_i_i_35_reg_9595                                                        |   64|  32|   32|          0|
    |mul15_i70_i_i_36_reg_9620                                                        |   64|  32|   32|          0|
    |mul15_i70_i_i_37_reg_9625                                                        |   64|  32|   32|          0|
    |mul15_i70_i_i_38_reg_9650                                                        |   64|  32|   32|          0|
    |mul15_i70_i_i_39_reg_9655                                                        |   64|  32|   32|          0|
    |mul15_i70_i_i_40_reg_9680                                                        |   64|  32|   32|          0|
    |mul15_i70_i_i_41_reg_9685                                                        |   64|  32|   32|          0|
    |mul15_i70_i_i_42_reg_9710                                                        |   64|  32|   32|          0|
    |mul15_i70_i_i_43_reg_9715                                                        |   64|  32|   32|          0|
    |mul15_i70_i_i_44_reg_9740                                                        |   64|  32|   32|          0|
    |mul15_i70_i_i_45_reg_9745                                                        |   64|  32|   32|          0|
    |mul15_i70_i_i_46_reg_9770                                                        |   64|  32|   32|          0|
    |mul15_i70_i_i_47_reg_9775                                                        |   64|  32|   32|          0|
    |mul15_i70_i_i_48_reg_9800                                                        |   64|  32|   32|          0|
    |mul15_i70_i_i_49_reg_9805                                                        |   64|  32|   32|          0|
    |mul15_i70_i_i_50_reg_9830                                                        |   64|  32|   32|          0|
    |mul15_i70_i_i_51_reg_9835                                                        |   64|  32|   32|          0|
    |mul15_i70_i_i_52_reg_9860                                                        |   64|  32|   32|          0|
    |mul15_i70_i_i_53_reg_9865                                                        |   64|  32|   32|          0|
    |mul15_i70_i_i_54_reg_9890                                                        |   64|  32|   32|          0|
    |mul15_i70_i_i_55_reg_9895                                                        |   64|  32|   32|          0|
    |mul15_i70_i_i_56_reg_9920                                                        |   64|  32|   32|          0|
    |mul15_i70_i_i_57_reg_9925                                                        |   64|  32|   32|          0|
    |mul15_i70_i_i_58_reg_9950                                                        |   64|  32|   32|          0|
    |mul15_i70_i_i_59_reg_9955                                                        |   64|  32|   32|          0|
    |mul15_i70_i_i_60_reg_9980                                                        |   64|  32|   32|          0|
    |mul15_i70_i_i_61_reg_9985                                                        |   64|  32|   32|          0|
    |mul15_i70_i_i_62_reg_10010                                                       |   64|  32|   32|          0|
    |mul15_i70_i_i_63_reg_10015                                                       |   64|  32|   32|          0|
    |mul15_i70_i_i_64_reg_10040                                                       |   64|  32|   32|          0|
    |mul15_i70_i_i_65_reg_10045                                                       |   64|  32|   32|          0|
    |mul15_i70_i_i_66_reg_10070                                                       |   64|  32|   32|          0|
    |mul15_i70_i_i_67_reg_10075                                                       |   64|  32|   32|          0|
    |mul15_i70_i_i_68_reg_10100                                                       |   64|  32|   32|          0|
    |mul15_i70_i_i_69_reg_10105                                                       |   64|  32|   32|          0|
    |mul15_i70_i_i_70_reg_10130                                                       |   64|  32|   32|          0|
    |mul15_i70_i_i_71_reg_10135                                                       |   64|  32|   32|          0|
    |mul15_i70_i_i_72_reg_10160                                                       |   64|  32|   32|          0|
    |mul15_i70_i_i_73_reg_10165                                                       |   64|  32|   32|          0|
    |mul15_i70_i_i_74_reg_10190                                                       |   64|  32|   32|          0|
    |mul15_i70_i_i_75_reg_10195                                                       |   64|  32|   32|          0|
    |mul15_i70_i_i_76_reg_10220                                                       |   64|  32|   32|          0|
    |mul15_i70_i_i_77_reg_10225                                                       |   64|  32|   32|          0|
    |mul15_i70_i_i_78_reg_10250                                                       |   64|  32|   32|          0|
    |mul15_i70_i_i_79_reg_10255                                                       |   64|  32|   32|          0|
    |mul15_i70_i_i_80_reg_10280                                                       |   64|  32|   32|          0|
    |mul15_i70_i_i_81_reg_10285                                                       |   64|  32|   32|          0|
    |mul15_i70_i_i_82_reg_10310                                                       |   64|  32|   32|          0|
    |mul15_i70_i_i_83_reg_10315                                                       |   64|  32|   32|          0|
    |mul15_i70_i_i_84_reg_10340                                                       |   64|  32|   32|          0|
    |mul15_i70_i_i_85_reg_10345                                                       |   64|  32|   32|          0|
    |mul15_i70_i_i_86_reg_10370                                                       |   64|  32|   32|          0|
    |mul15_i70_i_i_87_reg_10375                                                       |   64|  32|   32|          0|
    |mul15_i70_i_i_88_reg_10400                                                       |   64|  32|   32|          0|
    |mul15_i70_i_i_89_reg_10405                                                       |   64|  32|   32|          0|
    |mul15_i70_i_i_90_reg_10430                                                       |   64|  32|   32|          0|
    |mul15_i70_i_i_91_reg_10435                                                       |   64|  32|   32|          0|
    |mul15_i70_i_i_92_reg_10460                                                       |   64|  32|   32|          0|
    |mul15_i70_i_i_93_reg_10465                                                       |   64|  32|   32|          0|
    |mul15_i70_i_i_94_reg_10490                                                       |   64|  32|   32|          0|
    |mul15_i70_i_i_95_reg_10495                                                       |   64|  32|   32|          0|
    |mul15_i70_i_i_96_reg_10520                                                       |   64|  32|   32|          0|
    |mul15_i70_i_i_97_reg_10525                                                       |   64|  32|   32|          0|
    |mul15_i70_i_i_98_reg_10550                                                       |   64|  32|   32|          0|
    |mul15_i70_i_i_99_reg_10555                                                       |   64|  32|   32|          0|
    |tmp_reg_7905                                                                     |   64|  32|   14|          0|
    |trunc_ln172_reg_9466                                                             |   64|  32|    3|          0|
    +---------------------------------------------------------------------------------+-----+----+-----+-----------+
    |Total                                                                            |17824|4096|13661|         11|
    +---------------------------------------------------------------------------------+-----+----+-----+-----------+



================================================================
== Interface
================================================================
* Summary: 
+-------------------------------------------------------------------------+-----+-----+------------+----------------------------------------------------------------+--------------+
|                                RTL Ports                                | Dir | Bits|  Protocol  |                          Source Object                         |    C Type    |
+-------------------------------------------------------------------------+-----+-----+------------+----------------------------------------------------------------+--------------+
|ap_clk                                                                   |   in|    1|  ap_ctrl_hs|                     transformer_blk_s2_top_Pipeline_LF_S_LF_OD2|  return value|
|ap_rst                                                                   |   in|    1|  ap_ctrl_hs|                     transformer_blk_s2_top_Pipeline_LF_S_LF_OD2|  return value|
|ap_start                                                                 |   in|    1|  ap_ctrl_hs|                     transformer_blk_s2_top_Pipeline_LF_S_LF_OD2|  return value|
|ap_done                                                                  |  out|    1|  ap_ctrl_hs|                     transformer_blk_s2_top_Pipeline_LF_S_LF_OD2|  return value|
|ap_idle                                                                  |  out|    1|  ap_ctrl_hs|                     transformer_blk_s2_top_Pipeline_LF_S_LF_OD2|  return value|
|ap_ready                                                                 |  out|    1|  ap_ctrl_hs|                     transformer_blk_s2_top_Pipeline_LF_S_LF_OD2|  return value|
|grp_fu_1888_p_din0                                                       |  out|   32|  ap_ctrl_hs|                     transformer_blk_s2_top_Pipeline_LF_S_LF_OD2|  return value|
|grp_fu_1888_p_din1                                                       |  out|   32|  ap_ctrl_hs|                     transformer_blk_s2_top_Pipeline_LF_S_LF_OD2|  return value|
|grp_fu_1888_p_opcode                                                     |  out|    1|  ap_ctrl_hs|                     transformer_blk_s2_top_Pipeline_LF_S_LF_OD2|  return value|
|grp_fu_1888_p_dout0                                                      |   in|   32|  ap_ctrl_hs|                     transformer_blk_s2_top_Pipeline_LF_S_LF_OD2|  return value|
|grp_fu_1888_p_ce                                                         |  out|    1|  ap_ctrl_hs|                     transformer_blk_s2_top_Pipeline_LF_S_LF_OD2|  return value|
|grp_fu_4124_p_din0                                                       |  out|   32|  ap_ctrl_hs|                     transformer_blk_s2_top_Pipeline_LF_S_LF_OD2|  return value|
|grp_fu_4124_p_din1                                                       |  out|   32|  ap_ctrl_hs|                     transformer_blk_s2_top_Pipeline_LF_S_LF_OD2|  return value|
|grp_fu_4124_p_opcode                                                     |  out|    1|  ap_ctrl_hs|                     transformer_blk_s2_top_Pipeline_LF_S_LF_OD2|  return value|
|grp_fu_4124_p_dout0                                                      |   in|   32|  ap_ctrl_hs|                     transformer_blk_s2_top_Pipeline_LF_S_LF_OD2|  return value|
|grp_fu_4124_p_ce                                                         |  out|    1|  ap_ctrl_hs|                     transformer_blk_s2_top_Pipeline_LF_S_LF_OD2|  return value|
|grp_fu_4152_p_din0                                                       |  out|   32|  ap_ctrl_hs|                     transformer_blk_s2_top_Pipeline_LF_S_LF_OD2|  return value|
|grp_fu_4152_p_din1                                                       |  out|   32|  ap_ctrl_hs|                     transformer_blk_s2_top_Pipeline_LF_S_LF_OD2|  return value|
|grp_fu_4152_p_dout0                                                      |   in|   32|  ap_ctrl_hs|                     transformer_blk_s2_top_Pipeline_LF_S_LF_OD2|  return value|
|grp_fu_4152_p_ce                                                         |  out|    1|  ap_ctrl_hs|                     transformer_blk_s2_top_Pipeline_LF_S_LF_OD2|  return value|
|grp_fu_4156_p_din0                                                       |  out|   32|  ap_ctrl_hs|                     transformer_blk_s2_top_Pipeline_LF_S_LF_OD2|  return value|
|grp_fu_4156_p_din1                                                       |  out|   32|  ap_ctrl_hs|                     transformer_blk_s2_top_Pipeline_LF_S_LF_OD2|  return value|
|grp_fu_4156_p_dout0                                                      |   in|   32|  ap_ctrl_hs|                     transformer_blk_s2_top_Pipeline_LF_S_LF_OD2|  return value|
|grp_fu_4156_p_ce                                                         |  out|    1|  ap_ctrl_hs|                     transformer_blk_s2_top_Pipeline_LF_S_LF_OD2|  return value|
|phi_mul5009                                                              |   in|   18|     ap_none|                                                     phi_mul5009|        scalar|
|w_Addr_A                                                                 |  out|   32|        bram|                                                               w|         array|
|w_EN_A                                                                   |  out|    1|        bram|                                                               w|         array|
|w_WEN_A                                                                  |  out|    4|        bram|                                                               w|         array|
|w_Din_A                                                                  |  out|   32|        bram|                                                               w|         array|
|w_Dout_A                                                                 |   in|   32|        bram|                                                               w|         array|
|w_Addr_B                                                                 |  out|   32|        bram|                                                               w|         array|
|w_EN_B                                                                   |  out|    1|        bram|                                                               w|         array|
|w_WEN_B                                                                  |  out|    4|        bram|                                                               w|         array|
|w_Din_B                                                                  |  out|   32|        bram|                                                               w|         array|
|w_Dout_B                                                                 |   in|   32|        bram|                                                               w|         array|
|add_ln170_21                                                             |   in|   17|     ap_none|                                                    add_ln170_21|        scalar|
|transformer_blk_s2_top_float_const_float_float_const_v_buf_address0      |  out|   14|   ap_memory|      transformer_blk_s2_top_float_const_float_float_const_v_buf|         array|
|transformer_blk_s2_top_float_const_float_float_const_v_buf_ce0           |  out|    1|   ap_memory|      transformer_blk_s2_top_float_const_float_float_const_v_buf|         array|
|transformer_blk_s2_top_float_const_float_float_const_v_buf_we0           |  out|    1|   ap_memory|      transformer_blk_s2_top_float_const_float_float_const_v_buf|         array|
|transformer_blk_s2_top_float_const_float_float_const_v_buf_d0            |  out|   32|   ap_memory|      transformer_blk_s2_top_float_const_float_float_const_v_buf|         array|
|transformer_blk_s2_top_float_const_float_float_const_ln_buf_address0     |  out|   14|   ap_memory|     transformer_blk_s2_top_float_const_float_float_const_ln_buf|         array|
|transformer_blk_s2_top_float_const_float_float_const_ln_buf_ce0          |  out|    1|   ap_memory|     transformer_blk_s2_top_float_const_float_float_const_ln_buf|         array|
|transformer_blk_s2_top_float_const_float_float_const_ln_buf_q0           |   in|   32|   ap_memory|     transformer_blk_s2_top_float_const_float_float_const_ln_buf|         array|
|transformer_blk_s2_top_float_const_float_float_const_ln_buf_address1     |  out|   14|   ap_memory|     transformer_blk_s2_top_float_const_float_float_const_ln_buf|         array|
|transformer_blk_s2_top_float_const_float_float_const_ln_buf_ce1          |  out|    1|   ap_memory|     transformer_blk_s2_top_float_const_float_float_const_ln_buf|         array|
|transformer_blk_s2_top_float_const_float_float_const_ln_buf_q1           |   in|   32|   ap_memory|     transformer_blk_s2_top_float_const_float_float_const_ln_buf|         array|
|transformer_blk_s2_top_float_const_float_float_const_ln_buf_8_address0   |  out|   14|   ap_memory|   transformer_blk_s2_top_float_const_float_float_const_ln_buf_8|         array|
|transformer_blk_s2_top_float_const_float_float_const_ln_buf_8_ce0        |  out|    1|   ap_memory|   transformer_blk_s2_top_float_const_float_float_const_ln_buf_8|         array|
|transformer_blk_s2_top_float_const_float_float_const_ln_buf_8_q0         |   in|   32|   ap_memory|   transformer_blk_s2_top_float_const_float_float_const_ln_buf_8|         array|
|transformer_blk_s2_top_float_const_float_float_const_ln_buf_8_address1   |  out|   14|   ap_memory|   transformer_blk_s2_top_float_const_float_float_const_ln_buf_8|         array|
|transformer_blk_s2_top_float_const_float_float_const_ln_buf_8_ce1        |  out|    1|   ap_memory|   transformer_blk_s2_top_float_const_float_float_const_ln_buf_8|         array|
|transformer_blk_s2_top_float_const_float_float_const_ln_buf_8_q1         |   in|   32|   ap_memory|   transformer_blk_s2_top_float_const_float_float_const_ln_buf_8|         array|
|transformer_blk_s2_top_float_const_float_float_const_ln_buf_9_address0   |  out|   14|   ap_memory|   transformer_blk_s2_top_float_const_float_float_const_ln_buf_9|         array|
|transformer_blk_s2_top_float_const_float_float_const_ln_buf_9_ce0        |  out|    1|   ap_memory|   transformer_blk_s2_top_float_const_float_float_const_ln_buf_9|         array|
|transformer_blk_s2_top_float_const_float_float_const_ln_buf_9_q0         |   in|   32|   ap_memory|   transformer_blk_s2_top_float_const_float_float_const_ln_buf_9|         array|
|transformer_blk_s2_top_float_const_float_float_const_ln_buf_9_address1   |  out|   14|   ap_memory|   transformer_blk_s2_top_float_const_float_float_const_ln_buf_9|         array|
|transformer_blk_s2_top_float_const_float_float_const_ln_buf_9_ce1        |  out|    1|   ap_memory|   transformer_blk_s2_top_float_const_float_float_const_ln_buf_9|         array|
|transformer_blk_s2_top_float_const_float_float_const_ln_buf_9_q1         |   in|   32|   ap_memory|   transformer_blk_s2_top_float_const_float_float_const_ln_buf_9|         array|
|transformer_blk_s2_top_float_const_float_float_const_ln_buf_10_address0  |  out|   14|   ap_memory|  transformer_blk_s2_top_float_const_float_float_const_ln_buf_10|         array|
|transformer_blk_s2_top_float_const_float_float_const_ln_buf_10_ce0       |  out|    1|   ap_memory|  transformer_blk_s2_top_float_const_float_float_const_ln_buf_10|         array|
|transformer_blk_s2_top_float_const_float_float_const_ln_buf_10_q0        |   in|   32|   ap_memory|  transformer_blk_s2_top_float_const_float_float_const_ln_buf_10|         array|
|transformer_blk_s2_top_float_const_float_float_const_ln_buf_10_address1  |  out|   14|   ap_memory|  transformer_blk_s2_top_float_const_float_float_const_ln_buf_10|         array|
|transformer_blk_s2_top_float_const_float_float_const_ln_buf_10_ce1       |  out|    1|   ap_memory|  transformer_blk_s2_top_float_const_float_float_const_ln_buf_10|         array|
|transformer_blk_s2_top_float_const_float_float_const_ln_buf_10_q1        |   in|   32|   ap_memory|  transformer_blk_s2_top_float_const_float_float_const_ln_buf_10|         array|
|transformer_blk_s2_top_float_const_float_float_const_v_buf_29_address0   |  out|   14|   ap_memory|   transformer_blk_s2_top_float_const_float_float_const_v_buf_29|         array|
|transformer_blk_s2_top_float_const_float_float_const_v_buf_29_ce0        |  out|    1|   ap_memory|   transformer_blk_s2_top_float_const_float_float_const_v_buf_29|         array|
|transformer_blk_s2_top_float_const_float_float_const_v_buf_29_we0        |  out|    1|   ap_memory|   transformer_blk_s2_top_float_const_float_float_const_v_buf_29|         array|
|transformer_blk_s2_top_float_const_float_float_const_v_buf_29_d0         |  out|   32|   ap_memory|   transformer_blk_s2_top_float_const_float_float_const_v_buf_29|         array|
|transformer_blk_s2_top_float_const_float_float_const_v_buf_30_address0   |  out|   14|   ap_memory|   transformer_blk_s2_top_float_const_float_float_const_v_buf_30|         array|
|transformer_blk_s2_top_float_const_float_float_const_v_buf_30_ce0        |  out|    1|   ap_memory|   transformer_blk_s2_top_float_const_float_float_const_v_buf_30|         array|
|transformer_blk_s2_top_float_const_float_float_const_v_buf_30_we0        |  out|    1|   ap_memory|   transformer_blk_s2_top_float_const_float_float_const_v_buf_30|         array|
|transformer_blk_s2_top_float_const_float_float_const_v_buf_30_d0         |  out|   32|   ap_memory|   transformer_blk_s2_top_float_const_float_float_const_v_buf_30|         array|
|transformer_blk_s2_top_float_const_float_float_const_v_buf_31_address0   |  out|   14|   ap_memory|   transformer_blk_s2_top_float_const_float_float_const_v_buf_31|         array|
|transformer_blk_s2_top_float_const_float_float_const_v_buf_31_ce0        |  out|    1|   ap_memory|   transformer_blk_s2_top_float_const_float_float_const_v_buf_31|         array|
|transformer_blk_s2_top_float_const_float_float_const_v_buf_31_we0        |  out|    1|   ap_memory|   transformer_blk_s2_top_float_const_float_float_const_v_buf_31|         array|
|transformer_blk_s2_top_float_const_float_float_const_v_buf_31_d0         |  out|   32|   ap_memory|   transformer_blk_s2_top_float_const_float_float_const_v_buf_31|         array|
|transformer_blk_s2_top_float_const_float_float_const_v_buf_32_address0   |  out|   14|   ap_memory|   transformer_blk_s2_top_float_const_float_float_const_v_buf_32|         array|
|transformer_blk_s2_top_float_const_float_float_const_v_buf_32_ce0        |  out|    1|   ap_memory|   transformer_blk_s2_top_float_const_float_float_const_v_buf_32|         array|
|transformer_blk_s2_top_float_const_float_float_const_v_buf_32_we0        |  out|    1|   ap_memory|   transformer_blk_s2_top_float_const_float_float_const_v_buf_32|         array|
|transformer_blk_s2_top_float_const_float_float_const_v_buf_32_d0         |  out|   32|   ap_memory|   transformer_blk_s2_top_float_const_float_float_const_v_buf_32|         array|
+-------------------------------------------------------------------------+-----+-----+------------+----------------------------------------------------------------+--------------+

