

================================================================
== Vitis HLS Report for 'transformer_blk_s2_top_Pipeline_LF_S_LF_OD'
================================================================
* Date:           Sun May 31 19:28:31 2026

* Version:        2022.2 (Build 3670227 on Oct 13 2022)
* Project:        s2_transformer_block
* Solution:       solution1 (Vivado IP Flow Target)
* Product family: zynquplus
* Target device:  xczu28dr-ffvg1517-2-e


================================================================
== Performance Estimates
================================================================
+ Timing: 
    * Summary: 
    +--------+---------+----------+------------+
    |  Clock |  Target | Estimated| Uncertainty|
    +--------+---------+----------+------------+
    |ap_clk  |  5.00 ns|  4.290 ns|     1.35 ns|
    +--------+---------+----------+------------+

+ Latency: 
    * Summary: 
    +---------+---------+-----------+-----------+---------+---------+---------+
    |  Latency (cycles) |   Latency (absolute)  |      Interval     | Pipeline|
    |   min   |   max   |    min    |    max    |   min   |   max   |   Type  |
    +---------+---------+-----------+-----------+---------+---------+---------+
    |  4205889|  4205889|  21.029 ms|  21.029 ms|  4205889|  4205889|       no|
    +---------+---------+-----------+-----------+---------+---------+---------+

    + Detail: 
        * Instance: 
        N/A

        * Loop: 
        +--------------+---------+---------+----------+-----------+-----------+-------+----------+
        |              |  Latency (cycles) | Iteration|  Initiation Interval  |  Trip |          |
        |   Loop Name  |   min   |   max   |  Latency |  achieved |   target  | Count | Pipelined|
        +--------------+---------+---------+----------+-----------+-----------+-------+----------+
        |- LF_S_LF_OD  |  4205887|  4205887|      1161|         73|          1|  57600|       yes|
        +--------------+---------+---------+----------+-----------+-----------+-------+----------+



================================================================
== Utilization Estimates
================================================================
* Summary: 
+-----------------+---------+------+--------+--------+-----+
|       Name      | BRAM_18K|  DSP |   FF   |   LUT  | URAM|
+-----------------+---------+------+--------+--------+-----+
|DSP              |        -|     -|       -|       -|    -|
|Expression       |        -|     -|       0|    7583|    -|
|FIFO             |        -|     -|       -|       -|    -|
|Instance         |        -|     0|     189|     168|    -|
|Memory           |        -|     -|       -|       -|    -|
|Multiplexer      |        -|     -|       -|    4387|    -|
|Register         |        -|     -|   17798|    4096|    -|
+-----------------+---------+------+--------+--------+-----+
|Total            |        0|     0|   17987|   16234|    0|
+-----------------+---------+------+--------+--------+-----+
|Available        |     2160|  4272|  850560|  425280|   80|
+-----------------+---------+------+--------+--------+-----+
|Utilization (%)  |        0|     0|       2|       3|    0|
+-----------------+---------+------+--------+--------+-----+

+ Detail: 
    * Instance: 
    +--------------------------+---------------------+---------+----+-----+-----+-----+
    |         Instance         |        Module       | BRAM_18K| DSP|  FF | LUT | URAM|
    +--------------------------+---------------------+---------+----+-----+-----+-----+
    |mul_8ns_10ns_17_1_1_U128  |mul_8ns_10ns_17_1_1  |        0|   0|    0|   62|    0|
    |urem_8ns_7ns_6_12_1_U127  |urem_8ns_7ns_6_12_1  |        0|   0|  189|  106|    0|
    +--------------------------+---------------------+---------+----+-----+-----+-----+
    |Total                     |                     |        0|   0|  189|  168|    0|
    +--------------------------+---------------------+---------+----+-----+-----+-----+

    * DSP: 
    N/A

    * Memory: 
    N/A

    * FIFO: 
    N/A

    * Expression: 
    +----------------------------+----------+----+---+----+------------+------------+
    |        Variable Name       | Operation| DSP| FF| LUT| Bitwidth P0| Bitwidth P1|
    +----------------------------+----------+----+---+----+------------+------------+
    |add_ln162_2_fu_3758_p2      |         +|   0|  0|  23|          16|           1|
    |add_ln162_354_fu_3997_p2    |         +|   0|  0|  21|          14|           3|
    |add_ln162_355_fu_4010_p2    |         +|   0|  0|  21|          14|           3|
    |add_ln162_356_fu_4061_p2    |         +|   0|  0|  21|          14|           3|
    |add_ln162_357_fu_4074_p2    |         +|   0|  0|  21|          14|           3|
    |add_ln162_358_fu_4135_p2    |         +|   0|  0|  21|          14|           4|
    |add_ln162_359_fu_4148_p2    |         +|   0|  0|  21|          14|           4|
    |add_ln162_360_fu_4209_p2    |         +|   0|  0|  21|          14|           4|
    |add_ln162_361_fu_4222_p2    |         +|   0|  0|  21|          14|           4|
    |add_ln162_362_fu_4283_p2    |         +|   0|  0|  21|          14|           4|
    |add_ln162_363_fu_4296_p2    |         +|   0|  0|  21|          14|           4|
    |add_ln162_364_fu_4357_p2    |         +|   0|  0|  21|          14|           4|
    |add_ln162_365_fu_4370_p2    |         +|   0|  0|  21|          14|           4|
    |add_ln162_366_fu_4431_p2    |         +|   0|  0|  21|          14|           5|
    |add_ln162_367_fu_4444_p2    |         +|   0|  0|  21|          14|           5|
    |add_ln162_368_fu_4510_p2    |         +|   0|  0|  21|          14|           5|
    |add_ln162_369_fu_4523_p2    |         +|   0|  0|  21|          14|           5|
    |add_ln162_370_fu_4584_p2    |         +|   0|  0|  21|          14|           5|
    |add_ln162_371_fu_4597_p2    |         +|   0|  0|  21|          14|           5|
    |add_ln162_372_fu_4658_p2    |         +|   0|  0|  21|          14|           5|
    |add_ln162_373_fu_4671_p2    |         +|   0|  0|  21|          14|           5|
    |add_ln162_374_fu_4736_p2    |         +|   0|  0|  21|          14|           5|
    |add_ln162_375_fu_4749_p2    |         +|   0|  0|  21|          14|           5|
    |add_ln162_376_fu_4828_p2    |         +|   0|  0|  21|          14|           5|
    |add_ln162_377_fu_4841_p2    |         +|   0|  0|  21|          14|           5|
    |add_ln162_378_fu_4902_p2    |         +|   0|  0|  21|          14|           5|
    |add_ln162_379_fu_4915_p2    |         +|   0|  0|  21|          14|           5|
    |add_ln162_380_fu_4976_p2    |         +|   0|  0|  21|          14|           5|
    |add_ln162_381_fu_4989_p2    |         +|   0|  0|  21|          14|           5|
    |add_ln162_382_fu_5050_p2    |         +|   0|  0|  21|          14|           6|
    |add_ln162_383_fu_5063_p2    |         +|   0|  0|  21|          14|           6|
    |add_ln162_384_fu_5124_p2    |         +|   0|  0|  21|          14|           6|
    |add_ln162_385_fu_5137_p2    |         +|   0|  0|  21|          14|           6|
    |add_ln162_fu_3781_p2        |         +|   0|  0|  16|           9|           1|
    |add_ln163_fu_4810_p2        |         +|   0|  0|  15|           8|           1|
    |add_ln165_fu_3863_p2        |         +|   0|  0|  25|          18|          18|
    |add_ln170_100_fu_5745_p2    |         +|   0|  0|  25|          18|          18|
    |add_ln170_101_fu_5707_p2    |         +|   0|  0|  22|          15|           6|
    |add_ln170_102_fu_5764_p2    |         +|   0|  0|  25|          18|          18|
    |add_ln170_103_fu_5736_p2    |         +|   0|  0|  22|          15|           6|
    |add_ln170_104_fu_5793_p2    |         +|   0|  0|  25|          18|          18|
    |add_ln170_105_fu_5755_p2    |         +|   0|  0|  22|          15|           6|
    |add_ln170_106_fu_5812_p2    |         +|   0|  0|  25|          18|          18|
    |add_ln170_107_fu_5784_p2    |         +|   0|  0|  22|          15|           6|
    |add_ln170_108_fu_5841_p2    |         +|   0|  0|  25|          18|          18|
    |add_ln170_109_fu_5803_p2    |         +|   0|  0|  22|          15|           6|
    |add_ln170_10_fu_4328_p2     |         +|   0|  0|  25|          18|          18|
    |add_ln170_110_fu_5860_p2    |         +|   0|  0|  25|          18|          18|
    |add_ln170_111_fu_5832_p2    |         +|   0|  0|  22|          15|           6|
    |add_ln170_112_fu_5889_p2    |         +|   0|  0|  25|          18|          18|
    |add_ln170_113_fu_5851_p2    |         +|   0|  0|  22|          15|           6|
    |add_ln170_114_fu_5908_p2    |         +|   0|  0|  25|          18|          18|
    |add_ln170_115_fu_5880_p2    |         +|   0|  0|  22|          15|           6|
    |add_ln170_116_fu_5937_p2    |         +|   0|  0|  25|          18|          18|
    |add_ln170_117_fu_5899_p2    |         +|   0|  0|  22|          15|           6|
    |add_ln170_118_fu_5956_p2    |         +|   0|  0|  25|          18|          18|
    |add_ln170_119_fu_5928_p2    |         +|   0|  0|  22|          15|           7|
    |add_ln170_11_fu_4347_p2     |         +|   0|  0|  25|          18|          18|
    |add_ln170_120_fu_5985_p2    |         +|   0|  0|  25|          18|          18|
    |add_ln170_121_fu_5947_p2    |         +|   0|  0|  22|          15|           7|
    |add_ln170_122_fu_6004_p2    |         +|   0|  0|  25|          18|          18|
    |add_ln170_123_fu_5976_p2    |         +|   0|  0|  22|          15|           7|
    |add_ln170_124_fu_6033_p2    |         +|   0|  0|  25|          18|          18|
    |add_ln170_125_fu_5995_p2    |         +|   0|  0|  22|          15|           7|
    |add_ln170_126_fu_6052_p2    |         +|   0|  0|  25|          18|          18|
    |add_ln170_127_fu_6024_p2    |         +|   0|  0|  22|          15|           7|
    |add_ln170_128_fu_6081_p2    |         +|   0|  0|  25|          18|          18|
    |add_ln170_129_fu_6043_p2    |         +|   0|  0|  22|          15|           7|
    |add_ln170_12_fu_4402_p2     |         +|   0|  0|  25|          18|          18|
    |add_ln170_130_fu_6100_p2    |         +|   0|  0|  25|          18|          18|
    |add_ln170_131_fu_6072_p2    |         +|   0|  0|  22|          15|           7|
    |add_ln170_132_fu_6129_p2    |         +|   0|  0|  25|          18|          18|
    |add_ln170_133_fu_6091_p2    |         +|   0|  0|  22|          15|           7|
    |add_ln170_134_fu_6148_p2    |         +|   0|  0|  25|          18|          18|
    |add_ln170_135_fu_6120_p2    |         +|   0|  0|  22|          15|           7|
    |add_ln170_136_fu_6177_p2    |         +|   0|  0|  25|          18|          18|
    |add_ln170_137_fu_6139_p2    |         +|   0|  0|  22|          15|           7|
    |add_ln170_138_fu_6196_p2    |         +|   0|  0|  25|          18|          18|
    |add_ln170_139_fu_6168_p2    |         +|   0|  0|  22|          15|           7|
    |add_ln170_13_fu_4421_p2     |         +|   0|  0|  25|          18|          18|
    |add_ln170_140_fu_6225_p2    |         +|   0|  0|  25|          18|          18|
    |add_ln170_141_fu_6187_p2    |         +|   0|  0|  22|          15|           7|
    |add_ln170_142_fu_6244_p2    |         +|   0|  0|  25|          18|          18|
    |add_ln170_143_fu_6216_p2    |         +|   0|  0|  22|          15|           7|
    |add_ln170_144_fu_6273_p2    |         +|   0|  0|  25|          18|          18|
    |add_ln170_145_fu_6235_p2    |         +|   0|  0|  22|          15|           7|
    |add_ln170_146_fu_6292_p2    |         +|   0|  0|  25|          18|          18|
    |add_ln170_147_fu_6264_p2    |         +|   0|  0|  22|          15|           7|
    |add_ln170_148_fu_6321_p2    |         +|   0|  0|  25|          18|          18|
    |add_ln170_149_fu_6283_p2    |         +|   0|  0|  22|          15|           7|
    |add_ln170_14_fu_4481_p2     |         +|   0|  0|  25|          18|          18|
    |add_ln170_150_fu_6340_p2    |         +|   0|  0|  25|          18|          18|
    |add_ln170_151_fu_6312_p2    |         +|   0|  0|  22|          15|           7|
    |add_ln170_152_fu_6369_p2    |         +|   0|  0|  25|          18|          18|
    |add_ln170_153_fu_6331_p2    |         +|   0|  0|  22|          15|           7|
    |add_ln170_154_fu_6388_p2    |         +|   0|  0|  25|          18|          18|
    |add_ln170_155_fu_6360_p2    |         +|   0|  0|  22|          15|           7|
    |add_ln170_156_fu_6417_p2    |         +|   0|  0|  25|          18|          18|
    |add_ln170_157_fu_6379_p2    |         +|   0|  0|  22|          15|           7|
    |add_ln170_158_fu_6436_p2    |         +|   0|  0|  25|          18|          18|
    |add_ln170_159_fu_6408_p2    |         +|   0|  0|  22|          15|           7|
    |add_ln170_15_fu_4500_p2     |         +|   0|  0|  25|          18|          18|
    |add_ln170_160_fu_6465_p2    |         +|   0|  0|  25|          18|          18|
    |add_ln170_161_fu_6427_p2    |         +|   0|  0|  22|          15|           7|
    |add_ln170_162_fu_6484_p2    |         +|   0|  0|  25|          18|          18|
    |add_ln170_163_fu_6456_p2    |         +|   0|  0|  22|          15|           7|
    |add_ln170_164_fu_6513_p2    |         +|   0|  0|  25|          18|          18|
    |add_ln170_165_fu_6475_p2    |         +|   0|  0|  22|          15|           7|
    |add_ln170_166_fu_6532_p2    |         +|   0|  0|  25|          18|          18|
    |add_ln170_167_fu_6504_p2    |         +|   0|  0|  22|          15|           7|
    |add_ln170_168_fu_6561_p2    |         +|   0|  0|  25|          18|          18|
    |add_ln170_169_fu_6523_p2    |         +|   0|  0|  22|          15|           7|
    |add_ln170_16_fu_3746_p2     |         +|   0|  0|  21|          14|          14|
    |add_ln170_170_fu_6580_p2    |         +|   0|  0|  25|          18|          18|
    |add_ln170_171_fu_6552_p2    |         +|   0|  0|  22|          15|           7|
    |add_ln170_172_fu_6609_p2    |         +|   0|  0|  25|          18|          18|
    |add_ln170_173_fu_6571_p2    |         +|   0|  0|  22|          15|           7|
    |add_ln170_174_fu_6628_p2    |         +|   0|  0|  25|          18|          18|
    |add_ln170_175_fu_6600_p2    |         +|   0|  0|  22|          15|           7|
    |add_ln170_176_fu_6657_p2    |         +|   0|  0|  25|          18|          18|
    |add_ln170_177_fu_6619_p2    |         +|   0|  0|  22|          15|           7|
    |add_ln170_178_fu_6676_p2    |         +|   0|  0|  25|          18|          18|
    |add_ln170_179_fu_6648_p2    |         +|   0|  0|  22|          15|           7|
    |add_ln170_180_fu_6705_p2    |         +|   0|  0|  25|          18|          18|
    |add_ln170_181_fu_6667_p2    |         +|   0|  0|  22|          15|           7|
    |add_ln170_182_fu_6724_p2    |         +|   0|  0|  25|          18|          18|
    |add_ln170_183_fu_6696_p2    |         +|   0|  0|  22|          15|           7|
    |add_ln170_184_fu_6753_p2    |         +|   0|  0|  25|          18|          18|
    |add_ln170_185_fu_6715_p2    |         +|   0|  0|  22|          15|           7|
    |add_ln170_186_fu_6772_p2    |         +|   0|  0|  25|          18|          18|
    |add_ln170_187_fu_6744_p2    |         +|   0|  0|  22|          15|           7|
    |add_ln170_188_fu_6801_p2    |         +|   0|  0|  25|          18|          18|
    |add_ln170_189_fu_6763_p2    |         +|   0|  0|  22|          15|           7|
    |add_ln170_190_fu_6820_p2    |         +|   0|  0|  25|          18|          18|
    |add_ln170_191_fu_6792_p2    |         +|   0|  0|  22|          15|           7|
    |add_ln170_192_fu_6849_p2    |         +|   0|  0|  25|          18|          18|
    |add_ln170_193_fu_6811_p2    |         +|   0|  0|  22|          15|           7|
    |add_ln170_194_fu_6868_p2    |         +|   0|  0|  25|          18|          18|
    |add_ln170_195_fu_6840_p2    |         +|   0|  0|  22|          15|           7|
    |add_ln170_196_fu_6897_p2    |         +|   0|  0|  25|          18|          18|
    |add_ln170_197_fu_6859_p2    |         +|   0|  0|  22|          15|           7|
    |add_ln170_198_fu_6916_p2    |         +|   0|  0|  25|          18|          18|
    |add_ln170_199_fu_6888_p2    |         +|   0|  0|  22|          15|           7|
    |add_ln170_19_fu_3807_p2     |         +|   0|  0|  21|          14|          14|
    |add_ln170_1_fu_3958_p2      |         +|   0|  0|  25|          18|          18|
    |add_ln170_200_fu_6945_p2    |         +|   0|  0|  25|          18|          18|
    |add_ln170_201_fu_6907_p2    |         +|   0|  0|  22|          15|           7|
    |add_ln170_202_fu_6964_p2    |         +|   0|  0|  25|          18|          18|
    |add_ln170_203_fu_6936_p2    |         +|   0|  0|  22|          15|           7|
    |add_ln170_204_fu_6993_p2    |         +|   0|  0|  25|          18|          18|
    |add_ln170_205_fu_6955_p2    |         +|   0|  0|  22|          15|           7|
    |add_ln170_206_fu_7012_p2    |         +|   0|  0|  25|          18|          18|
    |add_ln170_207_fu_6984_p2    |         +|   0|  0|  22|          15|           7|
    |add_ln170_208_fu_7041_p2    |         +|   0|  0|  25|          18|          18|
    |add_ln170_209_fu_7003_p2    |         +|   0|  0|  22|          15|           7|
    |add_ln170_20_fu_4555_p2     |         +|   0|  0|  25|          18|          18|
    |add_ln170_210_fu_7060_p2    |         +|   0|  0|  25|          18|          18|
    |add_ln170_211_fu_7032_p2    |         +|   0|  0|  22|          15|           7|
    |add_ln170_212_fu_7089_p2    |         +|   0|  0|  25|          18|          18|
    |add_ln170_213_fu_7051_p2    |         +|   0|  0|  22|          15|           7|
    |add_ln170_214_fu_7108_p2    |         +|   0|  0|  25|          18|          18|
    |add_ln170_215_fu_7080_p2    |         +|   0|  0|  22|          15|           7|
    |add_ln170_216_fu_7137_p2    |         +|   0|  0|  25|          18|          18|
    |add_ln170_217_fu_7099_p2    |         +|   0|  0|  22|          15|           7|
    |add_ln170_218_fu_7156_p2    |         +|   0|  0|  25|          18|          18|
    |add_ln170_219_fu_7128_p2    |         +|   0|  0|  22|          15|           7|
    |add_ln170_220_fu_7185_p2    |         +|   0|  0|  25|          18|          18|
    |add_ln170_221_fu_7147_p2    |         +|   0|  0|  22|          15|           7|
    |add_ln170_222_fu_7204_p2    |         +|   0|  0|  25|          18|          18|
    |add_ln170_223_fu_7176_p2    |         +|   0|  0|  22|          15|           7|
    |add_ln170_224_fu_7233_p2    |         +|   0|  0|  25|          18|          18|
    |add_ln170_225_fu_7195_p2    |         +|   0|  0|  22|          15|           7|
    |add_ln170_226_fu_7252_p2    |         +|   0|  0|  25|          18|          18|
    |add_ln170_227_fu_7224_p2    |         +|   0|  0|  22|          15|           7|
    |add_ln170_228_fu_7281_p2    |         +|   0|  0|  25|          18|          18|
    |add_ln170_229_fu_7243_p2    |         +|   0|  0|  22|          15|           7|
    |add_ln170_22_fu_4574_p2     |         +|   0|  0|  25|          18|          18|
    |add_ln170_230_fu_7300_p2    |         +|   0|  0|  25|          18|          18|
    |add_ln170_231_fu_7272_p2    |         +|   0|  0|  22|          15|           7|
    |add_ln170_232_fu_7329_p2    |         +|   0|  0|  25|          18|          18|
    |add_ln170_233_fu_7291_p2    |         +|   0|  0|  22|          15|           7|
    |add_ln170_234_fu_7348_p2    |         +|   0|  0|  25|          18|          18|
    |add_ln170_235_fu_7320_p2    |         +|   0|  0|  22|          15|           7|
    |add_ln170_236_fu_7377_p2    |         +|   0|  0|  25|          18|          18|
    |add_ln170_237_fu_7339_p2    |         +|   0|  0|  22|          15|           7|
    |add_ln170_238_fu_7396_p2    |         +|   0|  0|  25|          18|          18|
    |add_ln170_239_fu_7368_p2    |         +|   0|  0|  22|          15|           7|
    |add_ln170_23_fu_4546_p2     |         +|   0|  0|  22|          15|           5|
    |add_ln170_240_fu_7425_p2    |         +|   0|  0|  25|          18|          18|
    |add_ln170_241_fu_7387_p2    |         +|   0|  0|  22|          15|           7|
    |add_ln170_242_fu_7444_p2    |         +|   0|  0|  25|          18|          18|
    |add_ln170_243_fu_7416_p2    |         +|   0|  0|  22|          15|           7|
    |add_ln170_244_fu_7473_p2    |         +|   0|  0|  25|          18|          18|
    |add_ln170_245_fu_7435_p2    |         +|   0|  0|  22|          15|           7|
    |add_ln170_246_fu_7492_p2    |         +|   0|  0|  25|          18|          18|
    |add_ln170_247_fu_7464_p2    |         +|   0|  0|  22|          15|           8|
    |add_ln170_248_fu_7521_p2    |         +|   0|  0|  25|          18|          18|
    |add_ln170_249_fu_7483_p2    |         +|   0|  0|  22|          15|           8|
    |add_ln170_24_fu_4629_p2     |         +|   0|  0|  25|          18|          18|
    |add_ln170_250_fu_7540_p2    |         +|   0|  0|  25|          18|          18|
    |add_ln170_251_fu_7512_p2    |         +|   0|  0|  22|          15|           8|
    |add_ln170_252_fu_7569_p2    |         +|   0|  0|  25|          18|          18|
    |add_ln170_253_fu_7531_p2    |         +|   0|  0|  22|          15|           8|
    |add_ln170_254_fu_7588_p2    |         +|   0|  0|  25|          18|          18|
    |add_ln170_255_fu_7560_p2    |         +|   0|  0|  22|          15|           8|
    |add_ln170_256_fu_7617_p2    |         +|   0|  0|  25|          18|          18|
    |add_ln170_257_fu_7579_p2    |         +|   0|  0|  22|          15|           8|
    |add_ln170_258_fu_7636_p2    |         +|   0|  0|  25|          18|          18|
    |add_ln170_259_fu_7608_p2    |         +|   0|  0|  22|          15|           8|
    |add_ln170_25_fu_4565_p2     |         +|   0|  0|  22|          15|           5|
    |add_ln170_260_fu_7665_p2    |         +|   0|  0|  25|          18|          18|
    |add_ln170_261_fu_7627_p2    |         +|   0|  0|  22|          15|           8|
    |add_ln170_262_fu_7684_p2    |         +|   0|  0|  25|          18|          18|
    |add_ln170_263_fu_7656_p2    |         +|   0|  0|  22|          15|           8|
    |add_ln170_264_fu_7713_p2    |         +|   0|  0|  25|          18|          18|
    |add_ln170_265_fu_7675_p2    |         +|   0|  0|  22|          15|           8|
    |add_ln170_266_fu_7732_p2    |         +|   0|  0|  25|          18|          18|
    |add_ln170_267_fu_7704_p2    |         +|   0|  0|  22|          15|           8|
    |add_ln170_268_fu_7761_p2    |         +|   0|  0|  25|          18|          18|
    |add_ln170_269_fu_7723_p2    |         +|   0|  0|  22|          15|           8|
    |add_ln170_26_fu_4648_p2     |         +|   0|  0|  25|          18|          18|
    |add_ln170_270_fu_7780_p2    |         +|   0|  0|  25|          18|          18|
    |add_ln170_271_fu_7752_p2    |         +|   0|  0|  22|          15|           8|
    |add_ln170_272_fu_7809_p2    |         +|   0|  0|  25|          18|          18|
    |add_ln170_273_fu_7771_p2    |         +|   0|  0|  22|          15|           8|
    |add_ln170_274_fu_7828_p2    |         +|   0|  0|  25|          18|          18|
    |add_ln170_276_fu_7800_p2    |         +|   0|  0|  22|          15|           8|
    |add_ln170_27_fu_4620_p2     |         +|   0|  0|  22|          15|           5|
    |add_ln170_28_fu_4703_p2     |         +|   0|  0|  25|          18|          18|
    |add_ln170_294_fu_7819_p2    |         +|   0|  0|  22|          15|           8|
    |add_ln170_29_fu_4639_p2     |         +|   0|  0|  22|          15|           5|
    |add_ln170_2_fu_4032_p2      |         +|   0|  0|  25|          18|          18|
    |add_ln170_30_fu_4722_p2     |         +|   0|  0|  25|          18|          18|
    |add_ln170_31_fu_4694_p2     |         +|   0|  0|  22|          15|           5|
    |add_ln170_32_fu_4781_p2     |         +|   0|  0|  25|          18|          18|
    |add_ln170_33_fu_4713_p2     |         +|   0|  0|  22|          15|           5|
    |add_ln170_34_fu_4800_p2     |         +|   0|  0|  25|          18|          18|
    |add_ln170_35_fu_4772_p2     |         +|   0|  0|  22|          15|           5|
    |add_ln170_36_fu_4873_p2     |         +|   0|  0|  25|          18|          18|
    |add_ln170_37_fu_4791_p2     |         +|   0|  0|  22|          15|           5|
    |add_ln170_38_fu_4892_p2     |         +|   0|  0|  25|          18|          18|
    |add_ln170_39_fu_4864_p2     |         +|   0|  0|  22|          15|           5|
    |add_ln170_3_fu_4051_p2      |         +|   0|  0|  25|          18|          18|
    |add_ln170_40_fu_4947_p2     |         +|   0|  0|  25|          18|          18|
    |add_ln170_41_fu_4883_p2     |         +|   0|  0|  22|          15|           5|
    |add_ln170_42_fu_4966_p2     |         +|   0|  0|  25|          18|          18|
    |add_ln170_43_fu_4938_p2     |         +|   0|  0|  22|          15|           5|
    |add_ln170_44_fu_5021_p2     |         +|   0|  0|  25|          18|          18|
    |add_ln170_45_fu_4957_p2     |         +|   0|  0|  22|          15|           5|
    |add_ln170_46_fu_5040_p2     |         +|   0|  0|  25|          18|          18|
    |add_ln170_47_fu_5012_p2     |         +|   0|  0|  22|          15|           5|
    |add_ln170_48_fu_5095_p2     |         +|   0|  0|  25|          18|          18|
    |add_ln170_49_fu_5031_p2     |         +|   0|  0|  22|          15|           5|
    |add_ln170_4_fu_4106_p2      |         +|   0|  0|  25|          18|          18|
    |add_ln170_50_fu_5114_p2     |         +|   0|  0|  25|          18|          18|
    |add_ln170_51_fu_5086_p2     |         +|   0|  0|  22|          15|           5|
    |add_ln170_52_fu_5169_p2     |         +|   0|  0|  25|          18|          18|
    |add_ln170_53_fu_5105_p2     |         +|   0|  0|  22|          15|           5|
    |add_ln170_54_fu_5188_p2     |         +|   0|  0|  25|          18|          18|
    |add_ln170_55_fu_5160_p2     |         +|   0|  0|  22|          15|           6|
    |add_ln170_56_fu_5217_p2     |         +|   0|  0|  25|          18|          18|
    |add_ln170_57_fu_5179_p2     |         +|   0|  0|  22|          15|           6|
    |add_ln170_58_fu_5236_p2     |         +|   0|  0|  25|          18|          18|
    |add_ln170_59_fu_5208_p2     |         +|   0|  0|  22|          15|           6|
    |add_ln170_5_fu_4125_p2      |         +|   0|  0|  25|          18|          18|
    |add_ln170_60_fu_5265_p2     |         +|   0|  0|  25|          18|          18|
    |add_ln170_61_fu_5227_p2     |         +|   0|  0|  22|          15|           6|
    |add_ln170_62_fu_5284_p2     |         +|   0|  0|  25|          18|          18|
    |add_ln170_63_fu_5256_p2     |         +|   0|  0|  22|          15|           6|
    |add_ln170_64_fu_5313_p2     |         +|   0|  0|  25|          18|          18|
    |add_ln170_65_fu_5275_p2     |         +|   0|  0|  22|          15|           6|
    |add_ln170_66_fu_5332_p2     |         +|   0|  0|  25|          18|          18|
    |add_ln170_67_fu_5304_p2     |         +|   0|  0|  22|          15|           6|
    |add_ln170_68_fu_5361_p2     |         +|   0|  0|  25|          18|          18|
    |add_ln170_69_fu_5323_p2     |         +|   0|  0|  22|          15|           6|
    |add_ln170_6_fu_4180_p2      |         +|   0|  0|  25|          18|          18|
    |add_ln170_70_fu_5380_p2     |         +|   0|  0|  25|          18|          18|
    |add_ln170_71_fu_5352_p2     |         +|   0|  0|  22|          15|           6|
    |add_ln170_72_fu_5409_p2     |         +|   0|  0|  25|          18|          18|
    |add_ln170_73_fu_5371_p2     |         +|   0|  0|  22|          15|           6|
    |add_ln170_74_fu_5428_p2     |         +|   0|  0|  25|          18|          18|
    |add_ln170_75_fu_5400_p2     |         +|   0|  0|  22|          15|           6|
    |add_ln170_76_fu_5457_p2     |         +|   0|  0|  25|          18|          18|
    |add_ln170_77_fu_5419_p2     |         +|   0|  0|  22|          15|           6|
    |add_ln170_78_fu_5476_p2     |         +|   0|  0|  25|          18|          18|
    |add_ln170_79_fu_5448_p2     |         +|   0|  0|  22|          15|           6|
    |add_ln170_7_fu_4199_p2      |         +|   0|  0|  25|          18|          18|
    |add_ln170_80_fu_5505_p2     |         +|   0|  0|  25|          18|          18|
    |add_ln170_81_fu_5467_p2     |         +|   0|  0|  22|          15|           6|
    |add_ln170_82_fu_5524_p2     |         +|   0|  0|  25|          18|          18|
    |add_ln170_83_fu_5496_p2     |         +|   0|  0|  22|          15|           6|
    |add_ln170_84_fu_5553_p2     |         +|   0|  0|  25|          18|          18|
    |add_ln170_85_fu_5515_p2     |         +|   0|  0|  22|          15|           6|
    |add_ln170_86_fu_5572_p2     |         +|   0|  0|  25|          18|          18|
    |add_ln170_87_fu_5544_p2     |         +|   0|  0|  22|          15|           6|
    |add_ln170_88_fu_5601_p2     |         +|   0|  0|  25|          18|          18|
    |add_ln170_89_fu_5563_p2     |         +|   0|  0|  22|          15|           6|
    |add_ln170_8_fu_4254_p2      |         +|   0|  0|  25|          18|          18|
    |add_ln170_90_fu_5620_p2     |         +|   0|  0|  25|          18|          18|
    |add_ln170_91_fu_5592_p2     |         +|   0|  0|  22|          15|           6|
    |add_ln170_92_fu_5649_p2     |         +|   0|  0|  25|          18|          18|
    |add_ln170_93_fu_5611_p2     |         +|   0|  0|  22|          15|           6|
    |add_ln170_94_fu_5668_p2     |         +|   0|  0|  25|          18|          18|
    |add_ln170_95_fu_5640_p2     |         +|   0|  0|  22|          15|           6|
    |add_ln170_96_fu_5697_p2     |         +|   0|  0|  25|          18|          18|
    |add_ln170_97_fu_5659_p2     |         +|   0|  0|  22|          15|           6|
    |add_ln170_98_fu_5716_p2     |         +|   0|  0|  25|          18|          18|
    |add_ln170_99_fu_5688_p2     |         +|   0|  0|  22|          15|           6|
    |add_ln170_9_fu_4273_p2      |         +|   0|  0|  25|          18|          18|
    |add_ln170_fu_3938_p2        |         +|   0|  0|  25|          18|          18|
    |add_ln172_fu_3991_p2        |         +|   0|  0|  18|          11|          11|
    |empty_139_fu_3928_p2        |         +|   0|  0|  22|          15|          15|
    |icmp_ln162_fu_3752_p2       |      icmp|   0|  0|  13|          16|          14|
    |icmp_ln163_fu_3767_p2       |      icmp|   0|  0|  11|           8|           8|
    |or_ln162_39_fu_3884_p2      |        or|   0|  0|  14|          14|           2|
    |or_ln162_40_fu_3897_p2      |        or|   0|  0|  14|          14|           2|
    |or_ln162_fu_3829_p2         |        or|   0|  0|  14|          14|           1|
    |or_ln170_10_fu_4338_p2      |        or|   0|  0|  15|          15|           4|
    |or_ln170_11_fu_4393_p2      |        or|   0|  0|  15|          15|           4|
    |or_ln170_12_fu_4412_p2      |        or|   0|  0|  15|          15|           4|
    |or_ln170_13_fu_4472_p2      |        or|   0|  0|  15|          15|           4|
    |or_ln170_14_fu_4491_p2      |        or|   0|  0|  15|          15|           4|
    |or_ln170_1_fu_4023_p2       |        or|   0|  0|  15|          15|           2|
    |or_ln170_2_fu_4042_p2       |        or|   0|  0|  15|          15|           2|
    |or_ln170_3_fu_4097_p2       |        or|   0|  0|  15|          15|           3|
    |or_ln170_4_fu_4116_p2       |        or|   0|  0|  15|          15|           3|
    |or_ln170_5_fu_4171_p2       |        or|   0|  0|  15|          15|           3|
    |or_ln170_6_fu_4190_p2       |        or|   0|  0|  15|          15|           3|
    |or_ln170_7_fu_4245_p2       |        or|   0|  0|  15|          15|           4|
    |or_ln170_8_fu_4264_p2       |        or|   0|  0|  15|          15|           4|
    |or_ln170_9_fu_4319_p2       |        or|   0|  0|  15|          15|           4|
    |or_ln170_fu_3948_p2         |        or|   0|  0|  15|          15|           1|
    |select_ln162_13_fu_3843_p3  |    select|   0|  0|   9|           1|           9|
    |select_ln162_1_fu_3879_p3   |    select|   0|  0|  10|           1|          11|
    |select_ln162_2_fu_3813_p3   |    select|   0|  0|  14|           1|          14|
    |select_ln162_fu_3773_p3     |    select|   0|  0|   8|           1|           1|
    |ap_enable_pp0               |       xor|   0|  0|   2|           1|           2|
    +----------------------------+----------+----+---+----+------------+------------+
    |Total                       |          |   0|  0|7583|        5361|        3776|
    +----------------------------+----------+----+---+----+------------+------------+

    * Multiplexer: 
    +-------------------------------------------------------------------------+-----+-----------+-----+-----------+
    |                                   Name                                  | LUT | Input Size| Bits| Total Bits|
    +-------------------------------------------------------------------------+-----+-----------+-----+-----------+
    |ap_NS_fsm                                                                |  389|         74|    1|         74|
    |ap_done_int                                                              |    9|          2|    1|          2|
    |ap_enable_reg_pp0_iter0                                                  |    9|          2|    1|          2|
    |ap_enable_reg_pp0_iter1                                                  |    9|          2|    1|          2|
    |ap_enable_reg_pp0_iter15                                                 |    9|          2|    1|          2|
    |ap_loop_exit_ready_pp0_iter10_reg                                        |    9|          2|    1|          2|
    |ap_loop_exit_ready_pp0_iter11_reg                                        |    9|          2|    1|          2|
    |ap_loop_exit_ready_pp0_iter12_reg                                        |    9|          2|    1|          2|
    |ap_loop_exit_ready_pp0_iter13_reg                                        |    9|          2|    1|          2|
    |ap_loop_exit_ready_pp0_iter14_reg                                        |    9|          2|    1|          2|
    |ap_loop_exit_ready_pp0_iter1_reg                                         |    9|          2|    1|          2|
    |ap_loop_exit_ready_pp0_iter2_reg                                         |    9|          2|    1|          2|
    |ap_loop_exit_ready_pp0_iter3_reg                                         |    9|          2|    1|          2|
    |ap_loop_exit_ready_pp0_iter4_reg                                         |    9|          2|    1|          2|
    |ap_loop_exit_ready_pp0_iter5_reg                                         |    9|          2|    1|          2|
    |ap_loop_exit_ready_pp0_iter6_reg                                         |    9|          2|    1|          2|
    |ap_loop_exit_ready_pp0_iter7_reg                                         |    9|          2|    1|          2|
    |ap_loop_exit_ready_pp0_iter8_reg                                         |    9|          2|    1|          2|
    |ap_loop_exit_ready_pp0_iter9_reg                                         |    9|          2|    1|          2|
    |grp_fu_3427_p0                                                           |   54|         10|   32|        320|
    |grp_fu_3427_p1                                                           |  389|         74|   32|       2368|
    |grp_fu_3431_p0                                                           |   54|         10|   32|        320|
    |grp_fu_3431_p1                                                           |  366|         72|   32|       2304|
    |grp_fu_3435_p0                                                           |  262|         61|   32|       1952|
    |grp_fu_3435_p1                                                           |  377|         73|   32|       2336|
    |grp_fu_3439_p0                                                           |  262|         61|   32|       1952|
    |grp_fu_3439_p1                                                           |  377|         73|   32|       2336|
    |indvar_flatten_fu_592                                                    |    9|          2|   16|         32|
    |od_fu_584                                                                |    9|          2|    8|         16|
    |reg_3463                                                                 |    9|          2|   32|         64|
    |reg_3469                                                                 |    9|          2|   32|         64|
    |reg_3475                                                                 |    9|          2|   32|         64|
    |reg_3481                                                                 |    9|          2|   32|         64|
    |reg_3487                                                                 |    9|          2|   32|         64|
    |reg_3512                                                                 |    9|          2|   32|         64|
    |reg_3518                                                                 |    9|          2|   32|         64|
    |reg_3524                                                                 |    9|          2|   32|         64|
    |reg_3530                                                                 |    9|          2|   32|         64|
    |reg_3536                                                                 |    9|          2|   32|         64|
    |reg_3565                                                                 |    9|          2|   32|         64|
    |reg_3571                                                                 |    9|          2|   32|         64|
    |reg_3577                                                                 |    9|          2|   32|         64|
    |reg_3583                                                                 |    9|          2|   32|         64|
    |s_1_fu_588                                                               |    9|          2|    9|         18|
    |transformer_blk_s2_top_float_const_float_float_const_ln_buf_10_address0  |   97|         19|   14|        266|
    |transformer_blk_s2_top_float_const_float_float_const_ln_buf_10_address1  |   97|         19|   14|        266|
    |transformer_blk_s2_top_float_const_float_float_const_ln_buf_8_address0   |   97|         19|   14|        266|
    |transformer_blk_s2_top_float_const_float_float_const_ln_buf_8_address1   |   97|         19|   14|        266|
    |transformer_blk_s2_top_float_const_float_float_const_ln_buf_9_address0   |   97|         19|   14|        266|
    |transformer_blk_s2_top_float_const_float_float_const_ln_buf_9_address1   |   97|         19|   14|        266|
    |transformer_blk_s2_top_float_const_float_float_const_ln_buf_address0     |   97|         19|   14|        266|
    |transformer_blk_s2_top_float_const_float_float_const_ln_buf_address1     |   97|         19|   14|        266|
    |w_Addr_A_orig                                                            |  389|         74|   32|       2368|
    |w_Addr_B_orig                                                            |  377|         73|   32|       2336|
    +-------------------------------------------------------------------------+-----+-----------+-----+-----------+
    |Total                                                                    | 4387|        877|  932|      21792|
    +-------------------------------------------------------------------------+-----+-----------+-----+-----------+

    * Register: 
    +---------------------------------------------------------------------------------+-----+----+-----+-----------+
    |                                       Name                                      |  FF | LUT| Bits| Const Bits|
    +---------------------------------------------------------------------------------+-----+----+-----+-----------+
    |acc_1075_reg_11668                                                               |   32|   0|   32|          0|
    |add_ln162_2_reg_8076                                                             |   16|   0|   16|          0|
    |add_ln172_reg_8384                                                               |   11|   0|   11|          0|
    |ap_CS_fsm                                                                        |   73|   0|   73|          0|
    |ap_done_reg                                                                      |    1|   0|    1|          0|
    |ap_enable_reg_pp0_iter0_reg                                                      |    1|   0|    1|          0|
    |ap_enable_reg_pp0_iter1                                                          |    1|   0|    1|          0|
    |ap_enable_reg_pp0_iter10                                                         |    1|   0|    1|          0|
    |ap_enable_reg_pp0_iter11                                                         |    1|   0|    1|          0|
    |ap_enable_reg_pp0_iter12                                                         |    1|   0|    1|          0|
    |ap_enable_reg_pp0_iter13                                                         |    1|   0|    1|          0|
    |ap_enable_reg_pp0_iter14                                                         |    1|   0|    1|          0|
    |ap_enable_reg_pp0_iter15                                                         |    1|   0|    1|          0|
    |ap_enable_reg_pp0_iter2                                                          |    1|   0|    1|          0|
    |ap_enable_reg_pp0_iter3                                                          |    1|   0|    1|          0|
    |ap_enable_reg_pp0_iter4                                                          |    1|   0|    1|          0|
    |ap_enable_reg_pp0_iter5                                                          |    1|   0|    1|          0|
    |ap_enable_reg_pp0_iter6                                                          |    1|   0|    1|          0|
    |ap_enable_reg_pp0_iter7                                                          |    1|   0|    1|          0|
    |ap_enable_reg_pp0_iter8                                                          |    1|   0|    1|          0|
    |ap_enable_reg_pp0_iter9                                                          |    1|   0|    1|          0|
    |ap_loop_exit_ready_pp0_iter10_reg                                                |    1|   0|    1|          0|
    |ap_loop_exit_ready_pp0_iter11_reg                                                |    1|   0|    1|          0|
    |ap_loop_exit_ready_pp0_iter12_reg                                                |    1|   0|    1|          0|
    |ap_loop_exit_ready_pp0_iter13_reg                                                |    1|   0|    1|          0|
    |ap_loop_exit_ready_pp0_iter14_reg                                                |    1|   0|    1|          0|
    |ap_loop_exit_ready_pp0_iter1_reg                                                 |    1|   0|    1|          0|
    |ap_loop_exit_ready_pp0_iter2_reg                                                 |    1|   0|    1|          0|
    |ap_loop_exit_ready_pp0_iter3_reg                                                 |    1|   0|    1|          0|
    |ap_loop_exit_ready_pp0_iter4_reg                                                 |    1|   0|    1|          0|
    |ap_loop_exit_ready_pp0_iter5_reg                                                 |    1|   0|    1|          0|
    |ap_loop_exit_ready_pp0_iter6_reg                                                 |    1|   0|    1|          0|
    |ap_loop_exit_ready_pp0_iter7_reg                                                 |    1|   0|    1|          0|
    |ap_loop_exit_ready_pp0_iter8_reg                                                 |    1|   0|    1|          0|
    |ap_loop_exit_ready_pp0_iter9_reg                                                 |    1|   0|    1|          0|
    |empty_139_reg_8228                                                               |   11|   0|   15|          4|
    |icmp_ln162_reg_8072                                                              |    1|   0|    1|          0|
    |icmp_ln163_reg_8081                                                              |    1|   0|    1|          0|
    |indvar_flatten_fu_592                                                            |   16|   0|   16|          0|
    |mul15_i_i_i_100_reg_11113                                                        |   32|   0|   32|          0|
    |mul15_i_i_i_101_reg_11138                                                        |   32|   0|   32|          0|
    |mul15_i_i_i_102_reg_11143                                                        |   32|   0|   32|          0|
    |mul15_i_i_i_103_reg_11168                                                        |   32|   0|   32|          0|
    |mul15_i_i_i_104_reg_11173                                                        |   32|   0|   32|          0|
    |mul15_i_i_i_105_reg_11198                                                        |   32|   0|   32|          0|
    |mul15_i_i_i_106_reg_11203                                                        |   32|   0|   32|          0|
    |mul15_i_i_i_107_reg_11228                                                        |   32|   0|   32|          0|
    |mul15_i_i_i_108_reg_11233                                                        |   32|   0|   32|          0|
    |mul15_i_i_i_109_reg_11258                                                        |   32|   0|   32|          0|
    |mul15_i_i_i_10_reg_9383                                                          |   32|   0|   32|          0|
    |mul15_i_i_i_10_reg_9383_pp0_iter1_reg                                            |   32|   0|   32|          0|
    |mul15_i_i_i_110_reg_11263                                                        |   32|   0|   32|          0|
    |mul15_i_i_i_111_reg_11288                                                        |   32|   0|   32|          0|
    |mul15_i_i_i_112_reg_11293                                                        |   32|   0|   32|          0|
    |mul15_i_i_i_113_reg_11318                                                        |   32|   0|   32|          0|
    |mul15_i_i_i_114_reg_11323                                                        |   32|   0|   32|          0|
    |mul15_i_i_i_115_reg_11348                                                        |   32|   0|   32|          0|
    |mul15_i_i_i_116_reg_11353                                                        |   32|   0|   32|          0|
    |mul15_i_i_i_117_reg_11378                                                        |   32|   0|   32|          0|
    |mul15_i_i_i_118_reg_11383                                                        |   32|   0|   32|          0|
    |mul15_i_i_i_119_reg_11408                                                        |   32|   0|   32|          0|
    |mul15_i_i_i_11_reg_9478                                                          |   32|   0|   32|          0|
    |mul15_i_i_i_11_reg_9478_pp0_iter1_reg                                            |   32|   0|   32|          0|
    |mul15_i_i_i_120_reg_11413                                                        |   32|   0|   32|          0|
    |mul15_i_i_i_121_reg_11438                                                        |   32|   0|   32|          0|
    |mul15_i_i_i_122_reg_11443                                                        |   32|   0|   32|          0|
    |mul15_i_i_i_123_reg_11468                                                        |   32|   0|   32|          0|
    |mul15_i_i_i_124_reg_11473                                                        |   32|   0|   32|          0|
    |mul15_i_i_i_125_reg_11498                                                        |   32|   0|   32|          0|
    |mul15_i_i_i_126_reg_11503                                                        |   32|   0|   32|          0|
    |mul15_i_i_i_127_reg_11528                                                        |   32|   0|   32|          0|
    |mul15_i_i_i_128_reg_11533                                                        |   32|   0|   32|          0|
    |mul15_i_i_i_129_reg_11558                                                        |   32|   0|   32|          0|
    |mul15_i_i_i_12_reg_9483                                                          |   32|   0|   32|          0|
    |mul15_i_i_i_12_reg_9483_pp0_iter1_reg                                            |   32|   0|   32|          0|
    |mul15_i_i_i_130_reg_11563                                                        |   32|   0|   32|          0|
    |mul15_i_i_i_131_reg_11588                                                        |   32|   0|   32|          0|
    |mul15_i_i_i_132_reg_11593                                                        |   32|   0|   32|          0|
    |mul15_i_i_i_133_reg_11608                                                        |   32|   0|   32|          0|
    |mul15_i_i_i_134_reg_11613                                                        |   32|   0|   32|          0|
    |mul15_i_i_i_135_reg_11628                                                        |   32|   0|   32|          0|
    |mul15_i_i_i_136_reg_11633                                                        |   32|   0|   32|          0|
    |mul15_i_i_i_137_reg_11638                                                        |   32|   0|   32|          0|
    |mul15_i_i_i_138_reg_11643                                                        |   32|   0|   32|          0|
    |mul15_i_i_i_139_reg_11648                                                        |   32|   0|   32|          0|
    |mul15_i_i_i_13_reg_9578                                                          |   32|   0|   32|          0|
    |mul15_i_i_i_13_reg_9578_pp0_iter1_reg                                            |   32|   0|   32|          0|
    |mul15_i_i_i_140_reg_11653                                                        |   32|   0|   32|          0|
    |mul15_i_i_i_141_reg_11658                                                        |   32|   0|   32|          0|
    |mul15_i_i_i_142_reg_11663                                                        |   32|   0|   32|          0|
    |mul15_i_i_i_14_reg_9583                                                          |   32|   0|   32|          0|
    |mul15_i_i_i_14_reg_9583_pp0_iter1_reg                                            |   32|   0|   32|          0|
    |mul15_i_i_i_15_reg_9678                                                          |   32|   0|   32|          0|
    |mul15_i_i_i_15_reg_9678_pp0_iter1_reg                                            |   32|   0|   32|          0|
    |mul15_i_i_i_16_reg_9683                                                          |   32|   0|   32|          0|
    |mul15_i_i_i_16_reg_9683_pp0_iter1_reg                                            |   32|   0|   32|          0|
    |mul15_i_i_i_17_reg_9778                                                          |   32|   0|   32|          0|
    |mul15_i_i_i_17_reg_9778_pp0_iter1_reg                                            |   32|   0|   32|          0|
    |mul15_i_i_i_18_reg_9783                                                          |   32|   0|   32|          0|
    |mul15_i_i_i_19_reg_9878                                                          |   32|   0|   32|          0|
    |mul15_i_i_i_1_reg_8874                                                           |   32|   0|   32|          0|
    |mul15_i_i_i_20_reg_9883                                                          |   32|   0|   32|          0|
    |mul15_i_i_i_21_reg_9938                                                          |   32|   0|   32|          0|
    |mul15_i_i_i_22_reg_9943                                                          |   32|   0|   32|          0|
    |mul15_i_i_i_23_reg_9968                                                          |   32|   0|   32|          0|
    |mul15_i_i_i_24_reg_9973                                                          |   32|   0|   32|          0|
    |mul15_i_i_i_25_reg_9998                                                          |   32|   0|   32|          0|
    |mul15_i_i_i_26_reg_10003                                                         |   32|   0|   32|          0|
    |mul15_i_i_i_27_reg_10028                                                         |   32|   0|   32|          0|
    |mul15_i_i_i_28_reg_10033                                                         |   32|   0|   32|          0|
    |mul15_i_i_i_29_reg_10058                                                         |   32|   0|   32|          0|
    |mul15_i_i_i_2_reg_8974                                                           |   32|   0|   32|          0|
    |mul15_i_i_i_30_reg_10063                                                         |   32|   0|   32|          0|
    |mul15_i_i_i_31_reg_10088                                                         |   32|   0|   32|          0|
    |mul15_i_i_i_32_reg_10093                                                         |   32|   0|   32|          0|
    |mul15_i_i_i_33_reg_10118                                                         |   32|   0|   32|          0|
    |mul15_i_i_i_34_reg_10123                                                         |   32|   0|   32|          0|
    |mul15_i_i_i_35_reg_10148                                                         |   32|   0|   32|          0|
    |mul15_i_i_i_36_reg_10153                                                         |   32|   0|   32|          0|
    |mul15_i_i_i_37_reg_10178                                                         |   32|   0|   32|          0|
    |mul15_i_i_i_38_reg_10183                                                         |   32|   0|   32|          0|
    |mul15_i_i_i_39_reg_10208                                                         |   32|   0|   32|          0|
    |mul15_i_i_i_3_reg_8979                                                           |   32|   0|   32|          0|
    |mul15_i_i_i_40_reg_10213                                                         |   32|   0|   32|          0|
    |mul15_i_i_i_41_reg_10238                                                         |   32|   0|   32|          0|
    |mul15_i_i_i_42_reg_10243                                                         |   32|   0|   32|          0|
    |mul15_i_i_i_43_reg_10268                                                         |   32|   0|   32|          0|
    |mul15_i_i_i_44_reg_10273                                                         |   32|   0|   32|          0|
    |mul15_i_i_i_45_reg_10298                                                         |   32|   0|   32|          0|
    |mul15_i_i_i_46_reg_10303                                                         |   32|   0|   32|          0|
    |mul15_i_i_i_47_reg_10328                                                         |   32|   0|   32|          0|
    |mul15_i_i_i_48_reg_10333                                                         |   32|   0|   32|          0|
    |mul15_i_i_i_49_reg_10358                                                         |   32|   0|   32|          0|
    |mul15_i_i_i_4_reg_9074                                                           |   32|   0|   32|          0|
    |mul15_i_i_i_50_reg_10363                                                         |   32|   0|   32|          0|
    |mul15_i_i_i_51_reg_10388                                                         |   32|   0|   32|          0|
    |mul15_i_i_i_52_reg_10393                                                         |   32|   0|   32|          0|
    |mul15_i_i_i_53_reg_10418                                                         |   32|   0|   32|          0|
    |mul15_i_i_i_54_reg_10423                                                         |   32|   0|   32|          0|
    |mul15_i_i_i_55_reg_10448                                                         |   32|   0|   32|          0|
    |mul15_i_i_i_56_reg_10453                                                         |   32|   0|   32|          0|
    |mul15_i_i_i_57_reg_10478                                                         |   32|   0|   32|          0|
    |mul15_i_i_i_58_reg_10483                                                         |   32|   0|   32|          0|
    |mul15_i_i_i_59_reg_10508                                                         |   32|   0|   32|          0|
    |mul15_i_i_i_5_reg_9079                                                           |   32|   0|   32|          0|
    |mul15_i_i_i_60_reg_10513                                                         |   32|   0|   32|          0|
    |mul15_i_i_i_61_reg_10538                                                         |   32|   0|   32|          0|
    |mul15_i_i_i_62_reg_10543                                                         |   32|   0|   32|          0|
    |mul15_i_i_i_63_reg_10568                                                         |   32|   0|   32|          0|
    |mul15_i_i_i_64_reg_10573                                                         |   32|   0|   32|          0|
    |mul15_i_i_i_65_reg_10598                                                         |   32|   0|   32|          0|
    |mul15_i_i_i_66_reg_10603                                                         |   32|   0|   32|          0|
    |mul15_i_i_i_67_reg_10628                                                         |   32|   0|   32|          0|
    |mul15_i_i_i_68_reg_10633                                                         |   32|   0|   32|          0|
    |mul15_i_i_i_69_reg_10658                                                         |   32|   0|   32|          0|
    |mul15_i_i_i_6_reg_9174                                                           |   32|   0|   32|          0|
    |mul15_i_i_i_70_reg_10663                                                         |   32|   0|   32|          0|
    |mul15_i_i_i_71_reg_10688                                                         |   32|   0|   32|          0|
    |mul15_i_i_i_72_reg_10693                                                         |   32|   0|   32|          0|
    |mul15_i_i_i_73_reg_10718                                                         |   32|   0|   32|          0|
    |mul15_i_i_i_74_reg_10723                                                         |   32|   0|   32|          0|
    |mul15_i_i_i_75_reg_10748                                                         |   32|   0|   32|          0|
    |mul15_i_i_i_76_reg_10753                                                         |   32|   0|   32|          0|
    |mul15_i_i_i_77_reg_10778                                                         |   32|   0|   32|          0|
    |mul15_i_i_i_78_reg_10783                                                         |   32|   0|   32|          0|
    |mul15_i_i_i_79_reg_10808                                                         |   32|   0|   32|          0|
    |mul15_i_i_i_7_reg_9179                                                           |   32|   0|   32|          0|
    |mul15_i_i_i_80_reg_10813                                                         |   32|   0|   32|          0|
    |mul15_i_i_i_81_reg_10838                                                         |   32|   0|   32|          0|
    |mul15_i_i_i_82_reg_10843                                                         |   32|   0|   32|          0|
    |mul15_i_i_i_83_reg_10868                                                         |   32|   0|   32|          0|
    |mul15_i_i_i_84_reg_10873                                                         |   32|   0|   32|          0|
    |mul15_i_i_i_85_reg_10898                                                         |   32|   0|   32|          0|
    |mul15_i_i_i_86_reg_10903                                                         |   32|   0|   32|          0|
    |mul15_i_i_i_87_reg_10928                                                         |   32|   0|   32|          0|
    |mul15_i_i_i_88_reg_10933                                                         |   32|   0|   32|          0|
    |mul15_i_i_i_89_reg_10958                                                         |   32|   0|   32|          0|
    |mul15_i_i_i_8_reg_9274                                                           |   32|   0|   32|          0|
    |mul15_i_i_i_90_reg_10963                                                         |   32|   0|   32|          0|
    |mul15_i_i_i_91_reg_10988                                                         |   32|   0|   32|          0|
    |mul15_i_i_i_92_reg_10993                                                         |   32|   0|   32|          0|
    |mul15_i_i_i_93_reg_11018                                                         |   32|   0|   32|          0|
    |mul15_i_i_i_94_reg_11023                                                         |   32|   0|   32|          0|
    |mul15_i_i_i_95_reg_11048                                                         |   32|   0|   32|          0|
    |mul15_i_i_i_96_reg_11053                                                         |   32|   0|   32|          0|
    |mul15_i_i_i_97_reg_11078                                                         |   32|   0|   32|          0|
    |mul15_i_i_i_98_reg_11083                                                         |   32|   0|   32|          0|
    |mul15_i_i_i_99_reg_11108                                                         |   32|   0|   32|          0|
    |mul15_i_i_i_9_reg_9279                                                           |   32|   0|   32|          0|
    |mul15_i_i_i_reg_8869                                                             |   32|   0|   32|          0|
    |mul15_i_i_i_s_reg_9378                                                           |   32|   0|   32|          0|
    |mul15_i_i_i_s_reg_9378_pp0_iter1_reg                                             |   32|   0|   32|          0|
    |od_fu_584                                                                        |    8|   0|    8|          0|
    |reg_3443                                                                         |   32|   0|   32|          0|
    |reg_3448                                                                         |   32|   0|   32|          0|
    |reg_3453                                                                         |   32|   0|   32|          0|
    |reg_3458                                                                         |   32|   0|   32|          0|
    |reg_3463                                                                         |   32|   0|   32|          0|
    |reg_3469                                                                         |   32|   0|   32|          0|
    |reg_3475                                                                         |   32|   0|   32|          0|
    |reg_3481                                                                         |   32|   0|   32|          0|
    |reg_3487                                                                         |   32|   0|   32|          0|
    |reg_3492                                                                         |   32|   0|   32|          0|
    |reg_3497                                                                         |   32|   0|   32|          0|
    |reg_3502                                                                         |   32|   0|   32|          0|
    |reg_3507                                                                         |   32|   0|   32|          0|
    |reg_3512                                                                         |   32|   0|   32|          0|
    |reg_3518                                                                         |   32|   0|   32|          0|
    |reg_3524                                                                         |   32|   0|   32|          0|
    |reg_3530                                                                         |   32|   0|   32|          0|
    |reg_3536                                                                         |   32|   0|   32|          0|
    |reg_3541                                                                         |   32|   0|   32|          0|
    |reg_3545                                                                         |   32|   0|   32|          0|
    |reg_3550                                                                         |   32|   0|   32|          0|
    |reg_3555                                                                         |   32|   0|   32|          0|
    |reg_3560                                                                         |   32|   0|   32|          0|
    |reg_3565                                                                         |   32|   0|   32|          0|
    |reg_3571                                                                         |   32|   0|   32|          0|
    |reg_3577                                                                         |   32|   0|   32|          0|
    |reg_3583                                                                         |   32|   0|   32|          0|
    |reg_3589                                                                         |   32|   0|   32|          0|
    |reg_3594                                                                         |   32|   0|   32|          0|
    |reg_3599                                                                         |   32|   0|   32|          0|
    |reg_3604                                                                         |   32|   0|   32|          0|
    |reg_3609                                                                         |   32|   0|   32|          0|
    |reg_3614                                                                         |   32|   0|   32|          0|
    |reg_3619                                                                         |   32|   0|   32|          0|
    |reg_3624                                                                         |   32|   0|   32|          0|
    |reg_3629                                                                         |   32|   0|   32|          0|
    |reg_3634                                                                         |   32|   0|   32|          0|
    |reg_3639                                                                         |   32|   0|   32|          0|
    |reg_3644                                                                         |   32|   0|   32|          0|
    |reg_3649                                                                         |   32|   0|   32|          0|
    |reg_3654                                                                         |   32|   0|   32|          0|
    |reg_3659                                                                         |   32|   0|   32|          0|
    |reg_3664                                                                         |   32|   0|   32|          0|
    |s_1_fu_588                                                                       |    9|   0|    9|          0|
    |select_ln162_13_reg_8178                                                         |    9|   0|    9|          0|
    |select_ln162_2_reg_8100                                                          |   12|   0|   14|          2|
    |select_ln162_reg_8086                                                            |    8|   0|    8|          0|
    |shl_ln170_1_mid1_reg_8095                                                        |    9|   0|   11|          2|
    |shl_ln170_1_reg_8067                                                             |    9|   0|   11|          2|
    |transformer_blk_s2_top_float_const_float_float_const_ln_buf_10_load_10_reg_8714  |   32|   0|   32|          0|
    |transformer_blk_s2_top_float_const_float_float_const_ln_buf_10_load_11_reg_8734  |   32|   0|   32|          0|
    |transformer_blk_s2_top_float_const_float_float_const_ln_buf_10_load_12_reg_8804  |   32|   0|   32|          0|
    |transformer_blk_s2_top_float_const_float_float_const_ln_buf_10_load_13_reg_8824  |   32|   0|   32|          0|
    |transformer_blk_s2_top_float_const_float_float_const_ln_buf_10_load_15_reg_8924  |   32|   0|   32|          0|
    |transformer_blk_s2_top_float_const_float_float_const_ln_buf_10_load_16_reg_9009  |   32|   0|   32|          0|
    |transformer_blk_s2_top_float_const_float_float_const_ln_buf_10_load_17_reg_9029  |   32|   0|   32|          0|
    |transformer_blk_s2_top_float_const_float_float_const_ln_buf_10_load_19_reg_9129  |   32|   0|   32|          0|
    |transformer_blk_s2_top_float_const_float_float_const_ln_buf_10_load_20_reg_9209  |   32|   0|   32|          0|
    |transformer_blk_s2_top_float_const_float_float_const_ln_buf_10_load_21_reg_9229  |   32|   0|   32|          0|
    |transformer_blk_s2_top_float_const_float_float_const_ln_buf_10_load_23_reg_9333  |   32|   0|   32|          0|
    |transformer_blk_s2_top_float_const_float_float_const_ln_buf_10_load_24_reg_9413  |   32|   0|   32|          0|
    |transformer_blk_s2_top_float_const_float_float_const_ln_buf_10_load_25_reg_9433  |   32|   0|   32|          0|
    |transformer_blk_s2_top_float_const_float_float_const_ln_buf_10_load_27_reg_9533  |   32|   0|   32|          0|
    |transformer_blk_s2_top_float_const_float_float_const_ln_buf_10_load_28_reg_9613  |   32|   0|   32|          0|
    |transformer_blk_s2_top_float_const_float_float_const_ln_buf_10_load_29_reg_9633  |   32|   0|   32|          0|
    |transformer_blk_s2_top_float_const_float_float_const_ln_buf_10_load_31_reg_9733  |   32|   0|   32|          0|
    |transformer_blk_s2_top_float_const_float_float_const_ln_buf_10_load_32_reg_9813  |   32|   0|   32|          0|
    |transformer_blk_s2_top_float_const_float_float_const_ln_buf_10_load_33_reg_9833  |   32|   0|   32|          0|
    |transformer_blk_s2_top_float_const_float_float_const_ln_buf_10_load_35_reg_9933  |   32|   0|   32|          0|
    |transformer_blk_s2_top_float_const_float_float_const_ln_buf_10_load_6_reg_8514   |   32|   0|   32|          0|
    |transformer_blk_s2_top_float_const_float_float_const_ln_buf_10_load_7_reg_8534   |   32|   0|   32|          0|
    |transformer_blk_s2_top_float_const_float_float_const_ln_buf_10_load_8_reg_8614   |   32|   0|   32|          0|
    |transformer_blk_s2_top_float_const_float_float_const_ln_buf_10_load_9_reg_8634   |   32|   0|   32|          0|
    |transformer_blk_s2_top_float_const_float_float_const_ln_buf_8_load_10_reg_8704   |   32|   0|   32|          0|
    |transformer_blk_s2_top_float_const_float_float_const_ln_buf_8_load_11_reg_8724   |   32|   0|   32|          0|
    |transformer_blk_s2_top_float_const_float_float_const_ln_buf_8_load_13_reg_8814   |   32|   0|   32|          0|
    |transformer_blk_s2_top_float_const_float_float_const_ln_buf_8_load_14_reg_8904   |   32|   0|   32|          0|
    |transformer_blk_s2_top_float_const_float_float_const_ln_buf_8_load_15_reg_8914   |   32|   0|   32|          0|
    |transformer_blk_s2_top_float_const_float_float_const_ln_buf_8_load_17_reg_9019   |   32|   0|   32|          0|
    |transformer_blk_s2_top_float_const_float_float_const_ln_buf_8_load_18_reg_9109   |   32|   0|   32|          0|
    |transformer_blk_s2_top_float_const_float_float_const_ln_buf_8_load_19_reg_9119   |   32|   0|   32|          0|
    |transformer_blk_s2_top_float_const_float_float_const_ln_buf_8_load_21_reg_9219   |   32|   0|   32|          0|
    |transformer_blk_s2_top_float_const_float_float_const_ln_buf_8_load_22_reg_9313   |   32|   0|   32|          0|
    |transformer_blk_s2_top_float_const_float_float_const_ln_buf_8_load_23_reg_9323   |   32|   0|   32|          0|
    |transformer_blk_s2_top_float_const_float_float_const_ln_buf_8_load_25_reg_9423   |   32|   0|   32|          0|
    |transformer_blk_s2_top_float_const_float_float_const_ln_buf_8_load_26_reg_9513   |   32|   0|   32|          0|
    |transformer_blk_s2_top_float_const_float_float_const_ln_buf_8_load_27_reg_9523   |   32|   0|   32|          0|
    |transformer_blk_s2_top_float_const_float_float_const_ln_buf_8_load_29_reg_9623   |   32|   0|   32|          0|
    |transformer_blk_s2_top_float_const_float_float_const_ln_buf_8_load_30_reg_9713   |   32|   0|   32|          0|
    |transformer_blk_s2_top_float_const_float_float_const_ln_buf_8_load_31_reg_9723   |   32|   0|   32|          0|
    |transformer_blk_s2_top_float_const_float_float_const_ln_buf_8_load_33_reg_9823   |   32|   0|   32|          0|
    |transformer_blk_s2_top_float_const_float_float_const_ln_buf_8_load_34_reg_9913   |   32|   0|   32|          0|
    |transformer_blk_s2_top_float_const_float_float_const_ln_buf_8_load_35_reg_9923   |   32|   0|   32|          0|
    |transformer_blk_s2_top_float_const_float_float_const_ln_buf_8_load_6_reg_8504    |   32|   0|   32|          0|
    |transformer_blk_s2_top_float_const_float_float_const_ln_buf_8_load_7_reg_8524    |   32|   0|   32|          0|
    |transformer_blk_s2_top_float_const_float_float_const_ln_buf_8_load_8_reg_8604    |   32|   0|   32|          0|
    |transformer_blk_s2_top_float_const_float_float_const_ln_buf_8_load_9_reg_8624    |   32|   0|   32|          0|
    |transformer_blk_s2_top_float_const_float_float_const_ln_buf_9_load_10_reg_8709   |   32|   0|   32|          0|
    |transformer_blk_s2_top_float_const_float_float_const_ln_buf_9_load_11_reg_8729   |   32|   0|   32|          0|
    |transformer_blk_s2_top_float_const_float_float_const_ln_buf_9_load_12_reg_8799   |   32|   0|   32|          0|
    |transformer_blk_s2_top_float_const_float_float_const_ln_buf_9_load_13_reg_8819   |   32|   0|   32|          0|
    |transformer_blk_s2_top_float_const_float_float_const_ln_buf_9_load_15_reg_8919   |   32|   0|   32|          0|
    |transformer_blk_s2_top_float_const_float_float_const_ln_buf_9_load_16_reg_9004   |   32|   0|   32|          0|
    |transformer_blk_s2_top_float_const_float_float_const_ln_buf_9_load_17_reg_9024   |   32|   0|   32|          0|
    |transformer_blk_s2_top_float_const_float_float_const_ln_buf_9_load_19_reg_9124   |   32|   0|   32|          0|
    |transformer_blk_s2_top_float_const_float_float_const_ln_buf_9_load_20_reg_9204   |   32|   0|   32|          0|
    |transformer_blk_s2_top_float_const_float_float_const_ln_buf_9_load_21_reg_9224   |   32|   0|   32|          0|
    |transformer_blk_s2_top_float_const_float_float_const_ln_buf_9_load_23_reg_9328   |   32|   0|   32|          0|
    |transformer_blk_s2_top_float_const_float_float_const_ln_buf_9_load_24_reg_9408   |   32|   0|   32|          0|
    |transformer_blk_s2_top_float_const_float_float_const_ln_buf_9_load_25_reg_9428   |   32|   0|   32|          0|
    |transformer_blk_s2_top_float_const_float_float_const_ln_buf_9_load_27_reg_9528   |   32|   0|   32|          0|
    |transformer_blk_s2_top_float_const_float_float_const_ln_buf_9_load_28_reg_9608   |   32|   0|   32|          0|
    |transformer_blk_s2_top_float_const_float_float_const_ln_buf_9_load_29_reg_9628   |   32|   0|   32|          0|
    |transformer_blk_s2_top_float_const_float_float_const_ln_buf_9_load_31_reg_9728   |   32|   0|   32|          0|
    |transformer_blk_s2_top_float_const_float_float_const_ln_buf_9_load_32_reg_9808   |   32|   0|   32|          0|
    |transformer_blk_s2_top_float_const_float_float_const_ln_buf_9_load_33_reg_9828   |   32|   0|   32|          0|
    |transformer_blk_s2_top_float_const_float_float_const_ln_buf_9_load_35_reg_9928   |   32|   0|   32|          0|
    |transformer_blk_s2_top_float_const_float_float_const_ln_buf_9_load_6_reg_8509    |   32|   0|   32|          0|
    |transformer_blk_s2_top_float_const_float_float_const_ln_buf_9_load_7_reg_8529    |   32|   0|   32|          0|
    |transformer_blk_s2_top_float_const_float_float_const_ln_buf_9_load_8_reg_8609    |   32|   0|   32|          0|
    |transformer_blk_s2_top_float_const_float_float_const_ln_buf_9_load_9_reg_8629    |   32|   0|   32|          0|
    |transformer_blk_s2_top_float_const_float_float_const_ln_buf_load_10_reg_8699     |   32|   0|   32|          0|
    |transformer_blk_s2_top_float_const_float_float_const_ln_buf_load_11_reg_8719     |   32|   0|   32|          0|
    |transformer_blk_s2_top_float_const_float_float_const_ln_buf_load_13_reg_8809     |   32|   0|   32|          0|
    |transformer_blk_s2_top_float_const_float_float_const_ln_buf_load_14_reg_8899     |   32|   0|   32|          0|
    |transformer_blk_s2_top_float_const_float_float_const_ln_buf_load_15_reg_8909     |   32|   0|   32|          0|
    |transformer_blk_s2_top_float_const_float_float_const_ln_buf_load_17_reg_9014     |   32|   0|   32|          0|
    |transformer_blk_s2_top_float_const_float_float_const_ln_buf_load_18_reg_9104     |   32|   0|   32|          0|
    |transformer_blk_s2_top_float_const_float_float_const_ln_buf_load_19_reg_9114     |   32|   0|   32|          0|
    |transformer_blk_s2_top_float_const_float_float_const_ln_buf_load_21_reg_9214     |   32|   0|   32|          0|
    |transformer_blk_s2_top_float_const_float_float_const_ln_buf_load_22_reg_9308     |   32|   0|   32|          0|
    |transformer_blk_s2_top_float_const_float_float_const_ln_buf_load_23_reg_9318     |   32|   0|   32|          0|
    |transformer_blk_s2_top_float_const_float_float_const_ln_buf_load_25_reg_9418     |   32|   0|   32|          0|
    |transformer_blk_s2_top_float_const_float_float_const_ln_buf_load_26_reg_9508     |   32|   0|   32|          0|
    |transformer_blk_s2_top_float_const_float_float_const_ln_buf_load_27_reg_9518     |   32|   0|   32|          0|
    |transformer_blk_s2_top_float_const_float_float_const_ln_buf_load_29_reg_9618     |   32|   0|   32|          0|
    |transformer_blk_s2_top_float_const_float_float_const_ln_buf_load_30_reg_9708     |   32|   0|   32|          0|
    |transformer_blk_s2_top_float_const_float_float_const_ln_buf_load_31_reg_9718     |   32|   0|   32|          0|
    |transformer_blk_s2_top_float_const_float_float_const_ln_buf_load_33_reg_9818     |   32|   0|   32|          0|
    |transformer_blk_s2_top_float_const_float_float_const_ln_buf_load_34_reg_9908     |   32|   0|   32|          0|
    |transformer_blk_s2_top_float_const_float_float_const_ln_buf_load_35_reg_9918     |   32|   0|   32|          0|
    |transformer_blk_s2_top_float_const_float_float_const_ln_buf_load_6_reg_8499      |   32|   0|   32|          0|
    |transformer_blk_s2_top_float_const_float_float_const_ln_buf_load_7_reg_8519      |   32|   0|   32|          0|
    |transformer_blk_s2_top_float_const_float_float_const_ln_buf_load_8_reg_8599      |   32|   0|   32|          0|
    |transformer_blk_s2_top_float_const_float_float_const_ln_buf_load_9_reg_8619      |   32|   0|   32|          0|
    |trunc_ln172_reg_9304                                                             |    6|   0|    6|          0|
    |add_ln172_reg_8384                                                               |   64|  32|   11|          0|
    |icmp_ln162_reg_8072                                                              |   64|  32|    1|          0|
    |mul15_i_i_i_100_reg_11113                                                        |   64|  32|   32|          0|
    |mul15_i_i_i_101_reg_11138                                                        |   64|  32|   32|          0|
    |mul15_i_i_i_102_reg_11143                                                        |   64|  32|   32|          0|
    |mul15_i_i_i_103_reg_11168                                                        |   64|  32|   32|          0|
    |mul15_i_i_i_104_reg_11173                                                        |   64|  32|   32|          0|
    |mul15_i_i_i_105_reg_11198                                                        |   64|  32|   32|          0|
    |mul15_i_i_i_106_reg_11203                                                        |   64|  32|   32|          0|
    |mul15_i_i_i_107_reg_11228                                                        |   64|  32|   32|          0|
    |mul15_i_i_i_108_reg_11233                                                        |   64|  32|   32|          0|
    |mul15_i_i_i_109_reg_11258                                                        |   64|  32|   32|          0|
    |mul15_i_i_i_110_reg_11263                                                        |   64|  32|   32|          0|
    |mul15_i_i_i_111_reg_11288                                                        |   64|  32|   32|          0|
    |mul15_i_i_i_112_reg_11293                                                        |   64|  32|   32|          0|
    |mul15_i_i_i_113_reg_11318                                                        |   64|  32|   32|          0|
    |mul15_i_i_i_114_reg_11323                                                        |   64|  32|   32|          0|
    |mul15_i_i_i_115_reg_11348                                                        |   64|  32|   32|          0|
    |mul15_i_i_i_116_reg_11353                                                        |   64|  32|   32|          0|
    |mul15_i_i_i_117_reg_11378                                                        |   64|  32|   32|          0|
    |mul15_i_i_i_118_reg_11383                                                        |   64|  32|   32|          0|
    |mul15_i_i_i_119_reg_11408                                                        |   64|  32|   32|          0|
    |mul15_i_i_i_120_reg_11413                                                        |   64|  32|   32|          0|
    |mul15_i_i_i_121_reg_11438                                                        |   64|  32|   32|          0|
    |mul15_i_i_i_122_reg_11443                                                        |   64|  32|   32|          0|
    |mul15_i_i_i_123_reg_11468                                                        |   64|  32|   32|          0|
    |mul15_i_i_i_124_reg_11473                                                        |   64|  32|   32|          0|
    |mul15_i_i_i_125_reg_11498                                                        |   64|  32|   32|          0|
    |mul15_i_i_i_126_reg_11503                                                        |   64|  32|   32|          0|
    |mul15_i_i_i_127_reg_11528                                                        |   64|  32|   32|          0|
    |mul15_i_i_i_128_reg_11533                                                        |   64|  32|   32|          0|
    |mul15_i_i_i_129_reg_11558                                                        |   64|  32|   32|          0|
    |mul15_i_i_i_130_reg_11563                                                        |   64|  32|   32|          0|
    |mul15_i_i_i_131_reg_11588                                                        |   64|  32|   32|          0|
    |mul15_i_i_i_132_reg_11593                                                        |   64|  32|   32|          0|
    |mul15_i_i_i_133_reg_11608                                                        |   64|  32|   32|          0|
    |mul15_i_i_i_134_reg_11613                                                        |   64|  32|   32|          0|
    |mul15_i_i_i_135_reg_11628                                                        |   64|  32|   32|          0|
    |mul15_i_i_i_136_reg_11633                                                        |   64|  32|   32|          0|
    |mul15_i_i_i_137_reg_11638                                                        |   64|  32|   32|          0|
    |mul15_i_i_i_138_reg_11643                                                        |   64|  32|   32|          0|
    |mul15_i_i_i_139_reg_11648                                                        |   64|  32|   32|          0|
    |mul15_i_i_i_140_reg_11653                                                        |   64|  32|   32|          0|
    |mul15_i_i_i_141_reg_11658                                                        |   64|  32|   32|          0|
    |mul15_i_i_i_142_reg_11663                                                        |   64|  32|   32|          0|
    |mul15_i_i_i_18_reg_9783                                                          |   64|  32|   32|          0|
    |mul15_i_i_i_19_reg_9878                                                          |   64|  32|   32|          0|
    |mul15_i_i_i_20_reg_9883                                                          |   64|  32|   32|          0|
    |mul15_i_i_i_21_reg_9938                                                          |   64|  32|   32|          0|
    |mul15_i_i_i_22_reg_9943                                                          |   64|  32|   32|          0|
    |mul15_i_i_i_23_reg_9968                                                          |   64|  32|   32|          0|
    |mul15_i_i_i_24_reg_9973                                                          |   64|  32|   32|          0|
    |mul15_i_i_i_25_reg_9998                                                          |   64|  32|   32|          0|
    |mul15_i_i_i_26_reg_10003                                                         |   64|  32|   32|          0|
    |mul15_i_i_i_27_reg_10028                                                         |   64|  32|   32|          0|
    |mul15_i_i_i_28_reg_10033                                                         |   64|  32|   32|          0|
    |mul15_i_i_i_29_reg_10058                                                         |   64|  32|   32|          0|
    |mul15_i_i_i_30_reg_10063                                                         |   64|  32|   32|          0|
    |mul15_i_i_i_31_reg_10088                                                         |   64|  32|   32|          0|
    |mul15_i_i_i_32_reg_10093                                                         |   64|  32|   32|          0|
    |mul15_i_i_i_33_reg_10118                                                         |   64|  32|   32|          0|
    |mul15_i_i_i_34_reg_10123                                                         |   64|  32|   32|          0|
    |mul15_i_i_i_35_reg_10148                                                         |   64|  32|   32|          0|
    |mul15_i_i_i_36_reg_10153                                                         |   64|  32|   32|          0|
    |mul15_i_i_i_37_reg_10178                                                         |   64|  32|   32|          0|
    |mul15_i_i_i_38_reg_10183                                                         |   64|  32|   32|          0|
    |mul15_i_i_i_39_reg_10208                                                         |   64|  32|   32|          0|
    |mul15_i_i_i_40_reg_10213                                                         |   64|  32|   32|          0|
    |mul15_i_i_i_41_reg_10238                                                         |   64|  32|   32|          0|
    |mul15_i_i_i_42_reg_10243                                                         |   64|  32|   32|          0|
    |mul15_i_i_i_43_reg_10268                                                         |   64|  32|   32|          0|
    |mul15_i_i_i_44_reg_10273                                                         |   64|  32|   32|          0|
    |mul15_i_i_i_45_reg_10298                                                         |   64|  32|   32|          0|
    |mul15_i_i_i_46_reg_10303                                                         |   64|  32|   32|          0|
    |mul15_i_i_i_47_reg_10328                                                         |   64|  32|   32|          0|
    |mul15_i_i_i_48_reg_10333                                                         |   64|  32|   32|          0|
    |mul15_i_i_i_49_reg_10358                                                         |   64|  32|   32|          0|
    |mul15_i_i_i_50_reg_10363                                                         |   64|  32|   32|          0|
    |mul15_i_i_i_51_reg_10388                                                         |   64|  32|   32|          0|
    |mul15_i_i_i_52_reg_10393                                                         |   64|  32|   32|          0|
    |mul15_i_i_i_53_reg_10418                                                         |   64|  32|   32|          0|
    |mul15_i_i_i_54_reg_10423                                                         |   64|  32|   32|          0|
    |mul15_i_i_i_55_reg_10448                                                         |   64|  32|   32|          0|
    |mul15_i_i_i_56_reg_10453                                                         |   64|  32|   32|          0|
    |mul15_i_i_i_57_reg_10478                                                         |   64|  32|   32|          0|
    |mul15_i_i_i_58_reg_10483                                                         |   64|  32|   32|          0|
    |mul15_i_i_i_59_reg_10508                                                         |   64|  32|   32|          0|
    |mul15_i_i_i_60_reg_10513                                                         |   64|  32|   32|          0|
    |mul15_i_i_i_61_reg_10538                                                         |   64|  32|   32|          0|
    |mul15_i_i_i_62_reg_10543                                                         |   64|  32|   32|          0|
    |mul15_i_i_i_63_reg_10568                                                         |   64|  32|   32|          0|
    |mul15_i_i_i_64_reg_10573                                                         |   64|  32|   32|          0|
    |mul15_i_i_i_65_reg_10598                                                         |   64|  32|   32|          0|
    |mul15_i_i_i_66_reg_10603                                                         |   64|  32|   32|          0|
    |mul15_i_i_i_67_reg_10628                                                         |   64|  32|   32|          0|
    |mul15_i_i_i_68_reg_10633                                                         |   64|  32|   32|          0|
    |mul15_i_i_i_69_reg_10658                                                         |   64|  32|   32|          0|
    |mul15_i_i_i_70_reg_10663                                                         |   64|  32|   32|          0|
    |mul15_i_i_i_71_reg_10688                                                         |   64|  32|   32|          0|
    |mul15_i_i_i_72_reg_10693                                                         |   64|  32|   32|          0|
    |mul15_i_i_i_73_reg_10718                                                         |   64|  32|   32|          0|
    |mul15_i_i_i_74_reg_10723                                                         |   64|  32|   32|          0|
    |mul15_i_i_i_75_reg_10748                                                         |   64|  32|   32|          0|
    |mul15_i_i_i_76_reg_10753                                                         |   64|  32|   32|          0|
    |mul15_i_i_i_77_reg_10778                                                         |   64|  32|   32|          0|
    |mul15_i_i_i_78_reg_10783                                                         |   64|  32|   32|          0|
    |mul15_i_i_i_79_reg_10808                                                         |   64|  32|   32|          0|
    |mul15_i_i_i_80_reg_10813                                                         |   64|  32|   32|          0|
    |mul15_i_i_i_81_reg_10838                                                         |   64|  32|   32|          0|
    |mul15_i_i_i_82_reg_10843                                                         |   64|  32|   32|          0|
    |mul15_i_i_i_83_reg_10868                                                         |   64|  32|   32|          0|
    |mul15_i_i_i_84_reg_10873                                                         |   64|  32|   32|          0|
    |mul15_i_i_i_85_reg_10898                                                         |   64|  32|   32|          0|
    |mul15_i_i_i_86_reg_10903                                                         |   64|  32|   32|          0|
    |mul15_i_i_i_87_reg_10928                                                         |   64|  32|   32|          0|
    |mul15_i_i_i_88_reg_10933                                                         |   64|  32|   32|          0|
    |mul15_i_i_i_89_reg_10958                                                         |   64|  32|   32|          0|
    |mul15_i_i_i_90_reg_10963                                                         |   64|  32|   32|          0|
    |mul15_i_i_i_91_reg_10988                                                         |   64|  32|   32|          0|
    |mul15_i_i_i_92_reg_10993                                                         |   64|  32|   32|          0|
    |mul15_i_i_i_93_reg_11018                                                         |   64|  32|   32|          0|
    |mul15_i_i_i_94_reg_11023                                                         |   64|  32|   32|          0|
    |mul15_i_i_i_95_reg_11048                                                         |   64|  32|   32|          0|
    |mul15_i_i_i_96_reg_11053                                                         |   64|  32|   32|          0|
    |mul15_i_i_i_97_reg_11078                                                         |   64|  32|   32|          0|
    |mul15_i_i_i_98_reg_11083                                                         |   64|  32|   32|          0|
    |mul15_i_i_i_99_reg_11108                                                         |   64|  32|   32|          0|
    |trunc_ln172_reg_9304                                                             |   64|  32|    6|          0|
    +---------------------------------------------------------------------------------+-----+----+-----+-----------+
    |Total                                                                            |17798|4096|13634|         10|
    +---------------------------------------------------------------------------------+-----+----+-----+-----------+



================================================================
== Interface
================================================================
* Summary: 
+-------------------------------------------------------------------------+-----+-----+------------+----------------------------------------------------------------+--------------+
|                                RTL Ports                                | Dir | Bits|  Protocol  |                          Source Object                         |    C Type    |
+-------------------------------------------------------------------------+-----+-----+------------+----------------------------------------------------------------+--------------+
|ap_clk                                                                   |   in|    1|  ap_ctrl_hs|                      transformer_blk_s2_top_Pipeline_LF_S_LF_OD|  return value|
|ap_rst                                                                   |   in|    1|  ap_ctrl_hs|                      transformer_blk_s2_top_Pipeline_LF_S_LF_OD|  return value|
|ap_start                                                                 |   in|    1|  ap_ctrl_hs|                      transformer_blk_s2_top_Pipeline_LF_S_LF_OD|  return value|
|ap_done                                                                  |  out|    1|  ap_ctrl_hs|                      transformer_blk_s2_top_Pipeline_LF_S_LF_OD|  return value|
|ap_idle                                                                  |  out|    1|  ap_ctrl_hs|                      transformer_blk_s2_top_Pipeline_LF_S_LF_OD|  return value|
|ap_ready                                                                 |  out|    1|  ap_ctrl_hs|                      transformer_blk_s2_top_Pipeline_LF_S_LF_OD|  return value|
|grp_fu_1888_p_din0                                                       |  out|   32|  ap_ctrl_hs|                      transformer_blk_s2_top_Pipeline_LF_S_LF_OD|  return value|
|grp_fu_1888_p_din1                                                       |  out|   32|  ap_ctrl_hs|                      transformer_blk_s2_top_Pipeline_LF_S_LF_OD|  return value|
|grp_fu_1888_p_opcode                                                     |  out|    1|  ap_ctrl_hs|                      transformer_blk_s2_top_Pipeline_LF_S_LF_OD|  return value|
|grp_fu_1888_p_dout0                                                      |   in|   32|  ap_ctrl_hs|                      transformer_blk_s2_top_Pipeline_LF_S_LF_OD|  return value|
|grp_fu_1888_p_ce                                                         |  out|    1|  ap_ctrl_hs|                      transformer_blk_s2_top_Pipeline_LF_S_LF_OD|  return value|
|grp_fu_4124_p_din0                                                       |  out|   32|  ap_ctrl_hs|                      transformer_blk_s2_top_Pipeline_LF_S_LF_OD|  return value|
|grp_fu_4124_p_din1                                                       |  out|   32|  ap_ctrl_hs|                      transformer_blk_s2_top_Pipeline_LF_S_LF_OD|  return value|
|grp_fu_4124_p_opcode                                                     |  out|    1|  ap_ctrl_hs|                      transformer_blk_s2_top_Pipeline_LF_S_LF_OD|  return value|
|grp_fu_4124_p_dout0                                                      |   in|   32|  ap_ctrl_hs|                      transformer_blk_s2_top_Pipeline_LF_S_LF_OD|  return value|
|grp_fu_4124_p_ce                                                         |  out|    1|  ap_ctrl_hs|                      transformer_blk_s2_top_Pipeline_LF_S_LF_OD|  return value|
|grp_fu_4152_p_din0                                                       |  out|   32|  ap_ctrl_hs|                      transformer_blk_s2_top_Pipeline_LF_S_LF_OD|  return value|
|grp_fu_4152_p_din1                                                       |  out|   32|  ap_ctrl_hs|                      transformer_blk_s2_top_Pipeline_LF_S_LF_OD|  return value|
|grp_fu_4152_p_dout0                                                      |   in|   32|  ap_ctrl_hs|                      transformer_blk_s2_top_Pipeline_LF_S_LF_OD|  return value|
|grp_fu_4152_p_ce                                                         |  out|    1|  ap_ctrl_hs|                      transformer_blk_s2_top_Pipeline_LF_S_LF_OD|  return value|
|grp_fu_4156_p_din0                                                       |  out|   32|  ap_ctrl_hs|                      transformer_blk_s2_top_Pipeline_LF_S_LF_OD|  return value|
|grp_fu_4156_p_din1                                                       |  out|   32|  ap_ctrl_hs|                      transformer_blk_s2_top_Pipeline_LF_S_LF_OD|  return value|
|grp_fu_4156_p_dout0                                                      |   in|   32|  ap_ctrl_hs|                      transformer_blk_s2_top_Pipeline_LF_S_LF_OD|  return value|
|grp_fu_4156_p_ce                                                         |  out|    1|  ap_ctrl_hs|                      transformer_blk_s2_top_Pipeline_LF_S_LF_OD|  return value|
|phi_mul5009                                                              |   in|   18|     ap_none|                                                     phi_mul5009|        scalar|
|w_Addr_A                                                                 |  out|   32|        bram|                                                               w|         array|
|w_EN_A                                                                   |  out|    1|        bram|                                                               w|         array|
|w_WEN_A                                                                  |  out|    4|        bram|                                                               w|         array|
|w_Din_A                                                                  |  out|   32|        bram|                                                               w|         array|
|w_Dout_A                                                                 |   in|   32|        bram|                                                               w|         array|
|w_Addr_B                                                                 |  out|   32|        bram|                                                               w|         array|
|w_EN_B                                                                   |  out|    1|        bram|                                                               w|         array|
|w_WEN_B                                                                  |  out|    4|        bram|                                                               w|         array|
|w_Din_B                                                                  |  out|   32|        bram|                                                               w|         array|
|w_Dout_B                                                                 |   in|   32|        bram|                                                               w|         array|
|transformer_blk_s2_top_float_const_float_float_const_q_buf_address0      |  out|   11|   ap_memory|      transformer_blk_s2_top_float_const_float_float_const_q_buf|         array|
|transformer_blk_s2_top_float_const_float_float_const_q_buf_ce0           |  out|    1|   ap_memory|      transformer_blk_s2_top_float_const_float_float_const_q_buf|         array|
|transformer_blk_s2_top_float_const_float_float_const_q_buf_we0           |  out|    1|   ap_memory|      transformer_blk_s2_top_float_const_float_float_const_q_buf|         array|
|transformer_blk_s2_top_float_const_float_float_const_q_buf_d0            |  out|   32|   ap_memory|      transformer_blk_s2_top_float_const_float_float_const_q_buf|         array|
|transformer_blk_s2_top_float_const_float_float_const_ln_buf_address0     |  out|   14|   ap_memory|     transformer_blk_s2_top_float_const_float_float_const_ln_buf|         array|
|transformer_blk_s2_top_float_const_float_float_const_ln_buf_ce0          |  out|    1|   ap_memory|     transformer_blk_s2_top_float_const_float_float_const_ln_buf|         array|
|transformer_blk_s2_top_float_const_float_float_const_ln_buf_q0           |   in|   32|   ap_memory|     transformer_blk_s2_top_float_const_float_float_const_ln_buf|         array|
|transformer_blk_s2_top_float_const_float_float_const_ln_buf_address1     |  out|   14|   ap_memory|     transformer_blk_s2_top_float_const_float_float_const_ln_buf|         array|
|transformer_blk_s2_top_float_const_float_float_const_ln_buf_ce1          |  out|    1|   ap_memory|     transformer_blk_s2_top_float_const_float_float_const_ln_buf|         array|
|transformer_blk_s2_top_float_const_float_float_const_ln_buf_q1           |   in|   32|   ap_memory|     transformer_blk_s2_top_float_const_float_float_const_ln_buf|         array|
|transformer_blk_s2_top_float_const_float_float_const_ln_buf_8_address0   |  out|   14|   ap_memory|   transformer_blk_s2_top_float_const_float_float_const_ln_buf_8|         array|
|transformer_blk_s2_top_float_const_float_float_const_ln_buf_8_ce0        |  out|    1|   ap_memory|   transformer_blk_s2_top_float_const_float_float_const_ln_buf_8|         array|
|transformer_blk_s2_top_float_const_float_float_const_ln_buf_8_q0         |   in|   32|   ap_memory|   transformer_blk_s2_top_float_const_float_float_const_ln_buf_8|         array|
|transformer_blk_s2_top_float_const_float_float_const_ln_buf_8_address1   |  out|   14|   ap_memory|   transformer_blk_s2_top_float_const_float_float_const_ln_buf_8|         array|
|transformer_blk_s2_top_float_const_float_float_const_ln_buf_8_ce1        |  out|    1|   ap_memory|   transformer_blk_s2_top_float_const_float_float_const_ln_buf_8|         array|
|transformer_blk_s2_top_float_const_float_float_const_ln_buf_8_q1         |   in|   32|   ap_memory|   transformer_blk_s2_top_float_const_float_float_const_ln_buf_8|         array|
|transformer_blk_s2_top_float_const_float_float_const_ln_buf_9_address0   |  out|   14|   ap_memory|   transformer_blk_s2_top_float_const_float_float_const_ln_buf_9|         array|
|transformer_blk_s2_top_float_const_float_float_const_ln_buf_9_ce0        |  out|    1|   ap_memory|   transformer_blk_s2_top_float_const_float_float_const_ln_buf_9|         array|
|transformer_blk_s2_top_float_const_float_float_const_ln_buf_9_q0         |   in|   32|   ap_memory|   transformer_blk_s2_top_float_const_float_float_const_ln_buf_9|         array|
|transformer_blk_s2_top_float_const_float_float_const_ln_buf_9_address1   |  out|   14|   ap_memory|   transformer_blk_s2_top_float_const_float_float_const_ln_buf_9|         array|
|transformer_blk_s2_top_float_const_float_float_const_ln_buf_9_ce1        |  out|    1|   ap_memory|   transformer_blk_s2_top_float_const_float_float_const_ln_buf_9|         array|
|transformer_blk_s2_top_float_const_float_float_const_ln_buf_9_q1         |   in|   32|   ap_memory|   transformer_blk_s2_top_float_const_float_float_const_ln_buf_9|         array|
|transformer_blk_s2_top_float_const_float_float_const_ln_buf_10_address0  |  out|   14|   ap_memory|  transformer_blk_s2_top_float_const_float_float_const_ln_buf_10|         array|
|transformer_blk_s2_top_float_const_float_float_const_ln_buf_10_ce0       |  out|    1|   ap_memory|  transformer_blk_s2_top_float_const_float_float_const_ln_buf_10|         array|
|transformer_blk_s2_top_float_const_float_float_const_ln_buf_10_q0        |   in|   32|   ap_memory|  transformer_blk_s2_top_float_const_float_float_const_ln_buf_10|         array|
|transformer_blk_s2_top_float_const_float_float_const_ln_buf_10_address1  |  out|   14|   ap_memory|  transformer_blk_s2_top_float_const_float_float_const_ln_buf_10|         array|
|transformer_blk_s2_top_float_const_float_float_const_ln_buf_10_ce1       |  out|    1|   ap_memory|  transformer_blk_s2_top_float_const_float_float_const_ln_buf_10|         array|
|transformer_blk_s2_top_float_const_float_float_const_ln_buf_10_q1        |   in|   32|   ap_memory|  transformer_blk_s2_top_float_const_float_float_const_ln_buf_10|         array|
|transformer_blk_s2_top_float_const_float_float_const_q_buf_11_address0   |  out|   11|   ap_memory|   transformer_blk_s2_top_float_const_float_float_const_q_buf_11|         array|
|transformer_blk_s2_top_float_const_float_float_const_q_buf_11_ce0        |  out|    1|   ap_memory|   transformer_blk_s2_top_float_const_float_float_const_q_buf_11|         array|
|transformer_blk_s2_top_float_const_float_float_const_q_buf_11_we0        |  out|    1|   ap_memory|   transformer_blk_s2_top_float_const_float_float_const_q_buf_11|         array|
|transformer_blk_s2_top_float_const_float_float_const_q_buf_11_d0         |  out|   32|   ap_memory|   transformer_blk_s2_top_float_const_float_float_const_q_buf_11|         array|
|transformer_blk_s2_top_float_const_float_float_const_q_buf_12_address0   |  out|   11|   ap_memory|   transformer_blk_s2_top_float_const_float_float_const_q_buf_12|         array|
|transformer_blk_s2_top_float_const_float_float_const_q_buf_12_ce0        |  out|    1|   ap_memory|   transformer_blk_s2_top_float_const_float_float_const_q_buf_12|         array|
|transformer_blk_s2_top_float_const_float_float_const_q_buf_12_we0        |  out|    1|   ap_memory|   transformer_blk_s2_top_float_const_float_float_const_q_buf_12|         array|
|transformer_blk_s2_top_float_const_float_float_const_q_buf_12_d0         |  out|   32|   ap_memory|   transformer_blk_s2_top_float_const_float_float_const_q_buf_12|         array|
|transformer_blk_s2_top_float_const_float_float_const_q_buf_13_address0   |  out|   11|   ap_memory|   transformer_blk_s2_top_float_const_float_float_const_q_buf_13|         array|
|transformer_blk_s2_top_float_const_float_float_const_q_buf_13_ce0        |  out|    1|   ap_memory|   transformer_blk_s2_top_float_const_float_float_const_q_buf_13|         array|
|transformer_blk_s2_top_float_const_float_float_const_q_buf_13_we0        |  out|    1|   ap_memory|   transformer_blk_s2_top_float_const_float_float_const_q_buf_13|         array|
|transformer_blk_s2_top_float_const_float_float_const_q_buf_13_d0         |  out|   32|   ap_memory|   transformer_blk_s2_top_float_const_float_float_const_q_buf_13|         array|
|transformer_blk_s2_top_float_const_float_float_const_q_buf_14_address0   |  out|   11|   ap_memory|   transformer_blk_s2_top_float_const_float_float_const_q_buf_14|         array|
|transformer_blk_s2_top_float_const_float_float_const_q_buf_14_ce0        |  out|    1|   ap_memory|   transformer_blk_s2_top_float_const_float_float_const_q_buf_14|         array|
|transformer_blk_s2_top_float_const_float_float_const_q_buf_14_we0        |  out|    1|   ap_memory|   transformer_blk_s2_top_float_const_float_float_const_q_buf_14|         array|
|transformer_blk_s2_top_float_const_float_float_const_q_buf_14_d0         |  out|   32|   ap_memory|   transformer_blk_s2_top_float_const_float_float_const_q_buf_14|         array|
|transformer_blk_s2_top_float_const_float_float_const_q_buf_15_address0   |  out|   11|   ap_memory|   transformer_blk_s2_top_float_const_float_float_const_q_buf_15|         array|
|transformer_blk_s2_top_float_const_float_float_const_q_buf_15_ce0        |  out|    1|   ap_memory|   transformer_blk_s2_top_float_const_float_float_const_q_buf_15|         array|
|transformer_blk_s2_top_float_const_float_float_const_q_buf_15_we0        |  out|    1|   ap_memory|   transformer_blk_s2_top_float_const_float_float_const_q_buf_15|         array|
|transformer_blk_s2_top_float_const_float_float_const_q_buf_15_d0         |  out|   32|   ap_memory|   transformer_blk_s2_top_float_const_float_float_const_q_buf_15|         array|
|transformer_blk_s2_top_float_const_float_float_const_q_buf_16_address0   |  out|   11|   ap_memory|   transformer_blk_s2_top_float_const_float_float_const_q_buf_16|         array|
|transformer_blk_s2_top_float_const_float_float_const_q_buf_16_ce0        |  out|    1|   ap_memory|   transformer_blk_s2_top_float_const_float_float_const_q_buf_16|         array|
|transformer_blk_s2_top_float_const_float_float_const_q_buf_16_we0        |  out|    1|   ap_memory|   transformer_blk_s2_top_float_const_float_float_const_q_buf_16|         array|
|transformer_blk_s2_top_float_const_float_float_const_q_buf_16_d0         |  out|   32|   ap_memory|   transformer_blk_s2_top_float_const_float_float_const_q_buf_16|         array|
|transformer_blk_s2_top_float_const_float_float_const_q_buf_17_address0   |  out|   11|   ap_memory|   transformer_blk_s2_top_float_const_float_float_const_q_buf_17|         array|
|transformer_blk_s2_top_float_const_float_float_const_q_buf_17_ce0        |  out|    1|   ap_memory|   transformer_blk_s2_top_float_const_float_float_const_q_buf_17|         array|
|transformer_blk_s2_top_float_const_float_float_const_q_buf_17_we0        |  out|    1|   ap_memory|   transformer_blk_s2_top_float_const_float_float_const_q_buf_17|         array|
|transformer_blk_s2_top_float_const_float_float_const_q_buf_17_d0         |  out|   32|   ap_memory|   transformer_blk_s2_top_float_const_float_float_const_q_buf_17|         array|
|transformer_blk_s2_top_float_const_float_float_const_q_buf_18_address0   |  out|   11|   ap_memory|   transformer_blk_s2_top_float_const_float_float_const_q_buf_18|         array|
|transformer_blk_s2_top_float_const_float_float_const_q_buf_18_ce0        |  out|    1|   ap_memory|   transformer_blk_s2_top_float_const_float_float_const_q_buf_18|         array|
|transformer_blk_s2_top_float_const_float_float_const_q_buf_18_we0        |  out|    1|   ap_memory|   transformer_blk_s2_top_float_const_float_float_const_q_buf_18|         array|
|transformer_blk_s2_top_float_const_float_float_const_q_buf_18_d0         |  out|   32|   ap_memory|   transformer_blk_s2_top_float_const_float_float_const_q_buf_18|         array|
|transformer_blk_s2_top_float_const_float_float_const_q_buf_19_address0   |  out|   11|   ap_memory|   transformer_blk_s2_top_float_const_float_float_const_q_buf_19|         array|
|transformer_blk_s2_top_float_const_float_float_const_q_buf_19_ce0        |  out|    1|   ap_memory|   transformer_blk_s2_top_float_const_float_float_const_q_buf_19|         array|
|transformer_blk_s2_top_float_const_float_float_const_q_buf_19_we0        |  out|    1|   ap_memory|   transformer_blk_s2_top_float_const_float_float_const_q_buf_19|         array|
|transformer_blk_s2_top_float_const_float_float_const_q_buf_19_d0         |  out|   32|   ap_memory|   transformer_blk_s2_top_float_const_float_float_const_q_buf_19|         array|
|p_ZZ22transformer_blk_s2_topPKfPfS0_E5q_buf_10_address0                  |  out|   11|   ap_memory|                  p_ZZ22transformer_blk_s2_topPKfPfS0_E5q_buf_10|         array|
|p_ZZ22transformer_blk_s2_topPKfPfS0_E5q_buf_10_ce0                       |  out|    1|   ap_memory|                  p_ZZ22transformer_blk_s2_topPKfPfS0_E5q_buf_10|         array|
|p_ZZ22transformer_blk_s2_topPKfPfS0_E5q_buf_10_we0                       |  out|    1|   ap_memory|                  p_ZZ22transformer_blk_s2_topPKfPfS0_E5q_buf_10|         array|
|p_ZZ22transformer_blk_s2_topPKfPfS0_E5q_buf_10_d0                        |  out|   32|   ap_memory|                  p_ZZ22transformer_blk_s2_topPKfPfS0_E5q_buf_10|         array|
|p_ZZ22transformer_blk_s2_topPKfPfS0_E5q_buf_11_address0                  |  out|   11|   ap_memory|                  p_ZZ22transformer_blk_s2_topPKfPfS0_E5q_buf_11|         array|
|p_ZZ22transformer_blk_s2_topPKfPfS0_E5q_buf_11_ce0                       |  out|    1|   ap_memory|                  p_ZZ22transformer_blk_s2_topPKfPfS0_E5q_buf_11|         array|
|p_ZZ22transformer_blk_s2_topPKfPfS0_E5q_buf_11_we0                       |  out|    1|   ap_memory|                  p_ZZ22transformer_blk_s2_topPKfPfS0_E5q_buf_11|         array|
|p_ZZ22transformer_blk_s2_topPKfPfS0_E5q_buf_11_d0                        |  out|   32|   ap_memory|                  p_ZZ22transformer_blk_s2_topPKfPfS0_E5q_buf_11|         array|
|p_ZZ22transformer_blk_s2_topPKfPfS0_E5q_buf_12_address0                  |  out|   11|   ap_memory|                  p_ZZ22transformer_blk_s2_topPKfPfS0_E5q_buf_12|         array|
|p_ZZ22transformer_blk_s2_topPKfPfS0_E5q_buf_12_ce0                       |  out|    1|   ap_memory|                  p_ZZ22transformer_blk_s2_topPKfPfS0_E5q_buf_12|         array|
|p_ZZ22transformer_blk_s2_topPKfPfS0_E5q_buf_12_we0                       |  out|    1|   ap_memory|                  p_ZZ22transformer_blk_s2_topPKfPfS0_E5q_buf_12|         array|
|p_ZZ22transformer_blk_s2_topPKfPfS0_E5q_buf_12_d0                        |  out|   32|   ap_memory|                  p_ZZ22transformer_blk_s2_topPKfPfS0_E5q_buf_12|         array|
|p_ZZ22transformer_blk_s2_topPKfPfS0_E5q_buf_13_address0                  |  out|   11|   ap_memory|                  p_ZZ22transformer_blk_s2_topPKfPfS0_E5q_buf_13|         array|
|p_ZZ22transformer_blk_s2_topPKfPfS0_E5q_buf_13_ce0                       |  out|    1|   ap_memory|                  p_ZZ22transformer_blk_s2_topPKfPfS0_E5q_buf_13|         array|
|p_ZZ22transformer_blk_s2_topPKfPfS0_E5q_buf_13_we0                       |  out|    1|   ap_memory|                  p_ZZ22transformer_blk_s2_topPKfPfS0_E5q_buf_13|         array|
|p_ZZ22transformer_blk_s2_topPKfPfS0_E5q_buf_13_d0                        |  out|   32|   ap_memory|                  p_ZZ22transformer_blk_s2_topPKfPfS0_E5q_buf_13|         array|
|p_ZZ22transformer_blk_s2_topPKfPfS0_E5q_buf_14_address0                  |  out|   11|   ap_memory|                  p_ZZ22transformer_blk_s2_topPKfPfS0_E5q_buf_14|         array|
|p_ZZ22transformer_blk_s2_topPKfPfS0_E5q_buf_14_ce0                       |  out|    1|   ap_memory|                  p_ZZ22transformer_blk_s2_topPKfPfS0_E5q_buf_14|         array|
|p_ZZ22transformer_blk_s2_topPKfPfS0_E5q_buf_14_we0                       |  out|    1|   ap_memory|                  p_ZZ22transformer_blk_s2_topPKfPfS0_E5q_buf_14|         array|
|p_ZZ22transformer_blk_s2_topPKfPfS0_E5q_buf_14_d0                        |  out|   32|   ap_memory|                  p_ZZ22transformer_blk_s2_topPKfPfS0_E5q_buf_14|         array|
|p_ZZ22transformer_blk_s2_topPKfPfS0_E5q_buf_15_address0                  |  out|   11|   ap_memory|                  p_ZZ22transformer_blk_s2_topPKfPfS0_E5q_buf_15|         array|
|p_ZZ22transformer_blk_s2_topPKfPfS0_E5q_buf_15_ce0                       |  out|    1|   ap_memory|                  p_ZZ22transformer_blk_s2_topPKfPfS0_E5q_buf_15|         array|
|p_ZZ22transformer_blk_s2_topPKfPfS0_E5q_buf_15_we0                       |  out|    1|   ap_memory|                  p_ZZ22transformer_blk_s2_topPKfPfS0_E5q_buf_15|         array|
|p_ZZ22transformer_blk_s2_topPKfPfS0_E5q_buf_15_d0                        |  out|   32|   ap_memory|                  p_ZZ22transformer_blk_s2_topPKfPfS0_E5q_buf_15|         array|
|p_ZZ22transformer_blk_s2_topPKfPfS0_E5q_buf_16_address0                  |  out|   11|   ap_memory|                  p_ZZ22transformer_blk_s2_topPKfPfS0_E5q_buf_16|         array|
|p_ZZ22transformer_blk_s2_topPKfPfS0_E5q_buf_16_ce0                       |  out|    1|   ap_memory|                  p_ZZ22transformer_blk_s2_topPKfPfS0_E5q_buf_16|         array|
|p_ZZ22transformer_blk_s2_topPKfPfS0_E5q_buf_16_we0                       |  out|    1|   ap_memory|                  p_ZZ22transformer_blk_s2_topPKfPfS0_E5q_buf_16|         array|
|p_ZZ22transformer_blk_s2_topPKfPfS0_E5q_buf_16_d0                        |  out|   32|   ap_memory|                  p_ZZ22transformer_blk_s2_topPKfPfS0_E5q_buf_16|         array|
|p_ZZ22transformer_blk_s2_topPKfPfS0_E5q_buf_17_address0                  |  out|   11|   ap_memory|                  p_ZZ22transformer_blk_s2_topPKfPfS0_E5q_buf_17|         array|
|p_ZZ22transformer_blk_s2_topPKfPfS0_E5q_buf_17_ce0                       |  out|    1|   ap_memory|                  p_ZZ22transformer_blk_s2_topPKfPfS0_E5q_buf_17|         array|
|p_ZZ22transformer_blk_s2_topPKfPfS0_E5q_buf_17_we0                       |  out|    1|   ap_memory|                  p_ZZ22transformer_blk_s2_topPKfPfS0_E5q_buf_17|         array|
|p_ZZ22transformer_blk_s2_topPKfPfS0_E5q_buf_17_d0                        |  out|   32|   ap_memory|                  p_ZZ22transformer_blk_s2_topPKfPfS0_E5q_buf_17|         array|
|p_ZZ22transformer_blk_s2_topPKfPfS0_E5q_buf_18_address0                  |  out|   11|   ap_memory|                  p_ZZ22transformer_blk_s2_topPKfPfS0_E5q_buf_18|         array|
|p_ZZ22transformer_blk_s2_topPKfPfS0_E5q_buf_18_ce0                       |  out|    1|   ap_memory|                  p_ZZ22transformer_blk_s2_topPKfPfS0_E5q_buf_18|         array|
|p_ZZ22transformer_blk_s2_topPKfPfS0_E5q_buf_18_we0                       |  out|    1|   ap_memory|                  p_ZZ22transformer_blk_s2_topPKfPfS0_E5q_buf_18|         array|
|p_ZZ22transformer_blk_s2_topPKfPfS0_E5q_buf_18_d0                        |  out|   32|   ap_memory|                  p_ZZ22transformer_blk_s2_topPKfPfS0_E5q_buf_18|         array|
|p_ZZ22transformer_blk_s2_topPKfPfS0_E5q_buf_19_address0                  |  out|   11|   ap_memory|                  p_ZZ22transformer_blk_s2_topPKfPfS0_E5q_buf_19|         array|
|p_ZZ22transformer_blk_s2_topPKfPfS0_E5q_buf_19_ce0                       |  out|    1|   ap_memory|                  p_ZZ22transformer_blk_s2_topPKfPfS0_E5q_buf_19|         array|
|p_ZZ22transformer_blk_s2_topPKfPfS0_E5q_buf_19_we0                       |  out|    1|   ap_memory|                  p_ZZ22transformer_blk_s2_topPKfPfS0_E5q_buf_19|         array|
|p_ZZ22transformer_blk_s2_topPKfPfS0_E5q_buf_19_d0                        |  out|   32|   ap_memory|                  p_ZZ22transformer_blk_s2_topPKfPfS0_E5q_buf_19|         array|
|p_ZZ22transformer_blk_s2_topPKfPfS0_E5q_buf_20_address0                  |  out|   11|   ap_memory|                  p_ZZ22transformer_blk_s2_topPKfPfS0_E5q_buf_20|         array|
|p_ZZ22transformer_blk_s2_topPKfPfS0_E5q_buf_20_ce0                       |  out|    1|   ap_memory|                  p_ZZ22transformer_blk_s2_topPKfPfS0_E5q_buf_20|         array|
|p_ZZ22transformer_blk_s2_topPKfPfS0_E5q_buf_20_we0                       |  out|    1|   ap_memory|                  p_ZZ22transformer_blk_s2_topPKfPfS0_E5q_buf_20|         array|
|p_ZZ22transformer_blk_s2_topPKfPfS0_E5q_buf_20_d0                        |  out|   32|   ap_memory|                  p_ZZ22transformer_blk_s2_topPKfPfS0_E5q_buf_20|         array|
|p_ZZ22transformer_blk_s2_topPKfPfS0_E5q_buf_21_address0                  |  out|   11|   ap_memory|                  p_ZZ22transformer_blk_s2_topPKfPfS0_E5q_buf_21|         array|
|p_ZZ22transformer_blk_s2_topPKfPfS0_E5q_buf_21_ce0                       |  out|    1|   ap_memory|                  p_ZZ22transformer_blk_s2_topPKfPfS0_E5q_buf_21|         array|
|p_ZZ22transformer_blk_s2_topPKfPfS0_E5q_buf_21_we0                       |  out|    1|   ap_memory|                  p_ZZ22transformer_blk_s2_topPKfPfS0_E5q_buf_21|         array|
|p_ZZ22transformer_blk_s2_topPKfPfS0_E5q_buf_21_d0                        |  out|   32|   ap_memory|                  p_ZZ22transformer_blk_s2_topPKfPfS0_E5q_buf_21|         array|
|p_ZZ22transformer_blk_s2_topPKfPfS0_E5q_buf_22_address0                  |  out|   11|   ap_memory|                  p_ZZ22transformer_blk_s2_topPKfPfS0_E5q_buf_22|         array|
|p_ZZ22transformer_blk_s2_topPKfPfS0_E5q_buf_22_ce0                       |  out|    1|   ap_memory|                  p_ZZ22transformer_blk_s2_topPKfPfS0_E5q_buf_22|         array|
|p_ZZ22transformer_blk_s2_topPKfPfS0_E5q_buf_22_we0                       |  out|    1|   ap_memory|                  p_ZZ22transformer_blk_s2_topPKfPfS0_E5q_buf_22|         array|
|p_ZZ22transformer_blk_s2_topPKfPfS0_E5q_buf_22_d0                        |  out|   32|   ap_memory|                  p_ZZ22transformer_blk_s2_topPKfPfS0_E5q_buf_22|         array|
|p_ZZ22transformer_blk_s2_topPKfPfS0_E5q_buf_23_address0                  |  out|   11|   ap_memory|                  p_ZZ22transformer_blk_s2_topPKfPfS0_E5q_buf_23|         array|
|p_ZZ22transformer_blk_s2_topPKfPfS0_E5q_buf_23_ce0                       |  out|    1|   ap_memory|                  p_ZZ22transformer_blk_s2_topPKfPfS0_E5q_buf_23|         array|
|p_ZZ22transformer_blk_s2_topPKfPfS0_E5q_buf_23_we0                       |  out|    1|   ap_memory|                  p_ZZ22transformer_blk_s2_topPKfPfS0_E5q_buf_23|         array|
|p_ZZ22transformer_blk_s2_topPKfPfS0_E5q_buf_23_d0                        |  out|   32|   ap_memory|                  p_ZZ22transformer_blk_s2_topPKfPfS0_E5q_buf_23|         array|
|p_ZZ22transformer_blk_s2_topPKfPfS0_E5q_buf_24_address0                  |  out|   11|   ap_memory|                  p_ZZ22transformer_blk_s2_topPKfPfS0_E5q_buf_24|         array|
|p_ZZ22transformer_blk_s2_topPKfPfS0_E5q_buf_24_ce0                       |  out|    1|   ap_memory|                  p_ZZ22transformer_blk_s2_topPKfPfS0_E5q_buf_24|         array|
|p_ZZ22transformer_blk_s2_topPKfPfS0_E5q_buf_24_we0                       |  out|    1|   ap_memory|                  p_ZZ22transformer_blk_s2_topPKfPfS0_E5q_buf_24|         array|
|p_ZZ22transformer_blk_s2_topPKfPfS0_E5q_buf_24_d0                        |  out|   32|   ap_memory|                  p_ZZ22transformer_blk_s2_topPKfPfS0_E5q_buf_24|         array|
|p_ZZ22transformer_blk_s2_topPKfPfS0_E5q_buf_25_address0                  |  out|   11|   ap_memory|                  p_ZZ22transformer_blk_s2_topPKfPfS0_E5q_buf_25|         array|
|p_ZZ22transformer_blk_s2_topPKfPfS0_E5q_buf_25_ce0                       |  out|    1|   ap_memory|                  p_ZZ22transformer_blk_s2_topPKfPfS0_E5q_buf_25|         array|
|p_ZZ22transformer_blk_s2_topPKfPfS0_E5q_buf_25_we0                       |  out|    1|   ap_memory|                  p_ZZ22transformer_blk_s2_topPKfPfS0_E5q_buf_25|         array|
|p_ZZ22transformer_blk_s2_topPKfPfS0_E5q_buf_25_d0                        |  out|   32|   ap_memory|                  p_ZZ22transformer_blk_s2_topPKfPfS0_E5q_buf_25|         array|
|p_ZZ22transformer_blk_s2_topPKfPfS0_E5q_buf_26_address0                  |  out|   11|   ap_memory|                  p_ZZ22transformer_blk_s2_topPKfPfS0_E5q_buf_26|         array|
|p_ZZ22transformer_blk_s2_topPKfPfS0_E5q_buf_26_ce0                       |  out|    1|   ap_memory|                  p_ZZ22transformer_blk_s2_topPKfPfS0_E5q_buf_26|         array|
|p_ZZ22transformer_blk_s2_topPKfPfS0_E5q_buf_26_we0                       |  out|    1|   ap_memory|                  p_ZZ22transformer_blk_s2_topPKfPfS0_E5q_buf_26|         array|
|p_ZZ22transformer_blk_s2_topPKfPfS0_E5q_buf_26_d0                        |  out|   32|   ap_memory|                  p_ZZ22transformer_blk_s2_topPKfPfS0_E5q_buf_26|         array|
|p_ZZ22transformer_blk_s2_topPKfPfS0_E5q_buf_27_address0                  |  out|   11|   ap_memory|                  p_ZZ22transformer_blk_s2_topPKfPfS0_E5q_buf_27|         array|
|p_ZZ22transformer_blk_s2_topPKfPfS0_E5q_buf_27_ce0                       |  out|    1|   ap_memory|                  p_ZZ22transformer_blk_s2_topPKfPfS0_E5q_buf_27|         array|
|p_ZZ22transformer_blk_s2_topPKfPfS0_E5q_buf_27_we0                       |  out|    1|   ap_memory|                  p_ZZ22transformer_blk_s2_topPKfPfS0_E5q_buf_27|         array|
|p_ZZ22transformer_blk_s2_topPKfPfS0_E5q_buf_27_d0                        |  out|   32|   ap_memory|                  p_ZZ22transformer_blk_s2_topPKfPfS0_E5q_buf_27|         array|
|p_ZZ22transformer_blk_s2_topPKfPfS0_E5q_buf_28_address0                  |  out|   11|   ap_memory|                  p_ZZ22transformer_blk_s2_topPKfPfS0_E5q_buf_28|         array|
|p_ZZ22transformer_blk_s2_topPKfPfS0_E5q_buf_28_ce0                       |  out|    1|   ap_memory|                  p_ZZ22transformer_blk_s2_topPKfPfS0_E5q_buf_28|         array|
|p_ZZ22transformer_blk_s2_topPKfPfS0_E5q_buf_28_we0                       |  out|    1|   ap_memory|                  p_ZZ22transformer_blk_s2_topPKfPfS0_E5q_buf_28|         array|
|p_ZZ22transformer_blk_s2_topPKfPfS0_E5q_buf_28_d0                        |  out|   32|   ap_memory|                  p_ZZ22transformer_blk_s2_topPKfPfS0_E5q_buf_28|         array|
|p_ZZ22transformer_blk_s2_topPKfPfS0_E5q_buf_29_address0                  |  out|   11|   ap_memory|                  p_ZZ22transformer_blk_s2_topPKfPfS0_E5q_buf_29|         array|
|p_ZZ22transformer_blk_s2_topPKfPfS0_E5q_buf_29_ce0                       |  out|    1|   ap_memory|                  p_ZZ22transformer_blk_s2_topPKfPfS0_E5q_buf_29|         array|
|p_ZZ22transformer_blk_s2_topPKfPfS0_E5q_buf_29_we0                       |  out|    1|   ap_memory|                  p_ZZ22transformer_blk_s2_topPKfPfS0_E5q_buf_29|         array|
|p_ZZ22transformer_blk_s2_topPKfPfS0_E5q_buf_29_d0                        |  out|   32|   ap_memory|                  p_ZZ22transformer_blk_s2_topPKfPfS0_E5q_buf_29|         array|
|p_ZZ22transformer_blk_s2_topPKfPfS0_E5q_buf_30_address0                  |  out|   11|   ap_memory|                  p_ZZ22transformer_blk_s2_topPKfPfS0_E5q_buf_30|         array|
|p_ZZ22transformer_blk_s2_topPKfPfS0_E5q_buf_30_ce0                       |  out|    1|   ap_memory|                  p_ZZ22transformer_blk_s2_topPKfPfS0_E5q_buf_30|         array|
|p_ZZ22transformer_blk_s2_topPKfPfS0_E5q_buf_30_we0                       |  out|    1|   ap_memory|                  p_ZZ22transformer_blk_s2_topPKfPfS0_E5q_buf_30|         array|
|p_ZZ22transformer_blk_s2_topPKfPfS0_E5q_buf_30_d0                        |  out|   32|   ap_memory|                  p_ZZ22transformer_blk_s2_topPKfPfS0_E5q_buf_30|         array|
|p_ZZ22transformer_blk_s2_topPKfPfS0_E5q_buf_31_address0                  |  out|   11|   ap_memory|                  p_ZZ22transformer_blk_s2_topPKfPfS0_E5q_buf_31|         array|
|p_ZZ22transformer_blk_s2_topPKfPfS0_E5q_buf_31_ce0                       |  out|    1|   ap_memory|                  p_ZZ22transformer_blk_s2_topPKfPfS0_E5q_buf_31|         array|
|p_ZZ22transformer_blk_s2_topPKfPfS0_E5q_buf_31_we0                       |  out|    1|   ap_memory|                  p_ZZ22transformer_blk_s2_topPKfPfS0_E5q_buf_31|         array|
|p_ZZ22transformer_blk_s2_topPKfPfS0_E5q_buf_31_d0                        |  out|   32|   ap_memory|                  p_ZZ22transformer_blk_s2_topPKfPfS0_E5q_buf_31|         array|
|p_ZZ22transformer_blk_s2_topPKfPfS0_E5q_buf_32_address0                  |  out|   11|   ap_memory|                  p_ZZ22transformer_blk_s2_topPKfPfS0_E5q_buf_32|         array|
|p_ZZ22transformer_blk_s2_topPKfPfS0_E5q_buf_32_ce0                       |  out|    1|   ap_memory|                  p_ZZ22transformer_blk_s2_topPKfPfS0_E5q_buf_32|         array|
|p_ZZ22transformer_blk_s2_topPKfPfS0_E5q_buf_32_we0                       |  out|    1|   ap_memory|                  p_ZZ22transformer_blk_s2_topPKfPfS0_E5q_buf_32|         array|
|p_ZZ22transformer_blk_s2_topPKfPfS0_E5q_buf_32_d0                        |  out|   32|   ap_memory|                  p_ZZ22transformer_blk_s2_topPKfPfS0_E5q_buf_32|         array|
|p_ZZ22transformer_blk_s2_topPKfPfS0_E5q_buf_33_address0                  |  out|   11|   ap_memory|                  p_ZZ22transformer_blk_s2_topPKfPfS0_E5q_buf_33|         array|
|p_ZZ22transformer_blk_s2_topPKfPfS0_E5q_buf_33_ce0                       |  out|    1|   ap_memory|                  p_ZZ22transformer_blk_s2_topPKfPfS0_E5q_buf_33|         array|
|p_ZZ22transformer_blk_s2_topPKfPfS0_E5q_buf_33_we0                       |  out|    1|   ap_memory|                  p_ZZ22transformer_blk_s2_topPKfPfS0_E5q_buf_33|         array|
|p_ZZ22transformer_blk_s2_topPKfPfS0_E5q_buf_33_d0                        |  out|   32|   ap_memory|                  p_ZZ22transformer_blk_s2_topPKfPfS0_E5q_buf_33|         array|
|p_ZZ22transformer_blk_s2_topPKfPfS0_E5q_buf_34_address0                  |  out|   11|   ap_memory|                  p_ZZ22transformer_blk_s2_topPKfPfS0_E5q_buf_34|         array|
|p_ZZ22transformer_blk_s2_topPKfPfS0_E5q_buf_34_ce0                       |  out|    1|   ap_memory|                  p_ZZ22transformer_blk_s2_topPKfPfS0_E5q_buf_34|         array|
|p_ZZ22transformer_blk_s2_topPKfPfS0_E5q_buf_34_we0                       |  out|    1|   ap_memory|                  p_ZZ22transformer_blk_s2_topPKfPfS0_E5q_buf_34|         array|
|p_ZZ22transformer_blk_s2_topPKfPfS0_E5q_buf_34_d0                        |  out|   32|   ap_memory|                  p_ZZ22transformer_blk_s2_topPKfPfS0_E5q_buf_34|         array|
|p_ZZ22transformer_blk_s2_topPKfPfS0_E5q_buf_35_address0                  |  out|   11|   ap_memory|                  p_ZZ22transformer_blk_s2_topPKfPfS0_E5q_buf_35|         array|
|p_ZZ22transformer_blk_s2_topPKfPfS0_E5q_buf_35_ce0                       |  out|    1|   ap_memory|                  p_ZZ22transformer_blk_s2_topPKfPfS0_E5q_buf_35|         array|
|p_ZZ22transformer_blk_s2_topPKfPfS0_E5q_buf_35_we0                       |  out|    1|   ap_memory|                  p_ZZ22transformer_blk_s2_topPKfPfS0_E5q_buf_35|         array|
|p_ZZ22transformer_blk_s2_topPKfPfS0_E5q_buf_35_d0                        |  out|   32|   ap_memory|                  p_ZZ22transformer_blk_s2_topPKfPfS0_E5q_buf_35|         array|
+-------------------------------------------------------------------------+-----+-----+------------+----------------------------------------------------------------+--------------+

