

================================================================
== Synthesis Summary Report of 'retina_head_top'
================================================================
+ General Information: 
    * Date:           Mon Jun  1 16:01:59 2026
    * Version:        2022.2 (Build 3670227 on Oct 13 2022)
    * Project:        fpga_retina_head
    * Solution:       solution1 (Vivado IP Flow Target)
    * Product family: zynquplus
    * Target device:  xczu9eg-ffvb1156-2-e
    

+ Performance & Resource Estimates: 
    
    PS: '+' for module; 'o' for loop; '*' for dataflow
    +-----------------------------------------+--------+-------+-----------+-----------+----------+-----------+-------+----------+-----------+----------+-------------+--------------+-----+
    |                 Modules                 |  Issue |       |  Latency  |  Latency  | Iteration|           |  Trip |          |           |          |             |              |     |
    |                 & Loops                 |  Type  | Slack |  (cycles) |    (ns)   |  Latency |  Interval | Count | Pipelined|   BRAM    |    DSP   |      FF     |      LUT     | URAM|
    +-----------------------------------------+--------+-------+-----------+-----------+----------+-----------+-------+----------+-----------+----------+-------------+--------------+-----+
    |+ retina_head_top                        |  Timing|  -0.55|  344218985|  1.721e+09|         -|  344218986|      -|        no|  192 (10%)|   35 (1%)|  78762 (14%)|  148671 (54%)|    -|
    | + retina_conv_once                      |  Timing|  -0.27|   42624001|  2.131e+08|         -|   42624001|      -|        no|          -|  10 (~0%)|   25668 (4%)|   46918 (17%)|    -|
    |  o CO_OC_CO_OH_CO_OW                    |       -|   3.65|   42624000|  2.131e+08|      2220|          -|  19200|        no|          -|         -|            -|             -|    -|
    |   + retina_conv_once_Pipeline_CO_ICT    |  Timing|  -0.27|       2105|  1.052e+04|         -|       2105|      -|        no|          -|   5 (~0%)|   24744 (4%)|   44971 (16%)|    -|
    |    o CO_ICT                             |      II|   3.65|       2103|  1.052e+04|      1312|         72|     12|       yes|          -|         -|            -|             -|    -|
    | + retina_conv_once_1                    |  Timing|  -0.27|   42643201|  2.132e+08|         -|   42643201|      -|        no|          -|  10 (~0%)|   26410 (4%)|   48887 (17%)|    -|
    |  o CO_OC_CO_OH_CO_OW                    |       -|   3.65|   42643200|  2.132e+08|      2221|          -|  19200|        no|          -|         -|            -|             -|    -|
    |   + retina_conv_once_1_Pipeline_CO_ICT  |  Timing|  -0.27|       2106|  1.053e+04|         -|       2106|      -|        no|          -|   5 (~0%)|   25322 (4%)|   46669 (17%)|    -|
    |    o CO_ICT                             |      II|   3.65|       2104|  1.052e+04|      1313|         72|     12|       yes|          -|         -|            -|             -|    -|
    | + retina_pred_conv                      |  Timing|  -0.55|    3111760|  1.556e+07|         -|    3111760|      -|        no|          -|  15 (~0%)|   26663 (4%)|   47219 (17%)|    -|
    |  o RP_OC_RP_OW_RP_ICT                   |      II|   3.65|    3111758|  1.556e+07|      1431|         72|  43200|       yes|          -|         -|            -|             -|    -|
    +-----------------------------------------+--------+-------+-----------+-----------+----------+-----------+-------+----------+-----------+----------+-------------+--------------+-----+


================================================================
== HW Interfaces
================================================================
* BRAM
+----------------------+------------+---------------+
| Interface            | Data Width | Address Width |
+----------------------+------------+---------------+
| cls_conv_m_PORTA     | 32         | 32            |
| cls_conv_w_PORTA     | 8          | 32            |
| cls_conv_w_PORTB     | 8          | 32            |
| cls_logits_PORTA     | 32         | 32            |
| cls_pred_bias_PORTA  | 32         | 32            |
| cls_pred_scale_PORTA | 32         | 32            |
| cls_pred_w_PORTA     | 8          | 32            |
| cls_pred_w_PORTB     | 8          | 32            |
| feat_in_0_PORTA      | 32         | 32            |
| feat_in_0_PORTB      | 32         | 32            |
| feat_in_10_PORTA     | 32         | 32            |
| feat_in_10_PORTB     | 32         | 32            |
| feat_in_11_PORTA     | 32         | 32            |
| feat_in_11_PORTB     | 32         | 32            |
| feat_in_12_PORTA     | 32         | 32            |
| feat_in_12_PORTB     | 32         | 32            |
| feat_in_13_PORTA     | 32         | 32            |
| feat_in_13_PORTB     | 32         | 32            |
| feat_in_14_PORTA     | 32         | 32            |
| feat_in_14_PORTB     | 32         | 32            |
| feat_in_15_PORTA     | 32         | 32            |
| feat_in_15_PORTB     | 32         | 32            |
| feat_in_1_PORTA      | 32         | 32            |
| feat_in_1_PORTB      | 32         | 32            |
| feat_in_2_PORTA      | 32         | 32            |
| feat_in_2_PORTB      | 32         | 32            |
| feat_in_3_PORTA      | 32         | 32            |
| feat_in_3_PORTB      | 32         | 32            |
| feat_in_4_PORTA      | 32         | 32            |
| feat_in_4_PORTB      | 32         | 32            |
| feat_in_5_PORTA      | 32         | 32            |
| feat_in_5_PORTB      | 32         | 32            |
| feat_in_6_PORTA      | 32         | 32            |
| feat_in_6_PORTB      | 32         | 32            |
| feat_in_7_PORTA      | 32         | 32            |
| feat_in_7_PORTB      | 32         | 32            |
| feat_in_8_PORTA      | 32         | 32            |
| feat_in_8_PORTB      | 32         | 32            |
| feat_in_9_PORTA      | 32         | 32            |
| feat_in_9_PORTB      | 32         | 32            |
| reg_conv_m_PORTA     | 32         | 32            |
| reg_conv_w_PORTA     | 8          | 32            |
| reg_conv_w_PORTB     | 8          | 32            |
| reg_deltas_PORTA     | 32         | 32            |
| reg_pred_bias_PORTA  | 32         | 32            |
| reg_pred_scale_PORTA | 32         | 32            |
| reg_pred_w_PORTA     | 8          | 32            |
| reg_pred_w_PORTB     | 8          | 32            |
+----------------------+------------+---------------+

* TOP LEVEL CONTROL
+-----------+------------+-----------------------------------+
| Interface | Type       | Ports                             |
+-----------+------------+-----------------------------------+
| ap_clk    | clock      | ap_clk                            |
| ap_rst    | reset      | ap_rst                            |
| ap_ctrl   | ap_ctrl_hs | ap_done ap_idle ap_ready ap_start |
+-----------+------------+-----------------------------------+


================================================================
== SW I/O Information
================================================================
* Top Function Arguments
+----------------+-----------+---------------------+
| Argument       | Direction | Datatype            |
+----------------+-----------+---------------------+
| feat_in        | in        | float const *       |
| cls_logits     | out       | float*              |
| reg_deltas     | out       | float*              |
| cls_conv_w     | in        | signed char const * |
| cls_conv_m     | in        | float const *       |
| reg_conv_w     | in        | signed char const * |
| reg_conv_m     | in        | float const *       |
| cls_pred_w     | in        | signed char const * |
| cls_pred_scale | in        | float const *       |
| cls_pred_bias  | in        | float const *       |
| reg_pred_w     | in        | signed char const * |
| reg_pred_scale | in        | float const *       |
| reg_pred_bias  | in        | float const *       |
+----------------+-----------+---------------------+

* SW-to-HW Mapping
+----------------+----------------------+-----------+
| Argument       | HW Interface         | HW Type   |
+----------------+----------------------+-----------+
| feat_in        | feat_in_0_PORTA      | interface |
| feat_in        | feat_in_0_PORTB      | interface |
| feat_in        | feat_in_1_PORTA      | interface |
| feat_in        | feat_in_1_PORTB      | interface |
| feat_in        | feat_in_2_PORTA      | interface |
| feat_in        | feat_in_2_PORTB      | interface |
| feat_in        | feat_in_3_PORTA      | interface |
| feat_in        | feat_in_3_PORTB      | interface |
| feat_in        | feat_in_4_PORTA      | interface |
| feat_in        | feat_in_4_PORTB      | interface |
| feat_in        | feat_in_5_PORTA      | interface |
| feat_in        | feat_in_5_PORTB      | interface |
| feat_in        | feat_in_6_PORTA      | interface |
| feat_in        | feat_in_6_PORTB      | interface |
| feat_in        | feat_in_7_PORTA      | interface |
| feat_in        | feat_in_7_PORTB      | interface |
| feat_in        | feat_in_8_PORTA      | interface |
| feat_in        | feat_in_8_PORTB      | interface |
| feat_in        | feat_in_9_PORTA      | interface |
| feat_in        | feat_in_9_PORTB      | interface |
| feat_in        | feat_in_10_PORTA     | interface |
| feat_in        | feat_in_10_PORTB     | interface |
| feat_in        | feat_in_11_PORTA     | interface |
| feat_in        | feat_in_11_PORTB     | interface |
| feat_in        | feat_in_12_PORTA     | interface |
| feat_in        | feat_in_12_PORTB     | interface |
| feat_in        | feat_in_13_PORTA     | interface |
| feat_in        | feat_in_13_PORTB     | interface |
| feat_in        | feat_in_14_PORTA     | interface |
| feat_in        | feat_in_14_PORTB     | interface |
| feat_in        | feat_in_15_PORTA     | interface |
| feat_in        | feat_in_15_PORTB     | interface |
| cls_logits     | cls_logits_PORTA     | interface |
| reg_deltas     | reg_deltas_PORTA     | interface |
| cls_conv_w     | cls_conv_w_PORTA     | interface |
| cls_conv_w     | cls_conv_w_PORTB     | interface |
| cls_conv_m     | cls_conv_m_PORTA     | interface |
| reg_conv_w     | reg_conv_w_PORTA     | interface |
| reg_conv_w     | reg_conv_w_PORTB     | interface |
| reg_conv_m     | reg_conv_m_PORTA     | interface |
| cls_pred_w     | cls_pred_w_PORTA     | interface |
| cls_pred_w     | cls_pred_w_PORTB     | interface |
| cls_pred_scale | cls_pred_scale_PORTA | interface |
| cls_pred_bias  | cls_pred_bias_PORTA  | interface |
| reg_pred_w     | reg_pred_w_PORTA     | interface |
| reg_pred_w     | reg_pred_w_PORTB     | interface |
| reg_pred_scale | reg_pred_scale_PORTA | interface |
| reg_pred_bias  | reg_pred_bias_PORTA  | interface |
+----------------+----------------------+-----------+


================================================================
== Bind Op Report
================================================================
+-----------------------------------------+-----+--------+--------------------------+---------+---------+---------+
| Name                                    | DSP | Pragma | Variable                 | Op      | Impl    | Latency |
+-----------------------------------------+-----+--------+--------------------------+---------+---------+---------+
| + retina_head_top                       | 35  |        |                          |         |         |         |
|  + retina_conv_once                     | 10  |        |                          |         |         |         |
|    empty_fu_664_p2                      | -   |        | empty                    | sub     | fabric  | 0       |
|    empty_546_fu_682_p2                  | -   |        | empty_546                | add     | fabric  | 0       |
|    mul_8ns_8ns_15_1_1_U205              | -   |        | empty_547                | mul     | auto    | 0       |
|    empty_548_fu_724_p2                  | -   |        | empty_548                | add     | fabric  | 0       |
|    empty_549_fu_744_p2                  | -   |        | empty_549                | add     | fabric  | 0       |
|    indvars_iv_next1499_fu_750_p2        | -   |        | indvars_iv_next1499      | add     | fabric  | 0       |
|    empty_550_fu_762_p2                  | -   |        | empty_550                | add     | fabric  | 0       |
|    empty_551_fu_768_p2                  | -   |        | empty_551                | add     | fabric  | 0       |
|    add_ln65_fu_780_p2                   | -   |        | add_ln65                 | add     | fabric  | 0       |
|    add_ln65_2_fu_803_p2                 | -   |        | add_ln65_2               | add     | fabric  | 0       |
|    p_mid124_fu_833_p2                   | -   |        | p_mid124                 | sub     | fabric  | 0       |
|    p_mid128_fu_1037_p2                  | -   |        | p_mid128                 | add     | fabric  | 0       |
|    mul_8ns_8ns_15_1_1_U206              | -   |        | p_mid130                 | mul     | auto    | 0       |
|    indvars_iv_next1499_dup_fu_885_p2    | -   |        | indvars_iv_next1499_dup  | add     | fabric  | 0       |
|    p_mid1_fu_925_p2                     | -   |        | p_mid1                   | add     | fabric  | 0       |
|    p_mid15_fu_949_p2                    | -   |        | p_mid15                  | add     | fabric  | 0       |
|    indvars_iv_next1499_mid1_fu_955_p2   | -   |        | indvars_iv_next1499_mid1 | add     | fabric  | 0       |
|    p_mid17_fu_975_p2                    | -   |        | p_mid17                  | add     | fabric  | 0       |
|    p_mid19_fu_1119_p2                   | -   |        | p_mid19                  | add     | fabric  | 0       |
|    empty_554_fu_993_p2                  | -   |        | empty_554                | add     | fabric  | 0       |
|    indvars_iv_next1494_fu_1005_p2       | -   |        | indvars_iv_next1494      | add     | fabric  | 0       |
|    add_ln101_fu_1017_p2                 | -   |        | add_ln101                | add     | fabric  | 0       |
|    fadd_32ns_32ns_32_8_full_dsp_1_U202  | 2   |        | acc                      | fadd    | fulldsp | 7       |
|    fadd_32ns_32ns_32_8_full_dsp_1_U202  | 2   |        | acc_23                   | fadd    | fulldsp | 7       |
|    fadd_32ns_32ns_32_8_full_dsp_1_U202  | 2   |        | acc_24                   | fadd    | fulldsp | 7       |
|    fadd_32ns_32ns_32_8_full_dsp_1_U202  | 2   |        | acc_25                   | fadd    | fulldsp | 7       |
|    fadd_32ns_32ns_32_8_full_dsp_1_U202  | 2   |        | acc_26                   | fadd    | fulldsp | 7       |
|    fadd_32ns_32ns_32_8_full_dsp_1_U202  | 2   |        | acc_27                   | fadd    | fulldsp | 7       |
|    fadd_32ns_32ns_32_8_full_dsp_1_U202  | 2   |        | acc_28                   | fadd    | fulldsp | 7       |
|    fadd_32ns_32ns_32_8_full_dsp_1_U202  | 2   |        | acc_29                   | fadd    | fulldsp | 7       |
|    fadd_32ns_32ns_32_8_full_dsp_1_U202  | 2   |        | acc_30                   | fadd    | fulldsp | 7       |
|    fadd_32ns_32ns_32_8_full_dsp_1_U202  | 2   |        | acc_31                   | fadd    | fulldsp | 7       |
|    fadd_32ns_32ns_32_8_full_dsp_1_U202  | 2   |        | acc_32                   | fadd    | fulldsp | 7       |
|    fadd_32ns_32ns_32_8_full_dsp_1_U202  | 2   |        | acc_33                   | fadd    | fulldsp | 7       |
|    fmul_32ns_32ns_32_5_max_dsp_1_U203   | 3   |        | mul                      | fmul    | maxdsp  | 4       |
|    fadd_32ns_32ns_32_8_full_dsp_1_U202  | 2   |        | y                        | fadd    | fulldsp | 7       |
|    add_ln119_fu_1159_p2                 | -   |        | add_ln119                | add     | fabric  | 0       |
|    add_ln119_2_fu_1175_p2               | -   |        | add_ln119_2              | add     | fabric  | 0       |
|    indvar_flatten_op_fu_1315_p2         | -   |        | indvar_flatten_op        | add     | fabric  | 0       |
|   + retina_conv_once_Pipeline_CO_ICT    | 5   |        |                          |         |         |         |
|     add_ln82_fu_20572_p2                | -   |        | add_ln82                 | add     | fabric  | 0       |
|     next_mul_fu_43629_p2                | -   |        | next_mul                 | add     | fabric  | 0       |
|     empty_270_fu_20593_p2               | -   |        | empty_270                | add     | fabric  | 0       |
|     empty_271_fu_20611_p2               | -   |        | empty_271                | add     | fabric  | 0       |
|     empty_272_fu_20622_p2               | -   |        | empty_272                | add     | fabric  | 0       |
|     add_ln101_fu_20632_p2               | -   |        | add_ln101                | add     | fabric  | 0       |
|     tmp_fu_20815_p17                    | -   |        | add_ln101_1              | add     | fabric  | 0       |
|     add_ln101_2_fu_20668_p2             | -   |        | add_ln101_2              | add     | fabric  | 0       |
|     tmp_s_fu_20921_p17                  | -   |        | add_ln101_3              | add     | fabric  | 0       |
|     fmul_32ns_32ns_32_5_max_dsp_1_U4    | 3   |        | mul54_s                  | fmul    | maxdsp  | 4       |
|     add_ln101_4_fu_20715_p2             | -   |        | add_ln101_4              | add     | fabric  | 0       |
|     tmp_145_fu_21134_p17                | -   |        | add_ln101_5              | add     | fabric  | 0       |
|     empty_273_fu_20988_p2               | -   |        | empty_273                | add     | fabric  | 0       |
|     add_ln101_6_fu_21006_p2             | -   |        | add_ln101_6              | add     | fabric  | 0       |
|     tmp_146_fu_21240_p17                | -   |        | add_ln101_7              | add     | fabric  | 0       |
|     fmul_32ns_32ns_32_5_max_dsp_1_U4    | 3   |        | mul54_20                 | fmul    | maxdsp  | 4       |
|     add_ln101_8_fu_21278_p2             | -   |        | add_ln101_8              | add     | fabric  | 0       |
|     tmp_147_fu_21459_p17                | -   |        | add_ln101_9              | add     | fabric  | 0       |
|     add_ln101_10_fu_21322_p2            | -   |        | add_ln101_10             | add     | fabric  | 0       |
|     tmp_148_fu_21565_p17                | -   |        | add_ln101_11             | add     | fabric  | 0       |
|     fmul_32ns_32ns_32_5_max_dsp_1_U4    | 3   |        | mul54_1573_2             | fmul    | maxdsp  | 4       |
|     empty_275_fu_21603_p2               | -   |        | empty_275                | add     | fabric  | 0       |
|     add_ln101_12_fu_21621_p2            | -   |        | add_ln101_12             | add     | fabric  | 0       |
|     tmp_149_fu_21809_p17                | -   |        | add_ln101_13             | add     | fabric  | 0       |
|     add_ln101_14_fu_21656_p2            | -   |        | add_ln101_14             | add     | fabric  | 0       |
|     tmp_150_fu_21915_p17                | -   |        | add_ln101_15             | add     | fabric  | 0       |
|     fmul_32ns_32ns_32_5_max_dsp_1_U4    | 3   |        | mul54_2597_1             | fmul    | maxdsp  | 4       |
|     add_ln101_16_fu_21701_p2            | -   |        | add_ln101_16             | add     | fabric  | 0       |
|     tmp_151_fu_22163_p17                | -   |        | add_ln101_17             | add     | fabric  | 0       |
|     mul_8ns_8ns_15_1_1_U7               | -   |        | empty_278                | mul     | auto    | 0       |
|     empty_279_fu_21988_p2               | -   |        | empty_279                | add     | fabric  | 0       |
|     empty_280_fu_22005_p2               | -   |        | empty_280                | add     | fabric  | 0       |
|     empty_281_fu_22016_p2               | -   |        | empty_281                | add     | fabric  | 0       |
|     add_ln101_18_fu_22024_p2            | -   |        | add_ln101_18             | add     | fabric  | 0       |
|     tmp_152_fu_22269_p17                | -   |        | add_ln101_19             | add     | fabric  | 0       |
|     fmul_32ns_32ns_32_5_max_dsp_1_U4    | 3   |        | mul54_1                  | fmul    | maxdsp  | 4       |
|     add_ln101_20_fu_22307_p2            | -   |        | add_ln101_20             | add     | fabric  | 0       |
|     tmp_153_fu_22488_p17                | -   |        | add_ln101_21             | add     | fabric  | 0       |
|     add_ln103_fu_22341_p2               | -   |        | add_ln103                | add     | fabric  | 0       |
|     add_ln101_22_fu_22351_p2            | -   |        | add_ln101_22             | add     | fabric  | 0       |
|     tmp_154_fu_22594_p17                | -   |        | add_ln101_23             | add     | fabric  | 0       |
|     fmul_32ns_32ns_32_5_max_dsp_1_U4    | 3   |        | mul54_1_5                | fmul    | maxdsp  | 4       |
|     empty_282_fu_22632_p2               | -   |        | empty_282                | add     | fabric  | 0       |
|     empty_283_fu_22636_p2               | -   |        | empty_283                | add     | fabric  | 0       |
|     add_ln101_24_fu_22650_p2            | -   |        | add_ln101_24             | add     | fabric  | 0       |
|     tmp_155_fu_22842_p17                | -   |        | add_ln101_25             | add     | fabric  | 0       |
|     add_ln101_26_fu_22685_p2            | -   |        | add_ln101_26             | add     | fabric  | 0       |
|     tmp_156_fu_22948_p17                | -   |        | add_ln101_27             | add     | fabric  | 0       |
|     fmul_32ns_32ns_32_5_max_dsp_1_U4    | 3   |        | mul54_1_1_1              | fmul    | maxdsp  | 4       |
|     fadd_32ns_32ns_32_8_full_dsp_1_U2   | 2   |        | tile_acc_296             | fadd    | fulldsp | 7       |
|     add_ln101_28_fu_22734_p2            | -   |        | add_ln101_28             | add     | fabric  | 0       |
|     tmp_157_fu_23161_p17                | -   |        | add_ln101_29             | add     | fabric  | 0       |
|     add_ln103_3_fu_23005_p2             | -   |        | add_ln103_3              | add     | fabric  | 0       |
|     empty_284_fu_23015_p2               | -   |        | empty_284                | add     | fabric  | 0       |
|     add_ln101_30_fu_23033_p2            | -   |        | add_ln101_30             | add     | fabric  | 0       |
|     tmp_158_fu_23267_p17                | -   |        | add_ln101_31             | add     | fabric  | 0       |
|     fmul_32ns_32ns_32_5_max_dsp_1_U4    | 3   |        | mul54_1_2                | fmul    | maxdsp  | 4       |
|     add_ln101_32_fu_23305_p2            | -   |        | add_ln101_32             | add     | fabric  | 0       |
|     tmp_159_fu_23486_p17                | -   |        | add_ln101_33             | add     | fabric  | 0       |
|     add_ln103_4_fu_23339_p2             | -   |        | add_ln103_4              | add     | fabric  | 0       |
|     add_ln101_34_fu_23349_p2            | -   |        | add_ln101_34             | add     | fabric  | 0       |
|     tmp_160_fu_23592_p17                | -   |        | add_ln101_35             | add     | fabric  | 0       |
|     add_ln103_5_fu_23383_p2             | -   |        | add_ln103_5              | add     | fabric  | 0       |
|     fmul_32ns_32ns_32_5_max_dsp_1_U4    | 3   |        | mul54_1_2_2              | fmul    | maxdsp  | 4       |
|     mul_8ns_8ns_15_1_1_U10              | -   |        | empty_287                | mul     | auto    | 0       |
|     empty_288_fu_23636_p2               | -   |        | empty_288                | add     | fabric  | 0       |
|     empty_289_fu_23653_p2               | -   |        | empty_289                | add     | fabric  | 0       |
|     empty_290_fu_23664_p2               | -   |        | empty_290                | add     | fabric  | 0       |
|     add_ln101_36_fu_23672_p2            | -   |        | add_ln101_36             | add     | fabric  | 0       |
|     tmp_161_fu_23872_p17                | -   |        | add_ln101_37             | add     | fabric  | 0       |
|     add_ln101_38_fu_23707_p2            | -   |        | add_ln101_38             | add     | fabric  | 0       |
|     tmp_162_fu_23978_p17                | -   |        | add_ln101_39             | add     | fabric  | 0       |
|     fmul_32ns_32ns_32_5_max_dsp_1_U4    | 3   |        | mul54_2_s                | fmul    | maxdsp  | 4       |
|     add_ln101_40_fu_23753_p2            | -   |        | add_ln101_40             | add     | fabric  | 0       |
|     tmp_163_fu_24191_p17                | -   |        | add_ln101_41             | add     | fabric  | 0       |
|     add_ln103_6_fu_24035_p2             | -   |        | add_ln103_6              | add     | fabric  | 0       |
|     empty_291_fu_24045_p2               | -   |        | empty_291                | add     | fabric  | 0       |
|     empty_292_fu_24049_p2               | -   |        | empty_292                | add     | fabric  | 0       |
|     add_ln101_42_fu_24063_p2            | -   |        | add_ln101_42             | add     | fabric  | 0       |
|     tmp_164_fu_24297_p17                | -   |        | add_ln101_43             | add     | fabric  | 0       |
|     fmul_32ns_32ns_32_5_max_dsp_1_U4    | 3   |        | mul54_2_1                | fmul    | maxdsp  | 4       |
|     add_ln101_44_fu_24335_p2            | -   |        | add_ln101_44             | add     | fabric  | 0       |
|     tmp_165_fu_24524_p17                | -   |        | add_ln101_45             | add     | fabric  | 0       |
|     fadd_32ns_32ns_32_8_full_dsp_1_U2   | 2   |        | tile_acc_313             | fadd    | fulldsp | 7       |
|     add_ln101_46_fu_24383_p2            | -   |        | add_ln101_46             | add     | fabric  | 0       |
|     tmp_166_fu_24630_p17                | -   |        | add_ln101_47             | add     | fabric  | 0       |
|     fmul_32ns_32ns_32_5_max_dsp_1_U4    | 3   |        | mul54_2_1_2              | fmul    | maxdsp  | 4       |
|     empty_293_fu_24668_p2               | -   |        | empty_293                | add     | fabric  | 0       |
|     empty_294_fu_24672_p2               | -   |        | empty_294                | add     | fabric  | 0       |
|     add_ln101_48_fu_24686_p2            | -   |        | add_ln101_48             | add     | fabric  | 0       |
|     tmp_167_fu_24874_p17                | -   |        | add_ln101_49             | add     | fabric  | 0       |
|     add_ln101_50_fu_24721_p2            | -   |        | add_ln101_50             | add     | fabric  | 0       |
|     tmp_168_fu_24980_p17                | -   |        | add_ln101_51             | add     | fabric  | 0       |
|     add_ln103_9_fu_24756_p2             | -   |        | add_ln103_9              | add     | fabric  | 0       |
|     fmul_32ns_32ns_32_5_max_dsp_1_U4    | 3   |        | mul54_2_2_1              | fmul    | maxdsp  | 4       |
|     add_ln101_52_fu_24766_p2            | -   |        | add_ln101_52             | add     | fabric  | 0       |
|     tmp_169_fu_25232_p17                | -   |        | add_ln101_53             | add     | fabric  | 0       |
|     mul_8ns_8ns_15_1_1_U13              | -   |        | empty_296                | mul     | auto    | 0       |
|     empty_297_fu_25057_p2               | -   |        | empty_297                | add     | fabric  | 0       |
|     empty_298_fu_25074_p2               | -   |        | empty_298                | add     | fabric  | 0       |
|     empty_299_fu_25085_p2               | -   |        | empty_299                | add     | fabric  | 0       |
|     add_ln101_54_fu_25093_p2            | -   |        | add_ln101_54             | add     | fabric  | 0       |
|     tmp_170_fu_25338_p17                | -   |        | add_ln101_55             | add     | fabric  | 0       |
|     fmul_32ns_32ns_32_5_max_dsp_1_U4    | 3   |        | mul54_3                  | fmul    | maxdsp  | 4       |
|     add_ln101_56_fu_25376_p2            | -   |        | add_ln101_56             | add     | fabric  | 0       |
|     tmp_171_fu_25557_p17                | -   |        | add_ln101_57             | add     | fabric  | 0       |
|     add_ln103_10_fu_25410_p2            | -   |        | add_ln103_10             | add     | fabric  | 0       |
|     add_ln101_58_fu_25420_p2            | -   |        | add_ln101_58             | add     | fabric  | 0       |
|     tmp_172_fu_25663_p17                | -   |        | add_ln101_59             | add     | fabric  | 0       |
|     add_ln103_11_fu_25454_p2            | -   |        | add_ln103_11             | add     | fabric  | 0       |
|     fmul_32ns_32ns_32_5_max_dsp_1_U4    | 3   |        | mul54_3_5                | fmul    | maxdsp  | 4       |
|     empty_300_fu_25701_p2               | -   |        | empty_300                | add     | fabric  | 0       |
|     empty_301_fu_25705_p2               | -   |        | empty_301                | add     | fabric  | 0       |
|     add_ln101_60_fu_25719_p2            | -   |        | add_ln101_60             | add     | fabric  | 0       |
|     tmp_173_fu_25896_p17                | -   |        | add_ln101_61             | add     | fabric  | 0       |
|     add_ln101_62_fu_25754_p2            | -   |        | add_ln101_62             | add     | fabric  | 0       |
|     tmp_174_fu_26002_p17                | -   |        | add_ln101_63             | add     | fabric  | 0       |
|     fmul_32ns_32ns_32_5_max_dsp_1_U4    | 3   |        | mul54_3_1_1              | fmul    | maxdsp  | 4       |
|     fadd_32ns_32ns_32_8_full_dsp_1_U2   | 2   |        | tile_acc_330             | fadd    | fulldsp | 7       |
|     add_ln101_64_fu_25803_p2            | -   |        | add_ln101_64             | add     | fabric  | 0       |
|     tmp_175_fu_26200_p17                | -   |        | add_ln101_65             | add     | fabric  | 0       |
|     add_ln103_14_fu_26059_p2            | -   |        | add_ln103_14             | add     | fabric  | 0       |
|     empty_302_fu_26069_p2               | -   |        | empty_302                | add     | fabric  | 0       |
|     empty_303_fu_26073_p2               | -   |        | empty_303                | add     | fabric  | 0       |
|     add_ln101_66_fu_26087_p2            | -   |        | add_ln101_66             | add     | fabric  | 0       |
|     tmp_176_fu_26306_p17                | -   |        | add_ln101_67             | add     | fabric  | 0       |
|     fmul_32ns_32ns_32_5_max_dsp_1_U4    | 3   |        | mul54_3_2                | fmul    | maxdsp  | 4       |
|     add_ln101_68_fu_26344_p2            | -   |        | add_ln101_68             | add     | fabric  | 0       |
|     tmp_177_fu_26510_p17                | -   |        | add_ln101_69             | add     | fabric  | 0       |
|     add_ln103_15_fu_26378_p2            | -   |        | add_ln103_15             | add     | fabric  | 0       |
|     add_ln101_70_fu_26388_p2            | -   |        | add_ln101_70             | add     | fabric  | 0       |
|     tmp_178_fu_26616_p17                | -   |        | add_ln101_71             | add     | fabric  | 0       |
|     add_ln103_16_fu_26422_p2            | -   |        | add_ln103_16             | add     | fabric  | 0       |
|     fmul_32ns_32ns_32_5_max_dsp_1_U4    | 3   |        | mul54_3_2_2              | fmul    | maxdsp  | 4       |
|     mul_8ns_8ns_15_1_1_U16              | -   |        | empty_305                | mul     | auto    | 0       |
|     empty_306_fu_26660_p2               | -   |        | empty_306                | add     | fabric  | 0       |
|     empty_307_fu_26677_p2               | -   |        | empty_307                | add     | fabric  | 0       |
|     empty_308_fu_26688_p2               | -   |        | empty_308                | add     | fabric  | 0       |
|     add_ln101_72_fu_26696_p2            | -   |        | add_ln101_72             | add     | fabric  | 0       |
|     tmp_179_fu_26881_p17                | -   |        | add_ln101_73             | add     | fabric  | 0       |
|     add_ln101_74_fu_26731_p2            | -   |        | add_ln101_74             | add     | fabric  | 0       |
|     tmp_180_fu_26987_p17                | -   |        | add_ln101_75             | add     | fabric  | 0       |
|     fmul_32ns_32ns_32_5_max_dsp_1_U4    | 3   |        | mul54_4_s                | fmul    | maxdsp  | 4       |
|     add_ln101_76_fu_26777_p2            | -   |        | add_ln101_76             | add     | fabric  | 0       |
|     tmp_181_fu_27185_p17                | -   |        | add_ln101_77             | add     | fabric  | 0       |
|     empty_309_fu_27054_p2               | -   |        | empty_309                | add     | fabric  | 0       |
|     add_ln101_78_fu_27072_p2            | -   |        | add_ln101_78             | add     | fabric  | 0       |
|     tmp_182_fu_27291_p17                | -   |        | add_ln101_79             | add     | fabric  | 0       |
|     fmul_32ns_32ns_32_5_max_dsp_1_U4    | 3   |        | mul54_4_1                | fmul    | maxdsp  | 4       |
|     add_ln101_80_fu_27329_p2            | -   |        | add_ln101_80             | add     | fabric  | 0       |
|     tmp_183_fu_27502_p17                | -   |        | add_ln101_81             | add     | fabric  | 0       |
|     add_ln103_17_fu_27363_p2            | -   |        | add_ln103_17             | add     | fabric  | 0       |
|     fadd_32ns_32ns_32_8_full_dsp_1_U2   | 2   |        | tile_acc_347             | fadd    | fulldsp | 7       |
|     add_ln101_82_fu_27373_p2            | -   |        | add_ln101_82             | add     | fabric  | 0       |
|     tmp_184_fu_27608_p17                | -   |        | add_ln101_83             | add     | fabric  | 0       |
|     add_ln103_18_fu_27407_p2            | -   |        | add_ln103_18             | add     | fabric  | 0       |
|     fmul_32ns_32ns_32_5_max_dsp_1_U4    | 3   |        | mul54_4_1_2              | fmul    | maxdsp  | 4       |
|     empty_311_fu_27646_p2               | -   |        | empty_311                | add     | fabric  | 0       |
|     empty_312_fu_27650_p2               | -   |        | empty_312                | add     | fabric  | 0       |
|     add_ln101_84_fu_27664_p2            | -   |        | add_ln101_84             | add     | fabric  | 0       |
|     tmp_185_fu_27837_p17                | -   |        | add_ln101_85             | add     | fabric  | 0       |
|     add_ln101_86_fu_27699_p2            | -   |        | add_ln101_86             | add     | fabric  | 0       |
|     tmp_186_fu_27943_p17                | -   |        | add_ln101_87             | add     | fabric  | 0       |
|     add_ln103_19_fu_27734_p2            | -   |        | add_ln103_19             | add     | fabric  | 0       |
|     fmul_32ns_32ns_32_5_max_dsp_1_U4    | 3   |        | mul54_4_2_1              | fmul    | maxdsp  | 4       |
|     add_ln101_88_fu_27744_p2            | -   |        | add_ln101_88             | add     | fabric  | 0       |
|     tmp_187_fu_28166_p17                | -   |        | add_ln101_89             | add     | fabric  | 0       |
|     mul_8ns_8ns_15_1_1_U19              | -   |        | empty_314                | mul     | auto    | 0       |
|     empty_315_fu_28017_p2               | -   |        | empty_315                | add     | fabric  | 0       |
|     empty_316_fu_28034_p2               | -   |        | empty_316                | add     | fabric  | 0       |
|     empty_317_fu_28045_p2               | -   |        | empty_317                | add     | fabric  | 0       |
|     add_ln101_90_fu_28053_p2            | -   |        | add_ln101_90             | add     | fabric  | 0       |
|     tmp_188_fu_28272_p17                | -   |        | add_ln101_91             | add     | fabric  | 0       |
|     fmul_32ns_32ns_32_5_max_dsp_1_U4    | 3   |        | mul54_5                  | fmul    | maxdsp  | 4       |
|     add_ln101_92_fu_28310_p2            | -   |        | add_ln101_92             | add     | fabric  | 0       |
|     tmp_189_fu_28476_p17                | -   |        | add_ln101_93             | add     | fabric  | 0       |
|     add_ln103_20_fu_28344_p2            | -   |        | add_ln103_20             | add     | fabric  | 0       |
|     add_ln101_94_fu_28354_p2            | -   |        | add_ln101_94             | add     | fabric  | 0       |
|     tmp_190_fu_28582_p17                | -   |        | add_ln101_95             | add     | fabric  | 0       |
|     fmul_32ns_32ns_32_5_max_dsp_1_U4    | 3   |        | mul54_5_5                | fmul    | maxdsp  | 4       |
|     empty_318_fu_28620_p2               | -   |        | empty_318                | add     | fabric  | 0       |
|     empty_319_fu_28624_p2               | -   |        | empty_319                | add     | fabric  | 0       |
|     add_ln101_96_fu_28638_p2            | -   |        | add_ln101_96             | add     | fabric  | 0       |
|     tmp_191_fu_28811_p17                | -   |        | add_ln101_97             | add     | fabric  | 0       |
|     add_ln101_98_fu_28673_p2            | -   |        | add_ln101_98             | add     | fabric  | 0       |
|     tmp_192_fu_28917_p17                | -   |        | add_ln101_99             | add     | fabric  | 0       |
|     add_ln103_22_fu_28708_p2            | -   |        | add_ln103_22             | add     | fabric  | 0       |
|     fmul_32ns_32ns_32_5_max_dsp_1_U4    | 3   |        | mul54_5_1_1              | fmul    | maxdsp  | 4       |
|     fadd_32ns_32ns_32_8_full_dsp_1_U2   | 2   |        | tile_acc_364             | fadd    | fulldsp | 7       |
|     add_ln101_100_fu_28718_p2           | -   |        | add_ln101_100            | add     | fabric  | 0       |
|     tmp_193_fu_29115_p17                | -   |        | add_ln101_101            | add     | fabric  | 0       |
|     add_ln103_23_fu_28974_p2            | -   |        | add_ln103_23             | add     | fabric  | 0       |
|     empty_320_fu_28984_p2               | -   |        | empty_320                | add     | fabric  | 0       |
|     empty_321_fu_28988_p2               | -   |        | empty_321                | add     | fabric  | 0       |
|     add_ln101_102_fu_29002_p2           | -   |        | add_ln101_102            | add     | fabric  | 0       |
|     tmp_194_fu_29221_p17                | -   |        | add_ln101_103            | add     | fabric  | 0       |
|     fmul_32ns_32ns_32_5_max_dsp_1_U4    | 3   |        | mul54_5_2                | fmul    | maxdsp  | 4       |
|     add_ln101_104_fu_29259_p2           | -   |        | add_ln101_104            | add     | fabric  | 0       |
|     tmp_195_fu_29425_p17                | -   |        | add_ln101_105            | add     | fabric  | 0       |
|     add_ln103_24_fu_29293_p2            | -   |        | add_ln103_24             | add     | fabric  | 0       |
|     add_ln101_106_fu_29303_p2           | -   |        | add_ln101_106            | add     | fabric  | 0       |
|     tmp_196_fu_29531_p17                | -   |        | add_ln101_107            | add     | fabric  | 0       |
|     add_ln103_25_fu_29337_p2            | -   |        | add_ln103_25             | add     | fabric  | 0       |
|     fmul_32ns_32ns_32_5_max_dsp_1_U4    | 3   |        | mul54_5_2_2              | fmul    | maxdsp  | 4       |
|     mul_8ns_8ns_15_1_1_U22              | -   |        | empty_323                | mul     | auto    | 0       |
|     empty_324_fu_29575_p2               | -   |        | empty_324                | add     | fabric  | 0       |
|     empty_325_fu_29592_p2               | -   |        | empty_325                | add     | fabric  | 0       |
|     empty_326_fu_29603_p2               | -   |        | empty_326                | add     | fabric  | 0       |
|     add_ln101_108_fu_29611_p2           | -   |        | add_ln101_108            | add     | fabric  | 0       |
|     tmp_197_fu_29796_p17                | -   |        | add_ln101_109            | add     | fabric  | 0       |
|     add_ln101_110_fu_29646_p2           | -   |        | add_ln101_110            | add     | fabric  | 0       |
|     tmp_198_fu_29902_p17                | -   |        | add_ln101_111            | add     | fabric  | 0       |
|     fmul_32ns_32ns_32_5_max_dsp_1_U4    | 3   |        | mul54_6_s                | fmul    | maxdsp  | 4       |
|     add_ln101_112_fu_29692_p2           | -   |        | add_ln101_112            | add     | fabric  | 0       |
|     tmp_199_fu_30100_p17                | -   |        | add_ln101_113            | add     | fabric  | 0       |
|     add_ln103_26_fu_29959_p2            | -   |        | add_ln103_26             | add     | fabric  | 0       |
|     empty_327_fu_29969_p2               | -   |        | empty_327                | add     | fabric  | 0       |
|     empty_328_fu_29973_p2               | -   |        | empty_328                | add     | fabric  | 0       |
|     add_ln101_114_fu_29987_p2           | -   |        | add_ln101_114            | add     | fabric  | 0       |
|     tmp_200_fu_30206_p17                | -   |        | add_ln101_115            | add     | fabric  | 0       |
|     fmul_32ns_32ns_32_5_max_dsp_1_U4    | 3   |        | mul54_6_1                | fmul    | maxdsp  | 4       |
|     add_ln101_116_fu_30244_p2           | -   |        | add_ln101_116            | add     | fabric  | 0       |
|     tmp_201_fu_30417_p17                | -   |        | add_ln101_117            | add     | fabric  | 0       |
|     add_ln103_27_fu_30278_p2            | -   |        | add_ln103_27             | add     | fabric  | 0       |
|     fadd_32ns_32ns_32_8_full_dsp_1_U2   | 2   |        | tile_acc_381             | fadd    | fulldsp | 7       |
|     add_ln101_118_fu_30288_p2           | -   |        | add_ln101_118            | add     | fabric  | 0       |
|     tmp_202_fu_30523_p17                | -   |        | add_ln101_119            | add     | fabric  | 0       |
|     add_ln103_28_fu_30322_p2            | -   |        | add_ln103_28             | add     | fabric  | 0       |
|     fmul_32ns_32ns_32_5_max_dsp_1_U4    | 3   |        | mul54_6_1_2              | fmul    | maxdsp  | 4       |
|     empty_329_fu_30561_p2               | -   |        | empty_329                | add     | fabric  | 0       |
|     empty_330_fu_30565_p2               | -   |        | empty_330                | add     | fabric  | 0       |
|     add_ln101_120_fu_30579_p2           | -   |        | add_ln101_120            | add     | fabric  | 0       |
|     tmp_203_fu_30752_p17                | -   |        | add_ln101_121            | add     | fabric  | 0       |
|     add_ln101_122_fu_30614_p2           | -   |        | add_ln101_122            | add     | fabric  | 0       |
|     tmp_204_fu_30858_p17                | -   |        | add_ln101_123            | add     | fabric  | 0       |
|     add_ln103_29_fu_30649_p2            | -   |        | add_ln103_29             | add     | fabric  | 0       |
|     fmul_32ns_32ns_32_5_max_dsp_1_U4    | 3   |        | mul54_6_2_1              | fmul    | maxdsp  | 4       |
|     add_ln101_124_fu_30659_p2           | -   |        | add_ln101_124            | add     | fabric  | 0       |
|     tmp_205_fu_31081_p17                | -   |        | add_ln101_125            | add     | fabric  | 0       |
|     mul_8ns_8ns_15_1_1_U25              | -   |        | empty_332                | mul     | auto    | 0       |
|     empty_333_fu_30932_p2               | -   |        | empty_333                | add     | fabric  | 0       |
|     empty_334_fu_30949_p2               | -   |        | empty_334                | add     | fabric  | 0       |
|     empty_335_fu_30960_p2               | -   |        | empty_335                | add     | fabric  | 0       |
|     add_ln101_126_fu_30968_p2           | -   |        | add_ln101_126            | add     | fabric  | 0       |
|     tmp_206_fu_31187_p17                | -   |        | add_ln101_127            | add     | fabric  | 0       |
|     fmul_32ns_32ns_32_5_max_dsp_1_U4    | 3   |        | mul54_7                  | fmul    | maxdsp  | 4       |
|     add_ln101_128_fu_31225_p2           | -   |        | add_ln101_128            | add     | fabric  | 0       |
|     tmp_207_fu_31391_p17                | -   |        | add_ln101_129            | add     | fabric  | 0       |
|     add_ln103_30_fu_31259_p2            | -   |        | add_ln103_30             | add     | fabric  | 0       |
|     add_ln101_130_fu_31269_p2           | -   |        | add_ln101_130            | add     | fabric  | 0       |
|     tmp_208_fu_31497_p17                | -   |        | add_ln101_131            | add     | fabric  | 0       |
|     add_ln103_31_fu_31303_p2            | -   |        | add_ln103_31             | add     | fabric  | 0       |
|     fmul_32ns_32ns_32_5_max_dsp_1_U4    | 3   |        | mul54_7_5                | fmul    | maxdsp  | 4       |
|     empty_336_fu_31535_p2               | -   |        | empty_336                | add     | fabric  | 0       |
|     empty_337_fu_31539_p2               | -   |        | empty_337                | add     | fabric  | 0       |
|     add_ln101_132_fu_31553_p2           | -   |        | add_ln101_132            | add     | fabric  | 0       |
|     tmp_209_fu_31726_p17                | -   |        | add_ln101_133            | add     | fabric  | 0       |
|     add_ln101_134_fu_31588_p2           | -   |        | add_ln101_134            | add     | fabric  | 0       |
|     tmp_210_fu_31832_p17                | -   |        | add_ln101_135            | add     | fabric  | 0       |
|     add_ln103_32_fu_31623_p2            | -   |        | add_ln103_32             | add     | fabric  | 0       |
|     fmul_32ns_32ns_32_5_max_dsp_1_U4    | 3   |        | mul54_7_1_1              | fmul    | maxdsp  | 4       |
|     fadd_32ns_32ns_32_8_full_dsp_1_U2   | 2   |        | tile_acc_398             | fadd    | fulldsp | 7       |
|     add_ln101_136_fu_31633_p2           | -   |        | add_ln101_136            | add     | fabric  | 0       |
|     tmp_211_fu_32030_p17                | -   |        | add_ln101_137            | add     | fabric  | 0       |
|     add_ln103_33_fu_31889_p2            | -   |        | add_ln103_33             | add     | fabric  | 0       |
|     empty_338_fu_31899_p2               | -   |        | empty_338                | add     | fabric  | 0       |
|     empty_339_fu_31903_p2               | -   |        | empty_339                | add     | fabric  | 0       |
|     add_ln101_138_fu_31917_p2           | -   |        | add_ln101_138            | add     | fabric  | 0       |
|     tmp_212_fu_32136_p17                | -   |        | add_ln101_139            | add     | fabric  | 0       |
|     fmul_32ns_32ns_32_5_max_dsp_1_U4    | 3   |        | mul54_7_2                | fmul    | maxdsp  | 4       |
|     add_ln101_140_fu_32174_p2           | -   |        | add_ln101_140            | add     | fabric  | 0       |
|     tmp_213_fu_32340_p17                | -   |        | add_ln101_141            | add     | fabric  | 0       |
|     add_ln103_34_fu_32208_p2            | -   |        | add_ln103_34             | add     | fabric  | 0       |
|     add_ln101_142_fu_32218_p2           | -   |        | add_ln101_142            | add     | fabric  | 0       |
|     tmp_214_fu_32446_p17                | -   |        | add_ln101_143            | add     | fabric  | 0       |
|     add_ln103_35_fu_32252_p2            | -   |        | add_ln103_35             | add     | fabric  | 0       |
|     fmul_32ns_32ns_32_5_max_dsp_1_U4    | 3   |        | mul54_7_2_2              | fmul    | maxdsp  | 4       |
|     mul_8ns_8ns_15_1_1_U28              | -   |        | empty_341                | mul     | auto    | 0       |
|     empty_342_fu_32487_p2               | -   |        | empty_342                | add     | fabric  | 0       |
|     empty_343_fu_32504_p2               | -   |        | empty_343                | add     | fabric  | 0       |
|     empty_344_fu_32515_p2               | -   |        | empty_344                | add     | fabric  | 0       |
|     add_ln101_144_fu_32523_p2           | -   |        | add_ln101_144            | add     | fabric  | 0       |
|     tmp_215_fu_32697_p17                | -   |        | add_ln101_145            | add     | fabric  | 0       |
|     add_ln101_146_fu_32558_p2           | -   |        | add_ln101_146            | add     | fabric  | 0       |
|     tmp_216_fu_32803_p17                | -   |        | add_ln101_147            | add     | fabric  | 0       |
|     fmul_32ns_32ns_32_5_max_dsp_1_U4    | 3   |        | mul54_8_s                | fmul    | maxdsp  | 4       |
|     add_ln101_148_fu_32604_p2           | -   |        | add_ln101_148            | add     | fabric  | 0       |
|     tmp_217_fu_33001_p17                | -   |        | add_ln101_149            | add     | fabric  | 0       |
|     empty_345_fu_32870_p2               | -   |        | empty_345                | add     | fabric  | 0       |
|     add_ln101_150_fu_32888_p2           | -   |        | add_ln101_150            | add     | fabric  | 0       |
|     tmp_218_fu_33107_p17                | -   |        | add_ln101_151            | add     | fabric  | 0       |
|     fmul_32ns_32ns_32_5_max_dsp_1_U4    | 3   |        | mul54_8_1                | fmul    | maxdsp  | 4       |
|     add_ln101_152_fu_33145_p2           | -   |        | add_ln101_152            | add     | fabric  | 0       |
|     tmp_219_fu_33317_p17                | -   |        | add_ln101_153            | add     | fabric  | 0       |
|     fadd_32ns_32ns_32_8_full_dsp_1_U2   | 2   |        | tile_acc_415             | fadd    | fulldsp | 7       |
|     add_ln101_154_fu_33189_p2           | -   |        | add_ln101_154            | add     | fabric  | 0       |
|     tmp_220_fu_33423_p17                | -   |        | add_ln101_155            | add     | fabric  | 0       |
|     fmul_32ns_32ns_32_5_max_dsp_1_U4    | 3   |        | mul54_8_1_2              | fmul    | maxdsp  | 4       |
|     fadd_32ns_32ns_32_8_full_dsp_1_U2   | 2   |        | tile_acc_416             | fadd    | fulldsp | 7       |
|     empty_347_fu_33461_p2               | -   |        | empty_347                | add     | fabric  | 0       |
|     add_ln101_156_fu_33479_p2           | -   |        | add_ln101_156            | add     | fabric  | 0       |
|     tmp_221_fu_33652_p17                | -   |        | add_ln101_157            | add     | fabric  | 0       |
|     add_ln101_158_fu_33514_p2           | -   |        | add_ln101_158            | add     | fabric  | 0       |
|     tmp_222_fu_33758_p17                | -   |        | add_ln101_159            | add     | fabric  | 0       |
|     fmul_32ns_32ns_32_5_max_dsp_1_U4    | 3   |        | mul54_8_2_1              | fmul    | maxdsp  | 4       |
|     add_ln101_160_fu_33559_p2           | -   |        | add_ln101_160            | add     | fabric  | 0       |
|     tmp_223_fu_33991_p17                | -   |        | add_ln101_161            | add     | fabric  | 0       |
|     add_ln103_36_fu_33815_p2            | -   |        | add_ln103_36             | add     | fabric  | 0       |
|     mul_8ns_8ns_15_1_1_U31              | -   |        | empty_350                | mul     | auto    | 0       |
|     empty_351_fu_33831_p2               | -   |        | empty_351                | add     | fabric  | 0       |
|     empty_352_fu_33848_p2               | -   |        | empty_352                | add     | fabric  | 0       |
|     empty_353_fu_33859_p2               | -   |        | empty_353                | add     | fabric  | 0       |
|     add_ln101_162_fu_33867_p2           | -   |        | add_ln101_162            | add     | fabric  | 0       |
|     tmp_224_fu_34097_p17                | -   |        | add_ln101_163            | add     | fabric  | 0       |
|     fmul_32ns_32ns_32_5_max_dsp_1_U4    | 3   |        | mul54_9                  | fmul    | maxdsp  | 4       |
|     fadd_32ns_32ns_32_8_full_dsp_1_U2   | 2   |        | tile_acc_424             | fadd    | fulldsp | 7       |
|     add_ln101_164_fu_34135_p2           | -   |        | add_ln101_164            | add     | fabric  | 0       |
|     tmp_225_fu_34301_p17                | -   |        | add_ln101_165            | add     | fabric  | 0       |
|     add_ln103_37_fu_34169_p2            | -   |        | add_ln103_37             | add     | fabric  | 0       |
|     fadd_32ns_32ns_32_8_full_dsp_1_U2   | 2   |        | tile_acc_426             | fadd    | fulldsp | 7       |
|     add_ln101_166_fu_34179_p2           | -   |        | add_ln101_166            | add     | fabric  | 0       |
|     tmp_226_fu_34407_p17                | -   |        | add_ln101_167            | add     | fabric  | 0       |
|     fmul_32ns_32ns_32_5_max_dsp_1_U4    | 3   |        | mul54_9_5                | fmul    | maxdsp  | 4       |
|     fadd_32ns_32ns_32_8_full_dsp_1_U2   | 2   |        | tile_acc_428             | fadd    | fulldsp | 7       |
|     empty_354_fu_34445_p2               | -   |        | empty_354                | add     | fabric  | 0       |
|     empty_355_fu_34449_p2               | -   |        | empty_355                | add     | fabric  | 0       |
|     add_ln101_168_fu_34463_p2           | -   |        | add_ln101_168            | add     | fabric  | 0       |
|     tmp_227_fu_34640_p17                | -   |        | add_ln101_169            | add     | fabric  | 0       |
|     fadd_32ns_32ns_32_8_full_dsp_1_U2   | 2   |        | tile_acc_430             | fadd    | fulldsp | 7       |
|     add_ln101_170_fu_34498_p2           | -   |        | add_ln101_170            | add     | fabric  | 0       |
|     tmp_228_fu_34746_p17                | -   |        | add_ln101_171            | add     | fabric  | 0       |
|     fmul_32ns_32ns_32_5_max_dsp_1_U4    | 3   |        | mul54_9_1_1              | fmul    | maxdsp  | 4       |
|     fadd_32ns_32ns_32_8_full_dsp_1_U2   | 2   |        | tile_acc_432             | fadd    | fulldsp | 7       |
|     add_ln101_172_fu_34547_p2           | -   |        | add_ln101_172            | add     | fabric  | 0       |
|     tmp_229_fu_34944_p17                | -   |        | add_ln101_173            | add     | fabric  | 0       |
|     add_ln103_39_fu_34803_p2            | -   |        | add_ln103_39             | add     | fabric  | 0       |
|     fadd_32ns_32ns_32_8_full_dsp_1_U2   | 2   |        | tile_acc_433             | fadd    | fulldsp | 7       |
|     empty_356_fu_34813_p2               | -   |        | empty_356                | add     | fabric  | 0       |
|     add_ln101_174_fu_34831_p2           | -   |        | add_ln101_174            | add     | fabric  | 0       |
|     tmp_230_fu_35050_p17                | -   |        | add_ln101_175            | add     | fabric  | 0       |
|     fmul_32ns_32ns_32_5_max_dsp_1_U4    | 3   |        | mul54_9_2                | fmul    | maxdsp  | 4       |
|     fadd_32ns_32ns_32_8_full_dsp_1_U2   | 2   |        | tile_acc_435             | fadd    | fulldsp | 7       |
|     add_ln101_176_fu_35088_p2           | -   |        | add_ln101_176            | add     | fabric  | 0       |
|     tmp_231_fu_35258_p17                | -   |        | add_ln101_177            | add     | fabric  | 0       |
|     add_ln103_40_fu_35122_p2            | -   |        | add_ln103_40             | add     | fabric  | 0       |
|     fadd_32ns_32ns_32_8_full_dsp_1_U2   | 2   |        | tile_acc_437             | fadd    | fulldsp | 7       |
|     add_ln101_178_fu_35132_p2           | -   |        | add_ln101_178            | add     | fabric  | 0       |
|     tmp_232_fu_35364_p17                | -   |        | add_ln101_179            | add     | fabric  | 0       |
|     fmul_32ns_32ns_32_5_max_dsp_1_U4    | 3   |        | mul54_9_2_2              | fmul    | maxdsp  | 4       |
|     fadd_32ns_32ns_32_8_full_dsp_1_U2   | 2   |        | tile_acc_439             | fadd    | fulldsp | 7       |
|     mul_8ns_8ns_15_1_1_U34              | -   |        | empty_359                | mul     | auto    | 0       |
|     empty_360_fu_35408_p2               | -   |        | empty_360                | add     | fabric  | 0       |
|     empty_361_fu_35425_p2               | -   |        | empty_361                | add     | fabric  | 0       |
|     empty_362_fu_35436_p2               | -   |        | empty_362                | add     | fabric  | 0       |
|     add_ln101_180_fu_35444_p2           | -   |        | add_ln101_180            | add     | fabric  | 0       |
|     tmp_233_fu_35629_p17                | -   |        | add_ln101_181            | add     | fabric  | 0       |
|     fadd_32ns_32ns_32_8_full_dsp_1_U2   | 2   |        | tile_acc_441             | fadd    | fulldsp | 7       |
|     add_ln101_182_fu_35479_p2           | -   |        | add_ln101_182            | add     | fabric  | 0       |
|     tmp_234_fu_35735_p17                | -   |        | add_ln101_183            | add     | fabric  | 0       |
|     fmul_32ns_32ns_32_5_max_dsp_1_U4    | 3   |        | mul54_10_s               | fmul    | maxdsp  | 4       |
|     fadd_32ns_32ns_32_8_full_dsp_1_U2   | 2   |        | tile_acc_443             | fadd    | fulldsp | 7       |
|     add_ln101_184_fu_35525_p2           | -   |        | add_ln101_184            | add     | fabric  | 0       |
|     tmp_235_fu_35933_p17                | -   |        | add_ln101_185            | add     | fabric  | 0       |
|     add_ln103_41_fu_35792_p2            | -   |        | add_ln103_41             | add     | fabric  | 0       |
|     fadd_32ns_32ns_32_8_full_dsp_1_U2   | 2   |        | tile_acc_445             | fadd    | fulldsp | 7       |
|     empty_363_fu_35802_p2               | -   |        | empty_363                | add     | fabric  | 0       |
|     empty_364_fu_35806_p2               | -   |        | empty_364                | add     | fabric  | 0       |
|     add_ln101_186_fu_35820_p2           | -   |        | add_ln101_186            | add     | fabric  | 0       |
|     tmp_236_fu_36039_p17                | -   |        | add_ln101_187            | add     | fabric  | 0       |
|     fmul_32ns_32ns_32_5_max_dsp_1_U4    | 3   |        | mul54_10_1               | fmul    | maxdsp  | 4       |
|     fadd_32ns_32ns_32_8_full_dsp_1_U2   | 2   |        | tile_acc_447             | fadd    | fulldsp | 7       |
|     add_ln101_188_fu_36077_p2           | -   |        | add_ln101_188            | add     | fabric  | 0       |
|     tmp_237_fu_36257_p17                | -   |        | add_ln101_189            | add     | fabric  | 0       |
|     fadd_32ns_32ns_32_8_full_dsp_1_U2   | 2   |        | tile_acc_449             | fadd    | fulldsp | 7       |
|     add_ln101_190_fu_36125_p2           | -   |        | add_ln101_190            | add     | fabric  | 0       |
|     tmp_238_fu_36363_p17                | -   |        | add_ln101_191            | add     | fabric  | 0       |
|     fmul_32ns_32ns_32_5_max_dsp_1_U4    | 3   |        | mul54_10_1_2             | fmul    | maxdsp  | 4       |
|     fadd_32ns_32ns_32_8_full_dsp_1_U2   | 2   |        | tile_acc_450             | fadd    | fulldsp | 7       |
|     empty_365_fu_36401_p2               | -   |        | empty_365                | add     | fabric  | 0       |
|     empty_366_fu_36405_p2               | -   |        | empty_366                | add     | fabric  | 0       |
|     add_ln101_192_fu_36419_p2           | -   |        | add_ln101_192            | add     | fabric  | 0       |
|     tmp_239_fu_36592_p17                | -   |        | add_ln101_193            | add     | fabric  | 0       |
|     fadd_32ns_32ns_32_8_full_dsp_1_U2   | 2   |        | tile_acc_452             | fadd    | fulldsp | 7       |
|     add_ln101_194_fu_36454_p2           | -   |        | add_ln101_194            | add     | fabric  | 0       |
|     tmp_240_fu_36698_p17                | -   |        | add_ln101_195            | add     | fabric  | 0       |
|     add_ln103_42_fu_36489_p2            | -   |        | add_ln103_42             | add     | fabric  | 0       |
|     fmul_32ns_32ns_32_5_max_dsp_1_U4    | 3   |        | mul54_10_2_1             | fmul    | maxdsp  | 4       |
|     fadd_32ns_32ns_32_8_full_dsp_1_U2   | 2   |        | tile_acc_454             | fadd    | fulldsp | 7       |
|     add_ln101_196_fu_36499_p2           | -   |        | add_ln101_196            | add     | fabric  | 0       |
|     tmp_241_fu_36931_p17                | -   |        | add_ln101_197            | add     | fabric  | 0       |
|     add_ln103_43_fu_36755_p2            | -   |        | add_ln103_43             | add     | fabric  | 0       |
|     fadd_32ns_32ns_32_8_full_dsp_1_U2   | 2   |        | tile_acc_456             | fadd    | fulldsp | 7       |
|     mul_8ns_8ns_15_1_1_U37              | -   |        | empty_368                | mul     | auto    | 0       |
|     empty_369_fu_36771_p2               | -   |        | empty_369                | add     | fabric  | 0       |
|     empty_370_fu_36788_p2               | -   |        | empty_370                | add     | fabric  | 0       |
|     empty_371_fu_36799_p2               | -   |        | empty_371                | add     | fabric  | 0       |
|     add_ln101_198_fu_36807_p2           | -   |        | add_ln101_198            | add     | fabric  | 0       |
|     tmp_242_fu_37037_p17                | -   |        | add_ln101_199            | add     | fabric  | 0       |
|     fmul_32ns_32ns_32_5_max_dsp_1_U4    | 3   |        | mul54_11                 | fmul    | maxdsp  | 4       |
|     fadd_32ns_32ns_32_8_full_dsp_1_U2   | 2   |        | tile_acc_458             | fadd    | fulldsp | 7       |
|     add_ln101_200_fu_37075_p2           | -   |        | add_ln101_200            | add     | fabric  | 0       |
|     tmp_243_fu_37241_p17                | -   |        | add_ln101_201            | add     | fabric  | 0       |
|     add_ln103_44_fu_37109_p2            | -   |        | add_ln103_44             | add     | fabric  | 0       |
|     fadd_32ns_32ns_32_8_full_dsp_1_U2   | 2   |        | tile_acc_460             | fadd    | fulldsp | 7       |
|     add_ln101_202_fu_37119_p2           | -   |        | add_ln101_202            | add     | fabric  | 0       |
|     tmp_244_fu_37347_p17                | -   |        | add_ln101_203            | add     | fabric  | 0       |
|     add_ln103_45_fu_37153_p2            | -   |        | add_ln103_45             | add     | fabric  | 0       |
|     fmul_32ns_32ns_32_5_max_dsp_1_U4    | 3   |        | mul54_11_5               | fmul    | maxdsp  | 4       |
|     fadd_32ns_32ns_32_8_full_dsp_1_U2   | 2   |        | tile_acc_462             | fadd    | fulldsp | 7       |
|     empty_372_fu_37385_p2               | -   |        | empty_372                | add     | fabric  | 0       |
|     empty_373_fu_37389_p2               | -   |        | empty_373                | add     | fabric  | 0       |
|     add_ln101_204_fu_37403_p2           | -   |        | add_ln101_204            | add     | fabric  | 0       |
|     tmp_245_fu_37580_p17                | -   |        | add_ln101_205            | add     | fabric  | 0       |
|     fadd_32ns_32ns_32_8_full_dsp_1_U2   | 2   |        | tile_acc_464             | fadd    | fulldsp | 7       |
|     add_ln101_206_fu_37438_p2           | -   |        | add_ln101_206            | add     | fabric  | 0       |
|     tmp_246_fu_37686_p17                | -   |        | add_ln101_207            | add     | fabric  | 0       |
|     fmul_32ns_32ns_32_5_max_dsp_1_U4    | 3   |        | mul54_11_1_1             | fmul    | maxdsp  | 4       |
|     fadd_32ns_32ns_32_8_full_dsp_1_U2   | 2   |        | tile_acc_466             | fadd    | fulldsp | 7       |
|     add_ln101_208_fu_37487_p2           | -   |        | add_ln101_208            | add     | fabric  | 0       |
|     tmp_247_fu_37884_p17                | -   |        | add_ln101_209            | add     | fabric  | 0       |
|     add_ln103_46_fu_37743_p2            | -   |        | add_ln103_46             | add     | fabric  | 0       |
|     fadd_32ns_32ns_32_8_full_dsp_1_U2   | 2   |        | tile_acc_467             | fadd    | fulldsp | 7       |
|     empty_374_fu_37753_p2               | -   |        | empty_374                | add     | fabric  | 0       |
|     empty_375_fu_37757_p2               | -   |        | empty_375                | add     | fabric  | 0       |
|     add_ln101_210_fu_37771_p2           | -   |        | add_ln101_210            | add     | fabric  | 0       |
|     tmp_248_fu_37990_p17                | -   |        | add_ln101_211            | add     | fabric  | 0       |
|     fmul_32ns_32ns_32_5_max_dsp_1_U4    | 3   |        | mul54_11_2               | fmul    | maxdsp  | 4       |
|     fadd_32ns_32ns_32_8_full_dsp_1_U2   | 2   |        | tile_acc_469             | fadd    | fulldsp | 7       |
|     add_ln101_212_fu_38028_p2           | -   |        | add_ln101_212            | add     | fabric  | 0       |
|     tmp_249_fu_38198_p17                | -   |        | add_ln101_213            | add     | fabric  | 0       |
|     add_ln103_47_fu_38062_p2            | -   |        | add_ln103_47             | add     | fabric  | 0       |
|     fadd_32ns_32ns_32_8_full_dsp_1_U2   | 2   |        | tile_acc_471             | fadd    | fulldsp | 7       |
|     add_ln101_214_fu_38072_p2           | -   |        | add_ln101_214            | add     | fabric  | 0       |
|     tmp_250_fu_38304_p17                | -   |        | add_ln101_215            | add     | fabric  | 0       |
|     fmul_32ns_32ns_32_5_max_dsp_1_U4    | 3   |        | mul54_11_2_2             | fmul    | maxdsp  | 4       |
|     fadd_32ns_32ns_32_8_full_dsp_1_U2   | 2   |        | tile_acc_473             | fadd    | fulldsp | 7       |
|     mul_8ns_8ns_15_1_1_U40              | -   |        | empty_377                | mul     | auto    | 0       |
|     empty_378_fu_38345_p2               | -   |        | empty_378                | add     | fabric  | 0       |
|     empty_379_fu_38362_p2               | -   |        | empty_379                | add     | fabric  | 0       |
|     empty_380_fu_38373_p2               | -   |        | empty_380                | add     | fabric  | 0       |
|     add_ln101_216_fu_38381_p2           | -   |        | add_ln101_216            | add     | fabric  | 0       |
|     tmp_251_fu_38555_p17                | -   |        | add_ln101_217            | add     | fabric  | 0       |
|     fadd_32ns_32ns_32_8_full_dsp_1_U2   | 2   |        | tile_acc_475             | fadd    | fulldsp | 7       |
|     add_ln101_218_fu_38416_p2           | -   |        | add_ln101_218            | add     | fabric  | 0       |
|     tmp_252_fu_38661_p17                | -   |        | add_ln101_219            | add     | fabric  | 0       |
|     fmul_32ns_32ns_32_5_max_dsp_1_U4    | 3   |        | mul54_12_s               | fmul    | maxdsp  | 4       |
|     fadd_32ns_32ns_32_8_full_dsp_1_U2   | 2   |        | tile_acc_477             | fadd    | fulldsp | 7       |
|     add_ln101_220_fu_38462_p2           | -   |        | add_ln101_220            | add     | fabric  | 0       |
|     tmp_253_fu_38859_p17                | -   |        | add_ln101_221            | add     | fabric  | 0       |
|     fadd_32ns_32ns_32_8_full_dsp_1_U2   | 2   |        | tile_acc_479             | fadd    | fulldsp | 7       |
|     empty_381_fu_38728_p2               | -   |        | empty_381                | add     | fabric  | 0       |
|     add_ln101_222_fu_38746_p2           | -   |        | add_ln101_222            | add     | fabric  | 0       |
|     tmp_254_fu_38965_p17                | -   |        | add_ln101_223            | add     | fabric  | 0       |
|     fmul_32ns_32ns_32_5_max_dsp_1_U4    | 3   |        | mul54_12_1               | fmul    | maxdsp  | 4       |
|     fadd_32ns_32ns_32_8_full_dsp_1_U2   | 2   |        | tile_acc_481             | fadd    | fulldsp | 7       |
|     add_ln101_224_fu_39003_p2           | -   |        | add_ln101_224            | add     | fabric  | 0       |
|     tmp_255_fu_39169_p17                | -   |        | add_ln101_225            | add     | fabric  | 0       |
|     add_ln103_48_fu_39037_p2            | -   |        | add_ln103_48             | add     | fabric  | 0       |
|     fadd_32ns_32ns_32_8_full_dsp_1_U2   | 2   |        | tile_acc_483             | fadd    | fulldsp | 7       |
|     add_ln101_226_fu_39047_p2           | -   |        | add_ln101_226            | add     | fabric  | 0       |
|     tmp_256_fu_39275_p17                | -   |        | add_ln101_227            | add     | fabric  | 0       |
|     add_ln103_49_fu_39081_p2            | -   |        | add_ln103_49             | add     | fabric  | 0       |
|     fmul_32ns_32ns_32_5_max_dsp_1_U4    | 3   |        | mul54_12_1_2             | fmul    | maxdsp  | 4       |
|     fadd_32ns_32ns_32_8_full_dsp_1_U2   | 2   |        | tile_acc_484             | fadd    | fulldsp | 7       |
|     empty_383_fu_39313_p2               | -   |        | empty_383                | add     | fabric  | 0       |
|     empty_384_fu_39317_p2               | -   |        | empty_384                | add     | fabric  | 0       |
|     add_ln101_228_fu_39331_p2           | -   |        | add_ln101_228            | add     | fabric  | 0       |
|     tmp_257_fu_39504_p17                | -   |        | add_ln101_229            | add     | fabric  | 0       |
|     fadd_32ns_32ns_32_8_full_dsp_1_U2   | 2   |        | tile_acc_486             | fadd    | fulldsp | 7       |
|     add_ln101_230_fu_39366_p2           | -   |        | add_ln101_230            | add     | fabric  | 0       |
|     tmp_258_fu_39610_p17                | -   |        | add_ln101_231            | add     | fabric  | 0       |
|     add_ln103_50_fu_39401_p2            | -   |        | add_ln103_50             | add     | fabric  | 0       |
|     fmul_32ns_32ns_32_5_max_dsp_1_U4    | 3   |        | mul54_12_2_1             | fmul    | maxdsp  | 4       |
|     fadd_32ns_32ns_32_8_full_dsp_1_U2   | 2   |        | tile_acc_488             | fadd    | fulldsp | 7       |
|     add_ln101_232_fu_39411_p2           | -   |        | add_ln101_232            | add     | fabric  | 0       |
|     tmp_259_fu_39843_p17                | -   |        | add_ln101_233            | add     | fabric  | 0       |
|     add_ln103_51_fu_39667_p2            | -   |        | add_ln103_51             | add     | fabric  | 0       |
|     fadd_32ns_32ns_32_8_full_dsp_1_U2   | 2   |        | tile_acc_490             | fadd    | fulldsp | 7       |
|     mul_8ns_8ns_15_1_1_U43              | -   |        | empty_386                | mul     | auto    | 0       |
|     empty_387_fu_39683_p2               | -   |        | empty_387                | add     | fabric  | 0       |
|     empty_388_fu_39700_p2               | -   |        | empty_388                | add     | fabric  | 0       |
|     empty_389_fu_39711_p2               | -   |        | empty_389                | add     | fabric  | 0       |
|     add_ln101_234_fu_39719_p2           | -   |        | add_ln101_234            | add     | fabric  | 0       |
|     tmp_260_fu_39949_p17                | -   |        | add_ln101_235            | add     | fabric  | 0       |
|     fmul_32ns_32ns_32_5_max_dsp_1_U4    | 3   |        | mul54_13                 | fmul    | maxdsp  | 4       |
|     fadd_32ns_32ns_32_8_full_dsp_1_U2   | 2   |        | tile_acc_492             | fadd    | fulldsp | 7       |
|     add_ln101_236_fu_39987_p2           | -   |        | add_ln101_236            | add     | fabric  | 0       |
|     tmp_261_fu_40153_p17                | -   |        | add_ln101_237            | add     | fabric  | 0       |
|     add_ln103_52_fu_40021_p2            | -   |        | add_ln103_52             | add     | fabric  | 0       |
|     fadd_32ns_32ns_32_8_full_dsp_1_U2   | 2   |        | tile_acc_494             | fadd    | fulldsp | 7       |
|     add_ln101_238_fu_40031_p2           | -   |        | add_ln101_238            | add     | fabric  | 0       |
|     tmp_262_fu_40259_p17                | -   |        | add_ln101_239            | add     | fabric  | 0       |
|     fmul_32ns_32ns_32_5_max_dsp_1_U4    | 3   |        | mul54_13_5               | fmul    | maxdsp  | 4       |
|     fadd_32ns_32ns_32_8_full_dsp_1_U2   | 2   |        | tile_acc_496             | fadd    | fulldsp | 7       |
|     empty_390_fu_40297_p2               | -   |        | empty_390                | add     | fabric  | 0       |
|     empty_391_fu_40301_p2               | -   |        | empty_391                | add     | fabric  | 0       |
|     add_ln101_240_fu_40315_p2           | -   |        | add_ln101_240            | add     | fabric  | 0       |
|     tmp_263_fu_40488_p17                | -   |        | add_ln101_241            | add     | fabric  | 0       |
|     fadd_32ns_32ns_32_8_full_dsp_1_U2   | 2   |        | tile_acc_498             | fadd    | fulldsp | 7       |
|     add_ln101_242_fu_40350_p2           | -   |        | add_ln101_242            | add     | fabric  | 0       |
|     tmp_264_fu_40594_p17                | -   |        | add_ln101_243            | add     | fabric  | 0       |
|     add_ln103_54_fu_40385_p2            | -   |        | add_ln103_54             | add     | fabric  | 0       |
|     fmul_32ns_32ns_32_5_max_dsp_1_U4    | 3   |        | mul54_13_1_1             | fmul    | maxdsp  | 4       |
|     fadd_32ns_32ns_32_8_full_dsp_1_U2   | 2   |        | tile_acc_500             | fadd    | fulldsp | 7       |
|     add_ln101_244_fu_40395_p2           | -   |        | add_ln101_244            | add     | fabric  | 0       |
|     tmp_265_fu_40792_p17                | -   |        | add_ln101_245            | add     | fabric  | 0       |
|     add_ln103_55_fu_40651_p2            | -   |        | add_ln103_55             | add     | fabric  | 0       |
|     fadd_32ns_32ns_32_8_full_dsp_1_U2   | 2   |        | tile_acc_501             | fadd    | fulldsp | 7       |
|     empty_392_fu_40661_p2               | -   |        | empty_392                | add     | fabric  | 0       |
|     empty_393_fu_40665_p2               | -   |        | empty_393                | add     | fabric  | 0       |
|     add_ln101_246_fu_40679_p2           | -   |        | add_ln101_246            | add     | fabric  | 0       |
|     tmp_266_fu_40898_p17                | -   |        | add_ln101_247            | add     | fabric  | 0       |
|     fmul_32ns_32ns_32_5_max_dsp_1_U4    | 3   |        | mul54_13_2               | fmul    | maxdsp  | 4       |
|     fadd_32ns_32ns_32_8_full_dsp_1_U2   | 2   |        | tile_acc_503             | fadd    | fulldsp | 7       |
|     add_ln101_248_fu_40936_p2           | -   |        | add_ln101_248            | add     | fabric  | 0       |
|     tmp_267_fu_41106_p17                | -   |        | add_ln101_249            | add     | fabric  | 0       |
|     add_ln103_56_fu_40970_p2            | -   |        | add_ln103_56             | add     | fabric  | 0       |
|     fadd_32ns_32ns_32_8_full_dsp_1_U2   | 2   |        | tile_acc_505             | fadd    | fulldsp | 7       |
|     add_ln101_250_fu_40980_p2           | -   |        | add_ln101_250            | add     | fabric  | 0       |
|     tmp_268_fu_41212_p17                | -   |        | add_ln101_251            | add     | fabric  | 0       |
|     fmul_32ns_32ns_32_5_max_dsp_1_U4    | 3   |        | mul54_13_2_2             | fmul    | maxdsp  | 4       |
|     fadd_32ns_32ns_32_8_full_dsp_1_U2   | 2   |        | tile_acc_507             | fadd    | fulldsp | 7       |
|     mul_8ns_8ns_15_1_1_U46              | -   |        | empty_395                | mul     | auto    | 0       |
|     empty_396_fu_41253_p2               | -   |        | empty_396                | add     | fabric  | 0       |
|     empty_397_fu_41270_p2               | -   |        | empty_397                | add     | fabric  | 0       |
|     empty_398_fu_41281_p2               | -   |        | empty_398                | add     | fabric  | 0       |
|     add_ln101_252_fu_41289_p2           | -   |        | add_ln101_252            | add     | fabric  | 0       |
|     tmp_269_fu_41463_p17                | -   |        | add_ln101_253            | add     | fabric  | 0       |
|     fadd_32ns_32ns_32_8_full_dsp_1_U2   | 2   |        | tile_acc_509             | fadd    | fulldsp | 7       |
|     add_ln101_254_fu_41324_p2           | -   |        | add_ln101_254            | add     | fabric  | 0       |
|     tmp_270_fu_41569_p17                | -   |        | add_ln101_255            | add     | fabric  | 0       |
|     fmul_32ns_32ns_32_5_max_dsp_1_U4    | 3   |        | mul54_14_s               | fmul    | maxdsp  | 4       |
|     fadd_32ns_32ns_32_8_full_dsp_1_U2   | 2   |        | tile_acc_511             | fadd    | fulldsp | 7       |
|     add_ln101_256_fu_41370_p2           | -   |        | add_ln101_256            | add     | fabric  | 0       |
|     tmp_271_fu_41774_p17                | -   |        | add_ln101_257            | add     | fabric  | 0       |
|     add_ln103_57_fu_41626_p2            | -   |        | add_ln103_57             | add     | fabric  | 0       |
|     fadd_32ns_32ns_32_8_full_dsp_1_U2   | 2   |        | tile_acc_513             | fadd    | fulldsp | 7       |
|     empty_399_fu_41636_p2               | -   |        | empty_399                | add     | fabric  | 0       |
|     empty_400_fu_41640_p2               | -   |        | empty_400                | add     | fabric  | 0       |
|     add_ln101_258_fu_41654_p2           | -   |        | add_ln101_258            | add     | fabric  | 0       |
|     tmp_272_fu_41880_p17                | -   |        | add_ln101_259            | add     | fabric  | 0       |
|     fmul_32ns_32ns_32_5_max_dsp_1_U4    | 3   |        | mul54_14_1               | fmul    | maxdsp  | 4       |
|     fadd_32ns_32ns_32_8_full_dsp_1_U2   | 2   |        | tile_acc_515             | fadd    | fulldsp | 7       |
|     add_ln101_260_fu_41918_p2           | -   |        | add_ln101_260            | add     | fabric  | 0       |
|     tmp_273_fu_42084_p17                | -   |        | add_ln101_261            | add     | fabric  | 0       |
|     add_ln103_58_fu_41952_p2            | -   |        | add_ln103_58             | add     | fabric  | 0       |
|     fadd_32ns_32ns_32_8_full_dsp_1_U2   | 2   |        | tile_acc_517             | fadd    | fulldsp | 7       |
|     add_ln101_262_fu_41962_p2           | -   |        | add_ln101_262            | add     | fabric  | 0       |
|     tmp_274_fu_42190_p17                | -   |        | add_ln101_263            | add     | fabric  | 0       |
|     add_ln103_59_fu_41996_p2            | -   |        | add_ln103_59             | add     | fabric  | 0       |
|     fmul_32ns_32ns_32_5_max_dsp_1_U4    | 3   |        | mul54_14_1_2             | fmul    | maxdsp  | 4       |
|     fadd_32ns_32ns_32_8_full_dsp_1_U2   | 2   |        | tile_acc_518             | fadd    | fulldsp | 7       |
|     empty_401_fu_42228_p2               | -   |        | empty_401                | add     | fabric  | 0       |
|     empty_402_fu_42232_p2               | -   |        | empty_402                | add     | fabric  | 0       |
|     add_ln101_264_fu_42246_p2           | -   |        | add_ln101_264            | add     | fabric  | 0       |
|     tmp_275_fu_42419_p17                | -   |        | add_ln101_265            | add     | fabric  | 0       |
|     fadd_32ns_32ns_32_8_full_dsp_1_U2   | 2   |        | tile_acc_520             | fadd    | fulldsp | 7       |
|     add_ln101_266_fu_42281_p2           | -   |        | add_ln101_266            | add     | fabric  | 0       |
|     tmp_276_fu_42525_p17                | -   |        | add_ln101_267            | add     | fabric  | 0       |
|     add_ln103_60_fu_42316_p2            | -   |        | add_ln103_60             | add     | fabric  | 0       |
|     fmul_32ns_32ns_32_5_max_dsp_1_U4    | 3   |        | mul54_14_2_1             | fmul    | maxdsp  | 4       |
|     fadd_32ns_32ns_32_8_full_dsp_1_U2   | 2   |        | tile_acc_522             | fadd    | fulldsp | 7       |
|     add_ln101_268_fu_42326_p2           | -   |        | add_ln101_268            | add     | fabric  | 0       |
|     tmp_277_fu_42758_p17                | -   |        | add_ln101_269            | add     | fabric  | 0       |
|     add_ln103_61_fu_42582_p2            | -   |        | add_ln103_61             | add     | fabric  | 0       |
|     fadd_32ns_32ns_32_8_full_dsp_1_U2   | 2   |        | tile_acc_524             | fadd    | fulldsp | 7       |
|     mul_8ns_8ns_15_1_1_U49              | -   |        | empty_404                | mul     | auto    | 0       |
|     empty_405_fu_42598_p2               | -   |        | empty_405                | add     | fabric  | 0       |
|     empty_406_fu_42615_p2               | -   |        | empty_406                | add     | fabric  | 0       |
|     empty_407_fu_42626_p2               | -   |        | empty_407                | add     | fabric  | 0       |
|     add_ln101_270_fu_42634_p2           | -   |        | add_ln101_270            | add     | fabric  | 0       |
|     tmp_278_fu_42864_p17                | -   |        | add_ln101_271            | add     | fabric  | 0       |
|     fmul_32ns_32ns_32_5_max_dsp_1_U4    | 3   |        | mul54_15                 | fmul    | maxdsp  | 4       |
|     fadd_32ns_32ns_32_8_full_dsp_1_U2   | 2   |        | tile_acc_526             | fadd    | fulldsp | 7       |
|     add_ln101_272_fu_42902_p2           | -   |        | add_ln101_272            | add     | fabric  | 0       |
|     tmp_279_fu_43068_p17                | -   |        | add_ln101_273            | add     | fabric  | 0       |
|     add_ln103_62_fu_42936_p2            | -   |        | add_ln103_62             | add     | fabric  | 0       |
|     fadd_32ns_32ns_32_8_full_dsp_1_U2   | 2   |        | tile_acc_528             | fadd    | fulldsp | 7       |
|     add_ln101_274_fu_42946_p2           | -   |        | add_ln101_274            | add     | fabric  | 0       |
|     tmp_280_fu_43174_p17                | -   |        | add_ln101_275            | add     | fabric  | 0       |
|     add_ln103_63_fu_42980_p2            | -   |        | add_ln103_63             | add     | fabric  | 0       |
|     fmul_32ns_32ns_32_5_max_dsp_1_U4    | 3   |        | mul54_15_5               | fmul    | maxdsp  | 4       |
|     fadd_32ns_32ns_32_8_full_dsp_1_U2   | 2   |        | tile_acc_530             | fadd    | fulldsp | 7       |
|     empty_408_fu_43212_p2               | -   |        | empty_408                | add     | fabric  | 0       |
|     empty_409_fu_43216_p2               | -   |        | empty_409                | add     | fabric  | 0       |
|     add_ln101_276_fu_43230_p2           | -   |        | add_ln101_276            | add     | fabric  | 0       |
|     tmp_281_fu_43403_p17                | -   |        | add_ln101_277            | add     | fabric  | 0       |
|     fadd_32ns_32ns_32_8_full_dsp_1_U2   | 2   |        | tile_acc_532             | fadd    | fulldsp | 7       |
|     add_ln101_278_fu_43265_p2           | -   |        | add_ln101_278            | add     | fabric  | 0       |
|     tmp_282_fu_43509_p17                | -   |        | add_ln101_279            | add     | fabric  | 0       |
|     add_ln103_64_fu_43300_p2            | -   |        | add_ln103_64             | add     | fabric  | 0       |
|     fmul_32ns_32ns_32_5_max_dsp_1_U4    | 3   |        | mul54_15_1_1             | fmul    | maxdsp  | 4       |
|     fadd_32ns_32ns_32_8_full_dsp_1_U2   | 2   |        | tile_acc_534             | fadd    | fulldsp | 7       |
|     add_ln101_280_fu_43310_p2           | -   |        | add_ln101_280            | add     | fabric  | 0       |
|     tmp_283_fu_43712_p17                | -   |        | add_ln101_281            | add     | fabric  | 0       |
|     add_ln103_65_fu_43566_p2            | -   |        | add_ln103_65             | add     | fabric  | 0       |
|     fadd_32ns_32ns_32_8_full_dsp_1_U2   | 2   |        | tile_acc_535             | fadd    | fulldsp | 7       |
|     empty_410_fu_43576_p2               | -   |        | empty_410                | add     | fabric  | 0       |
|     empty_411_fu_43580_p2               | -   |        | empty_411                | add     | fabric  | 0       |
|     add_ln101_282_fu_43594_p2           | -   |        | add_ln101_282            | add     | fabric  | 0       |
|     tmp_284_fu_43818_p17                | -   |        | add_ln101_283            | add     | fabric  | 0       |
|     fmul_32ns_32ns_32_5_max_dsp_1_U4    | 3   |        | mul54_15_2               | fmul    | maxdsp  | 4       |
|     fadd_32ns_32ns_32_8_full_dsp_1_U2   | 2   |        | tile_acc_537             | fadd    | fulldsp | 7       |
|     add_ln101_284_fu_43856_p2           | -   |        | add_ln101_284            | add     | fabric  | 0       |
|     tmp_285_fu_44035_p17                | -   |        | add_ln101_285            | add     | fabric  | 0       |
|     add_ln103_66_fu_43890_p2            | -   |        | add_ln103_66             | add     | fabric  | 0       |
|     fadd_32ns_32ns_32_8_full_dsp_1_U2   | 2   |        | tile_acc_539             | fadd    | fulldsp | 7       |
|     add_ln101_286_fu_43900_p2           | -   |        | add_ln101_286            | add     | fabric  | 0       |
|     tmp_286_fu_44141_p17                | -   |        | add_ln101_287            | add     | fabric  | 0       |
|     fmul_32ns_32ns_32_5_max_dsp_1_U4    | 3   |        | mul54_15_2_2             | fmul    | maxdsp  | 4       |
|     fadd_32ns_32ns_32_8_full_dsp_1_U2   | 2   |        | tile_acc_541             | fadd    | fulldsp | 7       |
|  + retina_conv_once_1                   | 10  |        |                          |         |         |         |
|    add_ln103_fu_653_p2                  | -   |        | add_ln103                | add     | fabric  | 0       |
|    add_ln103_1_fu_659_p2                | -   |        | add_ln103_1              | add     | fabric  | 0       |
|    empty_fu_665_p2                      | -   |        | empty                    | add     | fabric  | 0       |
|    add_ln103_2_fu_671_p2                | -   |        | add_ln103_2              | add     | fabric  | 0       |
|    empty_528_fu_677_p2                  | -   |        | empty_528                | add     | fabric  | 0       |
|    add_ln103_3_fu_683_p2                | -   |        | add_ln103_3              | add     | fabric  | 0       |
|    add_ln103_4_fu_689_p2                | -   |        | add_ln103_4              | add     | fabric  | 0       |
|    add_ln103_5_fu_695_p2                | -   |        | add_ln103_5              | add     | fabric  | 0       |
|    empty_529_fu_763_p2                  | -   |        | empty_529                | sub     | fabric  | 0       |
|    empty_530_fu_781_p2                  | -   |        | empty_530                | add     | fabric  | 0       |
|    empty_531_fu_786_p2                  | -   |        | empty_531                | add     | fabric  | 0       |
|    mul_8ns_8ns_15_1_1_U450              | -   |        | empty_532                | mul     | auto    | 0       |
|    empty_533_fu_837_p2                  | -   |        | empty_533                | add     | fabric  | 0       |
|    empty_534_fu_857_p2                  | -   |        | empty_534                | add     | fabric  | 0       |
|    indvars_iv_next1499_fu_863_p2        | -   |        | indvars_iv_next1499      | add     | fabric  | 0       |
|    empty_535_fu_875_p2                  | -   |        | empty_535                | add     | fabric  | 0       |
|    empty_536_fu_881_p2                  | -   |        | empty_536                | add     | fabric  | 0       |
|    add_ln65_fu_893_p2                   | -   |        | add_ln65                 | add     | fabric  | 0       |
|    add_ln65_1_fu_916_p2                 | -   |        | add_ln65_1               | add     | fabric  | 0       |
|    p_mid125_fu_946_p2                   | -   |        | p_mid125                 | sub     | fabric  | 0       |
|    p_mid129_fu_972_p2                   | -   |        | p_mid129                 | add     | fabric  | 0       |
|    p_mid131_fu_977_p2                   | -   |        | p_mid131                 | add     | fabric  | 0       |
|    mul_8ns_8ns_15_1_1_U451              | -   |        | p_mid133                 | mul     | auto    | 0       |
|    indvars_iv_next1499_dup_fu_1056_p2   | -   |        | indvars_iv_next1499_dup  | add     | fabric  | 0       |
|    p_mid1_fu_1096_p2                    | -   |        | p_mid1                   | add     | fabric  | 0       |
|    p_mid15_fu_1120_p2                   | -   |        | p_mid15                  | add     | fabric  | 0       |
|    indvars_iv_next1499_mid1_fu_1126_p2  | -   |        | indvars_iv_next1499_mid1 | add     | fabric  | 0       |
|    p_mid17_fu_1146_p2                   | -   |        | p_mid17                  | add     | fabric  | 0       |
|    p_mid19_fu_1257_p2                   | -   |        | p_mid19                  | add     | fabric  | 0       |
|    empty_539_fu_1164_p2                 | -   |        | empty_539                | add     | fabric  | 0       |
|    fmul_32ns_32ns_32_5_max_dsp_1_U448   | -   |        | indvars_iv_next1494      | add     | fabric  | 0       |
|    add_ln101_144_fu_1188_p2             | -   |        | add_ln101_144            | add     | fabric  | 0       |
|    fadd_32ns_32ns_32_8_full_dsp_1_U447  | 2   |        | acc                      | fadd    | fulldsp | 7       |
|    fadd_32ns_32ns_32_8_full_dsp_1_U447  | 2   |        | acc_12                   | fadd    | fulldsp | 7       |
|    fadd_32ns_32ns_32_8_full_dsp_1_U447  | 2   |        | acc_13                   | fadd    | fulldsp | 7       |
|    fadd_32ns_32ns_32_8_full_dsp_1_U447  | 2   |        | acc_14                   | fadd    | fulldsp | 7       |
|    fadd_32ns_32ns_32_8_full_dsp_1_U447  | 2   |        | acc_15                   | fadd    | fulldsp | 7       |
|    fadd_32ns_32ns_32_8_full_dsp_1_U447  | 2   |        | acc_16                   | fadd    | fulldsp | 7       |
|    fadd_32ns_32ns_32_8_full_dsp_1_U447  | 2   |        | acc_17                   | fadd    | fulldsp | 7       |
|    fadd_32ns_32ns_32_8_full_dsp_1_U447  | 2   |        | acc_18                   | fadd    | fulldsp | 7       |
|    fadd_32ns_32ns_32_8_full_dsp_1_U447  | 2   |        | acc_19                   | fadd    | fulldsp | 7       |
|    fadd_32ns_32ns_32_8_full_dsp_1_U447  | 2   |        | acc_20                   | fadd    | fulldsp | 7       |
|    fadd_32ns_32ns_32_8_full_dsp_1_U447  | 2   |        | acc_21                   | fadd    | fulldsp | 7       |
|    fadd_32ns_32ns_32_8_full_dsp_1_U447  | 2   |        | acc_22                   | fadd    | fulldsp | 7       |
|    fmul_32ns_32ns_32_5_max_dsp_1_U448   | 3   |        | mul                      | fmul    | maxdsp  | 4       |
|    fadd_32ns_32ns_32_8_full_dsp_1_U447  | 2   |        | y                        | fadd    | fulldsp | 7       |
|    add_ln119_fu_1297_p2                 | -   |        | add_ln119                | add     | fabric  | 0       |
|    add_ln119_1_fu_1313_p2               | -   |        | add_ln119_1              | add     | fabric  | 0       |
|    fadd_32ns_32ns_32_8_full_dsp_1_U447  | -   |        | dst_3_addr_write_ln119   | ram_t2p | bram    | 1       |
|    indvar_flatten_op_fu_1453_p2         | -   |        | indvar_flatten_op        | add     | fabric  | 0       |
|   + retina_conv_once_1_Pipeline_CO_ICT  | 5   |        |                          |         |         |         |
|     add_ln82_fu_20690_p2                | -   |        | add_ln82                 | add     | fabric  | 0       |
|     next_mul_fu_35093_p2                | -   |        | next_mul                 | add     | fabric  | 0       |
|     empty_412_fu_20711_p2               | -   |        | empty_412                | add     | fabric  | 0       |
|     empty_413_fu_20841_p2               | -   |        | empty_413                | add     | fabric  | 0       |
|     empty_414_fu_20717_p2               | -   |        | empty_414                | add     | fabric  | 0       |
|     add_ln101_fu_20727_p2               | -   |        | add_ln101                | add     | fabric  | 0       |
|     tmp_fu_20855_p17                    | -   |        | add_ln101_145            | add     | fabric  | 0       |
|     add_ln102_fu_20893_p2               | -   |        | add_ln102                | add     | fabric  | 0       |
|     add_ln101_1_fu_20763_p2             | -   |        | add_ln101_1              | add     | fabric  | 0       |
|     tmp_s_fu_20907_p17                  | -   |        | add_ln101_146            | add     | fabric  | 0       |
|     add_ln102_1_fu_20955_p2             | -   |        | add_ln102_1              | add     | fabric  | 0       |
|     fmul_32ns_32ns_32_5_max_dsp_1_U229  | 3   |        | mul54_s                  | fmul    | maxdsp  | 4       |
|     add_ln101_2_fu_20799_p2             | -   |        | add_ln101_2              | add     | fabric  | 0       |
|     tmp_143_fu_21046_p17                | -   |        | add_ln101_147            | add     | fabric  | 0       |
|     add_ln102_2_fu_21093_p2             | -   |        | add_ln102_2              | add     | fabric  | 0       |
|     empty_415_fu_20984_p2               | -   |        | empty_415                | add     | fabric  | 0       |
|     add_ln101_3_fu_20992_p2             | -   |        | add_ln101_3              | add     | fabric  | 0       |
|     tmp_144_fu_21116_p17                | -   |        | add_ln101_148            | add     | fabric  | 0       |
|     add_ln102_3_fu_21154_p2             | -   |        | add_ln102_3              | add     | fabric  | 0       |
|     fmul_32ns_32ns_32_5_max_dsp_1_U229  | 3   |        | mul54_20                 | fmul    | maxdsp  | 4       |
|     add_ln101_4_fu_21164_p2             | -   |        | add_ln101_4              | add     | fabric  | 0       |
|     tmp_145_fu_21261_p17                | -   |        | add_ln101_149            | add     | fabric  | 0       |
|     add_ln102_4_fu_21308_p2             | -   |        | add_ln102_4              | add     | fabric  | 0       |
|     add_ln101_5_fu_21198_p2             | -   |        | add_ln101_5              | add     | fabric  | 0       |
|     tmp_146_fu_21322_p17                | -   |        | add_ln101_150            | add     | fabric  | 0       |
|     add_ln102_5_fu_21369_p2             | -   |        | add_ln102_5              | add     | fabric  | 0       |
|     fmul_32ns_32ns_32_5_max_dsp_1_U229  | 3   |        | mul54_1573_2             | fmul    | maxdsp  | 4       |
|     empty_417_fu_21379_p2               | -   |        | empty_417                | add     | fabric  | 0       |
|     add_ln101_6_fu_21387_p2             | -   |        | add_ln101_6              | add     | fabric  | 0       |
|     tmp_147_fu_21510_p17                | -   |        | add_ln101_151            | add     | fabric  | 0       |
|     add_ln102_6_fu_21548_p2             | -   |        | add_ln102_6              | add     | fabric  | 0       |
|     add_ln101_7_fu_21422_p2             | -   |        | add_ln101_7              | add     | fabric  | 0       |
|     tmp_148_fu_21562_p17                | -   |        | add_ln101_152            | add     | fabric  | 0       |
|     add_ln102_7_fu_21609_p2             | -   |        | add_ln102_7              | add     | fabric  | 0       |
|     fmul_32ns_32ns_32_5_max_dsp_1_U229  | 3   |        | mul54_2597_1             | fmul    | maxdsp  | 4       |
|     add_ln101_8_fu_21457_p2             | -   |        | add_ln101_8              | add     | fabric  | 0       |
|     tmp_149_fu_21718_p17                | -   |        | add_ln101_153            | add     | fabric  | 0       |
|     add_ln102_8_fu_21765_p2             | -   |        | add_ln102_8              | add     | fabric  | 0       |
|     mul_8ns_8ns_15_1_1_U232             | -   |        | empty_420                | mul     | auto    | 0       |
|     empty_421_fu_21641_p2               | -   |        | empty_421                | add     | fabric  | 0       |
|     empty_422_fu_21788_p2               | -   |        | empty_422                | add     | fabric  | 0       |
|     empty_423_fu_21646_p2               | -   |        | empty_423                | add     | fabric  | 0       |
|     add_ln101_9_fu_21654_p2             | -   |        | add_ln101_9              | add     | fabric  | 0       |
|     tmp_150_fu_21802_p17                | -   |        | add_ln101_154            | add     | fabric  | 0       |
|     add_ln102_9_fu_21840_p2             | -   |        | add_ln102_9              | add     | fabric  | 0       |
|     fmul_32ns_32ns_32_5_max_dsp_1_U229  | 3   |        | mul54_1                  | fmul    | maxdsp  | 4       |
|     add_ln101_10_fu_21850_p2            | -   |        | add_ln101_10             | add     | fabric  | 0       |
|     tmp_151_fu_21958_p17                | -   |        | add_ln101_155            | add     | fabric  | 0       |
|     add_ln102_10_fu_21996_p2            | -   |        | add_ln102_10             | add     | fabric  | 0       |
|     add_ln101_11_fu_21884_p2            | -   |        | add_ln101_11             | add     | fabric  | 0       |
|     tmp_152_fu_22009_p17                | -   |        | add_ln101_156            | add     | fabric  | 0       |
|     add_ln102_11_fu_22047_p2            | -   |        | add_ln102_11             | add     | fabric  | 0       |
|     fmul_32ns_32ns_32_5_max_dsp_1_U229  | 3   |        | mul54_1_4                | fmul    | maxdsp  | 4       |
|     empty_424_fu_22056_p2               | -   |        | empty_424                | add     | fabric  | 0       |
|     add_ln101_12_fu_22064_p2            | -   |        | add_ln101_12             | add     | fabric  | 0       |
|     tmp_153_fu_22178_p17                | -   |        | add_ln101_157            | add     | fabric  | 0       |
|     add_ln102_12_fu_22216_p2            | -   |        | add_ln102_12             | add     | fabric  | 0       |
|     add_ln101_13_fu_22099_p2            | -   |        | add_ln101_13             | add     | fabric  | 0       |
|     tmp_154_fu_22229_p17                | -   |        | add_ln101_158            | add     | fabric  | 0       |
|     add_ln102_13_fu_22276_p2            | -   |        | add_ln102_13             | add     | fabric  | 0       |
|     fmul_32ns_32ns_32_5_max_dsp_1_U229  | 3   |        | mul54_1_1_1              | fmul    | maxdsp  | 4       |
|     fadd_32ns_32ns_32_8_full_dsp_1_U227 | 2   |        | tile_acc_556             | fadd    | fulldsp | 7       |
|     add_ln101_14_fu_22134_p2            | -   |        | add_ln101_14             | add     | fabric  | 0       |
|     tmp_155_fu_22377_p17                | -   |        | add_ln101_159            | add     | fabric  | 0       |
|     add_ln102_14_fu_22415_p2            | -   |        | add_ln102_14             | add     | fabric  | 0       |
|     empty_425_fu_22305_p2               | -   |        | empty_425                | add     | fabric  | 0       |
|     add_ln101_15_fu_22313_p2            | -   |        | add_ln101_15             | add     | fabric  | 0       |
|     tmp_156_fu_22428_p17                | -   |        | add_ln101_160            | add     | fabric  | 0       |
|     add_ln102_15_fu_22466_p2            | -   |        | add_ln102_15             | add     | fabric  | 0       |
|     fmul_32ns_32ns_32_5_max_dsp_1_U229  | 3   |        | mul54_1_2                | fmul    | maxdsp  | 4       |
|     add_ln101_16_fu_22475_p2            | -   |        | add_ln101_16             | add     | fabric  | 0       |
|     tmp_157_fu_22572_p17                | -   |        | add_ln101_161            | add     | fabric  | 0       |
|     add_ln102_16_fu_22610_p2            | -   |        | add_ln102_16             | add     | fabric  | 0       |
|     add_ln101_17_fu_22509_p2            | -   |        | add_ln101_17             | add     | fabric  | 0       |
|     tmp_158_fu_22623_p17                | -   |        | add_ln101_162            | add     | fabric  | 0       |
|     add_ln102_17_fu_22661_p2            | -   |        | add_ln102_17             | add     | fabric  | 0       |
|     fmul_32ns_32ns_32_5_max_dsp_1_U229  | 3   |        | mul54_1_2_2              | fmul    | maxdsp  | 4       |
|     mul_8ns_8ns_15_1_1_U235             | -   |        | empty_427                | mul     | auto    | 0       |
|     empty_428_fu_22673_p2               | -   |        | empty_428                | add     | fabric  | 0       |
|     empty_429_fu_22809_p2               | -   |        | empty_429                | add     | fabric  | 0       |
|     empty_430_fu_22678_p2               | -   |        | empty_430                | add     | fabric  | 0       |
|     add_ln101_18_fu_22686_p2            | -   |        | add_ln101_18             | add     | fabric  | 0       |
|     tmp_159_fu_22823_p17                | -   |        | add_ln101_163            | add     | fabric  | 0       |
|     add_ln102_18_fu_22861_p2            | -   |        | add_ln102_18             | add     | fabric  | 0       |
|     add_ln101_19_fu_22721_p2            | -   |        | add_ln101_19             | add     | fabric  | 0       |
|     tmp_160_fu_22875_p17                | -   |        | add_ln101_164            | add     | fabric  | 0       |
|     add_ln102_19_fu_22923_p2            | -   |        | add_ln102_19             | add     | fabric  | 0       |
|     fmul_32ns_32ns_32_5_max_dsp_1_U229  | 3   |        | mul54_2_s                | fmul    | maxdsp  | 4       |
|     add_ln101_20_fu_22756_p2            | -   |        | add_ln101_20             | add     | fabric  | 0       |
|     tmp_161_fu_23035_p17                | -   |        | add_ln101_165            | add     | fabric  | 0       |
|     add_ln102_20_fu_23073_p2            | -   |        | add_ln102_20             | add     | fabric  | 0       |
|     empty_431_fu_22952_p2               | -   |        | empty_431                | add     | fabric  | 0       |
|     add_ln101_21_fu_22960_p2            | -   |        | add_ln101_21             | add     | fabric  | 0       |
|     tmp_162_fu_23086_p17                | -   |        | add_ln101_166            | add     | fabric  | 0       |
|     add_ln102_21_fu_23124_p2            | -   |        | add_ln102_21             | add     | fabric  | 0       |
|     fmul_32ns_32ns_32_5_max_dsp_1_U229  | 3   |        | mul54_2_1                | fmul    | maxdsp  | 4       |
|     add_ln101_22_fu_23133_p2            | -   |        | add_ln101_22             | add     | fabric  | 0       |
|     tmp_163_fu_23230_p17                | -   |        | add_ln101_167            | add     | fabric  | 0       |
|     add_ln102_22_fu_23277_p2            | -   |        | add_ln102_22             | add     | fabric  | 0       |
|     fadd_32ns_32ns_32_8_full_dsp_1_U227 | 2   |        | tile_acc_565             | fadd    | fulldsp | 7       |
|     add_ln101_23_fu_23167_p2            | -   |        | add_ln101_23             | add     | fabric  | 0       |
|     tmp_164_fu_23291_p17                | -   |        | add_ln101_168            | add     | fabric  | 0       |
|     add_ln102_23_fu_23338_p2            | -   |        | add_ln102_23             | add     | fabric  | 0       |
|     fmul_32ns_32ns_32_5_max_dsp_1_U229  | 3   |        | mul54_2_1_2              | fmul    | maxdsp  | 4       |
|     empty_432_fu_23348_p2               | -   |        | empty_432                | add     | fabric  | 0       |
|     add_ln101_24_fu_23356_p2            | -   |        | add_ln101_24             | add     | fabric  | 0       |
|     tmp_165_fu_23470_p17                | -   |        | add_ln101_169            | add     | fabric  | 0       |
|     add_ln102_24_fu_23508_p2            | -   |        | add_ln102_24             | add     | fabric  | 0       |
|     add_ln101_25_fu_23391_p2            | -   |        | add_ln101_25             | add     | fabric  | 0       |
|     tmp_166_fu_23521_p17                | -   |        | add_ln101_170            | add     | fabric  | 0       |
|     add_ln102_25_fu_23559_p2            | -   |        | add_ln102_25             | add     | fabric  | 0       |
|     fmul_32ns_32ns_32_5_max_dsp_1_U229  | 3   |        | mul54_2_2_1              | fmul    | maxdsp  | 4       |
|     add_ln101_26_fu_23426_p2            | -   |        | add_ln101_26             | add     | fabric  | 0       |
|     tmp_167_fu_23667_p17                | -   |        | add_ln101_171            | add     | fabric  | 0       |
|     add_ln102_26_fu_23714_p2            | -   |        | add_ln102_26             | add     | fabric  | 0       |
|     mul_8ns_8ns_15_1_1_U238             | -   |        | empty_434                | mul     | auto    | 0       |
|     empty_435_fu_23590_p2               | -   |        | empty_435                | add     | fabric  | 0       |
|     empty_436_fu_23737_p2               | -   |        | empty_436                | add     | fabric  | 0       |
|     empty_437_fu_23595_p2               | -   |        | empty_437                | add     | fabric  | 0       |
|     add_ln101_27_fu_23603_p2            | -   |        | add_ln101_27             | add     | fabric  | 0       |
|     tmp_168_fu_23751_p17                | -   |        | add_ln101_172            | add     | fabric  | 0       |
|     add_ln102_27_fu_23789_p2            | -   |        | add_ln102_27             | add     | fabric  | 0       |
|     fmul_32ns_32ns_32_5_max_dsp_1_U229  | 3   |        | mul54_3                  | fmul    | maxdsp  | 4       |
|     add_ln101_28_fu_23799_p2            | -   |        | add_ln101_28             | add     | fabric  | 0       |
|     tmp_169_fu_23907_p17                | -   |        | add_ln101_173            | add     | fabric  | 0       |
|     add_ln102_28_fu_23945_p2            | -   |        | add_ln102_28             | add     | fabric  | 0       |
|     add_ln101_29_fu_23833_p2            | -   |        | add_ln101_29             | add     | fabric  | 0       |
|     tmp_170_fu_23958_p17                | -   |        | add_ln101_174            | add     | fabric  | 0       |
|     add_ln102_29_fu_23996_p2            | -   |        | add_ln102_29             | add     | fabric  | 0       |
|     fmul_32ns_32ns_32_5_max_dsp_1_U229  | 3   |        | mul54_3_4                | fmul    | maxdsp  | 4       |
|     empty_438_fu_24005_p2               | -   |        | empty_438                | add     | fabric  | 0       |
|     add_ln101_30_fu_24013_p2            | -   |        | add_ln101_30             | add     | fabric  | 0       |
|     tmp_171_fu_24112_p17                | -   |        | add_ln101_175            | add     | fabric  | 0       |
|     add_ln102_30_fu_24150_p2            | -   |        | add_ln102_30             | add     | fabric  | 0       |
|     add_ln101_31_fu_24048_p2            | -   |        | add_ln101_31             | add     | fabric  | 0       |
|     tmp_172_fu_24163_p17                | -   |        | add_ln101_176            | add     | fabric  | 0       |
|     add_ln102_31_fu_24210_p2            | -   |        | add_ln102_31             | add     | fabric  | 0       |
|     fmul_32ns_32ns_32_5_max_dsp_1_U229  | 3   |        | mul54_3_1_1              | fmul    | maxdsp  | 4       |
|     fadd_32ns_32ns_32_8_full_dsp_1_U227 | 2   |        | tile_acc_574             | fadd    | fulldsp | 7       |
|     add_ln101_32_fu_24083_p2            | -   |        | add_ln101_32             | add     | fabric  | 0       |
|     tmp_173_fu_24296_p17                | -   |        | add_ln101_177            | add     | fabric  | 0       |
|     add_ln102_32_fu_24334_p2            | -   |        | add_ln102_32             | add     | fabric  | 0       |
|     empty_439_fu_24239_p2               | -   |        | empty_439                | add     | fabric  | 0       |
|     add_ln101_33_fu_24247_p2            | -   |        | add_ln101_33             | add     | fabric  | 0       |
|     tmp_174_fu_24347_p17                | -   |        | add_ln101_178            | add     | fabric  | 0       |
|     add_ln102_33_fu_24385_p2            | -   |        | add_ln102_33             | add     | fabric  | 0       |
|     fmul_32ns_32ns_32_5_max_dsp_1_U229  | 3   |        | mul54_3_2                | fmul    | maxdsp  | 4       |
|     add_ln101_34_fu_24394_p2            | -   |        | add_ln101_34             | add     | fabric  | 0       |
|     tmp_175_fu_24476_p17                | -   |        | add_ln101_179            | add     | fabric  | 0       |
|     add_ln102_34_fu_24514_p2            | -   |        | add_ln102_34             | add     | fabric  | 0       |
|     add_ln101_35_fu_24428_p2            | -   |        | add_ln101_35             | add     | fabric  | 0       |
|     tmp_176_fu_24527_p17                | -   |        | add_ln101_180            | add     | fabric  | 0       |
|     add_ln102_35_fu_24565_p2            | -   |        | add_ln102_35             | add     | fabric  | 0       |
|     fmul_32ns_32ns_32_5_max_dsp_1_U229  | 3   |        | mul54_3_2_2              | fmul    | maxdsp  | 4       |
|     mul_8ns_8ns_15_1_1_U241             | -   |        | empty_441                | mul     | auto    | 0       |
|     empty_442_fu_24577_p2               | -   |        | empty_442                | add     | fabric  | 0       |
|     empty_443_fu_24698_p2               | -   |        | empty_443                | add     | fabric  | 0       |
|     empty_444_fu_24582_p2               | -   |        | empty_444                | add     | fabric  | 0       |
|     add_ln101_36_fu_24590_p2            | -   |        | add_ln101_36             | add     | fabric  | 0       |
|     tmp_177_fu_24712_p17                | -   |        | add_ln101_181            | add     | fabric  | 0       |
|     add_ln102_36_fu_24750_p2            | -   |        | add_ln102_36             | add     | fabric  | 0       |
|     add_ln101_37_fu_24625_p2            | -   |        | add_ln101_37             | add     | fabric  | 0       |
|     tmp_178_fu_24764_p17                | -   |        | add_ln101_182            | add     | fabric  | 0       |
|     add_ln102_37_fu_24812_p2            | -   |        | add_ln102_37             | add     | fabric  | 0       |
|     fmul_32ns_32ns_32_5_max_dsp_1_U229  | 3   |        | mul54_4_s                | fmul    | maxdsp  | 4       |
|     add_ln101_38_fu_24660_p2            | -   |        | add_ln101_38             | add     | fabric  | 0       |
|     tmp_179_fu_24909_p17                | -   |        | add_ln101_183            | add     | fabric  | 0       |
|     add_ln102_38_fu_24956_p2            | -   |        | add_ln102_38             | add     | fabric  | 0       |
|     empty_445_fu_24841_p2               | -   |        | empty_445                | add     | fabric  | 0       |
|     add_ln101_39_fu_24849_p2            | -   |        | add_ln101_39             | add     | fabric  | 0       |
|     tmp_180_fu_24979_p17                | -   |        | add_ln101_184            | add     | fabric  | 0       |
|     add_ln102_39_fu_25017_p2            | -   |        | add_ln102_39             | add     | fabric  | 0       |
|     fmul_32ns_32ns_32_5_max_dsp_1_U229  | 3   |        | mul54_4_1                | fmul    | maxdsp  | 4       |
|     add_ln101_40_fu_25027_p2            | -   |        | add_ln101_40             | add     | fabric  | 0       |
|     tmp_181_fu_25109_p17                | -   |        | add_ln101_185            | add     | fabric  | 0       |
|     add_ln102_40_fu_25147_p2            | -   |        | add_ln102_40             | add     | fabric  | 0       |
|     fadd_32ns_32ns_32_8_full_dsp_1_U227 | 2   |        | tile_acc_583             | fadd    | fulldsp | 7       |
|     add_ln101_41_fu_25061_p2            | -   |        | add_ln101_41             | add     | fabric  | 0       |
|     tmp_182_fu_25160_p17                | -   |        | add_ln101_186            | add     | fabric  | 0       |
|     add_ln102_41_fu_25198_p2            | -   |        | add_ln102_41             | add     | fabric  | 0       |
|     fmul_32ns_32ns_32_5_max_dsp_1_U229  | 3   |        | mul54_4_1_2              | fmul    | maxdsp  | 4       |
|     empty_447_fu_25207_p2               | -   |        | empty_447                | add     | fabric  | 0       |
|     add_ln101_42_fu_25215_p2            | -   |        | add_ln101_42             | add     | fabric  | 0       |
|     tmp_183_fu_25321_p17                | -   |        | add_ln101_187            | add     | fabric  | 0       |
|     add_ln102_42_fu_25359_p2            | -   |        | add_ln102_42             | add     | fabric  | 0       |
|     add_ln101_43_fu_25250_p2            | -   |        | add_ln101_43             | add     | fabric  | 0       |
|     tmp_184_fu_25372_p17                | -   |        | add_ln101_188            | add     | fabric  | 0       |
|     add_ln102_43_fu_25410_p2            | -   |        | add_ln102_43             | add     | fabric  | 0       |
|     fmul_32ns_32ns_32_5_max_dsp_1_U229  | 3   |        | mul54_4_2_1              | fmul    | maxdsp  | 4       |
|     add_ln101_44_fu_25285_p2            | -   |        | add_ln101_44             | add     | fabric  | 0       |
|     tmp_185_fu_25503_p17                | -   |        | add_ln101_189            | add     | fabric  | 0       |
|     add_ln102_44_fu_25550_p2            | -   |        | add_ln102_44             | add     | fabric  | 0       |
|     mul_8ns_8ns_15_1_1_U244             | -   |        | empty_449                | mul     | auto    | 0       |
|     empty_450_fu_25441_p2               | -   |        | empty_450                | add     | fabric  | 0       |
|     empty_451_fu_25570_p2               | -   |        | empty_451                | add     | fabric  | 0       |
|     empty_452_fu_25446_p2               | -   |        | empty_452                | add     | fabric  | 0       |
|     add_ln101_45_fu_25454_p2            | -   |        | add_ln101_45             | add     | fabric  | 0       |
|     tmp_186_fu_25584_p17                | -   |        | add_ln101_190            | add     | fabric  | 0       |
|     add_ln102_45_fu_25622_p2            | -   |        | add_ln102_45             | add     | fabric  | 0       |
|     fmul_32ns_32ns_32_5_max_dsp_1_U229  | 3   |        | mul54_5                  | fmul    | maxdsp  | 4       |
|     add_ln101_46_fu_25632_p2            | -   |        | add_ln101_46             | add     | fabric  | 0       |
|     tmp_187_fu_25714_p17                | -   |        | add_ln101_191            | add     | fabric  | 0       |
|     add_ln102_46_fu_25752_p2            | -   |        | add_ln102_46             | add     | fabric  | 0       |
|     add_ln101_47_fu_25666_p2            | -   |        | add_ln101_47             | add     | fabric  | 0       |
|     tmp_188_fu_25765_p17                | -   |        | add_ln101_192            | add     | fabric  | 0       |
|     add_ln102_47_fu_25803_p2            | -   |        | add_ln102_47             | add     | fabric  | 0       |
|     fmul_32ns_32ns_32_5_max_dsp_1_U229  | 3   |        | mul54_5_4                | fmul    | maxdsp  | 4       |
|     empty_453_fu_25812_p2               | -   |        | empty_453                | add     | fabric  | 0       |
|     add_ln101_48_fu_25820_p2            | -   |        | add_ln101_48             | add     | fabric  | 0       |
|     tmp_189_fu_25919_p17                | -   |        | add_ln101_193            | add     | fabric  | 0       |
|     add_ln102_48_fu_25957_p2            | -   |        | add_ln102_48             | add     | fabric  | 0       |
|     add_ln101_49_fu_25855_p2            | -   |        | add_ln101_49             | add     | fabric  | 0       |
|     tmp_190_fu_25970_p17                | -   |        | add_ln101_194            | add     | fabric  | 0       |
|     add_ln102_49_fu_26008_p2            | -   |        | add_ln102_49             | add     | fabric  | 0       |
|     fmul_32ns_32ns_32_5_max_dsp_1_U229  | 3   |        | mul54_5_1_1              | fmul    | maxdsp  | 4       |
|     fadd_32ns_32ns_32_8_full_dsp_1_U227 | 2   |        | tile_acc_592             | fadd    | fulldsp | 7       |
|     add_ln101_50_fu_25890_p2            | -   |        | add_ln101_50             | add     | fabric  | 0       |
|     tmp_191_fu_26093_p17                | -   |        | add_ln101_195            | add     | fabric  | 0       |
|     add_ln102_50_fu_26131_p2            | -   |        | add_ln102_50             | add     | fabric  | 0       |
|     empty_454_fu_26036_p2               | -   |        | empty_454                | add     | fabric  | 0       |
|     add_ln101_51_fu_26044_p2            | -   |        | add_ln101_51             | add     | fabric  | 0       |
|     tmp_192_fu_26144_p17                | -   |        | add_ln101_196            | add     | fabric  | 0       |
|     add_ln102_51_fu_26182_p2            | -   |        | add_ln102_51             | add     | fabric  | 0       |
|     fmul_32ns_32ns_32_5_max_dsp_1_U229  | 3   |        | mul54_5_2                | fmul    | maxdsp  | 4       |
|     add_ln101_52_fu_26191_p2            | -   |        | add_ln101_52             | add     | fabric  | 0       |
|     tmp_193_fu_26273_p17                | -   |        | add_ln101_197            | add     | fabric  | 0       |
|     add_ln102_52_fu_26311_p2            | -   |        | add_ln102_52             | add     | fabric  | 0       |
|     add_ln101_53_fu_26225_p2            | -   |        | add_ln101_53             | add     | fabric  | 0       |
|     tmp_194_fu_26324_p17                | -   |        | add_ln101_198            | add     | fabric  | 0       |
|     add_ln102_53_fu_26362_p2            | -   |        | add_ln102_53             | add     | fabric  | 0       |
|     fmul_32ns_32ns_32_5_max_dsp_1_U229  | 3   |        | mul54_5_2_2              | fmul    | maxdsp  | 4       |
|     mul_8ns_8ns_15_1_1_U247             | -   |        | empty_456                | mul     | auto    | 0       |
|     empty_457_fu_26374_p2               | -   |        | empty_457                | add     | fabric  | 0       |
|     empty_458_fu_26495_p2               | -   |        | empty_458                | add     | fabric  | 0       |
|     empty_459_fu_26379_p2               | -   |        | empty_459                | add     | fabric  | 0       |
|     add_ln101_54_fu_26387_p2            | -   |        | add_ln101_54             | add     | fabric  | 0       |
|     tmp_195_fu_26509_p17                | -   |        | add_ln101_199            | add     | fabric  | 0       |
|     add_ln102_54_fu_26547_p2            | -   |        | add_ln102_54             | add     | fabric  | 0       |
|     add_ln101_55_fu_26422_p2            | -   |        | add_ln101_55             | add     | fabric  | 0       |
|     tmp_196_fu_26561_p17                | -   |        | add_ln101_200            | add     | fabric  | 0       |
|     add_ln102_55_fu_26609_p2            | -   |        | add_ln102_55             | add     | fabric  | 0       |
|     fmul_32ns_32ns_32_5_max_dsp_1_U229  | 3   |        | mul54_6_s                | fmul    | maxdsp  | 4       |
|     add_ln101_56_fu_26457_p2            | -   |        | add_ln101_56             | add     | fabric  | 0       |
|     tmp_197_fu_26706_p17                | -   |        | add_ln101_201            | add     | fabric  | 0       |
|     add_ln102_56_fu_26744_p2            | -   |        | add_ln102_56             | add     | fabric  | 0       |
|     empty_460_fu_26638_p2               | -   |        | empty_460                | add     | fabric  | 0       |
|     add_ln101_57_fu_26646_p2            | -   |        | add_ln101_57             | add     | fabric  | 0       |
|     tmp_198_fu_26757_p17                | -   |        | add_ln101_202            | add     | fabric  | 0       |
|     add_ln102_57_fu_26795_p2            | -   |        | add_ln102_57             | add     | fabric  | 0       |
|     fmul_32ns_32ns_32_5_max_dsp_1_U229  | 3   |        | mul54_6_1                | fmul    | maxdsp  | 4       |
|     add_ln101_58_fu_26804_p2            | -   |        | add_ln101_58             | add     | fabric  | 0       |
|     tmp_199_fu_26886_p17                | -   |        | add_ln101_203            | add     | fabric  | 0       |
|     add_ln102_58_fu_26924_p2            | -   |        | add_ln102_58             | add     | fabric  | 0       |
|     fadd_32ns_32ns_32_8_full_dsp_1_U227 | 2   |        | tile_acc_601             | fadd    | fulldsp | 7       |
|     add_ln101_59_fu_26838_p2            | -   |        | add_ln101_59             | add     | fabric  | 0       |
|     tmp_200_fu_26937_p17                | -   |        | add_ln101_204            | add     | fabric  | 0       |
|     add_ln102_59_fu_26975_p2            | -   |        | add_ln102_59             | add     | fabric  | 0       |
|     fmul_32ns_32ns_32_5_max_dsp_1_U229  | 3   |        | mul54_6_1_2              | fmul    | maxdsp  | 4       |
|     empty_461_fu_26984_p2               | -   |        | empty_461                | add     | fabric  | 0       |
|     add_ln101_60_fu_26992_p2            | -   |        | add_ln101_60             | add     | fabric  | 0       |
|     tmp_201_fu_27098_p17                | -   |        | add_ln101_205            | add     | fabric  | 0       |
|     add_ln102_60_fu_27136_p2            | -   |        | add_ln102_60             | add     | fabric  | 0       |
|     add_ln101_61_fu_27027_p2            | -   |        | add_ln101_61             | add     | fabric  | 0       |
|     tmp_202_fu_27149_p17                | -   |        | add_ln101_206            | add     | fabric  | 0       |
|     add_ln102_61_fu_27187_p2            | -   |        | add_ln102_61             | add     | fabric  | 0       |
|     fmul_32ns_32ns_32_5_max_dsp_1_U229  | 3   |        | mul54_6_2_1              | fmul    | maxdsp  | 4       |
|     add_ln101_62_fu_27062_p2            | -   |        | add_ln101_62             | add     | fabric  | 0       |
|     tmp_203_fu_27280_p17                | -   |        | add_ln101_207            | add     | fabric  | 0       |
|     add_ln102_62_fu_27327_p2            | -   |        | add_ln102_62             | add     | fabric  | 0       |
|     mul_8ns_8ns_15_1_1_U250             | -   |        | empty_463                | mul     | auto    | 0       |
|     empty_464_fu_27218_p2               | -   |        | empty_464                | add     | fabric  | 0       |
|     empty_465_fu_27347_p2               | -   |        | empty_465                | add     | fabric  | 0       |
|     empty_466_fu_27223_p2               | -   |        | empty_466                | add     | fabric  | 0       |
|     add_ln101_63_fu_27231_p2            | -   |        | add_ln101_63             | add     | fabric  | 0       |
|     tmp_204_fu_27361_p17                | -   |        | add_ln101_208            | add     | fabric  | 0       |
|     add_ln102_63_fu_27399_p2            | -   |        | add_ln102_63             | add     | fabric  | 0       |
|     fmul_32ns_32ns_32_5_max_dsp_1_U229  | 3   |        | mul54_7                  | fmul    | maxdsp  | 4       |
|     add_ln101_64_fu_27409_p2            | -   |        | add_ln101_64             | add     | fabric  | 0       |
|     tmp_205_fu_27491_p17                | -   |        | add_ln101_209            | add     | fabric  | 0       |
|     add_ln102_64_fu_27529_p2            | -   |        | add_ln102_64             | add     | fabric  | 0       |
|     add_ln101_65_fu_27443_p2            | -   |        | add_ln101_65             | add     | fabric  | 0       |
|     tmp_206_fu_27542_p17                | -   |        | add_ln101_210            | add     | fabric  | 0       |
|     add_ln102_65_fu_27580_p2            | -   |        | add_ln102_65             | add     | fabric  | 0       |
|     fmul_32ns_32ns_32_5_max_dsp_1_U229  | 3   |        | mul54_7_4                | fmul    | maxdsp  | 4       |
|     empty_467_fu_27589_p2               | -   |        | empty_467                | add     | fabric  | 0       |
|     add_ln101_66_fu_27597_p2            | -   |        | add_ln101_66             | add     | fabric  | 0       |
|     tmp_207_fu_27696_p17                | -   |        | add_ln101_211            | add     | fabric  | 0       |
|     add_ln102_66_fu_27734_p2            | -   |        | add_ln102_66             | add     | fabric  | 0       |
|     add_ln101_67_fu_27632_p2            | -   |        | add_ln101_67             | add     | fabric  | 0       |
|     tmp_208_fu_27747_p17                | -   |        | add_ln101_212            | add     | fabric  | 0       |
|     add_ln102_67_fu_27785_p2            | -   |        | add_ln102_67             | add     | fabric  | 0       |
|     fmul_32ns_32ns_32_5_max_dsp_1_U229  | 3   |        | mul54_7_1_1              | fmul    | maxdsp  | 4       |
|     fadd_32ns_32ns_32_8_full_dsp_1_U227 | 2   |        | tile_acc_610             | fadd    | fulldsp | 7       |
|     add_ln101_68_fu_27667_p2            | -   |        | add_ln101_68             | add     | fabric  | 0       |
|     tmp_209_fu_27870_p17                | -   |        | add_ln101_213            | add     | fabric  | 0       |
|     add_ln102_68_fu_27908_p2            | -   |        | add_ln102_68             | add     | fabric  | 0       |
|     empty_468_fu_27813_p2               | -   |        | empty_468                | add     | fabric  | 0       |
|     add_ln101_69_fu_27821_p2            | -   |        | add_ln101_69             | add     | fabric  | 0       |
|     tmp_210_fu_27921_p17                | -   |        | add_ln101_214            | add     | fabric  | 0       |
|     add_ln102_69_fu_27959_p2            | -   |        | add_ln102_69             | add     | fabric  | 0       |
|     fmul_32ns_32ns_32_5_max_dsp_1_U229  | 3   |        | mul54_7_2                | fmul    | maxdsp  | 4       |
|     add_ln101_70_fu_27968_p2            | -   |        | add_ln101_70             | add     | fabric  | 0       |
|     tmp_211_fu_28050_p17                | -   |        | add_ln101_215            | add     | fabric  | 0       |
|     add_ln102_70_fu_28088_p2            | -   |        | add_ln102_70             | add     | fabric  | 0       |
|     add_ln101_71_fu_28002_p2            | -   |        | add_ln101_71             | add     | fabric  | 0       |
|     tmp_212_fu_28101_p17                | -   |        | add_ln101_216            | add     | fabric  | 0       |
|     add_ln102_71_fu_28139_p2            | -   |        | add_ln102_71             | add     | fabric  | 0       |
|     fmul_32ns_32ns_32_5_max_dsp_1_U229  | 3   |        | mul54_7_2_2              | fmul    | maxdsp  | 4       |
|     mul_8ns_8ns_15_1_1_U253             | -   |        | empty_470                | mul     | auto    | 0       |
|     empty_471_fu_28151_p2               | -   |        | empty_471                | add     | fabric  | 0       |
|     empty_472_fu_28269_p2               | -   |        | empty_472                | add     | fabric  | 0       |
|     empty_473_fu_28156_p2               | -   |        | empty_473                | add     | fabric  | 0       |
|     add_ln101_72_fu_28164_p2            | -   |        | add_ln101_72             | add     | fabric  | 0       |
|     tmp_213_fu_28283_p17                | -   |        | add_ln101_217            | add     | fabric  | 0       |
|     add_ln102_72_fu_28321_p2            | -   |        | add_ln102_72             | add     | fabric  | 0       |
|     add_ln101_73_fu_28199_p2            | -   |        | add_ln101_73             | add     | fabric  | 0       |
|     tmp_214_fu_28335_p17                | -   |        | add_ln101_218            | add     | fabric  | 0       |
|     add_ln102_73_fu_28383_p2            | -   |        | add_ln102_73             | add     | fabric  | 0       |
|     fmul_32ns_32ns_32_5_max_dsp_1_U229  | 3   |        | mul54_8_s                | fmul    | maxdsp  | 4       |
|     add_ln101_74_fu_28234_p2            | -   |        | add_ln101_74             | add     | fabric  | 0       |
|     tmp_215_fu_28469_p17                | -   |        | add_ln101_219            | add     | fabric  | 0       |
|     add_ln102_74_fu_28516_p2            | -   |        | add_ln102_74             | add     | fabric  | 0       |
|     empty_474_fu_28412_p2               | -   |        | empty_474                | add     | fabric  | 0       |
|     add_ln101_75_fu_28420_p2            | -   |        | add_ln101_75             | add     | fabric  | 0       |
|     tmp_216_fu_28539_p17                | -   |        | add_ln101_220            | add     | fabric  | 0       |
|     add_ln102_75_fu_28577_p2            | -   |        | add_ln102_75             | add     | fabric  | 0       |
|     fmul_32ns_32ns_32_5_max_dsp_1_U229  | 3   |        | mul54_8_1                | fmul    | maxdsp  | 4       |
|     add_ln101_76_fu_28587_p2            | -   |        | add_ln101_76             | add     | fabric  | 0       |
|     tmp_217_fu_28669_p17                | -   |        | add_ln101_221            | add     | fabric  | 0       |
|     add_ln102_76_fu_28716_p2            | -   |        | add_ln102_76             | add     | fabric  | 0       |
|     fadd_32ns_32ns_32_8_full_dsp_1_U227 | 2   |        | tile_acc_619             | fadd    | fulldsp | 7       |
|     add_ln101_77_fu_28621_p2            | -   |        | add_ln101_77             | add     | fabric  | 0       |
|     tmp_218_fu_28730_p17                | -   |        | add_ln101_222            | add     | fabric  | 0       |
|     add_ln102_77_fu_28777_p2            | -   |        | add_ln102_77             | add     | fabric  | 0       |
|     fmul_32ns_32ns_32_5_max_dsp_1_U229  | 3   |        | mul54_8_1_2              | fmul    | maxdsp  | 4       |
|     fadd_32ns_32ns_32_8_full_dsp_1_U227 | 2   |        | tile_acc_620             | fadd    | fulldsp | 7       |
|     empty_476_fu_28787_p2               | -   |        | empty_476                | add     | fabric  | 0       |
|     add_ln101_78_fu_28795_p2            | -   |        | add_ln101_78             | add     | fabric  | 0       |
|     tmp_219_fu_28909_p17                | -   |        | add_ln101_223            | add     | fabric  | 0       |
|     add_ln102_78_fu_28947_p2            | -   |        | add_ln102_78             | add     | fabric  | 0       |
|     add_ln101_79_fu_28830_p2            | -   |        | add_ln101_79             | add     | fabric  | 0       |
|     tmp_220_fu_28961_p17                | -   |        | add_ln101_224            | add     | fabric  | 0       |
|     add_ln102_79_fu_29008_p2            | -   |        | add_ln102_79             | add     | fabric  | 0       |
|     fmul_32ns_32ns_32_5_max_dsp_1_U229  | 3   |        | mul54_8_2_1              | fmul    | maxdsp  | 4       |
|     add_ln101_80_fu_28865_p2            | -   |        | add_ln101_80             | add     | fabric  | 0       |
|     tmp_221_fu_29102_p17                | -   |        | add_ln101_225            | add     | fabric  | 0       |
|     add_ln102_80_fu_29140_p2            | -   |        | add_ln102_80             | add     | fabric  | 0       |
|     mul_8ns_8ns_15_1_1_U256             | -   |        | empty_479                | mul     | auto    | 0       |
|     empty_480_fu_29040_p2               | -   |        | empty_480                | add     | fabric  | 0       |
|     empty_481_fu_29162_p2               | -   |        | empty_481                | add     | fabric  | 0       |
|     empty_482_fu_29045_p2               | -   |        | empty_482                | add     | fabric  | 0       |
|     add_ln101_81_fu_29053_p2            | -   |        | add_ln101_81             | add     | fabric  | 0       |
|     tmp_222_fu_29176_p17                | -   |        | add_ln101_226            | add     | fabric  | 0       |
|     add_ln102_81_fu_29214_p2            | -   |        | add_ln102_81             | add     | fabric  | 0       |
|     fmul_32ns_32ns_32_5_max_dsp_1_U229  | 3   |        | mul54_9                  | fmul    | maxdsp  | 4       |
|     fadd_32ns_32ns_32_8_full_dsp_1_U227 | 2   |        | tile_acc_624             | fadd    | fulldsp | 7       |
|     add_ln101_82_fu_29224_p2            | -   |        | add_ln101_82             | add     | fabric  | 0       |
|     tmp_223_fu_29317_p17                | -   |        | add_ln101_227            | add     | fabric  | 0       |
|     add_ln102_82_fu_29355_p2            | -   |        | add_ln102_82             | add     | fabric  | 0       |
|     fadd_32ns_32ns_32_8_full_dsp_1_U227 | 2   |        | tile_acc_625             | fadd    | fulldsp | 7       |
|     add_ln101_83_fu_29258_p2            | -   |        | add_ln101_83             | add     | fabric  | 0       |
|     tmp_224_fu_29368_p17                | -   |        | add_ln101_228            | add     | fabric  | 0       |
|     add_ln102_83_fu_29406_p2            | -   |        | add_ln102_83             | add     | fabric  | 0       |
|     fmul_32ns_32ns_32_5_max_dsp_1_U229  | 3   |        | mul54_9_4                | fmul    | maxdsp  | 4       |
|     fadd_32ns_32ns_32_8_full_dsp_1_U227 | 2   |        | tile_acc_626             | fadd    | fulldsp | 7       |
|     empty_483_fu_29415_p2               | -   |        | empty_483                | add     | fabric  | 0       |
|     add_ln101_84_fu_29423_p2            | -   |        | add_ln101_84             | add     | fabric  | 0       |
|     tmp_225_fu_29522_p17                | -   |        | add_ln101_229            | add     | fabric  | 0       |
|     add_ln102_84_fu_29560_p2            | -   |        | add_ln102_84             | add     | fabric  | 0       |
|     fadd_32ns_32ns_32_8_full_dsp_1_U227 | 2   |        | tile_acc_627             | fadd    | fulldsp | 7       |
|     add_ln101_85_fu_29458_p2            | -   |        | add_ln101_85             | add     | fabric  | 0       |
|     tmp_226_fu_29573_p17                | -   |        | add_ln101_230            | add     | fabric  | 0       |
|     add_ln102_85_fu_29620_p2            | -   |        | add_ln102_85             | add     | fabric  | 0       |
|     fmul_32ns_32ns_32_5_max_dsp_1_U229  | 3   |        | mul54_9_1_1              | fmul    | maxdsp  | 4       |
|     fadd_32ns_32ns_32_8_full_dsp_1_U227 | 2   |        | tile_acc_628             | fadd    | fulldsp | 7       |
|     add_ln101_86_fu_29493_p2            | -   |        | add_ln101_86             | add     | fabric  | 0       |
|     tmp_227_fu_29706_p17                | -   |        | add_ln101_231            | add     | fabric  | 0       |
|     add_ln102_86_fu_29744_p2            | -   |        | add_ln102_86             | add     | fabric  | 0       |
|     fadd_32ns_32ns_32_8_full_dsp_1_U227 | 2   |        | tile_acc_629             | fadd    | fulldsp | 7       |
|     empty_484_fu_29649_p2               | -   |        | empty_484                | add     | fabric  | 0       |
|     add_ln101_87_fu_29657_p2            | -   |        | add_ln101_87             | add     | fabric  | 0       |
|     tmp_228_fu_29757_p17                | -   |        | add_ln101_232            | add     | fabric  | 0       |
|     add_ln102_87_fu_29795_p2            | -   |        | add_ln102_87             | add     | fabric  | 0       |
|     fmul_32ns_32ns_32_5_max_dsp_1_U229  | 3   |        | mul54_9_2                | fmul    | maxdsp  | 4       |
|     fadd_32ns_32ns_32_8_full_dsp_1_U227 | 2   |        | tile_acc_630             | fadd    | fulldsp | 7       |
|     add_ln101_88_fu_29804_p2            | -   |        | add_ln101_88             | add     | fabric  | 0       |
|     tmp_229_fu_29886_p17                | -   |        | add_ln101_233            | add     | fabric  | 0       |
|     add_ln102_88_fu_29924_p2            | -   |        | add_ln102_88             | add     | fabric  | 0       |
|     fadd_32ns_32ns_32_8_full_dsp_1_U227 | 2   |        | tile_acc_631             | fadd    | fulldsp | 7       |
|     add_ln101_89_fu_29838_p2            | -   |        | add_ln101_89             | add     | fabric  | 0       |
|     tmp_230_fu_29937_p17                | -   |        | add_ln101_234            | add     | fabric  | 0       |
|     add_ln102_89_fu_29984_p2            | -   |        | add_ln102_89             | add     | fabric  | 0       |
|     fmul_32ns_32ns_32_5_max_dsp_1_U229  | 3   |        | mul54_9_2_2              | fmul    | maxdsp  | 4       |
|     fadd_32ns_32ns_32_8_full_dsp_1_U227 | 2   |        | tile_acc_632             | fadd    | fulldsp | 7       |
|     mul_8ns_8ns_15_1_1_U259             | -   |        | empty_486                | mul     | auto    | 0       |
|     empty_487_fu_29997_p2               | -   |        | empty_487                | add     | fabric  | 0       |
|     empty_488_fu_30118_p2               | -   |        | empty_488                | add     | fabric  | 0       |
|     empty_489_fu_30002_p2               | -   |        | empty_489                | add     | fabric  | 0       |
|     add_ln101_90_fu_30010_p2            | -   |        | add_ln101_90             | add     | fabric  | 0       |
|     tmp_231_fu_30132_p17                | -   |        | add_ln101_235            | add     | fabric  | 0       |
|     add_ln102_90_fu_30170_p2            | -   |        | add_ln102_90             | add     | fabric  | 0       |
|     fadd_32ns_32ns_32_8_full_dsp_1_U227 | 2   |        | tile_acc_633             | fadd    | fulldsp | 7       |
|     add_ln101_91_fu_30045_p2            | -   |        | add_ln101_91             | add     | fabric  | 0       |
|     tmp_232_fu_30184_p17                | -   |        | add_ln101_236            | add     | fabric  | 0       |
|     add_ln102_91_fu_30232_p2            | -   |        | add_ln102_91             | add     | fabric  | 0       |
|     fmul_32ns_32ns_32_5_max_dsp_1_U229  | 3   |        | mul54_10_s               | fmul    | maxdsp  | 4       |
|     fadd_32ns_32ns_32_8_full_dsp_1_U227 | 2   |        | tile_acc_634             | fadd    | fulldsp | 7       |
|     add_ln101_92_fu_30080_p2            | -   |        | add_ln101_92             | add     | fabric  | 0       |
|     tmp_233_fu_30329_p17                | -   |        | add_ln101_237            | add     | fabric  | 0       |
|     add_ln102_92_fu_30367_p2            | -   |        | add_ln102_92             | add     | fabric  | 0       |
|     fadd_32ns_32ns_32_8_full_dsp_1_U227 | 2   |        | tile_acc_635             | fadd    | fulldsp | 7       |
|     empty_490_fu_30261_p2               | -   |        | empty_490                | add     | fabric  | 0       |
|     add_ln101_93_fu_30269_p2            | -   |        | add_ln101_93             | add     | fabric  | 0       |
|     tmp_234_fu_30380_p17                | -   |        | add_ln101_238            | add     | fabric  | 0       |
|     add_ln102_93_fu_30418_p2            | -   |        | add_ln102_93             | add     | fabric  | 0       |
|     fmul_32ns_32ns_32_5_max_dsp_1_U229  | 3   |        | mul54_10_1               | fmul    | maxdsp  | 4       |
|     fadd_32ns_32ns_32_8_full_dsp_1_U227 | 2   |        | tile_acc_636             | fadd    | fulldsp | 7       |
|     add_ln101_94_fu_30427_p2            | -   |        | add_ln101_94             | add     | fabric  | 0       |
|     tmp_235_fu_30509_p17                | -   |        | add_ln101_239            | add     | fabric  | 0       |
|     add_ln102_94_fu_30556_p2            | -   |        | add_ln102_94             | add     | fabric  | 0       |
|     fadd_32ns_32ns_32_8_full_dsp_1_U227 | 2   |        | tile_acc_637             | fadd    | fulldsp | 7       |
|     add_ln101_95_fu_30461_p2            | -   |        | add_ln101_95             | add     | fabric  | 0       |
|     tmp_236_fu_30570_p17                | -   |        | add_ln101_240            | add     | fabric  | 0       |
|     add_ln102_95_fu_30617_p2            | -   |        | add_ln102_95             | add     | fabric  | 0       |
|     fmul_32ns_32ns_32_5_max_dsp_1_U229  | 3   |        | mul54_10_1_2             | fmul    | maxdsp  | 4       |
|     fadd_32ns_32ns_32_8_full_dsp_1_U227 | 2   |        | tile_acc_638             | fadd    | fulldsp | 7       |
|     empty_491_fu_30627_p2               | -   |        | empty_491                | add     | fabric  | 0       |
|     add_ln101_96_fu_30635_p2            | -   |        | add_ln101_96             | add     | fabric  | 0       |
|     tmp_237_fu_30740_p17                | -   |        | add_ln101_241            | add     | fabric  | 0       |
|     add_ln102_96_fu_30778_p2            | -   |        | add_ln102_96             | add     | fabric  | 0       |
|     fadd_32ns_32ns_32_8_full_dsp_1_U227 | 2   |        | tile_acc_639             | fadd    | fulldsp | 7       |
|     add_ln101_97_fu_30670_p2            | -   |        | add_ln101_97             | add     | fabric  | 0       |
|     tmp_238_fu_30791_p17                | -   |        | add_ln101_242            | add     | fabric  | 0       |
|     add_ln102_97_fu_30829_p2            | -   |        | add_ln102_97             | add     | fabric  | 0       |
|     fmul_32ns_32ns_32_5_max_dsp_1_U229  | 3   |        | mul54_10_2_1             | fmul    | maxdsp  | 4       |
|     fadd_32ns_32ns_32_8_full_dsp_1_U227 | 2   |        | tile_acc_640             | fadd    | fulldsp | 7       |
|     add_ln101_98_fu_30705_p2            | -   |        | add_ln101_98             | add     | fabric  | 0       |
|     tmp_239_fu_30922_p17                | -   |        | add_ln101_243            | add     | fabric  | 0       |
|     add_ln102_98_fu_30960_p2            | -   |        | add_ln102_98             | add     | fabric  | 0       |
|     fadd_32ns_32ns_32_8_full_dsp_1_U227 | 2   |        | tile_acc_641             | fadd    | fulldsp | 7       |
|     mul_8ns_8ns_15_1_1_U262             | -   |        | empty_493                | mul     | auto    | 0       |
|     empty_494_fu_30860_p2               | -   |        | empty_494                | add     | fabric  | 0       |
|     empty_495_fu_30982_p2               | -   |        | empty_495                | add     | fabric  | 0       |
|     empty_496_fu_30865_p2               | -   |        | empty_496                | add     | fabric  | 0       |
|     add_ln101_99_fu_30873_p2            | -   |        | add_ln101_99             | add     | fabric  | 0       |
|     tmp_240_fu_30996_p17                | -   |        | add_ln101_244            | add     | fabric  | 0       |
|     add_ln102_99_fu_31034_p2            | -   |        | add_ln102_99             | add     | fabric  | 0       |
|     fmul_32ns_32ns_32_5_max_dsp_1_U229  | 3   |        | mul54_11                 | fmul    | maxdsp  | 4       |
|     fadd_32ns_32ns_32_8_full_dsp_1_U227 | 2   |        | tile_acc_642             | fadd    | fulldsp | 7       |
|     add_ln101_100_fu_31044_p2           | -   |        | add_ln101_100            | add     | fabric  | 0       |
|     tmp_241_fu_31137_p17                | -   |        | add_ln101_245            | add     | fabric  | 0       |
|     add_ln102_100_fu_31175_p2           | -   |        | add_ln102_100            | add     | fabric  | 0       |
|     fadd_32ns_32ns_32_8_full_dsp_1_U227 | 2   |        | tile_acc_643             | fadd    | fulldsp | 7       |
|     add_ln101_101_fu_31078_p2           | -   |        | add_ln101_101            | add     | fabric  | 0       |
|     tmp_242_fu_31188_p17                | -   |        | add_ln101_246            | add     | fabric  | 0       |
|     add_ln102_101_fu_31226_p2           | -   |        | add_ln102_101            | add     | fabric  | 0       |
|     fmul_32ns_32ns_32_5_max_dsp_1_U229  | 3   |        | mul54_11_4               | fmul    | maxdsp  | 4       |
|     fadd_32ns_32ns_32_8_full_dsp_1_U227 | 2   |        | tile_acc_644             | fadd    | fulldsp | 7       |
|     empty_497_fu_31235_p2               | -   |        | empty_497                | add     | fabric  | 0       |
|     add_ln101_102_fu_31243_p2           | -   |        | add_ln101_102            | add     | fabric  | 0       |
|     tmp_243_fu_31342_p17                | -   |        | add_ln101_247            | add     | fabric  | 0       |
|     add_ln102_102_fu_31380_p2           | -   |        | add_ln102_102            | add     | fabric  | 0       |
|     fadd_32ns_32ns_32_8_full_dsp_1_U227 | 2   |        | tile_acc_645             | fadd    | fulldsp | 7       |
|     add_ln101_103_fu_31278_p2           | -   |        | add_ln101_103            | add     | fabric  | 0       |
|     tmp_244_fu_31393_p17                | -   |        | add_ln101_248            | add     | fabric  | 0       |
|     add_ln102_103_fu_31440_p2           | -   |        | add_ln102_103            | add     | fabric  | 0       |
|     fmul_32ns_32ns_32_5_max_dsp_1_U229  | 3   |        | mul54_11_1_1             | fmul    | maxdsp  | 4       |
|     fadd_32ns_32ns_32_8_full_dsp_1_U227 | 2   |        | tile_acc_646             | fadd    | fulldsp | 7       |
|     add_ln101_104_fu_31313_p2           | -   |        | add_ln101_104            | add     | fabric  | 0       |
|     tmp_245_fu_31526_p17                | -   |        | add_ln101_249            | add     | fabric  | 0       |
|     add_ln102_104_fu_31564_p2           | -   |        | add_ln102_104            | add     | fabric  | 0       |
|     fadd_32ns_32ns_32_8_full_dsp_1_U227 | 2   |        | tile_acc_647             | fadd    | fulldsp | 7       |
|     empty_498_fu_31469_p2               | -   |        | empty_498                | add     | fabric  | 0       |
|     add_ln101_105_fu_31477_p2           | -   |        | add_ln101_105            | add     | fabric  | 0       |
|     tmp_246_fu_31577_p17                | -   |        | add_ln101_250            | add     | fabric  | 0       |
|     add_ln102_105_fu_31615_p2           | -   |        | add_ln102_105            | add     | fabric  | 0       |
|     fmul_32ns_32ns_32_5_max_dsp_1_U229  | 3   |        | mul54_11_2               | fmul    | maxdsp  | 4       |
|     fadd_32ns_32ns_32_8_full_dsp_1_U227 | 2   |        | tile_acc_648             | fadd    | fulldsp | 7       |
|     add_ln101_106_fu_31624_p2           | -   |        | add_ln101_106            | add     | fabric  | 0       |
|     tmp_247_fu_31706_p17                | -   |        | add_ln101_251            | add     | fabric  | 0       |
|     add_ln102_106_fu_31744_p2           | -   |        | add_ln102_106            | add     | fabric  | 0       |
|     fadd_32ns_32ns_32_8_full_dsp_1_U227 | 2   |        | tile_acc_649             | fadd    | fulldsp | 7       |
|     add_ln101_107_fu_31658_p2           | -   |        | add_ln101_107            | add     | fabric  | 0       |
|     tmp_248_fu_31757_p17                | -   |        | add_ln101_252            | add     | fabric  | 0       |
|     add_ln102_107_fu_31804_p2           | -   |        | add_ln102_107            | add     | fabric  | 0       |
|     fmul_32ns_32ns_32_5_max_dsp_1_U229  | 3   |        | mul54_11_2_2             | fmul    | maxdsp  | 4       |
|     fadd_32ns_32ns_32_8_full_dsp_1_U227 | 2   |        | tile_acc_650             | fadd    | fulldsp | 7       |
|     mul_8ns_8ns_15_1_1_U265             | -   |        | empty_500                | mul     | auto    | 0       |
|     empty_501_fu_31817_p2               | -   |        | empty_501                | add     | fabric  | 0       |
|     empty_502_fu_31935_p2               | -   |        | empty_502                | add     | fabric  | 0       |
|     empty_503_fu_31822_p2               | -   |        | empty_503                | add     | fabric  | 0       |
|     add_ln101_108_fu_31830_p2           | -   |        | add_ln101_108            | add     | fabric  | 0       |
|     tmp_249_fu_31949_p17                | -   |        | add_ln101_253            | add     | fabric  | 0       |
|     add_ln102_108_fu_31987_p2           | -   |        | add_ln102_108            | add     | fabric  | 0       |
|     fadd_32ns_32ns_32_8_full_dsp_1_U227 | 2   |        | tile_acc_651             | fadd    | fulldsp | 7       |
|     add_ln101_109_fu_31865_p2           | -   |        | add_ln101_109            | add     | fabric  | 0       |
|     tmp_250_fu_32001_p17                | -   |        | add_ln101_254            | add     | fabric  | 0       |
|     add_ln102_109_fu_32049_p2           | -   |        | add_ln102_109            | add     | fabric  | 0       |
|     fmul_32ns_32ns_32_5_max_dsp_1_U229  | 3   |        | mul54_12_s               | fmul    | maxdsp  | 4       |
|     fadd_32ns_32ns_32_8_full_dsp_1_U227 | 2   |        | tile_acc_652             | fadd    | fulldsp | 7       |
|     add_ln101_110_fu_31900_p2           | -   |        | add_ln101_110            | add     | fabric  | 0       |
|     tmp_251_fu_32135_p17                | -   |        | add_ln101_255            | add     | fabric  | 0       |
|     add_ln102_110_fu_32182_p2           | -   |        | add_ln102_110            | add     | fabric  | 0       |
|     fadd_32ns_32ns_32_8_full_dsp_1_U227 | 2   |        | tile_acc_653             | fadd    | fulldsp | 7       |
|     empty_504_fu_32078_p2               | -   |        | empty_504                | add     | fabric  | 0       |
|     add_ln101_111_fu_32086_p2           | -   |        | add_ln101_111            | add     | fabric  | 0       |
|     tmp_252_fu_32205_p17                | -   |        | add_ln101_256            | add     | fabric  | 0       |
|     add_ln102_111_fu_32243_p2           | -   |        | add_ln102_111            | add     | fabric  | 0       |
|     fmul_32ns_32ns_32_5_max_dsp_1_U229  | 3   |        | mul54_12_1               | fmul    | maxdsp  | 4       |
|     fadd_32ns_32ns_32_8_full_dsp_1_U227 | 2   |        | tile_acc_654             | fadd    | fulldsp | 7       |
|     add_ln101_112_fu_32253_p2           | -   |        | add_ln101_112            | add     | fabric  | 0       |
|     tmp_253_fu_32335_p17                | -   |        | add_ln101_257            | add     | fabric  | 0       |
|     add_ln102_112_fu_32373_p2           | -   |        | add_ln102_112            | add     | fabric  | 0       |
|     fadd_32ns_32ns_32_8_full_dsp_1_U227 | 2   |        | tile_acc_655             | fadd    | fulldsp | 7       |
|     add_ln101_113_fu_32287_p2           | -   |        | add_ln101_113            | add     | fabric  | 0       |
|     tmp_254_fu_32386_p17                | -   |        | add_ln101_258            | add     | fabric  | 0       |
|     add_ln102_113_fu_32424_p2           | -   |        | add_ln102_113            | add     | fabric  | 0       |
|     fmul_32ns_32ns_32_5_max_dsp_1_U229  | 3   |        | mul54_12_1_2             | fmul    | maxdsp  | 4       |
|     fadd_32ns_32ns_32_8_full_dsp_1_U227 | 2   |        | tile_acc_656             | fadd    | fulldsp | 7       |
|     empty_506_fu_32433_p2               | -   |        | empty_506                | add     | fabric  | 0       |
|     add_ln101_114_fu_32441_p2           | -   |        | add_ln101_114            | add     | fabric  | 0       |
|     tmp_255_fu_32540_p17                | -   |        | add_ln101_259            | add     | fabric  | 0       |
|     add_ln102_114_fu_32578_p2           | -   |        | add_ln102_114            | add     | fabric  | 0       |
|     fadd_32ns_32ns_32_8_full_dsp_1_U227 | 2   |        | tile_acc_657             | fadd    | fulldsp | 7       |
|     add_ln101_115_fu_32476_p2           | -   |        | add_ln101_115            | add     | fabric  | 0       |
|     tmp_256_fu_32591_p17                | -   |        | add_ln101_260            | add     | fabric  | 0       |
|     add_ln102_115_fu_32629_p2           | -   |        | add_ln102_115            | add     | fabric  | 0       |
|     fmul_32ns_32ns_32_5_max_dsp_1_U229  | 3   |        | mul54_12_2_1             | fmul    | maxdsp  | 4       |
|     fadd_32ns_32ns_32_8_full_dsp_1_U227 | 2   |        | tile_acc_658             | fadd    | fulldsp | 7       |
|     add_ln101_116_fu_32511_p2           | -   |        | add_ln101_116            | add     | fabric  | 0       |
|     tmp_257_fu_32722_p17                | -   |        | add_ln101_261            | add     | fabric  | 0       |
|     add_ln102_116_fu_32760_p2           | -   |        | add_ln102_116            | add     | fabric  | 0       |
|     fadd_32ns_32ns_32_8_full_dsp_1_U227 | 2   |        | tile_acc_659             | fadd    | fulldsp | 7       |
|     mul_8ns_8ns_15_1_1_U268             | -   |        | empty_508                | mul     | auto    | 0       |
|     empty_509_fu_32660_p2               | -   |        | empty_509                | add     | fabric  | 0       |
|     empty_510_fu_32782_p2               | -   |        | empty_510                | add     | fabric  | 0       |
|     empty_511_fu_32665_p2               | -   |        | empty_511                | add     | fabric  | 0       |
|     add_ln101_117_fu_32673_p2           | -   |        | add_ln101_117            | add     | fabric  | 0       |
|     tmp_258_fu_32796_p17                | -   |        | add_ln101_262            | add     | fabric  | 0       |
|     add_ln102_117_fu_32834_p2           | -   |        | add_ln102_117            | add     | fabric  | 0       |
|     fmul_32ns_32ns_32_5_max_dsp_1_U229  | 3   |        | mul54_13                 | fmul    | maxdsp  | 4       |
|     fadd_32ns_32ns_32_8_full_dsp_1_U227 | 2   |        | tile_acc_660             | fadd    | fulldsp | 7       |
|     add_ln101_118_fu_32844_p2           | -   |        | add_ln101_118            | add     | fabric  | 0       |
|     tmp_259_fu_32937_p17                | -   |        | add_ln101_263            | add     | fabric  | 0       |
|     add_ln102_118_fu_32975_p2           | -   |        | add_ln102_118            | add     | fabric  | 0       |
|     fadd_32ns_32ns_32_8_full_dsp_1_U227 | 2   |        | tile_acc_661             | fadd    | fulldsp | 7       |
|     add_ln101_119_fu_32878_p2           | -   |        | add_ln101_119            | add     | fabric  | 0       |
|     tmp_260_fu_32988_p17                | -   |        | add_ln101_264            | add     | fabric  | 0       |
|     add_ln102_119_fu_33026_p2           | -   |        | add_ln102_119            | add     | fabric  | 0       |
|     fmul_32ns_32ns_32_5_max_dsp_1_U229  | 3   |        | mul54_13_4               | fmul    | maxdsp  | 4       |
|     fadd_32ns_32ns_32_8_full_dsp_1_U227 | 2   |        | tile_acc_662             | fadd    | fulldsp | 7       |
|     empty_512_fu_33035_p2               | -   |        | empty_512                | add     | fabric  | 0       |
|     add_ln101_120_fu_33043_p2           | -   |        | add_ln101_120            | add     | fabric  | 0       |
|     tmp_261_fu_33142_p17                | -   |        | add_ln101_265            | add     | fabric  | 0       |
|     add_ln102_120_fu_33180_p2           | -   |        | add_ln102_120            | add     | fabric  | 0       |
|     fadd_32ns_32ns_32_8_full_dsp_1_U227 | 2   |        | tile_acc_663             | fadd    | fulldsp | 7       |
|     add_ln101_121_fu_33078_p2           | -   |        | add_ln101_121            | add     | fabric  | 0       |
|     tmp_262_fu_33193_p17                | -   |        | add_ln101_266            | add     | fabric  | 0       |
|     add_ln102_121_fu_33231_p2           | -   |        | add_ln102_121            | add     | fabric  | 0       |
|     fmul_32ns_32ns_32_5_max_dsp_1_U229  | 3   |        | mul54_13_1_1             | fmul    | maxdsp  | 4       |
|     fadd_32ns_32ns_32_8_full_dsp_1_U227 | 2   |        | tile_acc_664             | fadd    | fulldsp | 7       |
|     add_ln101_122_fu_33113_p2           | -   |        | add_ln101_122            | add     | fabric  | 0       |
|     tmp_263_fu_33316_p17                | -   |        | add_ln101_267            | add     | fabric  | 0       |
|     add_ln102_122_fu_33354_p2           | -   |        | add_ln102_122            | add     | fabric  | 0       |
|     fadd_32ns_32ns_32_8_full_dsp_1_U227 | 2   |        | tile_acc_665             | fadd    | fulldsp | 7       |
|     empty_513_fu_33259_p2               | -   |        | empty_513                | add     | fabric  | 0       |
|     add_ln101_123_fu_33267_p2           | -   |        | add_ln101_123            | add     | fabric  | 0       |
|     tmp_264_fu_33367_p17                | -   |        | add_ln101_268            | add     | fabric  | 0       |
|     add_ln102_123_fu_33405_p2           | -   |        | add_ln102_123            | add     | fabric  | 0       |
|     fmul_32ns_32ns_32_5_max_dsp_1_U229  | 3   |        | mul54_13_2               | fmul    | maxdsp  | 4       |
|     fadd_32ns_32ns_32_8_full_dsp_1_U227 | 2   |        | tile_acc_666             | fadd    | fulldsp | 7       |
|     add_ln101_124_fu_33414_p2           | -   |        | add_ln101_124            | add     | fabric  | 0       |
|     tmp_265_fu_33496_p17                | -   |        | add_ln101_269            | add     | fabric  | 0       |
|     add_ln102_124_fu_33534_p2           | -   |        | add_ln102_124            | add     | fabric  | 0       |
|     fadd_32ns_32ns_32_8_full_dsp_1_U227 | 2   |        | tile_acc_667             | fadd    | fulldsp | 7       |
|     add_ln101_125_fu_33448_p2           | -   |        | add_ln101_125            | add     | fabric  | 0       |
|     tmp_266_fu_33547_p17                | -   |        | add_ln101_270            | add     | fabric  | 0       |
|     add_ln102_125_fu_33594_p2           | -   |        | add_ln102_125            | add     | fabric  | 0       |
|     fmul_32ns_32ns_32_5_max_dsp_1_U229  | 3   |        | mul54_13_2_2             | fmul    | maxdsp  | 4       |
|     fadd_32ns_32ns_32_8_full_dsp_1_U227 | 2   |        | tile_acc_668             | fadd    | fulldsp | 7       |
|     mul_8ns_8ns_15_1_1_U271             | -   |        | empty_515                | mul     | auto    | 0       |
|     empty_516_fu_33607_p2               | -   |        | empty_516                | add     | fabric  | 0       |
|     empty_517_fu_33725_p2               | -   |        | empty_517                | add     | fabric  | 0       |
|     empty_518_fu_33612_p2               | -   |        | empty_518                | add     | fabric  | 0       |
|     add_ln101_126_fu_33620_p2           | -   |        | add_ln101_126            | add     | fabric  | 0       |
|     tmp_267_fu_33739_p17                | -   |        | add_ln101_271            | add     | fabric  | 0       |
|     add_ln102_126_fu_33777_p2           | -   |        | add_ln102_126            | add     | fabric  | 0       |
|     fadd_32ns_32ns_32_8_full_dsp_1_U227 | 2   |        | tile_acc_669             | fadd    | fulldsp | 7       |
|     add_ln101_127_fu_33655_p2           | -   |        | add_ln101_127            | add     | fabric  | 0       |
|     tmp_268_fu_33791_p17                | -   |        | add_ln101_272            | add     | fabric  | 0       |
|     add_ln102_127_fu_33839_p2           | -   |        | add_ln102_127            | add     | fabric  | 0       |
|     fmul_32ns_32ns_32_5_max_dsp_1_U229  | 3   |        | mul54_14_s               | fmul    | maxdsp  | 4       |
|     fadd_32ns_32ns_32_8_full_dsp_1_U227 | 2   |        | tile_acc_670             | fadd    | fulldsp | 7       |
|     add_ln101_128_fu_33690_p2           | -   |        | add_ln101_128            | add     | fabric  | 0       |
|     tmp_269_fu_33925_p17                | -   |        | add_ln101_273            | add     | fabric  | 0       |
|     add_ln102_128_fu_33963_p2           | -   |        | add_ln102_128            | add     | fabric  | 0       |
|     fadd_32ns_32ns_32_8_full_dsp_1_U227 | 2   |        | tile_acc_671             | fadd    | fulldsp | 7       |
|     empty_519_fu_33868_p2               | -   |        | empty_519                | add     | fabric  | 0       |
|     add_ln101_129_fu_33876_p2           | -   |        | add_ln101_129            | add     | fabric  | 0       |
|     tmp_270_fu_33976_p17                | -   |        | add_ln101_274            | add     | fabric  | 0       |
|     add_ln102_129_fu_34014_p2           | -   |        | add_ln102_129            | add     | fabric  | 0       |
|     fmul_32ns_32ns_32_5_max_dsp_1_U229  | 3   |        | mul54_14_1               | fmul    | maxdsp  | 4       |
|     fadd_32ns_32ns_32_8_full_dsp_1_U227 | 2   |        | tile_acc_672             | fadd    | fulldsp | 7       |
|     add_ln101_130_fu_34023_p2           | -   |        | add_ln101_130            | add     | fabric  | 0       |
|     tmp_271_fu_34112_p17                | -   |        | add_ln101_275            | add     | fabric  | 0       |
|     add_ln102_130_fu_34150_p2           | -   |        | add_ln102_130            | add     | fabric  | 0       |
|     fadd_32ns_32ns_32_8_full_dsp_1_U227 | 2   |        | tile_acc_673             | fadd    | fulldsp | 7       |
|     add_ln101_131_fu_34057_p2           | -   |        | add_ln101_131            | add     | fabric  | 0       |
|     tmp_272_fu_34163_p17                | -   |        | add_ln101_276            | add     | fabric  | 0       |
|     add_ln102_131_fu_34201_p2           | -   |        | add_ln102_131            | add     | fabric  | 0       |
|     fmul_32ns_32ns_32_5_max_dsp_1_U229  | 3   |        | mul54_14_1_2             | fmul    | maxdsp  | 4       |
|     fadd_32ns_32ns_32_8_full_dsp_1_U227 | 2   |        | tile_acc_674             | fadd    | fulldsp | 7       |
|     empty_520_fu_34210_p2               | -   |        | empty_520                | add     | fabric  | 0       |
|     add_ln101_132_fu_34218_p2           | -   |        | add_ln101_132            | add     | fabric  | 0       |
|     tmp_273_fu_34317_p17                | -   |        | add_ln101_277            | add     | fabric  | 0       |
|     add_ln102_132_fu_34355_p2           | -   |        | add_ln102_132            | add     | fabric  | 0       |
|     fadd_32ns_32ns_32_8_full_dsp_1_U227 | 2   |        | tile_acc_675             | fadd    | fulldsp | 7       |
|     add_ln101_133_fu_34253_p2           | -   |        | add_ln101_133            | add     | fabric  | 0       |
|     tmp_274_fu_34368_p17                | -   |        | add_ln101_278            | add     | fabric  | 0       |
|     add_ln102_133_fu_34406_p2           | -   |        | add_ln102_133            | add     | fabric  | 0       |
|     fmul_32ns_32ns_32_5_max_dsp_1_U229  | 3   |        | mul54_14_2_1             | fmul    | maxdsp  | 4       |
|     fadd_32ns_32ns_32_8_full_dsp_1_U227 | 2   |        | tile_acc_676             | fadd    | fulldsp | 7       |
|     add_ln101_134_fu_34288_p2           | -   |        | add_ln101_134            | add     | fabric  | 0       |
|     tmp_275_fu_34503_p17                | -   |        | add_ln101_279            | add     | fabric  | 0       |
|     add_ln102_134_fu_34434_p2           | -   |        | add_ln102_134            | add     | fabric  | 0       |
|     fadd_32ns_32ns_32_8_full_dsp_1_U227 | 2   |        | tile_acc_677             | fadd    | fulldsp | 7       |
|     mul_8ns_8ns_15_1_1_U274             | -   |        | empty_522                | mul     | auto    | 0       |
|     empty_523_fu_34441_p2               | -   |        | empty_523                | add     | fabric  | 0       |
|     empty_524_fu_34558_p2               | -   |        | empty_524                | add     | fabric  | 0       |
|     empty_525_fu_34446_p2               | -   |        | empty_525                | add     | fabric  | 0       |
|     add_ln101_135_fu_34454_p2           | -   |        | add_ln101_135            | add     | fabric  | 0       |
|     tmp_276_fu_34572_p17                | -   |        | add_ln101_280            | add     | fabric  | 0       |
|     add_ln102_135_fu_34610_p2           | -   |        | add_ln102_135            | add     | fabric  | 0       |
|     fmul_32ns_32ns_32_5_max_dsp_1_U229  | 3   |        | mul54_15                 | fmul    | maxdsp  | 4       |
|     fadd_32ns_32ns_32_8_full_dsp_1_U227 | 2   |        | tile_acc_678             | fadd    | fulldsp | 7       |
|     add_ln101_136_fu_34620_p2           | -   |        | add_ln101_136            | add     | fabric  | 0       |
|     tmp_277_fu_34728_p17                | -   |        | add_ln101_281            | add     | fabric  | 0       |
|     add_ln102_136_fu_34766_p2           | -   |        | add_ln102_136            | add     | fabric  | 0       |
|     fadd_32ns_32ns_32_8_full_dsp_1_U227 | 2   |        | tile_acc_679             | fadd    | fulldsp | 7       |
|     add_ln101_137_fu_34654_p2           | -   |        | add_ln101_137            | add     | fabric  | 0       |
|     tmp_278_fu_34779_p17                | -   |        | add_ln101_282            | add     | fabric  | 0       |
|     add_ln102_137_fu_34817_p2           | -   |        | add_ln102_137            | add     | fabric  | 0       |
|     fmul_32ns_32ns_32_5_max_dsp_1_U229  | 3   |        | mul54_15_4               | fmul    | maxdsp  | 4       |
|     fadd_32ns_32ns_32_8_full_dsp_1_U227 | 2   |        | tile_acc_680             | fadd    | fulldsp | 7       |
|     empty_526_fu_34826_p2               | -   |        | empty_526                | add     | fabric  | 0       |
|     add_ln101_138_fu_34834_p2           | -   |        | add_ln101_138            | add     | fabric  | 0       |
|     tmp_279_fu_34933_p17                | -   |        | add_ln101_283            | add     | fabric  | 0       |
|     add_ln102_138_fu_34971_p2           | -   |        | add_ln102_138            | add     | fabric  | 0       |
|     fadd_32ns_32ns_32_8_full_dsp_1_U227 | 2   |        | tile_acc_681             | fadd    | fulldsp | 7       |
|     add_ln101_139_fu_34869_p2           | -   |        | add_ln101_139            | add     | fabric  | 0       |
|     tmp_280_fu_34984_p17                | -   |        | add_ln101_284            | add     | fabric  | 0       |
|     add_ln102_139_fu_35022_p2           | -   |        | add_ln102_139            | add     | fabric  | 0       |
|     fmul_32ns_32ns_32_5_max_dsp_1_U229  | 3   |        | mul54_15_1_1             | fmul    | maxdsp  | 4       |
|     fadd_32ns_32ns_32_8_full_dsp_1_U227 | 2   |        | tile_acc_682             | fadd    | fulldsp | 7       |
|     add_ln101_140_fu_34904_p2           | -   |        | add_ln101_140            | add     | fabric  | 0       |
|     tmp_281_fu_35112_p17                | -   |        | add_ln101_285            | add     | fabric  | 0       |
|     add_ln102_140_fu_35150_p2           | -   |        | add_ln102_140            | add     | fabric  | 0       |
|     fadd_32ns_32ns_32_8_full_dsp_1_U227 | 2   |        | tile_acc_683             | fadd    | fulldsp | 7       |
|     empty_527_fu_35050_p2               | -   |        | empty_527                | add     | fabric  | 0       |
|     add_ln101_141_fu_35058_p2           | -   |        | add_ln101_141            | add     | fabric  | 0       |
|     tmp_282_fu_35163_p17                | -   |        | add_ln101_286            | add     | fabric  | 0       |
|     add_ln102_141_fu_35201_p2           | -   |        | add_ln102_141            | add     | fabric  | 0       |
|     fmul_32ns_32ns_32_5_max_dsp_1_U229  | 3   |        | mul54_15_2               | fmul    | maxdsp  | 4       |
|     fadd_32ns_32ns_32_8_full_dsp_1_U227 | 2   |        | tile_acc_684             | fadd    | fulldsp | 7       |
|     add_ln101_142_fu_35210_p2           | -   |        | add_ln101_142            | add     | fabric  | 0       |
|     add_ln101_287_fu_35244_p2           | -   |        | add_ln101_287            | add     | fabric  | 0       |
|     add_ln102_142_fu_35248_p2           | -   |        | add_ln102_142            | add     | fabric  | 0       |
|     fadd_32ns_32ns_32_8_full_dsp_1_U227 | 2   |        | tile_acc_685             | fadd    | fulldsp | 7       |
|     add_ln101_143_fu_35252_p2           | -   |        | add_ln101_143            | add     | fabric  | 0       |
|     add_ln101_288_fu_35286_p2           | -   |        | add_ln101_288            | add     | fabric  | 0       |
|     add_ln102_143_fu_34709_p2           | -   |        | add_ln102_143            | add     | fabric  | 0       |
|     fmul_32ns_32ns_32_5_max_dsp_1_U229  | 3   |        | mul54_15_2_2             | fmul    | maxdsp  | 4       |
|     fadd_32ns_32ns_32_8_full_dsp_1_U227 | 2   |        | tile_acc_686             | fadd    | fulldsp | 7       |
|  + retina_pred_conv                     | 15  |        |                          |         |         |         |
|    empty_fu_20750_p2                    | -   |        | empty                    | sub     | fabric  | 0       |
|    mul_6ns_8ns_12_1_1_U501              | -   |        | mul_ln218                | mul     | auto    | 0       |
|    empty_29_fu_20925_p2                 | -   |        | empty_29                 | add     | fabric  | 0       |
|    empty_30_fu_22308_p2                 | -   |        | empty_30                 | add     | fabric  | 0       |
|    empty_31_fu_20935_p2                 | -   |        | empty_31                 | add     | fabric  | 0       |
|    indvars_iv_next1499_fu_21906_p2      | -   |        | indvars_iv_next1499      | add     | fabric  | 0       |
|    empty_32_fu_21374_p2                 | -   |        | empty_32                 | add     | fabric  | 0       |
|    empty_33_fu_22314_p2                 | -   |        | empty_33                 | add     | fabric  | 0       |
|    add_ln201_147_fu_22820_p2            | -   |        | add_ln201_147            | add     | fabric  | 0       |
|    add_ln201_149_fu_23320_p2            | -   |        | add_ln201_149            | add     | fabric  | 0       |
|    add_ln217_1_fu_21119_p2              | -   |        | add_ln217_1              | add     | fabric  | 0       |
|    empty_34_fu_21127_p2                 | -   |        | empty_34                 | add     | fabric  | 0       |
|    indvars_iv_next1494_fu_21379_p2      | -   |        | indvars_iv_next1494      | add     | fabric  | 0       |
|    add_ln201_144_fu_21395_p2            | -   |        | add_ln201_144            | add     | fabric  | 0       |
|    add_ln201_152_fu_22514_p2            | -   |        | add_ln201_152            | add     | fabric  | 0       |
|    add_ln201_154_fu_22518_p2            | -   |        | add_ln201_154            | add     | fabric  | 0       |
|    add_ln201_157_fu_22825_p2            | -   |        | add_ln201_157            | add     | fabric  | 0       |
|    add_ln201_159_fu_22830_p2            | -   |        | add_ln201_159            | add     | fabric  | 0       |
|    add_ln201_160_fu_23325_p2            | -   |        | add_ln201_160            | add     | fabric  | 0       |
|    add_ln201_163_fu_23712_p2            | -   |        | add_ln201_163            | add     | fabric  | 0       |
|    add_ln201_164_fu_24926_p2            | -   |        | add_ln201_164            | add     | fabric  | 0       |
|    add_ln201_170_fu_24931_p2            | -   |        | add_ln201_170            | add     | fabric  | 0       |
|    add_ln201_172_fu_24936_p2            | -   |        | add_ln201_172            | add     | fabric  | 0       |
|    add_ln201_173_fu_24941_p2            | -   |        | add_ln201_173            | add     | fabric  | 0       |
|    add_ln201_174_fu_23727_p2            | -   |        | add_ln201_174            | add     | fabric  | 0       |
|    add_ln201_175_fu_24946_p2            | -   |        | add_ln201_175            | add     | fabric  | 0       |
|    add_ln201_176_fu_24951_p2            | -   |        | add_ln201_176            | add     | fabric  | 0       |
|    add_ln201_177_fu_24956_p2            | -   |        | add_ln201_177            | add     | fabric  | 0       |
|    add_ln201_178_fu_24961_p2            | -   |        | add_ln201_178            | add     | fabric  | 0       |
|    add_ln201_181_fu_24966_p2            | -   |        | add_ln201_181            | add     | fabric  | 0       |
|    add_ln201_183_fu_23330_p2            | -   |        | add_ln201_183            | add     | fabric  | 0       |
|    add_ln201_184_fu_23335_p2            | -   |        | add_ln201_184            | add     | fabric  | 0       |
|    add_ln172_fu_20768_p2                | -   |        | add_ln172                | add     | fabric  | 0       |
|    add_ln172_1_fu_20783_p2              | -   |        | add_ln172_1              | add     | fabric  | 0       |
|    p_mid1162_fu_20813_p2                | -   |        | p_mid1162                | sub     | fabric  | 0       |
|    mul_6ns_8ns_12_1_1_U503              | -   |        | mul_ln218_1              | mul     | auto    | 0       |
|    indvars_iv_next1499_dup_fu_20963_p2  | -   |        | indvars_iv_next1499_dup  | add     | fabric  | 0       |
|    p_mid147_fu_21001_p2                 | -   |        | p_mid147                 | add     | fabric  | 0       |
|    p_mid149_fu_22330_p2                 | -   |        | p_mid149                 | add     | fabric  | 0       |
|    p_mid151_fu_21011_p2                 | -   |        | p_mid151                 | add     | fabric  | 0       |
|    indvars_iv_next1499_mid1_fu_21942_p2 | -   |        | indvars_iv_next1499_mid1 | add     | fabric  | 0       |
|    p_mid153_fu_21432_p2                 | -   |        | p_mid153                 | add     | fabric  | 0       |
|    p_mid155_fu_22336_p2                 | -   |        | p_mid155                 | add     | fabric  | 0       |
|    add_ln201_186_fu_22856_p2            | -   |        | add_ln201_186            | add     | fabric  | 0       |
|    add_ln201_315_fu_23368_p2            | -   |        | add_ln201_315            | add     | fabric  | 0       |
|    add_ln217_2_fu_21195_p2              | -   |        | add_ln217_2              | add     | fabric  | 0       |
|    add_ln201_316_fu_22568_p2            | -   |        | add_ln201_316            | add     | fabric  | 0       |
|    add_ln201_317_fu_22875_p2            | -   |        | add_ln201_317            | add     | fabric  | 0       |
|    add_ln201_318_fu_23380_p2            | -   |        | add_ln201_318            | add     | fabric  | 0       |
|    add_ln201_319_fu_23764_p2            | -   |        | add_ln201_319            | add     | fabric  | 0       |
|    add_ln201_320_fu_23776_p2            | -   |        | add_ln201_320            | add     | fabric  | 0       |
|    add_ln201_321_fu_23788_p2            | -   |        | add_ln201_321            | add     | fabric  | 0       |
|    add_ln201_322_fu_25046_p2            | -   |        | add_ln201_322            | add     | fabric  | 0       |
|    add_ln201_323_fu_25058_p2            | -   |        | add_ln201_323            | add     | fabric  | 0       |
|    add_ln201_324_fu_25070_p2            | -   |        | add_ln201_324            | add     | fabric  | 0       |
|    indvars_iv_next1494_dup_fu_21024_p2  | -   |        | indvars_iv_next1494_dup  | add     | fabric  | 0       |
|    add_ln201_325_fu_23406_p2            | -   |        | add_ln201_325            | add     | fabric  | 0       |
|    p_mid1_fu_21232_p2                   | -   |        | p_mid1                   | add     | fabric  | 0       |
|    indvars_iv_next1494_mid1_fu_21475_p2 | -   |        | indvars_iv_next1494_mid1 | add     | fabric  | 0       |
|    add_ln201_326_fu_22580_p2            | -   |        | add_ln201_326            | add     | fabric  | 0       |
|    add_ln201_327_fu_22592_p2            | -   |        | add_ln201_327            | add     | fabric  | 0       |
|    add_ln201_328_fu_22887_p2            | -   |        | add_ln201_328            | add     | fabric  | 0       |
|    add_ln201_329_fu_22899_p2            | -   |        | add_ln201_329            | add     | fabric  | 0       |
|    add_ln201_330_fu_23411_p2            | -   |        | add_ln201_330            | add     | fabric  | 0       |
|    add_ln201_333_fu_23818_p2            | -   |        | add_ln201_333            | add     | fabric  | 0       |
|    add_ln201_334_fu_25116_p2            | -   |        | add_ln201_334            | add     | fabric  | 0       |
|    add_ln201_337_fu_25128_p2            | -   |        | add_ln201_337            | add     | fabric  | 0       |
|    add_ln201_338_fu_25140_p2            | -   |        | add_ln201_338            | add     | fabric  | 0       |
|    add_ln201_339_fu_25152_p2            | -   |        | add_ln201_339            | add     | fabric  | 0       |
|    add_ln201_340_fu_25164_p2            | -   |        | add_ln201_340            | add     | fabric  | 0       |
|    add_ln201_341_fu_25168_p2            | -   |        | add_ln201_341            | add     | fabric  | 0       |
|    add_ln201_342_fu_25181_p2            | -   |        | add_ln201_342            | add     | fabric  | 0       |
|    add_ln201_343_fu_25194_p2            | -   |        | add_ln201_343            | add     | fabric  | 0       |
|    add_ln201_344_fu_25207_p2            | -   |        | add_ln201_344            | add     | fabric  | 0       |
|    add_ln201_345_fu_25220_p2            | -   |        | add_ln201_345            | add     | fabric  | 0       |
|    add_ln201_346_fu_23430_p2            | -   |        | add_ln201_346            | add     | fabric  | 0       |
|    empty_44_fu_22017_p2                 | -   |        | empty_44                 | add     | fabric  | 0       |
|    mul_4ns_12ns_15_1_1_U502             | -   |        | empty_45                 | mul     | auto    | 0       |
|    empty_46_fu_21068_p2                 | -   |        | empty_46                 | add     | fabric  | 0       |
|    empty_48_fu_21089_p2                 | -   |        | empty_48                 | add     | fabric  | 0       |
|    empty_49_fu_21268_p2                 | -   |        | empty_49                 | add     | fabric  | 0       |
|    add_ln201_fu_21277_p2                | -   |        | add_ln201                | add     | fabric  | 0       |
|    tmp_fu_21520_p17                     | -   |        | add_ln201_145            | add     | fabric  | 0       |
|    fmul_32ns_32ns_32_5_max_dsp_1_U490   | 3   |        | mul1                     | fmul    | maxdsp  | 4       |
|    fadd_32ns_32ns_32_8_full_dsp_1_U487  | 2   |        | tile_acc                 | fadd    | fulldsp | 7       |
|    add_ln201_1_fu_21313_p2              | -   |        | add_ln201_1              | add     | fabric  | 0       |
|    tmp_1_fu_21567_p17                   | -   |        | add_ln201_146            | add     | fabric  | 0       |
|    fmul_32ns_32ns_32_5_max_dsp_1_U491   | 3   |        | mul54_s                  | fmul    | maxdsp  | 4       |
|    fadd_32ns_32ns_32_8_full_dsp_1_U487  | 2   |        | tile_acc_2               | fadd    | fulldsp | 7       |
|    add_ln201_2_fu_21610_p2              | -   |        | add_ln201_2              | add     | fabric  | 0       |
|    tmp_2_fu_21728_p17                   | -   |        | add_ln201_148            | add     | fabric  | 0       |
|    fmul_32ns_32ns_32_5_max_dsp_1_U490   | 3   |        | mul54_16                 | fmul    | maxdsp  | 4       |
|    fadd_32ns_32ns_32_8_full_dsp_1_U487  | 2   |        | tile_acc_4               | fadd    | fulldsp | 7       |
|    empty_50_fu_21645_p2                 | -   |        | empty_50                 | add     | fabric  | 0       |
|    add_ln201_3_fu_21654_p2              | -   |        | add_ln201_3              | add     | fabric  | 0       |
|    tmp_3_fu_21775_p17                   | -   |        | add_ln201_150            | add     | fabric  | 0       |
|    fmul_32ns_32ns_32_5_max_dsp_1_U491   | 3   |        | mul54_17                 | fmul    | maxdsp  | 4       |
|    fadd_32ns_32ns_32_8_full_dsp_1_U487  | 2   |        | tile_acc_6               | fadd    | fulldsp | 7       |
|    add_ln201_4_fu_21818_p2              | -   |        | add_ln201_4              | add     | fabric  | 0       |
|    tmp_4_fu_22027_p17                   | -   |        | add_ln201_151            | add     | fabric  | 0       |
|    fmul_32ns_32ns_32_5_max_dsp_1_U490   | 3   |        | mul54_1573_1             | fmul    | maxdsp  | 4       |
|    fadd_32ns_32ns_32_8_full_dsp_1_U487  | 2   |        | tile_acc_8               | fadd    | fulldsp | 7       |
|    add_ln201_5_fu_21852_p2              | -   |        | add_ln201_5              | add     | fabric  | 0       |
|    tmp_5_fu_22074_p17                   | -   |        | add_ln201_153            | add     | fabric  | 0       |
|    fmul_32ns_32ns_32_5_max_dsp_1_U491   | 3   |        | mul54_1573_2             | fmul    | maxdsp  | 4       |
|    fadd_32ns_32ns_32_8_full_dsp_1_U487  | 2   |        | tile_acc_9               | fadd    | fulldsp | 7       |
|    empty_52_fu_22117_p2                 | -   |        | empty_52                 | add     | fabric  | 0       |
|    add_ln201_6_fu_22126_p2              | -   |        | add_ln201_6              | add     | fabric  | 0       |
|    tmp_6_fu_22346_p17                   | -   |        | add_ln201_155            | add     | fabric  | 0       |
|    fmul_32ns_32ns_32_5_max_dsp_1_U490   | 3   |        | mul54_18                 | fmul    | maxdsp  | 4       |
|    fadd_32ns_32ns_32_8_full_dsp_1_U487  | 2   |        | tile_acc_11              | fadd    | fulldsp | 7       |
|    add_ln201_7_fu_22161_p2              | -   |        | add_ln201_7              | add     | fabric  | 0       |
|    tmp_7_fu_22393_p17                   | -   |        | add_ln201_156            | add     | fabric  | 0       |
|    fmul_32ns_32ns_32_5_max_dsp_1_U491   | 3   |        | mul54_2597_1             | fmul    | maxdsp  | 4       |
|    fadd_32ns_32ns_32_8_full_dsp_1_U487  | 2   |        | tile_acc_13              | fadd    | fulldsp | 7       |
|    add_ln201_8_fu_22196_p2              | -   |        | add_ln201_8              | add     | fabric  | 0       |
|    tmp_8_fu_22609_p17                   | -   |        | add_ln201_158            | add     | fabric  | 0       |
|    fmul_32ns_32ns_32_5_max_dsp_1_U490   | 3   |        | mul54_2597_2             | fmul    | maxdsp  | 4       |
|    fadd_32ns_32ns_32_8_full_dsp_1_U487  | 2   |        | tile_acc_15              | fadd    | fulldsp | 7       |
|    empty_56_fu_22260_p2                 | -   |        | empty_56                 | add     | fabric  | 0       |
|    empty_57_fu_22266_p2                 | -   |        | empty_57                 | add     | fabric  | 0       |
|    empty_59_fu_22287_p2                 | -   |        | empty_59                 | add     | fabric  | 0       |
|    empty_60_fu_22455_p2                 | -   |        | empty_60                 | add     | fabric  | 0       |
|    add_ln201_9_fu_22459_p2              | -   |        | add_ln201_9              | add     | fabric  | 0       |
|    fmul_32ns_32ns_32_5_max_dsp_1_U491   | 3   |        | mul54_1                  | fmul    | maxdsp  | 4       |
|    fadd_32ns_32ns_32_8_full_dsp_1_U487  | 2   |        | tile_acc_17              | fadd    | fulldsp | 7       |
|    add_ln201_10_fu_22701_p2             | -   |        | add_ln201_10             | add     | fabric  | 0       |
|    add_ln203_fu_22494_p2                | -   |        | add_ln203                | add     | fabric  | 0       |
|    fmul_32ns_32ns_32_5_max_dsp_1_U490   | 3   |        | mul54_1_s                | fmul    | maxdsp  | 4       |
|    fadd_32ns_32ns_32_8_full_dsp_1_U487  | 2   |        | tile_acc_19              | fadd    | fulldsp | 7       |
|    add_ln201_11_fu_22735_p2             | -   |        | add_ln201_11             | add     | fabric  | 0       |
|    fmul_32ns_32ns_32_5_max_dsp_1_U491   | 3   |        | mul54_1_3                | fmul    | maxdsp  | 4       |
|    fadd_32ns_32ns_32_8_full_dsp_1_U487  | 2   |        | tile_acc_21              | fadd    | fulldsp | 7       |
|    empty_61_fu_22769_p2                 | -   |        | empty_61                 | add     | fabric  | 0       |
|    empty_64_fu_23015_p2                 | -   |        | empty_64                 | add     | fabric  | 0       |
|    empty_65_fu_22783_p2                 | -   |        | empty_65                 | add     | fabric  | 0       |
|    add_ln201_166_fu_23140_p2            | -   |        | add_ln201_166            | add     | fabric  | 0       |
|    add_ln201_12_fu_23021_p2             | -   |        | add_ln201_12             | add     | fabric  | 0       |
|    tmp_11_fu_23151_p17                  | -   |        | add_ln201_167            | add     | fabric  | 0       |
|    fmul_32ns_32ns_32_5_max_dsp_1_U490   | 3   |        | mul54_1_1                | fmul    | maxdsp  | 4       |
|    fadd_32ns_32ns_32_8_full_dsp_1_U487  | 2   |        | tile_acc_23              | fadd    | fulldsp | 7       |
|    add_ln201_13_fu_23056_p2             | -   |        | add_ln201_13             | add     | fabric  | 0       |
|    tmp_12_fu_23199_p17                  | -   |        | add_ln201_169            | add     | fabric  | 0       |
|    fmul_32ns_32ns_32_5_max_dsp_1_U491   | 3   |        | mul54_1_1_1              | fmul    | maxdsp  | 4       |
|    fadd_32ns_32ns_32_8_full_dsp_1_U488  | 2   |        | tile_acc_25              | fadd    | fulldsp | 7       |
|    add_ln201_14_fu_23091_p2             | -   |        | add_ln201_14             | add     | fabric  | 0       |
|    tmp_13_fu_23446_p17                  | -   |        | add_ln201_171            | add     | fabric  | 0       |
|    add_ln203_2_fu_23106_p2              | -   |        | add_ln203_2              | add     | fabric  | 0       |
|    fmul_32ns_32ns_32_5_max_dsp_1_U490   | 3   |        | mul54_1_1_2              | fmul    | maxdsp  | 4       |
|    fadd_32ns_32ns_32_8_full_dsp_1_U487  | 2   |        | tile_acc_26              | fadd    | fulldsp | 7       |
|    empty_66_fu_23261_p2                 | -   |        | empty_66                 | add     | fabric  | 0       |
|    add_ln201_15_fu_23265_p2             | -   |        | add_ln201_15             | add     | fabric  | 0       |
|    fmul_32ns_32ns_32_5_max_dsp_1_U491   | 3   |        | mul54_1_2                | fmul    | maxdsp  | 4       |
|    fadd_32ns_32ns_32_8_full_dsp_1_U487  | 2   |        | tile_acc_28              | fadd    | fulldsp | 7       |
|    add_ln201_16_fu_23532_p2             | -   |        | add_ln201_16             | add     | fabric  | 0       |
|    add_ln203_3_fu_23300_p2              | -   |        | add_ln203_3              | add     | fabric  | 0       |
|    fmul_32ns_32ns_32_5_max_dsp_1_U490   | 3   |        | mul54_1_2_1              | fmul    | maxdsp  | 4       |
|    fadd_32ns_32ns_32_8_full_dsp_1_U487  | 2   |        | tile_acc_30              | fadd    | fulldsp | 7       |
|    add_ln201_17_fu_23566_p2             | -   |        | add_ln201_17             | add     | fabric  | 0       |
|    add_ln203_4_fu_23310_p2              | -   |        | add_ln203_4              | add     | fabric  | 0       |
|    fmul_32ns_32ns_32_5_max_dsp_1_U491   | 3   |        | mul54_1_2_2              | fmul    | maxdsp  | 4       |
|    fadd_32ns_32ns_32_8_full_dsp_1_U487  | 2   |        | tile_acc_32              | fadd    | fulldsp | 7       |
|    empty_69_fu_23609_p2                 | -   |        | empty_69                 | add     | fabric  | 0       |
|    empty_71_fu_23638_p2                 | -   |        | empty_71                 | add     | fabric  | 0       |
|    empty_72_fu_23648_p2                 | -   |        | empty_72                 | add     | fabric  | 0       |
|    empty_74_fu_23669_p2                 | -   |        | empty_74                 | add     | fabric  | 0       |
|    empty_75_fu_23934_p2                 | -   |        | empty_75                 | add     | fabric  | 0       |
|    add_ln201_179_fu_24062_p2            | -   |        | add_ln201_179            | add     | fabric  | 0       |
|    add_ln201_18_fu_23938_p2             | -   |        | add_ln201_18             | add     | fabric  | 0       |
|    tmp_17_fu_24072_p17                  | -   |        | add_ln201_180            | add     | fabric  | 0       |
|    fmul_32ns_32ns_32_5_max_dsp_1_U490   | 3   |        | mul54_2                  | fmul    | maxdsp  | 4       |
|    fadd_32ns_32ns_32_8_full_dsp_1_U487  | 2   |        | tile_acc_34              | fadd    | fulldsp | 7       |
|    add_ln201_19_fu_23973_p2             | -   |        | add_ln201_19             | add     | fabric  | 0       |
|    tmp_18_fu_24120_p17                  | -   |        | add_ln201_182            | add     | fabric  | 0       |
|    fmul_32ns_32ns_32_5_max_dsp_1_U491   | 3   |        | mul54_2_s                | fmul    | maxdsp  | 4       |
|    fadd_32ns_32ns_32_8_full_dsp_1_U487  | 2   |        | tile_acc_36              | fadd    | fulldsp | 7       |
|    add_ln201_20_fu_24008_p2             | -   |        | add_ln201_20             | add     | fabric  | 0       |
|    tmp_19_fu_24265_p17                  | -   |        | add_ln201_185            | add     | fabric  | 0       |
|    add_ln203_5_fu_24023_p2              | -   |        | add_ln203_5              | add     | fabric  | 0       |
|    fmul_32ns_32ns_32_5_max_dsp_1_U490   | 3   |        | mul54_2_3                | fmul    | maxdsp  | 4       |
|    fadd_32ns_32ns_32_8_full_dsp_1_U487  | 2   |        | tile_acc_38              | fadd    | fulldsp | 7       |
|    empty_76_fu_24033_p2                 | -   |        | empty_76                 | add     | fabric  | 0       |
|    empty_79_fu_24200_p2                 | -   |        | empty_79                 | add     | fabric  | 0       |
|    empty_80_fu_24045_p2                 | -   |        | empty_80                 | add     | fabric  | 0       |
|    add_ln201_187_fu_24322_p2            | -   |        | add_ln201_187            | add     | fabric  | 0       |
|    add_ln201_21_fu_24206_p2             | -   |        | add_ln201_21             | add     | fabric  | 0       |
|    tmp_20_fu_24333_p17                  | -   |        | add_ln201_188            | add     | fabric  | 0       |
|    fmul_32ns_32ns_32_5_max_dsp_1_U491   | 3   |        | mul54_2_1                | fmul    | maxdsp  | 4       |
|    fadd_32ns_32ns_32_8_full_dsp_1_U487  | 2   |        | tile_acc_40              | fadd    | fulldsp | 7       |
|    add_ln201_22_fu_24376_p2             | -   |        | add_ln201_22             | add     | fabric  | 0       |
|    tmp_21_fu_24468_p17                  | -   |        | add_ln201_189            | add     | fabric  | 0       |
|    fmul_32ns_32ns_32_5_max_dsp_1_U490   | 3   |        | mul54_2_1_1              | fmul    | maxdsp  | 4       |
|    fadd_32ns_32ns_32_8_full_dsp_1_U488  | 2   |        | tile_acc_42              | fadd    | fulldsp | 7       |
|    add_ln201_23_fu_24410_p2             | -   |        | add_ln201_23             | add     | fabric  | 0       |
|    tmp_22_fu_24515_p17                  | -   |        | add_ln201_190            | add     | fabric  | 0       |
|    fmul_32ns_32ns_32_5_max_dsp_1_U491   | 3   |        | mul54_2_1_2              | fmul    | maxdsp  | 4       |
|    fadd_32ns_32ns_32_8_full_dsp_1_U487  | 2   |        | tile_acc_43              | fadd    | fulldsp | 7       |
|    empty_81_fu_24558_p2                 | -   |        | empty_81                 | add     | fabric  | 0       |
|    empty_82_fu_24444_p2                 | -   |        | empty_82                 | add     | fabric  | 0       |
|    add_ln201_191_fu_24748_p2            | -   |        | add_ln201_191            | add     | fabric  | 0       |
|    add_ln201_24_fu_24562_p2             | -   |        | add_ln201_24             | add     | fabric  | 0       |
|    tmp_23_fu_24757_p17                  | -   |        | add_ln201_192            | add     | fabric  | 0       |
|    fmul_32ns_32ns_32_5_max_dsp_1_U490   | 3   |        | mul54_2_2                | fmul    | maxdsp  | 4       |
|    fadd_32ns_32ns_32_8_full_dsp_1_U487  | 2   |        | tile_acc_45              | fadd    | fulldsp | 7       |
|    add_ln201_25_fu_24597_p2             | -   |        | add_ln201_25             | add     | fabric  | 0       |
|    tmp_24_fu_24805_p17                  | -   |        | add_ln201_193            | add     | fabric  | 0       |
|    add_ln203_6_fu_24454_p2              | -   |        | add_ln203_6              | add     | fabric  | 0       |
|    fmul_32ns_32ns_32_5_max_dsp_1_U491   | 3   |        | mul54_2_2_1              | fmul    | maxdsp  | 4       |
|    fadd_32ns_32ns_32_8_full_dsp_1_U487  | 2   |        | tile_acc_47              | fadd    | fulldsp | 7       |
|    add_ln201_26_fu_24632_p2             | -   |        | add_ln201_26             | add     | fabric  | 0       |
|    tmp_25_fu_25237_p17                  | -   |        | add_ln201_194            | add     | fabric  | 0       |
|    fmul_32ns_32ns_32_5_max_dsp_1_U490   | 3   |        | mul54_2_2_2              | fmul    | maxdsp  | 4       |
|    fadd_32ns_32ns_32_8_full_dsp_1_U487  | 2   |        | tile_acc_49              | fadd    | fulldsp | 7       |
|    empty_85_fu_24695_p2                 | -   |        | empty_85                 | add     | fabric  | 0       |
|    empty_86_fu_24705_p2                 | -   |        | empty_86                 | add     | fabric  | 0       |
|    empty_88_fu_24726_p2                 | -   |        | empty_88                 | add     | fabric  | 0       |
|    empty_89_fu_24867_p2                 | -   |        | empty_89                 | add     | fabric  | 0       |
|    add_ln201_27_fu_24871_p2             | -   |        | add_ln201_27             | add     | fabric  | 0       |
|    fmul_32ns_32ns_32_5_max_dsp_1_U491   | 3   |        | mul54_3                  | fmul    | maxdsp  | 4       |
|    fadd_32ns_32ns_32_8_full_dsp_1_U487  | 2   |        | tile_acc_51              | fadd    | fulldsp | 7       |
|    add_ln201_28_fu_25326_p2             | -   |        | add_ln201_28             | add     | fabric  | 0       |
|    add_ln203_7_fu_24906_p2              | -   |        | add_ln203_7              | add     | fabric  | 0       |
|    fmul_32ns_32ns_32_5_max_dsp_1_U490   | 3   |        | mul54_3_s                | fmul    | maxdsp  | 4       |
|    fadd_32ns_32ns_32_8_full_dsp_1_U487  | 2   |        | tile_acc_53              | fadd    | fulldsp | 7       |
|    add_ln201_29_fu_25360_p2             | -   |        | add_ln201_29             | add     | fabric  | 0       |
|    add_ln203_8_fu_24916_p2              | -   |        | add_ln203_8              | add     | fabric  | 0       |
|    fmul_32ns_32ns_32_5_max_dsp_1_U491   | 3   |        | mul54_3_3                | fmul    | maxdsp  | 4       |
|    fadd_32ns_32ns_32_8_full_dsp_1_U487  | 2   |        | tile_acc_55              | fadd    | fulldsp | 7       |
|    empty_90_fu_25394_p2                 | -   |        | empty_90                 | add     | fabric  | 0       |
|    empty_93_fu_25492_p2                 | -   |        | empty_93                 | add     | fabric  | 0       |
|    empty_94_fu_25407_p2                 | -   |        | empty_94                 | add     | fabric  | 0       |
|    add_ln201_195_fu_25617_p2            | -   |        | add_ln201_195            | add     | fabric  | 0       |
|    add_ln201_30_fu_25498_p2             | -   |        | add_ln201_30             | add     | fabric  | 0       |
|    tmp_29_fu_25628_p17                  | -   |        | add_ln201_196            | add     | fabric  | 0       |
|    fmul_32ns_32ns_32_5_max_dsp_1_U490   | 3   |        | mul54_3_1                | fmul    | maxdsp  | 4       |
|    fadd_32ns_32ns_32_8_full_dsp_1_U487  | 2   |        | tile_acc_57              | fadd    | fulldsp | 7       |
|    add_ln201_31_fu_25533_p2             | -   |        | add_ln201_31             | add     | fabric  | 0       |
|    tmp_30_fu_25676_p17                  | -   |        | add_ln201_197            | add     | fabric  | 0       |
|    fmul_32ns_32ns_32_5_max_dsp_1_U491   | 3   |        | mul54_3_1_1              | fmul    | maxdsp  | 4       |
|    fadd_32ns_32ns_32_8_full_dsp_1_U488  | 2   |        | tile_acc_59              | fadd    | fulldsp | 7       |
|    add_ln201_32_fu_25568_p2             | -   |        | add_ln201_32             | add     | fabric  | 0       |
|    tmp_31_fu_25801_p17                  | -   |        | add_ln201_198            | add     | fabric  | 0       |
|    add_ln203_9_fu_25583_p2              | -   |        | add_ln203_9              | add     | fabric  | 0       |
|    fmul_32ns_32ns_32_5_max_dsp_1_U490   | 3   |        | mul54_3_1_2              | fmul    | maxdsp  | 4       |
|    fadd_32ns_32ns_32_8_full_dsp_1_U487  | 2   |        | tile_acc_60              | fadd    | fulldsp | 7       |
|    empty_95_fu_25738_p2                 | -   |        | empty_95                 | add     | fabric  | 0       |
|    empty_96_fu_25593_p2                 | -   |        | empty_96                 | add     | fabric  | 0       |
|    add_ln201_33_fu_25742_p2             | -   |        | add_ln201_33             | add     | fabric  | 0       |
|    fmul_32ns_32ns_32_5_max_dsp_1_U491   | 3   |        | mul54_3_2                | fmul    | maxdsp  | 4       |
|    fadd_32ns_32ns_32_8_full_dsp_1_U487  | 2   |        | tile_acc_62              | fadd    | fulldsp | 7       |
|    add_ln201_34_fu_25886_p2             | -   |        | add_ln201_34             | add     | fabric  | 0       |
|    add_ln203_10_fu_25777_p2             | -   |        | add_ln203_10             | add     | fabric  | 0       |
|    fmul_32ns_32ns_32_5_max_dsp_1_U490   | 3   |        | mul54_3_2_1              | fmul    | maxdsp  | 4       |
|    fadd_32ns_32ns_32_8_full_dsp_1_U487  | 2   |        | tile_acc_64              | fadd    | fulldsp | 7       |
|    add_ln201_35_fu_25920_p2             | -   |        | add_ln201_35             | add     | fabric  | 0       |
|    add_ln203_11_fu_25787_p2             | -   |        | add_ln203_11             | add     | fabric  | 0       |
|    fmul_32ns_32ns_32_5_max_dsp_1_U491   | 3   |        | mul54_3_2_2              | fmul    | maxdsp  | 4       |
|    fadd_32ns_32ns_32_8_full_dsp_1_U487  | 2   |        | tile_acc_66              | fadd    | fulldsp | 7       |
|    empty_98_fu_25963_p2                 | -   |        | empty_98                 | add     | fabric  | 0       |
|    empty_100_fu_25992_p2                | -   |        | empty_100                | add     | fabric  | 0       |
|    empty_101_fu_26002_p2                | -   |        | empty_101                | add     | fabric  | 0       |
|    empty_103_fu_26023_p2                | -   |        | empty_103                | add     | fabric  | 0       |
|    empty_104_fu_26103_p2                | -   |        | empty_104                | add     | fabric  | 0       |
|    add_ln201_199_fu_26231_p2            | -   |        | add_ln201_199            | add     | fabric  | 0       |
|    add_ln201_36_fu_26107_p2             | -   |        | add_ln201_36             | add     | fabric  | 0       |
|    tmp_35_fu_26241_p17                  | -   |        | add_ln201_200            | add     | fabric  | 0       |
|    fmul_32ns_32ns_32_5_max_dsp_1_U490   | 3   |        | mul54_4                  | fmul    | maxdsp  | 4       |
|    fadd_32ns_32ns_32_8_full_dsp_1_U487  | 2   |        | tile_acc_68              | fadd    | fulldsp | 7       |
|    add_ln201_37_fu_26142_p2             | -   |        | add_ln201_37             | add     | fabric  | 0       |
|    tmp_36_fu_26289_p17                  | -   |        | add_ln201_201            | add     | fabric  | 0       |
|    fmul_32ns_32ns_32_5_max_dsp_1_U491   | 3   |        | mul54_4_s                | fmul    | maxdsp  | 4       |
|    fadd_32ns_32ns_32_8_full_dsp_1_U487  | 2   |        | tile_acc_70              | fadd    | fulldsp | 7       |
|    add_ln201_38_fu_26177_p2             | -   |        | add_ln201_38             | add     | fabric  | 0       |
|    tmp_37_fu_26441_p17                  | -   |        | add_ln201_202            | add     | fabric  | 0       |
|    fmul_32ns_32ns_32_5_max_dsp_1_U490   | 3   |        | mul54_4_3                | fmul    | maxdsp  | 4       |
|    fadd_32ns_32ns_32_8_full_dsp_1_U487  | 2   |        | tile_acc_72              | fadd    | fulldsp | 7       |
|    empty_105_fu_26202_p2                | -   |        | empty_105                | add     | fabric  | 0       |
|    empty_108_fu_26369_p2                | -   |        | empty_108                | add     | fabric  | 0       |
|    add_ln201_203_fu_26498_p2            | -   |        | add_ln201_203            | add     | fabric  | 0       |
|    add_ln201_39_fu_26375_p2             | -   |        | add_ln201_39             | add     | fabric  | 0       |
|    tmp_38_fu_26509_p17                  | -   |        | add_ln201_204            | add     | fabric  | 0       |
|    fmul_32ns_32ns_32_5_max_dsp_1_U491   | 3   |        | mul54_4_1                | fmul    | maxdsp  | 4       |
|    fadd_32ns_32ns_32_8_full_dsp_1_U487  | 2   |        | tile_acc_74              | fadd    | fulldsp | 7       |
|    add_ln201_40_fu_26552_p2             | -   |        | add_ln201_40             | add     | fabric  | 0       |
|    tmp_39_fu_26644_p17                  | -   |        | add_ln201_205            | add     | fabric  | 0       |
|    add_ln203_12_fu_26410_p2             | -   |        | add_ln203_12             | add     | fabric  | 0       |
|    fmul_32ns_32ns_32_5_max_dsp_1_U490   | 3   |        | mul54_4_1_1              | fmul    | maxdsp  | 4       |
|    fadd_32ns_32ns_32_8_full_dsp_1_U488  | 2   |        | tile_acc_76              | fadd    | fulldsp | 7       |
|    add_ln201_41_fu_26586_p2             | -   |        | add_ln201_41             | add     | fabric  | 0       |
|    tmp_40_fu_26691_p17                  | -   |        | add_ln201_206            | add     | fabric  | 0       |
|    add_ln203_13_fu_26420_p2             | -   |        | add_ln203_13             | add     | fabric  | 0       |
|    fmul_32ns_32ns_32_5_max_dsp_1_U491   | 3   |        | mul54_4_1_2              | fmul    | maxdsp  | 4       |
|    fadd_32ns_32ns_32_8_full_dsp_1_U487  | 2   |        | tile_acc_77              | fadd    | fulldsp | 7       |
|    empty_110_fu_26734_p2                | -   |        | empty_110                | add     | fabric  | 0       |
|    empty_111_fu_26620_p2                | -   |        | empty_111                | add     | fabric  | 0       |
|    add_ln201_207_fu_26909_p2            | -   |        | add_ln201_207            | add     | fabric  | 0       |
|    add_ln201_42_fu_26738_p2             | -   |        | add_ln201_42             | add     | fabric  | 0       |
|    tmp_41_fu_26918_p17                  | -   |        | add_ln201_208            | add     | fabric  | 0       |
|    fmul_32ns_32ns_32_5_max_dsp_1_U490   | 3   |        | mul54_4_2                | fmul    | maxdsp  | 4       |
|    fadd_32ns_32ns_32_8_full_dsp_1_U487  | 2   |        | tile_acc_79              | fadd    | fulldsp | 7       |
|    add_ln201_43_fu_26773_p2             | -   |        | add_ln201_43             | add     | fabric  | 0       |
|    tmp_42_fu_26966_p17                  | -   |        | add_ln201_209            | add     | fabric  | 0       |
|    add_ln203_14_fu_26630_p2             | -   |        | add_ln203_14             | add     | fabric  | 0       |
|    fmul_32ns_32ns_32_5_max_dsp_1_U491   | 3   |        | mul54_4_2_1              | fmul    | maxdsp  | 4       |
|    fadd_32ns_32ns_32_8_full_dsp_1_U487  | 2   |        | tile_acc_81              | fadd    | fulldsp | 7       |
|    add_ln201_44_fu_26808_p2             | -   |        | add_ln201_44             | add     | fabric  | 0       |
|    tmp_43_fu_27091_p17                  | -   |        | add_ln201_210            | add     | fabric  | 0       |
|    fmul_32ns_32ns_32_5_max_dsp_1_U490   | 3   |        | mul54_4_2_2              | fmul    | maxdsp  | 4       |
|    fadd_32ns_32ns_32_8_full_dsp_1_U487  | 2   |        | tile_acc_83              | fadd    | fulldsp | 7       |
|    empty_113_fu_26842_p2                | -   |        | empty_113                | add     | fabric  | 0       |
|    empty_115_fu_26871_p2                | -   |        | empty_115                | add     | fabric  | 0       |
|    empty_116_fu_26877_p2                | -   |        | empty_116                | add     | fabric  | 0       |
|    empty_118_fu_26898_p2                | -   |        | empty_118                | add     | fabric  | 0       |
|    empty_119_fu_27028_p2                | -   |        | empty_119                | add     | fabric  | 0       |
|    add_ln201_211_fu_27141_p2            | -   |        | add_ln201_211            | add     | fabric  | 0       |
|    add_ln201_45_fu_27032_p2             | -   |        | add_ln201_45             | add     | fabric  | 0       |
|    tmp_44_fu_27151_p17                  | -   |        | add_ln201_212            | add     | fabric  | 0       |
|    fmul_32ns_32ns_32_5_max_dsp_1_U491   | 3   |        | mul54_5                  | fmul    | maxdsp  | 4       |
|    fadd_32ns_32ns_32_8_full_dsp_1_U487  | 2   |        | tile_acc_85              | fadd    | fulldsp | 7       |
|    add_ln201_46_fu_27194_p2             | -   |        | add_ln201_46             | add     | fabric  | 0       |
|    tmp_45_fu_27298_p17                  | -   |        | add_ln201_213            | add     | fabric  | 0       |
|    add_ln203_15_fu_27067_p2             | -   |        | add_ln203_15             | add     | fabric  | 0       |
|    fmul_32ns_32ns_32_5_max_dsp_1_U490   | 3   |        | mul54_5_s                | fmul    | maxdsp  | 4       |
|    fadd_32ns_32ns_32_8_full_dsp_1_U487  | 2   |        | tile_acc_87              | fadd    | fulldsp | 7       |
|    add_ln201_47_fu_27228_p2             | -   |        | add_ln201_47             | add     | fabric  | 0       |
|    tmp_46_fu_27345_p17                  | -   |        | add_ln201_214            | add     | fabric  | 0       |
|    fmul_32ns_32ns_32_5_max_dsp_1_U491   | 3   |        | mul54_5_3                | fmul    | maxdsp  | 4       |
|    fadd_32ns_32ns_32_8_full_dsp_1_U487  | 2   |        | tile_acc_89              | fadd    | fulldsp | 7       |
|    empty_120_fu_27262_p2                | -   |        | empty_120                | add     | fabric  | 0       |
|    empty_123_fu_27406_p2                | -   |        | empty_123                | add     | fabric  | 0       |
|    empty_124_fu_27274_p2                | -   |        | empty_124                | add     | fabric  | 0       |
|    add_ln201_215_fu_27531_p2            | -   |        | add_ln201_215            | add     | fabric  | 0       |
|    add_ln201_48_fu_27412_p2             | -   |        | add_ln201_48             | add     | fabric  | 0       |
|    tmp_47_fu_27542_p17                  | -   |        | add_ln201_216            | add     | fabric  | 0       |
|    fmul_32ns_32ns_32_5_max_dsp_1_U490   | 3   |        | mul54_5_1                | fmul    | maxdsp  | 4       |
|    fadd_32ns_32ns_32_8_full_dsp_1_U487  | 2   |        | tile_acc_91              | fadd    | fulldsp | 7       |
|    add_ln201_49_fu_27447_p2             | -   |        | add_ln201_49             | add     | fabric  | 0       |
|    tmp_48_fu_27590_p17                  | -   |        | add_ln201_217            | add     | fabric  | 0       |
|    add_ln203_17_fu_27284_p2             | -   |        | add_ln203_17             | add     | fabric  | 0       |
|    fmul_32ns_32ns_32_5_max_dsp_1_U491   | 3   |        | mul54_5_1_1              | fmul    | maxdsp  | 4       |
|    fadd_32ns_32ns_32_8_full_dsp_1_U488  | 2   |        | tile_acc_93              | fadd    | fulldsp | 7       |
|    add_ln201_50_fu_27482_p2             | -   |        | add_ln201_50             | add     | fabric  | 0       |
|    tmp_49_fu_27715_p17                  | -   |        | add_ln201_218            | add     | fabric  | 0       |
|    add_ln203_18_fu_27497_p2             | -   |        | add_ln203_18             | add     | fabric  | 0       |
|    fmul_32ns_32ns_32_5_max_dsp_1_U490   | 3   |        | mul54_5_1_2              | fmul    | maxdsp  | 4       |
|    fadd_32ns_32ns_32_8_full_dsp_1_U487  | 2   |        | tile_acc_94              | fadd    | fulldsp | 7       |
|    empty_125_fu_27652_p2                | -   |        | empty_125                | add     | fabric  | 0       |
|    empty_126_fu_27507_p2                | -   |        | empty_126                | add     | fabric  | 0       |
|    add_ln201_219_fu_27758_p2            | -   |        | add_ln201_219            | add     | fabric  | 0       |
|    add_ln201_51_fu_27656_p2             | -   |        | add_ln201_51             | add     | fabric  | 0       |
|    tmp_50_fu_27767_p17                  | -   |        | add_ln201_220            | add     | fabric  | 0       |
|    fmul_32ns_32ns_32_5_max_dsp_1_U491   | 3   |        | mul54_5_2                | fmul    | maxdsp  | 4       |
|    fadd_32ns_32ns_32_8_full_dsp_1_U487  | 2   |        | tile_acc_96              | fadd    | fulldsp | 7       |
|    add_ln201_52_fu_27810_p2             | -   |        | add_ln201_52             | add     | fabric  | 0       |
|    tmp_51_fu_27984_p17                  | -   |        | add_ln201_221            | add     | fabric  | 0       |
|    add_ln203_19_fu_27691_p2             | -   |        | add_ln203_19             | add     | fabric  | 0       |
|    fmul_32ns_32ns_32_5_max_dsp_1_U490   | 3   |        | mul54_5_2_1              | fmul    | maxdsp  | 4       |
|    fadd_32ns_32ns_32_8_full_dsp_1_U487  | 2   |        | tile_acc_98              | fadd    | fulldsp | 7       |
|    add_ln201_53_fu_27844_p2             | -   |        | add_ln201_53             | add     | fabric  | 0       |
|    tmp_52_fu_28031_p17                  | -   |        | add_ln201_222            | add     | fabric  | 0       |
|    add_ln203_20_fu_27701_p2             | -   |        | add_ln203_20             | add     | fabric  | 0       |
|    fmul_32ns_32ns_32_5_max_dsp_1_U491   | 3   |        | mul54_5_2_2              | fmul    | maxdsp  | 4       |
|    fadd_32ns_32ns_32_8_full_dsp_1_U487  | 2   |        | tile_acc_100             | fadd    | fulldsp | 7       |
|    empty_128_fu_27887_p2                | -   |        | empty_128                | add     | fabric  | 0       |
|    empty_130_fu_27916_p2                | -   |        | empty_130                | add     | fabric  | 0       |
|    empty_131_fu_27926_p2                | -   |        | empty_131                | add     | fabric  | 0       |
|    empty_133_fu_27947_p2                | -   |        | empty_133                | add     | fabric  | 0       |
|    empty_134_fu_28074_p2                | -   |        | empty_134                | add     | fabric  | 0       |
|    add_ln201_223_fu_28202_p2            | -   |        | add_ln201_223            | add     | fabric  | 0       |
|    add_ln201_54_fu_28078_p2             | -   |        | add_ln201_54             | add     | fabric  | 0       |
|    tmp_53_fu_28212_p17                  | -   |        | add_ln201_224            | add     | fabric  | 0       |
|    fmul_32ns_32ns_32_5_max_dsp_1_U490   | 3   |        | mul54_6                  | fmul    | maxdsp  | 4       |
|    fadd_32ns_32ns_32_8_full_dsp_1_U487  | 2   |        | tile_acc_102             | fadd    | fulldsp | 7       |
|    add_ln201_55_fu_28113_p2             | -   |        | add_ln201_55             | add     | fabric  | 0       |
|    tmp_54_fu_28260_p17                  | -   |        | add_ln201_225            | add     | fabric  | 0       |
|    fmul_32ns_32ns_32_5_max_dsp_1_U491   | 3   |        | mul54_6_s                | fmul    | maxdsp  | 4       |
|    fadd_32ns_32ns_32_8_full_dsp_1_U487  | 2   |        | tile_acc_104             | fadd    | fulldsp | 7       |
|    add_ln201_56_fu_28148_p2             | -   |        | add_ln201_56             | add     | fabric  | 0       |
|    tmp_55_fu_28412_p17                  | -   |        | add_ln201_226            | add     | fabric  | 0       |
|    add_ln203_21_fu_28163_p2             | -   |        | add_ln203_21             | add     | fabric  | 0       |
|    fmul_32ns_32ns_32_5_max_dsp_1_U490   | 3   |        | mul54_6_3                | fmul    | maxdsp  | 4       |
|    fadd_32ns_32ns_32_8_full_dsp_1_U487  | 2   |        | tile_acc_106             | fadd    | fulldsp | 7       |
|    empty_135_fu_28173_p2                | -   |        | empty_135                | add     | fabric  | 0       |
|    empty_138_fu_28340_p2                | -   |        | empty_138                | add     | fabric  | 0       |
|    empty_139_fu_28185_p2                | -   |        | empty_139                | add     | fabric  | 0       |
|    add_ln201_227_fu_28469_p2            | -   |        | add_ln201_227            | add     | fabric  | 0       |
|    add_ln201_57_fu_28346_p2             | -   |        | add_ln201_57             | add     | fabric  | 0       |
|    tmp_56_fu_28480_p17                  | -   |        | add_ln201_228            | add     | fabric  | 0       |
|    fmul_32ns_32ns_32_5_max_dsp_1_U491   | 3   |        | mul54_6_1                | fmul    | maxdsp  | 4       |
|    fadd_32ns_32ns_32_8_full_dsp_1_U487  | 2   |        | tile_acc_108             | fadd    | fulldsp | 7       |
|    add_ln201_58_fu_28523_p2             | -   |        | add_ln201_58             | add     | fabric  | 0       |
|    tmp_57_fu_28615_p17                  | -   |        | add_ln201_229            | add     | fabric  | 0       |
|    add_ln203_22_fu_28381_p2             | -   |        | add_ln203_22             | add     | fabric  | 0       |
|    fmul_32ns_32ns_32_5_max_dsp_1_U490   | 3   |        | mul54_6_1_1              | fmul    | maxdsp  | 4       |
|    fadd_32ns_32ns_32_8_full_dsp_1_U488  | 2   |        | tile_acc_110             | fadd    | fulldsp | 7       |
|    add_ln201_59_fu_28557_p2             | -   |        | add_ln201_59             | add     | fabric  | 0       |
|    tmp_58_fu_28662_p17                  | -   |        | add_ln201_230            | add     | fabric  | 0       |
|    add_ln203_23_fu_28391_p2             | -   |        | add_ln203_23             | add     | fabric  | 0       |
|    fmul_32ns_32ns_32_5_max_dsp_1_U491   | 3   |        | mul54_6_1_2              | fmul    | maxdsp  | 4       |
|    fadd_32ns_32ns_32_8_full_dsp_1_U487  | 2   |        | tile_acc_111             | fadd    | fulldsp | 7       |
|    empty_140_fu_28705_p2                | -   |        | empty_140                | add     | fabric  | 0       |
|    empty_141_fu_28591_p2                | -   |        | empty_141                | add     | fabric  | 0       |
|    add_ln201_231_fu_28876_p2            | -   |        | add_ln201_231            | add     | fabric  | 0       |
|    add_ln201_60_fu_28709_p2             | -   |        | add_ln201_60             | add     | fabric  | 0       |
|    tmp_59_fu_28885_p17                  | -   |        | add_ln201_232            | add     | fabric  | 0       |
|    fmul_32ns_32ns_32_5_max_dsp_1_U490   | 3   |        | mul54_6_2                | fmul    | maxdsp  | 4       |
|    fadd_32ns_32ns_32_8_full_dsp_1_U487  | 2   |        | tile_acc_113             | fadd    | fulldsp | 7       |
|    add_ln201_61_fu_28744_p2             | -   |        | add_ln201_61             | add     | fabric  | 0       |
|    tmp_60_fu_28933_p17                  | -   |        | add_ln201_233            | add     | fabric  | 0       |
|    add_ln203_24_fu_28601_p2             | -   |        | add_ln203_24             | add     | fabric  | 0       |
|    fmul_32ns_32ns_32_5_max_dsp_1_U491   | 3   |        | mul54_6_2_1              | fmul    | maxdsp  | 4       |
|    fadd_32ns_32ns_32_8_full_dsp_1_U487  | 2   |        | tile_acc_115             | fadd    | fulldsp | 7       |
|    add_ln201_62_fu_28779_p2             | -   |        | add_ln201_62             | add     | fabric  | 0       |
|    tmp_61_fu_29058_p17                  | -   |        | add_ln201_234            | add     | fabric  | 0       |
|    fmul_32ns_32ns_32_5_max_dsp_1_U490   | 3   |        | mul54_6_2_2              | fmul    | maxdsp  | 4       |
|    fadd_32ns_32ns_32_8_full_dsp_1_U487  | 2   |        | tile_acc_117             | fadd    | fulldsp | 7       |
|    empty_143_fu_28813_p2                | -   |        | empty_143                | add     | fabric  | 0       |
|    empty_144_fu_28838_p2                | -   |        | empty_144                | add     | fabric  | 0       |
|    empty_145_fu_28844_p2                | -   |        | empty_145                | add     | fabric  | 0       |
|    empty_147_fu_28865_p2                | -   |        | empty_147                | add     | fabric  | 0       |
|    empty_148_fu_28995_p2                | -   |        | empty_148                | add     | fabric  | 0       |
|    add_ln201_63_fu_28999_p2             | -   |        | add_ln201_63             | add     | fabric  | 0       |
|    fmul_32ns_32ns_32_5_max_dsp_1_U491   | 3   |        | mul54_7                  | fmul    | maxdsp  | 4       |
|    fadd_32ns_32ns_32_8_full_dsp_1_U487  | 2   |        | tile_acc_119             | fadd    | fulldsp | 7       |
|    add_ln201_64_fu_29106_p2             | -   |        | add_ln201_64             | add     | fabric  | 0       |
|    add_ln203_25_fu_29034_p2             | -   |        | add_ln203_25             | add     | fabric  | 0       |
|    fmul_32ns_32ns_32_5_max_dsp_1_U490   | 3   |        | mul54_7_s                | fmul    | maxdsp  | 4       |
|    fadd_32ns_32ns_32_8_full_dsp_1_U487  | 2   |        | tile_acc_121             | fadd    | fulldsp | 7       |
|    add_ln201_65_fu_29140_p2             | -   |        | add_ln201_65             | add     | fabric  | 0       |
|    add_ln203_26_fu_29044_p2             | -   |        | add_ln203_26             | add     | fabric  | 0       |
|    fmul_32ns_32ns_32_5_max_dsp_1_U491   | 3   |        | mul54_7_3                | fmul    | maxdsp  | 4       |
|    fadd_32ns_32ns_32_8_full_dsp_1_U487  | 2   |        | tile_acc_123             | fadd    | fulldsp | 7       |
|    empty_149_fu_29174_p2                | -   |        | empty_149                | add     | fabric  | 0       |
|    empty_152_fu_29234_p2                | -   |        | empty_152                | add     | fabric  | 0       |
|    empty_153_fu_29186_p2                | -   |        | empty_153                | add     | fabric  | 0       |
|    add_ln201_235_fu_29359_p2            | -   |        | add_ln201_235            | add     | fabric  | 0       |
|    add_ln201_66_fu_29240_p2             | -   |        | add_ln201_66             | add     | fabric  | 0       |
|    tmp_65_fu_29370_p17                  | -   |        | add_ln201_236            | add     | fabric  | 0       |
|    fmul_32ns_32ns_32_5_max_dsp_1_U490   | 3   |        | mul54_7_1                | fmul    | maxdsp  | 4       |
|    fadd_32ns_32ns_32_8_full_dsp_1_U487  | 2   |        | tile_acc_125             | fadd    | fulldsp | 7       |
|    add_ln201_67_fu_29275_p2             | -   |        | add_ln201_67             | add     | fabric  | 0       |
|    tmp_66_fu_29418_p17                  | -   |        | add_ln201_237            | add     | fabric  | 0       |
|    add_ln203_27_fu_29196_p2             | -   |        | add_ln203_27             | add     | fabric  | 0       |
|    fmul_32ns_32ns_32_5_max_dsp_1_U491   | 3   |        | mul54_7_1_1              | fmul    | maxdsp  | 4       |
|    fadd_32ns_32ns_32_8_full_dsp_1_U488  | 2   |        | tile_acc_127             | fadd    | fulldsp | 7       |
|    add_ln201_68_fu_29310_p2             | -   |        | add_ln201_68             | add     | fabric  | 0       |
|    tmp_67_fu_29543_p17                  | -   |        | add_ln201_238            | add     | fabric  | 0       |
|    add_ln203_28_fu_29325_p2             | -   |        | add_ln203_28             | add     | fabric  | 0       |
|    fmul_32ns_32ns_32_5_max_dsp_1_U490   | 3   |        | mul54_7_1_2              | fmul    | maxdsp  | 4       |
|    fadd_32ns_32ns_32_8_full_dsp_1_U487  | 2   |        | tile_acc_128             | fadd    | fulldsp | 7       |
|    empty_154_fu_29480_p2                | -   |        | empty_154                | add     | fabric  | 0       |
|    empty_155_fu_29335_p2                | -   |        | empty_155                | add     | fabric  | 0       |
|    add_ln201_69_fu_29484_p2             | -   |        | add_ln201_69             | add     | fabric  | 0       |
|    fmul_32ns_32ns_32_5_max_dsp_1_U491   | 3   |        | mul54_7_2                | fmul    | maxdsp  | 4       |
|    fadd_32ns_32ns_32_8_full_dsp_1_U487  | 2   |        | tile_acc_130             | fadd    | fulldsp | 7       |
|    add_ln201_70_fu_29591_p2             | -   |        | add_ln201_70             | add     | fabric  | 0       |
|    add_ln203_29_fu_29519_p2             | -   |        | add_ln203_29             | add     | fabric  | 0       |
|    fmul_32ns_32ns_32_5_max_dsp_1_U490   | 3   |        | mul54_7_2_1              | fmul    | maxdsp  | 4       |
|    fadd_32ns_32ns_32_8_full_dsp_1_U487  | 2   |        | tile_acc_132             | fadd    | fulldsp | 7       |
|    add_ln201_71_fu_29625_p2             | -   |        | add_ln201_71             | add     | fabric  | 0       |
|    add_ln203_30_fu_29529_p2             | -   |        | add_ln203_30             | add     | fabric  | 0       |
|    fmul_32ns_32ns_32_5_max_dsp_1_U491   | 3   |        | mul54_7_2_2              | fmul    | maxdsp  | 4       |
|    fadd_32ns_32ns_32_8_full_dsp_1_U487  | 2   |        | tile_acc_134             | fadd    | fulldsp | 7       |
|    empty_157_fu_29668_p2                | -   |        | empty_157                | add     | fabric  | 0       |
|    empty_159_fu_29697_p2                | -   |        | empty_159                | add     | fabric  | 0       |
|    empty_160_fu_29703_p2                | -   |        | empty_160                | add     | fabric  | 0       |
|    empty_162_fu_29724_p2                | -   |        | empty_162                | add     | fabric  | 0       |
|    empty_163_fu_29756_p2                | -   |        | empty_163                | add     | fabric  | 0       |
|    add_ln201_239_fu_29884_p2            | -   |        | add_ln201_239            | add     | fabric  | 0       |
|    add_ln201_72_fu_29760_p2             | -   |        | add_ln201_72             | add     | fabric  | 0       |
|    tmp_71_fu_29894_p17                  | -   |        | add_ln201_240            | add     | fabric  | 0       |
|    fmul_32ns_32ns_32_5_max_dsp_1_U490   | 3   |        | mul54_8                  | fmul    | maxdsp  | 4       |
|    fadd_32ns_32ns_32_8_full_dsp_1_U487  | 2   |        | tile_acc_136             | fadd    | fulldsp | 7       |
|    add_ln201_73_fu_29795_p2             | -   |        | add_ln201_73             | add     | fabric  | 0       |
|    tmp_72_fu_29942_p17                  | -   |        | add_ln201_241            | add     | fabric  | 0       |
|    fmul_32ns_32ns_32_5_max_dsp_1_U491   | 3   |        | mul54_8_s                | fmul    | maxdsp  | 4       |
|    fadd_32ns_32ns_32_8_full_dsp_1_U487  | 2   |        | tile_acc_138             | fadd    | fulldsp | 7       |
|    add_ln201_74_fu_29830_p2             | -   |        | add_ln201_74             | add     | fabric  | 0       |
|    tmp_73_fu_30093_p17                  | -   |        | add_ln201_242            | add     | fabric  | 0       |
|    fmul_32ns_32ns_32_5_max_dsp_1_U490   | 3   |        | mul54_8_3                | fmul    | maxdsp  | 4       |
|    fadd_32ns_32ns_32_8_full_dsp_1_U487  | 2   |        | tile_acc_140             | fadd    | fulldsp | 7       |
|    empty_164_fu_29855_p2                | -   |        | empty_164                | add     | fabric  | 0       |
|    empty_167_fu_30022_p2                | -   |        | empty_167                | add     | fabric  | 0       |
|    add_ln201_243_fu_30150_p2            | -   |        | add_ln201_243            | add     | fabric  | 0       |
|    add_ln201_75_fu_30028_p2             | -   |        | add_ln201_75             | add     | fabric  | 0       |
|    tmp_74_fu_30161_p17                  | -   |        | add_ln201_244            | add     | fabric  | 0       |
|    fmul_32ns_32ns_32_5_max_dsp_1_U491   | 3   |        | mul54_8_1                | fmul    | maxdsp  | 4       |
|    fadd_32ns_32ns_32_8_full_dsp_1_U487  | 2   |        | tile_acc_142             | fadd    | fulldsp | 7       |
|    add_ln201_76_fu_30204_p2             | -   |        | add_ln201_76             | add     | fabric  | 0       |
|    tmp_75_fu_30296_p17                  | -   |        | add_ln201_245            | add     | fabric  | 0       |
|    fmul_32ns_32ns_32_5_max_dsp_1_U490   | 3   |        | mul54_8_1_1              | fmul    | maxdsp  | 4       |
|    fadd_32ns_32ns_32_8_full_dsp_1_U488  | 2   |        | tile_acc_144             | fadd    | fulldsp | 7       |
|    add_ln201_77_fu_30238_p2             | -   |        | add_ln201_77             | add     | fabric  | 0       |
|    tmp_76_fu_30343_p17                  | -   |        | add_ln201_246            | add     | fabric  | 0       |
|    fmul_32ns_32ns_32_5_max_dsp_1_U491   | 3   |        | mul54_8_1_2              | fmul    | maxdsp  | 4       |
|    fadd_32ns_32ns_32_8_full_dsp_1_U488  | 2   |        | tile_acc_145             | fadd    | fulldsp | 7       |
|    empty_169_fu_30386_p2                | -   |        | empty_169                | add     | fabric  | 0       |
|    add_ln201_247_fu_30576_p2            | -   |        | add_ln201_247            | add     | fabric  | 0       |
|    add_ln201_78_fu_30390_p2             | -   |        | add_ln201_78             | add     | fabric  | 0       |
|    tmp_77_fu_30585_p17                  | -   |        | add_ln201_248            | add     | fabric  | 0       |
|    fmul_32ns_32ns_32_5_max_dsp_1_U490   | 3   |        | mul54_8_2                | fmul    | maxdsp  | 4       |
|    fadd_32ns_32ns_32_8_full_dsp_1_U487  | 2   |        | tile_acc_147             | fadd    | fulldsp | 7       |
|    add_ln201_79_fu_30425_p2             | -   |        | add_ln201_79             | add     | fabric  | 0       |
|    tmp_78_fu_30633_p17                  | -   |        | add_ln201_249            | add     | fabric  | 0       |
|    fmul_32ns_32ns_32_5_max_dsp_1_U491   | 3   |        | mul54_8_2_1              | fmul    | maxdsp  | 4       |
|    fadd_32ns_32ns_32_8_full_dsp_1_U487  | 2   |        | tile_acc_149             | fadd    | fulldsp | 7       |
|    add_ln201_80_fu_30460_p2             | -   |        | add_ln201_80             | add     | fabric  | 0       |
|    tmp_79_fu_30758_p17                  | -   |        | add_ln201_250            | add     | fabric  | 0       |
|    add_ln203_31_fu_30475_p2             | -   |        | add_ln203_31             | add     | fabric  | 0       |
|    fmul_32ns_32ns_32_5_max_dsp_1_U490   | 3   |        | mul54_8_2_2              | fmul    | maxdsp  | 4       |
|    fadd_32ns_32ns_32_8_full_dsp_1_U487  | 2   |        | tile_acc_151             | fadd    | fulldsp | 7       |
|    empty_172_fu_30494_p2                | -   |        | empty_172                | add     | fabric  | 0       |
|    empty_174_fu_30523_p2                | -   |        | empty_174                | add     | fabric  | 0       |
|    empty_175_fu_30533_p2                | -   |        | empty_175                | add     | fabric  | 0       |
|    empty_177_fu_30554_p2                | -   |        | empty_177                | add     | fabric  | 0       |
|    empty_178_fu_30695_p2                | -   |        | empty_178                | add     | fabric  | 0       |
|    add_ln201_251_fu_30808_p2            | -   |        | add_ln201_251            | add     | fabric  | 0       |
|    add_ln201_81_fu_30699_p2             | -   |        | add_ln201_81             | add     | fabric  | 0       |
|    tmp_80_fu_30818_p17                  | -   |        | add_ln201_252            | add     | fabric  | 0       |
|    fmul_32ns_32ns_32_5_max_dsp_1_U491   | 3   |        | mul54_9                  | fmul    | maxdsp  | 4       |
|    fadd_32ns_32ns_32_8_full_dsp_1_U488  | 2   |        | tile_acc_153             | fadd    | fulldsp | 7       |
|    add_ln201_82_fu_30861_p2             | -   |        | add_ln201_82             | add     | fabric  | 0       |
|    tmp_81_fu_30965_p17                  | -   |        | add_ln201_253            | add     | fabric  | 0       |
|    add_ln203_32_fu_30734_p2             | -   |        | add_ln203_32             | add     | fabric  | 0       |
|    fmul_32ns_32ns_32_5_max_dsp_1_U490   | 3   |        | mul54_9_s                | fmul    | maxdsp  | 4       |
|    fadd_32ns_32ns_32_8_full_dsp_1_U488  | 2   |        | tile_acc_155             | fadd    | fulldsp | 7       |
|    add_ln201_83_fu_30895_p2             | -   |        | add_ln201_83             | add     | fabric  | 0       |
|    tmp_82_fu_31012_p17                  | -   |        | add_ln201_254            | add     | fabric  | 0       |
|    fmul_32ns_32ns_32_5_max_dsp_1_U491   | 3   |        | mul54_9_3                | fmul    | maxdsp  | 4       |
|    fadd_32ns_32ns_32_8_full_dsp_1_U488  | 2   |        | tile_acc_157             | fadd    | fulldsp | 7       |
|    empty_179_fu_30929_p2                | -   |        | empty_179                | add     | fabric  | 0       |
|    empty_182_fu_31073_p2                | -   |        | empty_182                | add     | fabric  | 0       |
|    empty_183_fu_30941_p2                | -   |        | empty_183                | add     | fabric  | 0       |
|    add_ln201_255_fu_31198_p2            | -   |        | add_ln201_255            | add     | fabric  | 0       |
|    add_ln201_84_fu_31079_p2             | -   |        | add_ln201_84             | add     | fabric  | 0       |
|    tmp_83_fu_31209_p17                  | -   |        | add_ln201_256            | add     | fabric  | 0       |
|    fmul_32ns_32ns_32_5_max_dsp_1_U490   | 3   |        | mul54_9_1                | fmul    | maxdsp  | 4       |
|    fadd_32ns_32ns_32_8_full_dsp_1_U488  | 2   |        | tile_acc_159             | fadd    | fulldsp | 7       |
|    add_ln201_85_fu_31114_p2             | -   |        | add_ln201_85             | add     | fabric  | 0       |
|    tmp_84_fu_31257_p17                  | -   |        | add_ln201_257            | add     | fabric  | 0       |
|    fmul_32ns_32ns_32_5_max_dsp_1_U491   | 3   |        | mul54_9_1_1              | fmul    | maxdsp  | 4       |
|    fadd_32ns_32ns_32_8_full_dsp_1_U489  | 2   |        | tile_acc_161             | fadd    | fulldsp | 7       |
|    add_ln201_86_fu_31149_p2             | -   |        | add_ln201_86             | add     | fabric  | 0       |
|    tmp_85_fu_31382_p17                  | -   |        | add_ln201_258            | add     | fabric  | 0       |
|    add_ln203_34_fu_31164_p2             | -   |        | add_ln203_34             | add     | fabric  | 0       |
|    fmul_32ns_32ns_32_5_max_dsp_1_U490   | 3   |        | mul54_9_1_2              | fmul    | maxdsp  | 4       |
|    fadd_32ns_32ns_32_8_full_dsp_1_U489  | 2   |        | tile_acc_162             | fadd    | fulldsp | 7       |
|    empty_184_fu_31319_p2                | -   |        | empty_184                | add     | fabric  | 0       |
|    add_ln201_259_fu_31425_p2            | -   |        | add_ln201_259            | add     | fabric  | 0       |
|    add_ln201_87_fu_31323_p2             | -   |        | add_ln201_87             | add     | fabric  | 0       |
|    tmp_86_fu_31434_p17                  | -   |        | add_ln201_260            | add     | fabric  | 0       |
|    fmul_32ns_32ns_32_5_max_dsp_1_U491   | 3   |        | mul54_9_2                | fmul    | maxdsp  | 4       |
|    fadd_32ns_32ns_32_8_full_dsp_1_U488  | 2   |        | tile_acc_164             | fadd    | fulldsp | 7       |
|    add_ln201_88_fu_31477_p2             | -   |        | add_ln201_88             | add     | fabric  | 0       |
|    tmp_87_fu_31651_p17                  | -   |        | add_ln201_261            | add     | fabric  | 0       |
|    add_ln203_35_fu_31358_p2             | -   |        | add_ln203_35             | add     | fabric  | 0       |
|    fmul_32ns_32ns_32_5_max_dsp_1_U490   | 3   |        | mul54_9_2_1              | fmul    | maxdsp  | 4       |
|    fadd_32ns_32ns_32_8_full_dsp_1_U488  | 2   |        | tile_acc_166             | fadd    | fulldsp | 7       |
|    add_ln201_89_fu_31511_p2             | -   |        | add_ln201_89             | add     | fabric  | 0       |
|    tmp_88_fu_31698_p17                  | -   |        | add_ln201_262            | add     | fabric  | 0       |
|    fmul_32ns_32ns_32_5_max_dsp_1_U491   | 3   |        | mul54_9_2_2              | fmul    | maxdsp  | 4       |
|    fadd_32ns_32ns_32_8_full_dsp_1_U488  | 2   |        | tile_acc_168             | fadd    | fulldsp | 7       |
|    empty_187_fu_31554_p2                | -   |        | empty_187                | add     | fabric  | 0       |
|    empty_189_fu_31583_p2                | -   |        | empty_189                | add     | fabric  | 0       |
|    empty_190_fu_31593_p2                | -   |        | empty_190                | add     | fabric  | 0       |
|    empty_192_fu_31614_p2                | -   |        | empty_192                | add     | fabric  | 0       |
|    empty_193_fu_31741_p2                | -   |        | empty_193                | add     | fabric  | 0       |
|    add_ln201_263_fu_31869_p2            | -   |        | add_ln201_263            | add     | fabric  | 0       |
|    add_ln201_90_fu_31745_p2             | -   |        | add_ln201_90             | add     | fabric  | 0       |
|    tmp_89_fu_31879_p17                  | -   |        | add_ln201_264            | add     | fabric  | 0       |
|    fmul_32ns_32ns_32_5_max_dsp_1_U490   | 3   |        | mul54_10                 | fmul    | maxdsp  | 4       |
|    fadd_32ns_32ns_32_8_full_dsp_1_U488  | 2   |        | tile_acc_170             | fadd    | fulldsp | 7       |
|    add_ln201_91_fu_31780_p2             | -   |        | add_ln201_91             | add     | fabric  | 0       |
|    tmp_90_fu_31927_p17                  | -   |        | add_ln201_265            | add     | fabric  | 0       |
|    fmul_32ns_32ns_32_5_max_dsp_1_U491   | 3   |        | mul54_10_s               | fmul    | maxdsp  | 4       |
|    fadd_32ns_32ns_32_8_full_dsp_1_U488  | 2   |        | tile_acc_172             | fadd    | fulldsp | 7       |
|    add_ln201_92_fu_31815_p2             | -   |        | add_ln201_92             | add     | fabric  | 0       |
|    tmp_91_fu_32078_p17                  | -   |        | add_ln201_266            | add     | fabric  | 0       |
|    add_ln203_36_fu_31830_p2             | -   |        | add_ln203_36             | add     | fabric  | 0       |
|    fmul_32ns_32ns_32_5_max_dsp_1_U490   | 3   |        | mul54_10_3               | fmul    | maxdsp  | 4       |
|    fadd_32ns_32ns_32_8_full_dsp_1_U488  | 2   |        | tile_acc_174             | fadd    | fulldsp | 7       |
|    empty_194_fu_31840_p2                | -   |        | empty_194                | add     | fabric  | 0       |
|    empty_197_fu_32007_p2                | -   |        | empty_197                | add     | fabric  | 0       |
|    empty_198_fu_31852_p2                | -   |        | empty_198                | add     | fabric  | 0       |
|    add_ln201_267_fu_32135_p2            | -   |        | add_ln201_267            | add     | fabric  | 0       |
|    add_ln201_93_fu_32013_p2             | -   |        | add_ln201_93             | add     | fabric  | 0       |
|    tmp_92_fu_32146_p17                  | -   |        | add_ln201_268            | add     | fabric  | 0       |
|    fmul_32ns_32ns_32_5_max_dsp_1_U491   | 3   |        | mul54_10_1               | fmul    | maxdsp  | 4       |
|    fadd_32ns_32ns_32_8_full_dsp_1_U488  | 2   |        | tile_acc_176             | fadd    | fulldsp | 7       |
|    add_ln201_94_fu_32189_p2             | -   |        | add_ln201_94             | add     | fabric  | 0       |
|    tmp_93_fu_32281_p17                  | -   |        | add_ln201_269            | add     | fabric  | 0       |
|    fmul_32ns_32ns_32_5_max_dsp_1_U490   | 3   |        | mul54_10_1_1             | fmul    | maxdsp  | 4       |
|    fadd_32ns_32ns_32_8_full_dsp_1_U488  | 2   |        | tile_acc_178             | fadd    | fulldsp | 7       |
|    add_ln201_95_fu_32223_p2             | -   |        | add_ln201_95             | add     | fabric  | 0       |
|    tmp_94_fu_32328_p17                  | -   |        | add_ln201_270            | add     | fabric  | 0       |
|    fmul_32ns_32ns_32_5_max_dsp_1_U491   | 3   |        | mul54_10_1_2             | fmul    | maxdsp  | 4       |
|    fadd_32ns_32ns_32_8_full_dsp_1_U489  | 2   |        | tile_acc_179             | fadd    | fulldsp | 7       |
|    empty_199_fu_32371_p2                | -   |        | empty_199                | add     | fabric  | 0       |
|    empty_200_fu_32257_p2                | -   |        | empty_200                | add     | fabric  | 0       |
|    add_ln201_271_fu_32557_p2            | -   |        | add_ln201_271            | add     | fabric  | 0       |
|    add_ln201_96_fu_32375_p2             | -   |        | add_ln201_96             | add     | fabric  | 0       |
|    tmp_95_fu_32566_p17                  | -   |        | add_ln201_272            | add     | fabric  | 0       |
|    fmul_32ns_32ns_32_5_max_dsp_1_U490   | 3   |        | mul54_10_2               | fmul    | maxdsp  | 4       |
|    fadd_32ns_32ns_32_8_full_dsp_1_U489  | 2   |        | tile_acc_181             | fadd    | fulldsp | 7       |
|    add_ln201_97_fu_32410_p2             | -   |        | add_ln201_97             | add     | fabric  | 0       |
|    tmp_96_fu_32614_p17                  | -   |        | add_ln201_273            | add     | fabric  | 0       |
|    add_ln203_37_fu_32267_p2             | -   |        | add_ln203_37             | add     | fabric  | 0       |
|    fmul_32ns_32ns_32_5_max_dsp_1_U491   | 3   |        | mul54_10_2_1             | fmul    | maxdsp  | 4       |
|    fadd_32ns_32ns_32_8_full_dsp_1_U489  | 2   |        | tile_acc_183             | fadd    | fulldsp | 7       |
|    add_ln201_98_fu_32445_p2             | -   |        | add_ln201_98             | add     | fabric  | 0       |
|    tmp_97_fu_32739_p17                  | -   |        | add_ln201_274            | add     | fabric  | 0       |
|    add_ln203_38_fu_32460_p2             | -   |        | add_ln203_38             | add     | fabric  | 0       |
|    fmul_32ns_32ns_32_5_max_dsp_1_U490   | 3   |        | mul54_10_2_2             | fmul    | maxdsp  | 4       |
|    fadd_32ns_32ns_32_8_full_dsp_1_U489  | 2   |        | tile_acc_185             | fadd    | fulldsp | 7       |
|    empty_202_fu_32479_p2                | -   |        | empty_202                | add     | fabric  | 0       |
|    empty_203_fu_32504_p2                | -   |        | empty_203                | add     | fabric  | 0       |
|    empty_204_fu_32514_p2                | -   |        | empty_204                | add     | fabric  | 0       |
|    empty_206_fu_32535_p2                | -   |        | empty_206                | add     | fabric  | 0       |
|    empty_207_fu_32676_p2                | -   |        | empty_207                | add     | fabric  | 0       |
|    add_ln201_99_fu_32680_p2             | -   |        | add_ln201_99             | add     | fabric  | 0       |
|    fmul_32ns_32ns_32_5_max_dsp_1_U491   | 3   |        | mul54_11                 | fmul    | maxdsp  | 4       |
|    fadd_32ns_32ns_32_8_full_dsp_1_U489  | 2   |        | tile_acc_187             | fadd    | fulldsp | 7       |
|    add_ln201_100_fu_32787_p2            | -   |        | add_ln201_100            | add     | fabric  | 0       |
|    add_ln203_39_fu_32715_p2             | -   |        | add_ln203_39             | add     | fabric  | 0       |
|    fmul_32ns_32ns_32_5_max_dsp_1_U490   | 3   |        | mul54_11_s               | fmul    | maxdsp  | 4       |
|    fadd_32ns_32ns_32_8_full_dsp_1_U489  | 2   |        | tile_acc_189             | fadd    | fulldsp | 7       |
|    add_ln201_101_fu_32821_p2            | -   |        | add_ln201_101            | add     | fabric  | 0       |
|    add_ln203_40_fu_32725_p2             | -   |        | add_ln203_40             | add     | fabric  | 0       |
|    fmul_32ns_32ns_32_5_max_dsp_1_U491   | 3   |        | mul54_11_3               | fmul    | maxdsp  | 4       |
|    fadd_32ns_32ns_32_8_full_dsp_1_U489  | 2   |        | tile_acc_191             | fadd    | fulldsp | 7       |
|    empty_208_fu_32855_p2                | -   |        | empty_208                | add     | fabric  | 0       |
|    empty_211_fu_32915_p2                | -   |        | empty_211                | add     | fabric  | 0       |
|    empty_212_fu_32867_p2                | -   |        | empty_212                | add     | fabric  | 0       |
|    add_ln201_275_fu_33040_p2            | -   |        | add_ln201_275            | add     | fabric  | 0       |
|    add_ln201_102_fu_32921_p2            | -   |        | add_ln201_102            | add     | fabric  | 0       |
|    tmp_101_fu_33051_p17                 | -   |        | add_ln201_276            | add     | fabric  | 0       |
|    fmul_32ns_32ns_32_5_max_dsp_1_U490   | 3   |        | mul54_11_1               | fmul    | maxdsp  | 4       |
|    fadd_32ns_32ns_32_8_full_dsp_1_U489  | 2   |        | tile_acc_193             | fadd    | fulldsp | 7       |
|    add_ln201_103_fu_32956_p2            | -   |        | add_ln201_103            | add     | fabric  | 0       |
|    tmp_102_fu_33099_p17                 | -   |        | add_ln201_277            | add     | fabric  | 0       |
|    fmul_32ns_32ns_32_5_max_dsp_1_U491   | 3   |        | mul54_11_1_1             | fmul    | maxdsp  | 4       |
|    fadd_32ns_32ns_32_8_full_dsp_1_U488  | 2   |        | tile_acc_195             | fadd    | fulldsp | 7       |
|    add_ln201_104_fu_32991_p2            | -   |        | add_ln201_104            | add     | fabric  | 0       |
|    tmp_103_fu_33224_p17                 | -   |        | add_ln201_278            | add     | fabric  | 0       |
|    add_ln203_41_fu_33006_p2             | -   |        | add_ln203_41             | add     | fabric  | 0       |
|    fmul_32ns_32ns_32_5_max_dsp_1_U490   | 3   |        | mul54_11_1_2             | fmul    | maxdsp  | 4       |
|    fadd_32ns_32ns_32_8_full_dsp_1_U488  | 2   |        | tile_acc_196             | fadd    | fulldsp | 7       |
|    empty_213_fu_33161_p2                | -   |        | empty_213                | add     | fabric  | 0       |
|    empty_214_fu_33016_p2                | -   |        | empty_214                | add     | fabric  | 0       |
|    add_ln201_105_fu_33165_p2            | -   |        | add_ln201_105            | add     | fabric  | 0       |
|    fmul_32ns_32ns_32_5_max_dsp_1_U491   | 3   |        | mul54_11_2               | fmul    | maxdsp  | 4       |
|    fadd_32ns_32ns_32_8_full_dsp_1_U489  | 2   |        | tile_acc_198             | fadd    | fulldsp | 7       |
|    add_ln201_106_fu_33272_p2            | -   |        | add_ln201_106            | add     | fabric  | 0       |
|    add_ln203_42_fu_33200_p2             | -   |        | add_ln203_42             | add     | fabric  | 0       |
|    fmul_32ns_32ns_32_5_max_dsp_1_U490   | 3   |        | mul54_11_2_1             | fmul    | maxdsp  | 4       |
|    fadd_32ns_32ns_32_8_full_dsp_1_U489  | 2   |        | tile_acc_200             | fadd    | fulldsp | 7       |
|    add_ln201_107_fu_33306_p2            | -   |        | add_ln201_107            | add     | fabric  | 0       |
|    fmul_32ns_32ns_32_5_max_dsp_1_U491   | 3   |        | mul54_11_2_2             | fmul    | maxdsp  | 4       |
|    fadd_32ns_32ns_32_8_full_dsp_1_U489  | 2   |        | tile_acc_202             | fadd    | fulldsp | 7       |
|    empty_216_fu_33349_p2                | -   |        | empty_216                | add     | fabric  | 0       |
|    empty_218_fu_33378_p2                | -   |        | empty_218                | add     | fabric  | 0       |
|    empty_219_fu_33384_p2                | -   |        | empty_219                | add     | fabric  | 0       |
|    empty_221_fu_33405_p2                | -   |        | empty_221                | add     | fabric  | 0       |
|    empty_222_fu_33437_p2                | -   |        | empty_222                | add     | fabric  | 0       |
|    add_ln201_279_fu_33565_p2            | -   |        | add_ln201_279            | add     | fabric  | 0       |
|    add_ln201_108_fu_33441_p2            | -   |        | add_ln201_108            | add     | fabric  | 0       |
|    tmp_107_fu_33575_p17                 | -   |        | add_ln201_280            | add     | fabric  | 0       |
|    fmul_32ns_32ns_32_5_max_dsp_1_U490   | 3   |        | mul54_12                 | fmul    | maxdsp  | 4       |
|    fadd_32ns_32ns_32_8_full_dsp_1_U489  | 2   |        | tile_acc_204             | fadd    | fulldsp | 7       |
|    add_ln201_109_fu_33476_p2            | -   |        | add_ln201_109            | add     | fabric  | 0       |
|    tmp_108_fu_33623_p17                 | -   |        | add_ln201_281            | add     | fabric  | 0       |
|    fmul_32ns_32ns_32_5_max_dsp_1_U491   | 3   |        | mul54_12_s               | fmul    | maxdsp  | 4       |
|    fadd_32ns_32ns_32_8_full_dsp_1_U488  | 2   |        | tile_acc_206             | fadd    | fulldsp | 7       |
|    add_ln201_110_fu_33511_p2            | -   |        | add_ln201_110            | add     | fabric  | 0       |
|    tmp_109_fu_33768_p17                 | -   |        | add_ln201_282            | add     | fabric  | 0       |
|    fmul_32ns_32ns_32_5_max_dsp_1_U490   | 3   |        | mul54_12_3               | fmul    | maxdsp  | 4       |
|    fadd_32ns_32ns_32_8_full_dsp_1_U488  | 2   |        | tile_acc_208             | fadd    | fulldsp | 7       |
|    empty_223_fu_33536_p2                | -   |        | empty_223                | add     | fabric  | 0       |
|    empty_226_fu_33703_p2                | -   |        | empty_226                | add     | fabric  | 0       |
|    add_ln201_283_fu_33825_p2            | -   |        | add_ln201_283            | add     | fabric  | 0       |
|    add_ln201_111_fu_33709_p2            | -   |        | add_ln201_111            | add     | fabric  | 0       |
|    tmp_110_fu_33836_p17                 | -   |        | add_ln201_284            | add     | fabric  | 0       |
|    fmul_32ns_32ns_32_5_max_dsp_1_U491   | 3   |        | mul54_12_1               | fmul    | maxdsp  | 4       |
|    fadd_32ns_32ns_32_8_full_dsp_1_U488  | 2   |        | tile_acc_210             | fadd    | fulldsp | 7       |
|    add_ln201_112_fu_33879_p2            | -   |        | add_ln201_112            | add     | fabric  | 0       |
|    tmp_111_fu_33971_p17                 | -   |        | add_ln201_285            | add     | fabric  | 0       |
|    add_ln203_43_fu_33744_p2             | -   |        | add_ln203_43             | add     | fabric  | 0       |
|    fmul_32ns_32ns_32_5_max_dsp_1_U490   | 3   |        | mul54_12_1_1             | fmul    | maxdsp  | 4       |
|    fadd_32ns_32ns_32_8_full_dsp_1_U488  | 2   |        | tile_acc_212             | fadd    | fulldsp | 7       |
|    add_ln201_113_fu_33913_p2            | -   |        | add_ln201_113            | add     | fabric  | 0       |
|    tmp_112_fu_34018_p17                 | -   |        | add_ln201_286            | add     | fabric  | 0       |
|    add_ln203_44_fu_33754_p2             | -   |        | add_ln203_44             | add     | fabric  | 0       |
|    fmul_32ns_32ns_32_5_max_dsp_1_U491   | 3   |        | mul54_12_1_2             | fmul    | maxdsp  | 4       |
|    fadd_32ns_32ns_32_8_full_dsp_1_U488  | 2   |        | tile_acc_213             | fadd    | fulldsp | 7       |
|    empty_228_fu_34061_p2                | -   |        | empty_228                | add     | fabric  | 0       |
|    empty_229_fu_33947_p2                | -   |        | empty_229                | add     | fabric  | 0       |
|    add_ln201_287_fu_34251_p2            | -   |        | add_ln201_287            | add     | fabric  | 0       |
|    add_ln201_114_fu_34065_p2            | -   |        | add_ln201_114            | add     | fabric  | 0       |
|    tmp_113_fu_34260_p17                 | -   |        | add_ln201_288            | add     | fabric  | 0       |
|    fmul_32ns_32ns_32_5_max_dsp_1_U490   | 3   |        | mul54_12_2               | fmul    | maxdsp  | 4       |
|    fadd_32ns_32ns_32_8_full_dsp_1_U488  | 2   |        | tile_acc_215             | fadd    | fulldsp | 7       |
|    add_ln201_115_fu_34100_p2            | -   |        | add_ln201_115            | add     | fabric  | 0       |
|    tmp_114_fu_34308_p17                 | -   |        | add_ln201_289            | add     | fabric  | 0       |
|    add_ln203_45_fu_33957_p2             | -   |        | add_ln203_45             | add     | fabric  | 0       |
|    fmul_32ns_32ns_32_5_max_dsp_1_U491   | 3   |        | mul54_12_2_1             | fmul    | maxdsp  | 4       |
|    fadd_32ns_32ns_32_8_full_dsp_1_U488  | 2   |        | tile_acc_217             | fadd    | fulldsp | 7       |
|    add_ln201_116_fu_34135_p2            | -   |        | add_ln201_116            | add     | fabric  | 0       |
|    tmp_115_fu_34433_p17                 | -   |        | add_ln201_290            | add     | fabric  | 0       |
|    add_ln203_46_fu_34150_p2             | -   |        | add_ln203_46             | add     | fabric  | 0       |
|    fmul_32ns_32ns_32_5_max_dsp_1_U490   | 3   |        | mul54_12_2_2             | fmul    | maxdsp  | 4       |
|    fadd_32ns_32ns_32_8_full_dsp_1_U489  | 2   |        | tile_acc_219             | fadd    | fulldsp | 7       |
|    empty_231_fu_34169_p2                | -   |        | empty_231                | add     | fabric  | 0       |
|    empty_233_fu_34198_p2                | -   |        | empty_233                | add     | fabric  | 0       |
|    empty_234_fu_34208_p2                | -   |        | empty_234                | add     | fabric  | 0       |
|    empty_236_fu_34229_p2                | -   |        | empty_236                | add     | fabric  | 0       |
|    empty_237_fu_34370_p2                | -   |        | empty_237                | add     | fabric  | 0       |
|    add_ln201_291_fu_34483_p2            | -   |        | add_ln201_291            | add     | fabric  | 0       |
|    add_ln201_117_fu_34374_p2            | -   |        | add_ln201_117            | add     | fabric  | 0       |
|    tmp_116_fu_34493_p17                 | -   |        | add_ln201_292            | add     | fabric  | 0       |
|    fmul_32ns_32ns_32_5_max_dsp_1_U491   | 3   |        | mul54_13                 | fmul    | maxdsp  | 4       |
|    fadd_32ns_32ns_32_8_full_dsp_1_U489  | 2   |        | tile_acc_221             | fadd    | fulldsp | 7       |
|    add_ln201_118_fu_34536_p2            | -   |        | add_ln201_118            | add     | fabric  | 0       |
|    tmp_117_fu_34645_p17                 | -   |        | add_ln201_293            | add     | fabric  | 0       |
|    add_ln203_47_fu_34409_p2             | -   |        | add_ln203_47             | add     | fabric  | 0       |
|    fmul_32ns_32ns_32_5_max_dsp_1_U490   | 3   |        | mul54_13_s               | fmul    | maxdsp  | 4       |
|    fadd_32ns_32ns_32_8_full_dsp_1_U489  | 2   |        | tile_acc_223             | fadd    | fulldsp | 7       |
|    add_ln201_119_fu_34570_p2            | -   |        | add_ln201_119            | add     | fabric  | 0       |
|    tmp_118_fu_34692_p17                 | -   |        | add_ln201_294            | add     | fabric  | 0       |
|    fmul_32ns_32ns_32_5_max_dsp_1_U491   | 3   |        | mul54_13_3               | fmul    | maxdsp  | 4       |
|    fadd_32ns_32ns_32_8_full_dsp_1_U489  | 2   |        | tile_acc_225             | fadd    | fulldsp | 7       |
|    empty_238_fu_34604_p2                | -   |        | empty_238                | add     | fabric  | 0       |
|    empty_241_fu_34753_p2                | -   |        | empty_241                | add     | fabric  | 0       |
|    empty_242_fu_34616_p2                | -   |        | empty_242                | add     | fabric  | 0       |
|    add_ln201_295_fu_34878_p2            | -   |        | add_ln201_295            | add     | fabric  | 0       |
|    add_ln201_120_fu_34759_p2            | -   |        | add_ln201_120            | add     | fabric  | 0       |
|    tmp_119_fu_34889_p17                 | -   |        | add_ln201_296            | add     | fabric  | 0       |
|    fmul_32ns_32ns_32_5_max_dsp_1_U490   | 3   |        | mul54_13_1               | fmul    | maxdsp  | 4       |
|    fadd_32ns_32ns_32_8_full_dsp_1_U489  | 2   |        | tile_acc_227             | fadd    | fulldsp | 7       |
|    add_ln201_121_fu_34794_p2            | -   |        | add_ln201_121            | add     | fabric  | 0       |
|    tmp_120_fu_34937_p17                 | -   |        | add_ln201_297            | add     | fabric  | 0       |
|    add_ln203_49_fu_34626_p2             | -   |        | add_ln203_49             | add     | fabric  | 0       |
|    fmul_32ns_32ns_32_5_max_dsp_1_U491   | 3   |        | mul54_13_1_1             | fmul    | maxdsp  | 4       |
|    fadd_32ns_32ns_32_8_full_dsp_1_U489  | 2   |        | tile_acc_229             | fadd    | fulldsp | 7       |
|    add_ln201_122_fu_34829_p2            | -   |        | add_ln201_122            | add     | fabric  | 0       |
|    tmp_121_fu_35062_p17                 | -   |        | add_ln201_298            | add     | fabric  | 0       |
|    add_ln203_50_fu_34844_p2             | -   |        | add_ln203_50             | add     | fabric  | 0       |
|    fmul_32ns_32ns_32_5_max_dsp_1_U490   | 3   |        | mul54_13_1_2             | fmul    | maxdsp  | 4       |
|    fadd_32ns_32ns_32_8_full_dsp_1_U489  | 2   |        | tile_acc_230             | fadd    | fulldsp | 7       |
|    empty_243_fu_34999_p2                | -   |        | empty_243                | add     | fabric  | 0       |
|    empty_244_fu_34854_p2                | -   |        | empty_244                | add     | fabric  | 0       |
|    add_ln201_299_fu_34636_p2            | -   |        | add_ln201_299            | add     | fabric  | 0       |
|    add_ln201_123_fu_35003_p2            | -   |        | add_ln201_123            | add     | fabric  | 0       |
|    tmp_122_fu_35109_p17                 | -   |        | add_ln201_300            | add     | fabric  | 0       |
|    fmul_32ns_32ns_32_5_max_dsp_1_U491   | 3   |        | mul54_13_2               | fmul    | maxdsp  | 4       |
|    fadd_32ns_32ns_32_8_full_dsp_1_U489  | 2   |        | tile_acc_232             | fadd    | fulldsp | 7       |
|    add_ln201_124_fu_35152_p2            | -   |        | add_ln201_124            | add     | fabric  | 0       |
|    tmp_123_fu_35417_p17                 | -   |        | add_ln201_301            | add     | fabric  | 0       |
|    add_ln203_51_fu_35038_p2             | -   |        | add_ln203_51             | add     | fabric  | 0       |
|    fmul_32ns_32ns_32_5_max_dsp_1_U490   | 3   |        | mul54_13_2_1             | fmul    | maxdsp  | 4       |
|    fadd_32ns_32ns_32_8_full_dsp_1_U488  | 2   |        | tile_acc_234             | fadd    | fulldsp | 7       |
|    add_ln201_125_fu_35186_p2            | -   |        | add_ln201_125            | add     | fabric  | 0       |
|    tmp_124_fu_35464_p17                 | -   |        | add_ln201_302            | add     | fabric  | 0       |
|    fmul_32ns_32ns_32_5_max_dsp_1_U491   | 3   |        | mul54_13_2_2             | fmul    | maxdsp  | 4       |
|    fadd_32ns_32ns_32_8_full_dsp_1_U488  | 2   |        | tile_acc_236             | fadd    | fulldsp | 7       |
|    empty_246_fu_35229_p2                | -   |        | empty_246                | add     | fabric  | 0       |
|    empty_248_fu_35266_p2                | -   |        | empty_248                | add     | fabric  | 0       |
|    empty_249_fu_35272_p2                | -   |        | empty_249                | add     | fabric  | 0       |
|    empty_251_fu_35293_p2                | -   |        | empty_251                | add     | fabric  | 0       |
|    empty_252_fu_35507_p2                | -   |        | empty_252                | add     | fabric  | 0       |
|    add_ln201_303_fu_35304_p2            | -   |        | add_ln201_303            | add     | fabric  | 0       |
|    add_ln201_126_fu_35511_p2            | -   |        | add_ln201_126            | add     | fabric  | 0       |
|    tmp_125_fu_35651_p17                 | -   |        | add_ln201_304            | add     | fabric  | 0       |
|    fmul_32ns_32ns_32_5_max_dsp_1_U490   | 3   |        | mul54_14                 | fmul    | maxdsp  | 4       |
|    fadd_32ns_32ns_32_8_full_dsp_1_U488  | 2   |        | tile_acc_238             | fadd    | fulldsp | 7       |
|    add_ln201_127_fu_35546_p2            | -   |        | add_ln201_127            | add     | fabric  | 0       |
|    tmp_126_fu_35698_p17                 | -   |        | add_ln201_305            | add     | fabric  | 0       |
|    fmul_32ns_32ns_32_5_max_dsp_1_U491   | 3   |        | mul54_14_s               | fmul    | maxdsp  | 4       |
|    fadd_32ns_32ns_32_8_full_dsp_1_U488  | 2   |        | tile_acc_240             | fadd    | fulldsp | 7       |
|    add_ln201_128_fu_35581_p2            | -   |        | add_ln201_128            | add     | fabric  | 0       |
|    tmp_127_fu_35843_p17                 | -   |        | add_ln201_306            | add     | fabric  | 0       |
|    add_ln203_52_fu_35596_p2             | -   |        | add_ln203_52             | add     | fabric  | 0       |
|    fmul_32ns_32ns_32_5_max_dsp_1_U490   | 3   |        | mul54_14_3               | fmul    | maxdsp  | 4       |
|    fadd_32ns_32ns_32_8_full_dsp_1_U488  | 2   |        | tile_acc_242             | fadd    | fulldsp | 7       |
|    empty_253_fu_35320_p2                | -   |        | empty_253                | add     | fabric  | 0       |
|    empty_256_fu_35778_p2                | -   |        | empty_256                | add     | fabric  | 0       |
|    empty_257_fu_35606_p2                | -   |        | empty_257                | add     | fabric  | 0       |
|    add_ln201_307_fu_35900_p2            | -   |        | add_ln201_307            | add     | fabric  | 0       |
|    add_ln201_129_fu_35784_p2            | -   |        | add_ln201_129            | add     | fabric  | 0       |
|    tmp_128_fu_35911_p17                 | -   |        | add_ln201_308            | add     | fabric  | 0       |
|    fmul_32ns_32ns_32_5_max_dsp_1_U491   | 3   |        | mul54_14_1               | fmul    | maxdsp  | 4       |
|    fadd_32ns_32ns_32_8_full_dsp_1_U488  | 2   |        | tile_acc_244             | fadd    | fulldsp | 7       |
|    add_ln201_130_fu_35954_p2            | -   |        | add_ln201_130            | add     | fabric  | 0       |
|    tmp_129_fu_36046_p17                 | -   |        | add_ln201_309            | add     | fabric  | 0       |
|    add_ln203_53_fu_35819_p2             | -   |        | add_ln203_53             | add     | fabric  | 0       |
|    fmul_32ns_32ns_32_5_max_dsp_1_U490   | 3   |        | mul54_14_1_1             | fmul    | maxdsp  | 4       |
|    fadd_32ns_32ns_32_8_full_dsp_1_U488  | 2   |        | tile_acc_246             | fadd    | fulldsp | 7       |
|    add_ln201_131_fu_35988_p2            | -   |        | add_ln201_131            | add     | fabric  | 0       |
|    tmp_130_fu_36093_p17                 | -   |        | add_ln201_310            | add     | fabric  | 0       |
|    add_ln203_54_fu_35829_p2             | -   |        | add_ln203_54             | add     | fabric  | 0       |
|    fmul_32ns_32ns_32_5_max_dsp_1_U491   | 3   |        | mul54_14_1_2             | fmul    | maxdsp  | 4       |
|    fadd_32ns_32ns_32_8_full_dsp_1_U489  | 2   |        | tile_acc_247             | fadd    | fulldsp | 7       |
|    empty_258_fu_35616_p2                | -   |        | empty_258                | add     | fabric  | 0       |
|    empty_259_fu_36022_p2                | -   |        | empty_259                | add     | fabric  | 0       |
|    add_ln201_311_fu_35333_p2            | -   |        | add_ln201_311            | add     | fabric  | 0       |
|    add_ln201_132_fu_36136_p2            | -   |        | add_ln201_132            | add     | fabric  | 0       |
|    tmp_131_fu_36236_p17                 | -   |        | add_ln201_312            | add     | fabric  | 0       |
|    fmul_32ns_32ns_32_5_max_dsp_1_U490   | 3   |        | mul54_14_2               | fmul    | maxdsp  | 4       |
|    fadd_32ns_32ns_32_8_full_dsp_1_U489  | 2   |        | tile_acc_249             | fadd    | fulldsp | 7       |
|    add_ln201_133_fu_36170_p2            | -   |        | add_ln201_133            | add     | fabric  | 0       |
|    tmp_132_fu_36283_p17                 | -   |        | add_ln201_313            | add     | fabric  | 0       |
|    add_ln203_55_fu_36032_p2             | -   |        | add_ln203_55             | add     | fabric  | 0       |
|    fmul_32ns_32ns_32_5_max_dsp_1_U491   | 3   |        | mul54_14_2_1             | fmul    | maxdsp  | 4       |
|    fadd_32ns_32ns_32_8_full_dsp_1_U489  | 2   |        | tile_acc_251             | fadd    | fulldsp | 7       |
|    add_ln201_134_fu_36204_p2            | -   |        | add_ln201_134            | add     | fabric  | 0       |
|    add_ln201_314_fu_36345_p2            | -   |        | add_ln201_314            | add     | fabric  | 0       |
|    add_ln203_56_fu_36218_p2             | -   |        | add_ln203_56             | add     | fabric  | 0       |
|    fmul_32ns_32ns_32_5_max_dsp_1_U490   | 3   |        | mul54_14_2_2             | fmul    | maxdsp  | 4       |
|    fadd_32ns_32ns_32_8_full_dsp_1_U489  | 2   |        | tile_acc_253             | fadd    | fulldsp | 7       |
|    empty_261_fu_35620_p2                | -   |        | empty_261                | add     | fabric  | 0       |
|    empty_262_fu_35351_p2                | -   |        | empty_262                | add     | fabric  | 0       |
|    empty_264_fu_35372_p2                | -   |        | empty_264                | add     | fabric  | 0       |
|    empty_265_fu_35625_p2                | -   |        | empty_265                | add     | fabric  | 0       |
|    add_ln201_135_fu_36349_p2            | -   |        | add_ln201_135            | add     | fabric  | 0       |
|    fmul_32ns_32ns_32_5_max_dsp_1_U491   | 3   |        | mul54_15                 | fmul    | maxdsp  | 4       |
|    fadd_32ns_32ns_32_8_full_dsp_1_U489  | 2   |        | tile_acc_255             | fadd    | fulldsp | 7       |
|    add_ln201_136_fu_36383_p2            | -   |        | add_ln201_136            | add     | fabric  | 0       |
|    add_ln203_57_fu_36397_p2             | -   |        | add_ln203_57             | add     | fabric  | 0       |
|    fmul_32ns_32ns_32_5_max_dsp_1_U490   | 3   |        | mul54_15_s               | fmul    | maxdsp  | 4       |
|    fadd_32ns_32ns_32_8_full_dsp_1_U489  | 2   |        | tile_acc_257             | fadd    | fulldsp | 7       |
|    add_ln201_137_fu_36407_p2            | -   |        | add_ln201_137            | add     | fabric  | 0       |
|    add_ln203_58_fu_36421_p2             | -   |        | add_ln203_58             | add     | fabric  | 0       |
|    fmul_32ns_32ns_32_5_max_dsp_1_U491   | 3   |        | mul54_15_3               | fmul    | maxdsp  | 4       |
|    fadd_32ns_32ns_32_8_full_dsp_1_U489  | 2   |        | tile_acc_259             | fadd    | fulldsp | 7       |
|    empty_266_fu_35630_p2                | -   |        | empty_266                | add     | fabric  | 0       |
|    empty_267_fu_36600_p2                | -   |        | empty_267                | add     | fabric  | 0       |
|    add_ln201_138_fu_36431_p2            | -   |        | add_ln201_138            | add     | fabric  | 0       |
|    fmul_32ns_32ns_32_5_max_dsp_1_U490   | 3   |        | mul54_15_1               | fmul    | maxdsp  | 4       |
|    fadd_32ns_32ns_32_8_full_dsp_1_U489  | 2   |        | tile_acc_261             | fadd    | fulldsp | 7       |
|    add_ln201_139_fu_36445_p2            | -   |        | add_ln201_139            | add     | fabric  | 0       |
|    add_ln203_59_fu_36610_p2             | -   |        | add_ln203_59             | add     | fabric  | 0       |
|    fmul_32ns_32ns_32_5_max_dsp_1_U491   | 3   |        | mul54_15_1_1             | fmul    | maxdsp  | 4       |
|    fadd_32ns_32ns_32_8_full_dsp_1_U488  | 2   |        | tile_acc_263             | fadd    | fulldsp | 7       |
|    add_ln201_140_fu_36459_p2            | -   |        | add_ln201_140            | add     | fabric  | 0       |
|    add_ln203_60_fu_36668_p2             | -   |        | add_ln203_60             | add     | fabric  | 0       |
|    fmul_32ns_32ns_32_5_max_dsp_1_U490   | 3   |        | mul54_15_1_2             | fmul    | maxdsp  | 4       |
|    fadd_32ns_32ns_32_8_full_dsp_1_U488  | 2   |        | tile_acc_264             | fadd    | fulldsp | 7       |
|    empty_268_fu_35635_p2                | -   |        | empty_268                | add     | fabric  | 0       |
|    empty_269_fu_36678_p2                | -   |        | empty_269                | add     | fabric  | 0       |
|    add_ln201_141_fu_36473_p2            | -   |        | add_ln201_141            | add     | fabric  | 0       |
|    fmul_32ns_32ns_32_5_max_dsp_1_U491   | 3   |        | mul54_15_2               | fmul    | maxdsp  | 4       |
|    fadd_32ns_32ns_32_8_full_dsp_1_U488  | 2   |        | tile_acc_266             | fadd    | fulldsp | 7       |
|    add_ln201_142_fu_36487_p2            | -   |        | add_ln201_142            | add     | fabric  | 0       |
|    add_ln203_61_fu_36844_p2             | -   |        | add_ln203_61             | add     | fabric  | 0       |
|    fmul_32ns_32ns_32_5_max_dsp_1_U490   | 3   |        | mul54_15_2_1             | fmul    | maxdsp  | 4       |
|    fadd_32ns_32ns_32_8_full_dsp_1_U488  | 2   |        | tile_acc_268             | fadd    | fulldsp | 7       |
|    add_ln201_143_fu_36501_p2            | -   |        | add_ln201_143            | add     | fabric  | 0       |
|    fmul_32ns_32ns_32_5_max_dsp_1_U491   | 3   |        | mul54_15_2_2             | fmul    | maxdsp  | 4       |
|    fadd_32ns_32ns_32_8_full_dsp_1_U488  | 2   |        | tile_acc_270             | fadd    | fulldsp | 7       |
|    add_ln184_fu_35389_p2                | -   |        | add_ln184                | add     | fabric  | 0       |
|    fadd_32ns_32ns_32_8_full_dsp_1_U488  | 2   |        | acc                      | fadd    | fulldsp | 7       |
|    fadd_32ns_32ns_32_8_full_dsp_1_U488  | 2   |        | acc_1                    | fadd    | fulldsp | 7       |
|    fadd_32ns_32ns_32_8_full_dsp_1_U489  | 2   |        | acc_2                    | fadd    | fulldsp | 7       |
|    fadd_32ns_32ns_32_8_full_dsp_1_U489  | 2   |        | acc_3                    | fadd    | fulldsp | 7       |
|    fadd_32ns_32ns_32_8_full_dsp_1_U489  | 2   |        | acc_4                    | fadd    | fulldsp | 7       |
|    fadd_32ns_32ns_32_8_full_dsp_1_U489  | 2   |        | acc_5                    | fadd    | fulldsp | 7       |
|    fadd_32ns_32ns_32_8_full_dsp_1_U489  | 2   |        | acc_6                    | fadd    | fulldsp | 7       |
|    fadd_32ns_32ns_32_8_full_dsp_1_U489  | 2   |        | acc_7                    | fadd    | fulldsp | 7       |
|    fadd_32ns_32ns_32_8_full_dsp_1_U489  | 2   |        | acc_8                    | fadd    | fulldsp | 7       |
|    fadd_32ns_32ns_32_8_full_dsp_1_U489  | 2   |        | acc_9                    | fadd    | fulldsp | 7       |
|    fadd_32ns_32ns_32_8_full_dsp_1_U488  | 2   |        | acc_10                   | fadd    | fulldsp | 7       |
|    fadd_32ns_32ns_32_8_full_dsp_1_U488  | 2   |        | acc_11                   | fadd    | fulldsp | 7       |
|    fmul_32ns_32ns_32_5_max_dsp_1_U492   | 3   |        | mul                      | fmul    | maxdsp  | 4       |
|    fadd_32ns_32ns_32_8_full_dsp_1_U488  | 2   |        | add                      | fadd    | fulldsp | 7       |
|    add_ln217_fu_35403_p2                | -   |        | add_ln217                | add     | fabric  | 0       |
|    add_ln174_fu_36688_p2                | -   |        | add_ln174                | add     | fabric  | 0       |
|    indvar_flatten135_op_fu_36700_p2     | -   |        | indvar_flatten135_op     | add     | fabric  | 0       |
+-----------------------------------------+-----+--------+--------------------------+---------+---------+---------+


================================================================
== Bind Storage Report
================================================================
+------------------------------------------------------------------------------------------+------+------+--------+--------------------------------------------------------------------------------------+---------+------+---------+
| Name                                                                                     | BRAM | URAM | Pragma | Variable                                                                             | Storage | Impl | Latency |
+------------------------------------------------------------------------------------------+------+------+--------+--------------------------------------------------------------------------------------+---------+------+---------+
| + retina_head_top                                                                        | 192  | 0    |        |                                                                                      |         |      |         |
|   retina_stacked_convs_float_const_float_signed_char_const_float_const_tmp_U             | 4    | -    | pragma | retina_stacked_convs_float_const_float_signed_char_const_float_const_tmp             | ram_t2p | bram | 1       |
|   retina_stacked_convs_float_const_float_signed_char_const_float_const_tmp_20_U          | 4    | -    | pragma | retina_stacked_convs_float_const_float_signed_char_const_float_const_tmp_20          | ram_t2p | bram | 1       |
|   retina_stacked_convs_float_const_float_signed_char_const_float_const_tmp_21_U          | 4    | -    | pragma | retina_stacked_convs_float_const_float_signed_char_const_float_const_tmp_21          | ram_t2p | bram | 1       |
|   retina_stacked_convs_float_const_float_signed_char_const_float_const_tmp_22_U          | 4    | -    | pragma | retina_stacked_convs_float_const_float_signed_char_const_float_const_tmp_22          | ram_t2p | bram | 1       |
|   retina_stacked_convs_float_const_float_signed_char_const_float_const_tmp_23_U          | 4    | -    | pragma | retina_stacked_convs_float_const_float_signed_char_const_float_const_tmp_23          | ram_t2p | bram | 1       |
|   retina_stacked_convs_float_const_float_signed_char_const_float_const_tmp_24_U          | 4    | -    | pragma | retina_stacked_convs_float_const_float_signed_char_const_float_const_tmp_24          | ram_t2p | bram | 1       |
|   retina_stacked_convs_float_const_float_signed_char_const_float_const_tmp_25_U          | 4    | -    | pragma | retina_stacked_convs_float_const_float_signed_char_const_float_const_tmp_25          | ram_t2p | bram | 1       |
|   retina_stacked_convs_float_const_float_signed_char_const_float_const_tmp_26_U          | 4    | -    | pragma | retina_stacked_convs_float_const_float_signed_char_const_float_const_tmp_26          | ram_t2p | bram | 1       |
|   retina_stacked_convs_float_const_float_signed_char_const_float_const_tmp_27_U          | 4    | -    | pragma | retina_stacked_convs_float_const_float_signed_char_const_float_const_tmp_27          | ram_t2p | bram | 1       |
|   retina_stacked_convs_float_const_float_signed_char_const_float_const_tmp_28_U          | 4    | -    | pragma | retina_stacked_convs_float_const_float_signed_char_const_float_const_tmp_28          | ram_t2p | bram | 1       |
|   p_ZZL20retina_stacked_convsPKfPfPKaS0_E3tmp_10_U                                       | 4    | -    | pragma | p_ZZL20retina_stacked_convsPKfPfPKaS0_E3tmp_10                                       | ram_t2p | bram | 1       |
|   p_ZZL20retina_stacked_convsPKfPfPKaS0_E3tmp_11_U                                       | 4    | -    | pragma | p_ZZL20retina_stacked_convsPKfPfPKaS0_E3tmp_11                                       | ram_t2p | bram | 1       |
|   p_ZZL20retina_stacked_convsPKfPfPKaS0_E3tmp_12_U                                       | 4    | -    | pragma | p_ZZL20retina_stacked_convsPKfPfPKaS0_E3tmp_12                                       | ram_t2p | bram | 1       |
|   p_ZZL20retina_stacked_convsPKfPfPKaS0_E3tmp_13_U                                       | 4    | -    | pragma | p_ZZL20retina_stacked_convsPKfPfPKaS0_E3tmp_13                                       | ram_t2p | bram | 1       |
|   p_ZZL20retina_stacked_convsPKfPfPKaS0_E3tmp_14_U                                       | 4    | -    | pragma | p_ZZL20retina_stacked_convsPKfPfPKaS0_E3tmp_14                                       | ram_t2p | bram | 1       |
|   p_ZZL20retina_stacked_convsPKfPfPKaS0_E3tmp_15_U                                       | 4    | -    | pragma | p_ZZL20retina_stacked_convsPKfPfPKaS0_E3tmp_15                                       | ram_t2p | bram | 1       |
|   retina_head_top_float_const_float_float_signed_char_const_float_const_19_U             | 4    | -    | pragma | retina_head_top_float_const_float_float_signed_char_const_float_const_19             | ram_t2p | bram | 1       |
|   retina_head_top_float_const_float_float_signed_char_const_float_const_17_U             | 4    | -    | pragma | retina_head_top_float_const_float_float_signed_char_const_float_const_17             | ram_t2p | bram | 1       |
|   retina_head_top_float_const_float_float_signed_char_const_float_const_16_U             | 4    | -    | pragma | retina_head_top_float_const_float_float_signed_char_const_float_const_16             | ram_t2p | bram | 1       |
|   retina_head_top_float_const_float_float_signed_char_const_float_const_15_U             | 4    | -    | pragma | retina_head_top_float_const_float_float_signed_char_const_float_const_15             | ram_t2p | bram | 1       |
|   retina_head_top_float_const_float_float_signed_char_const_float_const_14_U             | 4    | -    | pragma | retina_head_top_float_const_float_float_signed_char_const_float_const_14             | ram_t2p | bram | 1       |
|   retina_head_top_float_const_float_float_signed_char_const_float_const_13_U             | 4    | -    | pragma | retina_head_top_float_const_float_float_signed_char_const_float_const_13             | ram_t2p | bram | 1       |
|   retina_head_top_float_const_float_float_signed_char_const_float_const_12_U             | 4    | -    | pragma | retina_head_top_float_const_float_float_signed_char_const_float_const_12             | ram_t2p | bram | 1       |
|   retina_head_top_float_const_float_float_signed_char_const_float_const_11_U             | 4    | -    | pragma | retina_head_top_float_const_float_float_signed_char_const_float_const_11             | ram_t2p | bram | 1       |
|   retina_head_top_float_const_float_float_signed_char_const_float_const_10_U             | 4    | -    | pragma | retina_head_top_float_const_float_float_signed_char_const_float_const_10             | ram_t2p | bram | 1       |
|   retina_head_top_float_const_float_float_signed_char_const_float_const_18_U             | 4    | -    | pragma | retina_head_top_float_const_float_float_signed_char_const_float_const_18             | ram_t2p | bram | 1       |
|   p_ZZ15retina_head_topPKfPfS1_PKaS0_S3_S0_S3_S0_S0_S3_S0_S0_E8cls_feat_10_U             | 4    | -    | pragma | p_ZZ15retina_head_topPKfPfS1_PKaS0_S3_S0_S3_S0_S0_S3_S0_S0_E8cls_feat_10             | ram_t2p | bram | 1       |
|   p_ZZ15retina_head_topPKfPfS1_PKaS0_S3_S0_S3_S0_S0_S3_S0_S0_E8cls_feat_11_U             | 4    | -    | pragma | p_ZZ15retina_head_topPKfPfS1_PKaS0_S3_S0_S3_S0_S0_S3_S0_S0_E8cls_feat_11             | ram_t2p | bram | 1       |
|   p_ZZ15retina_head_topPKfPfS1_PKaS0_S3_S0_S3_S0_S0_S3_S0_S0_E8cls_feat_12_U             | 4    | -    | pragma | p_ZZ15retina_head_topPKfPfS1_PKaS0_S3_S0_S3_S0_S0_S3_S0_S0_E8cls_feat_12             | ram_t2p | bram | 1       |
|   p_ZZ15retina_head_topPKfPfS1_PKaS0_S3_S0_S3_S0_S0_S3_S0_S0_E8cls_feat_13_U             | 4    | -    | pragma | p_ZZ15retina_head_topPKfPfS1_PKaS0_S3_S0_S3_S0_S0_S3_S0_S0_E8cls_feat_13             | ram_t2p | bram | 1       |
|   p_ZZ15retina_head_topPKfPfS1_PKaS0_S3_S0_S3_S0_S0_S3_S0_S0_E8cls_feat_14_U             | 4    | -    | pragma | p_ZZ15retina_head_topPKfPfS1_PKaS0_S3_S0_S3_S0_S0_S3_S0_S0_E8cls_feat_14             | ram_t2p | bram | 1       |
|   p_ZZ15retina_head_topPKfPfS1_PKaS0_S3_S0_S3_S0_S0_S3_S0_S0_E8cls_feat_15_U             | 4    | -    | pragma | p_ZZ15retina_head_topPKfPfS1_PKaS0_S3_S0_S3_S0_S0_S3_S0_S0_E8cls_feat_15             | ram_t2p | bram | 1       |
|   retina_head_top_float_const_float_float_signed_char_const_float_const_9_U              | 4    | -    | pragma | retina_head_top_float_const_float_float_signed_char_const_float_const_9              | ram_t2p | bram | 1       |
|   retina_head_top_float_const_float_float_signed_char_const_float_const_8_U              | 4    | -    | pragma | retina_head_top_float_const_float_float_signed_char_const_float_const_8              | ram_t2p | bram | 1       |
|   retina_head_top_float_const_float_float_signed_char_const_float_const_7_U              | 4    | -    | pragma | retina_head_top_float_const_float_float_signed_char_const_float_const_7              | ram_t2p | bram | 1       |
|   retina_head_top_float_const_float_float_signed_char_const_float_const_6_U              | 4    | -    | pragma | retina_head_top_float_const_float_float_signed_char_const_float_const_6              | ram_t2p | bram | 1       |
|   retina_head_top_float_const_float_float_signed_char_const_float_const_5_U              | 4    | -    | pragma | retina_head_top_float_const_float_float_signed_char_const_float_const_5              | ram_t2p | bram | 1       |
|   retina_head_top_float_const_float_float_signed_char_const_float_const_4_U              | 4    | -    | pragma | retina_head_top_float_const_float_float_signed_char_const_float_const_4              | ram_t2p | bram | 1       |
|   retina_head_top_float_const_float_float_signed_char_const_float_const_3_U              | 4    | -    | pragma | retina_head_top_float_const_float_float_signed_char_const_float_const_3              | ram_t2p | bram | 1       |
|   retina_head_top_float_const_float_float_signed_char_const_float_const_2_U              | 4    | -    | pragma | retina_head_top_float_const_float_float_signed_char_const_float_const_2              | ram_t2p | bram | 1       |
|   retina_head_top_float_const_float_float_signed_char_const_float_const_1_U              | 4    | -    | pragma | retina_head_top_float_const_float_float_signed_char_const_float_const_1              | ram_t2p | bram | 1       |
|   retina_mulmulmulmulmulhead_top_float_const_float_float_signed_char_const_float_const_U | 4    | -    | pragma | retina_mulmulmulmulmulhead_top_float_const_float_float_signed_char_const_float_const | ram_t2p | bram | 1       |
|   p_ZZ15retina_head_topPKfPfS1_PKaS0_S3_S0_S3_S0_S0_S3_S0_S0_E8reg_feat_10_U             | 4    | -    | pragma | p_ZZ15retina_head_topPKfPfS1_PKaS0_S3_S0_S3_S0_S0_S3_S0_S0_E8reg_feat_10             | ram_t2p | bram | 1       |
|   p_ZZ15retina_head_topPKfPfS1_PKaS0_S3_S0_S3_S0_S0_S3_S0_S0_E8reg_feat_11_U             | 4    | -    | pragma | p_ZZ15retina_head_topPKfPfS1_PKaS0_S3_S0_S3_S0_S0_S3_S0_S0_E8reg_feat_11             | ram_t2p | bram | 1       |
|   p_ZZ15retina_head_topPKfPfS1_PKaS0_S3_S0_S3_S0_S0_S3_S0_S0_E8reg_feat_12_U             | 4    | -    | pragma | p_ZZ15retina_head_topPKfPfS1_PKaS0_S3_S0_S3_S0_S0_S3_S0_S0_E8reg_feat_12             | ram_t2p | bram | 1       |
|   p_ZZ15retina_head_topPKfPfS1_PKaS0_S3_S0_S3_S0_S0_S3_S0_S0_E8reg_feat_13_U             | 4    | -    | pragma | p_ZZ15retina_head_topPKfPfS1_PKaS0_S3_S0_S3_S0_S0_S3_S0_S0_E8reg_feat_13             | ram_t2p | bram | 1       |
|   p_ZZ15retina_head_topPKfPfS1_PKaS0_S3_S0_S3_S0_S0_S3_S0_S0_E8reg_feat_14_U             | 4    | -    | pragma | p_ZZ15retina_head_topPKfPfS1_PKaS0_S3_S0_S3_S0_S0_S3_S0_S0_E8reg_feat_14             | ram_t2p | bram | 1       |
|   p_ZZ15retina_head_topPKfPfS1_PKaS0_S3_S0_S3_S0_S0_S3_S0_S0_E8reg_feat_15_U             | 4    | -    | pragma | p_ZZ15retina_head_topPKfPfS1_PKaS0_S3_S0_S3_S0_S0_S3_S0_S0_E8reg_feat_15             | ram_t2p | bram | 1       |
+------------------------------------------------------------------------------------------+------+------+--------+--------------------------------------------------------------------------------------+---------+------+---------+


================================================================
== Pragma Report
================================================================
* Valid Pragma Syntax
+-----------------+------------------------------------------+-----------------------------------------------------------------------------+
| Type            | Options                                  | Location                                                                    |
+-----------------+------------------------------------------+-----------------------------------------------------------------------------+
| inline          |                                          | fpga_retina_head/fpga_utils.h:13 in relu                                    |
| inline          |                                          | fpga_retina_head/fpga_utils.h:19 in sigmoid                                 |
| array_partition | variable=partial complete dim=1          | fpga_retina_head/retina_head_top.cpp:72 in retina_conv_once, partial        |
| unroll          |                                          | fpga_retina_head/retina_head_top.cpp:75 in retina_conv_once                 |
| pipeline        |                                          | fpga_retina_head/retina_head_top.cpp:83 in retina_conv_once                 |
| loop_tripcount  | min=12 max=12                            | fpga_retina_head/retina_head_top.cpp:84 in retina_conv_once                 |
| unroll          |                                          | fpga_retina_head/retina_head_top.cpp:89 in retina_conv_once                 |
| unroll          |                                          | fpga_retina_head/retina_head_top.cpp:91 in retina_conv_once                 |
| unroll          |                                          | fpga_retina_head/retina_head_top.cpp:93 in retina_conv_once                 |
| unroll          |                                          | fpga_retina_head/retina_head_top.cpp:114 in retina_conv_once                |
| bind_storage    | variable=tmp type=RAM_T2P impl=BRAM      | fpga_retina_head/retina_head_top.cpp:137 in retina_stacked_convs, tmp       |
| array_partition | variable=tmp cyclic factor=16 dim=1      | fpga_retina_head/retina_head_top.cpp:138 in retina_stacked_convs, tmp       |
| array_partition | variable=partial complete dim=1          | fpga_retina_head/retina_head_top.cpp:177 in retina_pred_conv, partial       |
| unroll          |                                          | fpga_retina_head/retina_head_top.cpp:180 in retina_pred_conv                |
| pipeline        |                                          | fpga_retina_head/retina_head_top.cpp:185 in retina_pred_conv                |
| loop_tripcount  | min=12 max=12                            | fpga_retina_head/retina_head_top.cpp:186 in retina_pred_conv                |
| unroll          |                                          | fpga_retina_head/retina_head_top.cpp:191 in retina_pred_conv                |
| unroll          |                                          | fpga_retina_head/retina_head_top.cpp:193 in retina_pred_conv                |
| unroll          |                                          | fpga_retina_head/retina_head_top.cpp:195 in retina_pred_conv                |
| unroll          |                                          | fpga_retina_head/retina_head_top.cpp:213 in retina_pred_conv                |
| interface       | bram port=feat_in                        | fpga_retina_head/retina_head_top.cpp:242 in retina_head_top, feat_in        |
| interface       | bram port=cls_logits                     | fpga_retina_head/retina_head_top.cpp:243 in retina_head_top, cls_logits     |
| interface       | bram port=reg_deltas                     | fpga_retina_head/retina_head_top.cpp:244 in retina_head_top, reg_deltas     |
| interface       | bram port=cls_conv_w                     | fpga_retina_head/retina_head_top.cpp:245 in retina_head_top, cls_conv_w     |
| interface       | bram port=cls_conv_m                     | fpga_retina_head/retina_head_top.cpp:246 in retina_head_top, cls_conv_m     |
| interface       | bram port=reg_conv_w                     | fpga_retina_head/retina_head_top.cpp:247 in retina_head_top, reg_conv_w     |
| interface       | bram port=reg_conv_m                     | fpga_retina_head/retina_head_top.cpp:248 in retina_head_top, reg_conv_m     |
| interface       | bram port=cls_pred_w                     | fpga_retina_head/retina_head_top.cpp:249 in retina_head_top, cls_pred_w     |
| interface       | bram port=cls_pred_scale                 | fpga_retina_head/retina_head_top.cpp:250 in retina_head_top, cls_pred_scale |
| interface       | bram port=cls_pred_bias                  | fpga_retina_head/retina_head_top.cpp:251 in retina_head_top, cls_pred_bias  |
| interface       | bram port=reg_pred_w                     | fpga_retina_head/retina_head_top.cpp:252 in retina_head_top, reg_pred_w     |
| interface       | bram port=reg_pred_scale                 | fpga_retina_head/retina_head_top.cpp:253 in retina_head_top, reg_pred_scale |
| interface       | bram port=reg_pred_bias                  | fpga_retina_head/retina_head_top.cpp:254 in retina_head_top, reg_pred_bias  |
| interface       | ap_ctrl_hs port=return                   | fpga_retina_head/retina_head_top.cpp:255 in retina_head_top, return         |
| array_partition | variable=feat_in cyclic factor=16 dim=1  | fpga_retina_head/retina_head_top.cpp:265 in retina_head_top, feat_in        |
| bind_storage    | variable=cls_feat type=RAM_T2P impl=BRAM | fpga_retina_head/retina_head_top.cpp:270 in retina_head_top, cls_feat       |
| bind_storage    | variable=reg_feat type=RAM_T2P impl=BRAM | fpga_retina_head/retina_head_top.cpp:271 in retina_head_top, reg_feat       |
| array_partition | variable=cls_feat cyclic factor=16 dim=1 | fpga_retina_head/retina_head_top.cpp:272 in retina_head_top, cls_feat       |
| array_partition | variable=reg_feat cyclic factor=16 dim=1 | fpga_retina_head/retina_head_top.cpp:273 in retina_head_top, reg_feat       |
+-----------------+------------------------------------------+-----------------------------------------------------------------------------+


