

================================================================
== Vitis HLS Report for 'mbconv_20_top_Pipeline_C1X1_IC_T'
================================================================
* Date:           Sun May 31 17:03:55 2026

* Version:        2022.2 (Build 3670227 on Oct 13 2022)
* Project:        mbconv_20
* Solution:       solution1 (Vivado IP Flow Target)
* Product family: zynquplus
* Target device:  xczu28dr-ffvg1517-2-e


================================================================
== Performance Estimates
================================================================
+ Timing: 
    * Summary: 
    +--------+---------+----------+------------+
    |  Clock |  Target | Estimated| Uncertainty|
    +--------+---------+----------+------------+
    |ap_clk  |  5.00 ns|  3.454 ns|     1.35 ns|
    +--------+---------+----------+------------+

+ Latency: 
    * Summary: 
    +---------+---------+----------+----------+-----+-----+---------+
    |  Latency (cycles) |  Latency (absolute) |  Interval | Pipeline|
    |   min   |   max   |    min   |    max   | min | max |   Type  |
    +---------+---------+----------+----------+-----+-----+---------+
    |      206|      206|  1.030 us|  1.030 us|  206|  206|       no|
    +---------+---------+----------+----------+-----+-----+---------+

    + Detail: 
        * Instance: 
        N/A

        * Loop: 
        +-------------+---------+---------+----------+-----------+-----------+------+----------+
        |             |  Latency (cycles) | Iteration|  Initiation Interval  | Trip |          |
        |  Loop Name  |   min   |   max   |  Latency |  achieved |   target  | Count| Pipelined|
        +-------------+---------+---------+----------+-----------+-----------+------+----------+
        |- C1X1_IC_T  |      204|      204|       143|          2|          1|    32|       yes|
        +-------------+---------+---------+----------+-----------+-----------+------+----------+



================================================================
== Utilization Estimates
================================================================
* Summary: 
+-----------------+---------+------+--------+--------+-----+
|       Name      | BRAM_18K|  DSP |   FF   |   LUT  | URAM|
+-----------------+---------+------+--------+--------+-----+
|DSP              |        -|     -|       -|       -|    -|
|Expression       |        -|     -|       0|    1302|    -|
|FIFO             |        -|     -|       -|       -|    -|
|Instance         |        -|     -|       -|       -|    -|
|Memory           |        -|     -|       -|       -|    -|
|Multiplexer      |        -|     -|       -|    4398|    -|
|Register         |        -|     -|   15638|    2240|    -|
+-----------------+---------+------+--------+--------+-----+
|Total            |        0|     0|   15638|    7940|    0|
+-----------------+---------+------+--------+--------+-----+
|Available        |     2160|  4272|  850560|  425280|   80|
+-----------------+---------+------+--------+--------+-----+
|Utilization (%)  |        0|     0|       1|       1|    0|
+-----------------+---------+------+--------+--------+-----+

+ Detail: 
    * Instance: 
    N/A

    * DSP: 
    N/A

    * Memory: 
    N/A

    * FIFO: 
    N/A

    * Expression: 
    +-------------------------+----------+----+---+----+------------+------------+
    |      Variable Name      | Operation| DSP| FF| LUT| Bitwidth P0| Bitwidth P1|
    +-------------------------+----------+----+---+----+------------+------------+
    |add_ln352_fu_3920_p2     |         +|   0|  0|  13|           6|           1|
    |add_ln358_1_fu_3968_p2   |         +|   0|  0|  21|          14|          14|
    |add_ln358_fu_3958_p2     |         +|   0|  0|  20|          13|          13|
    |add_ln359_10_fu_4194_p2  |         +|   0|  0|  25|          18|          17|
    |add_ln359_11_fu_4215_p2  |         +|   0|  0|  25|          18|          17|
    |add_ln359_12_fu_4236_p2  |         +|   0|  0|  25|          18|          17|
    |add_ln359_13_fu_4257_p2  |         +|   0|  0|  25|          18|          17|
    |add_ln359_14_fu_4278_p2  |         +|   0|  0|  25|          18|          17|
    |add_ln359_15_fu_4299_p2  |         +|   0|  0|  25|          18|          17|
    |add_ln359_1_fu_4005_p2   |         +|   0|  0|  25|          18|          17|
    |add_ln359_2_fu_4026_p2   |         +|   0|  0|  25|          18|          17|
    |add_ln359_3_fu_4047_p2   |         +|   0|  0|  25|          18|          17|
    |add_ln359_4_fu_4068_p2   |         +|   0|  0|  25|          18|          17|
    |add_ln359_5_fu_4089_p2   |         +|   0|  0|  25|          18|          17|
    |add_ln359_6_fu_4110_p2   |         +|   0|  0|  25|          18|          17|
    |add_ln359_7_fu_4131_p2   |         +|   0|  0|  25|          18|          17|
    |add_ln359_8_fu_4152_p2   |         +|   0|  0|  25|          18|          17|
    |add_ln359_9_fu_4173_p2   |         +|   0|  0|  25|          18|          17|
    |add_ln359_fu_3994_p2     |         +|   0|  0|  21|          14|          14|
    |add_ln360_10_fu_4760_p2  |         +|   0|  0|  25|          18|          17|
    |add_ln360_11_fu_4802_p2  |         +|   0|  0|  25|          18|          17|
    |add_ln360_12_fu_4844_p2  |         +|   0|  0|  25|          18|          17|
    |add_ln360_13_fu_4886_p2  |         +|   0|  0|  25|          18|          17|
    |add_ln360_14_fu_4928_p2  |         +|   0|  0|  25|          18|          17|
    |add_ln360_15_fu_4970_p2  |         +|   0|  0|  25|          18|          17|
    |add_ln360_1_fu_4382_p2   |         +|   0|  0|  25|          18|          17|
    |add_ln360_2_fu_4424_p2   |         +|   0|  0|  25|          18|          17|
    |add_ln360_3_fu_4466_p2   |         +|   0|  0|  25|          18|          17|
    |add_ln360_4_fu_4508_p2   |         +|   0|  0|  25|          18|          17|
    |add_ln360_5_fu_4550_p2   |         +|   0|  0|  25|          18|          17|
    |add_ln360_6_fu_4592_p2   |         +|   0|  0|  25|          18|          17|
    |add_ln360_7_fu_4634_p2   |         +|   0|  0|  25|          18|          17|
    |add_ln360_8_fu_4676_p2   |         +|   0|  0|  25|          18|          17|
    |add_ln360_9_fu_4718_p2   |         +|   0|  0|  25|          18|          17|
    |add_ln360_fu_4364_p2     |         +|   0|  0|  21|          14|          14|
    |add_ln361_10_fu_4781_p2  |         +|   0|  0|  25|          18|          17|
    |add_ln361_11_fu_4823_p2  |         +|   0|  0|  25|          18|          17|
    |add_ln361_12_fu_4865_p2  |         +|   0|  0|  25|          18|          17|
    |add_ln361_13_fu_4907_p2  |         +|   0|  0|  25|          18|          17|
    |add_ln361_14_fu_4949_p2  |         +|   0|  0|  25|          18|          17|
    |add_ln361_15_fu_4991_p2  |         +|   0|  0|  25|          18|          17|
    |add_ln361_1_fu_4403_p2   |         +|   0|  0|  25|          18|          17|
    |add_ln361_2_fu_4445_p2   |         +|   0|  0|  25|          18|          17|
    |add_ln361_3_fu_4487_p2   |         +|   0|  0|  25|          18|          17|
    |add_ln361_4_fu_4529_p2   |         +|   0|  0|  25|          18|          17|
    |add_ln361_5_fu_4571_p2   |         +|   0|  0|  25|          18|          17|
    |add_ln361_6_fu_4613_p2   |         +|   0|  0|  25|          18|          17|
    |add_ln361_7_fu_4655_p2   |         +|   0|  0|  25|          18|          17|
    |add_ln361_8_fu_4697_p2   |         +|   0|  0|  25|          18|          17|
    |add_ln361_9_fu_4739_p2   |         +|   0|  0|  25|          18|          17|
    |add_ln361_fu_4373_p2     |         +|   0|  0|  21|          14|          14|
    |icmp_ln352_fu_3914_p2    |      icmp|   0|  0|  10|           6|           7|
    |or_ln357_1_fu_5344_p2    |        or|   0|  0|  16|           2|          16|
    |or_ln357_2_fu_5358_p2    |        or|   0|  0|  16|           2|          16|
    |or_ln357_fu_5379_p2      |        or|   0|  0|  16|           1|          16|
    |ap_enable_pp0            |       xor|   0|  0|   2|           1|           2|
    +-------------------------+----------+----+---+----+------------+------------+
    |Total                    |          |   0|  0|1302|         897|         892|
    +-------------------------+----------+----+---+----+------------+------------+

    * Multiplexer: 
    +----------------------------------------------------------------------------------+----+-----------+-----+-----------+
    |                                       Name                                       | LUT| Input Size| Bits| Total Bits|
    +----------------------------------------------------------------------------------+----+-----------+-----+-----------+
    |ap_NS_fsm                                                                         |  14|          3|    1|          3|
    |ap_done_int                                                                       |   9|          2|    1|          2|
    |ap_enable_reg_pp0_iter0                                                           |   9|          2|    1|          2|
    |ap_enable_reg_pp0_iter1                                                           |   9|          2|    1|          2|
    |ap_enable_reg_pp0_iter71                                                          |   9|          2|    1|          2|
    |ap_loop_exit_ready_pp0_iter10_reg                                                 |   9|          2|    1|          2|
    |ap_loop_exit_ready_pp0_iter11_reg                                                 |   9|          2|    1|          2|
    |ap_loop_exit_ready_pp0_iter12_reg                                                 |   9|          2|    1|          2|
    |ap_loop_exit_ready_pp0_iter13_reg                                                 |   9|          2|    1|          2|
    |ap_loop_exit_ready_pp0_iter14_reg                                                 |   9|          2|    1|          2|
    |ap_loop_exit_ready_pp0_iter15_reg                                                 |   9|          2|    1|          2|
    |ap_loop_exit_ready_pp0_iter16_reg                                                 |   9|          2|    1|          2|
    |ap_loop_exit_ready_pp0_iter17_reg                                                 |   9|          2|    1|          2|
    |ap_loop_exit_ready_pp0_iter18_reg                                                 |   9|          2|    1|          2|
    |ap_loop_exit_ready_pp0_iter19_reg                                                 |   9|          2|    1|          2|
    |ap_loop_exit_ready_pp0_iter1_reg                                                  |   9|          2|    1|          2|
    |ap_loop_exit_ready_pp0_iter20_reg                                                 |   9|          2|    1|          2|
    |ap_loop_exit_ready_pp0_iter21_reg                                                 |   9|          2|    1|          2|
    |ap_loop_exit_ready_pp0_iter22_reg                                                 |   9|          2|    1|          2|
    |ap_loop_exit_ready_pp0_iter23_reg                                                 |   9|          2|    1|          2|
    |ap_loop_exit_ready_pp0_iter24_reg                                                 |   9|          2|    1|          2|
    |ap_loop_exit_ready_pp0_iter25_reg                                                 |   9|          2|    1|          2|
    |ap_loop_exit_ready_pp0_iter26_reg                                                 |   9|          2|    1|          2|
    |ap_loop_exit_ready_pp0_iter27_reg                                                 |   9|          2|    1|          2|
    |ap_loop_exit_ready_pp0_iter28_reg                                                 |   9|          2|    1|          2|
    |ap_loop_exit_ready_pp0_iter29_reg                                                 |   9|          2|    1|          2|
    |ap_loop_exit_ready_pp0_iter2_reg                                                  |   9|          2|    1|          2|
    |ap_loop_exit_ready_pp0_iter30_reg                                                 |   9|          2|    1|          2|
    |ap_loop_exit_ready_pp0_iter31_reg                                                 |   9|          2|    1|          2|
    |ap_loop_exit_ready_pp0_iter32_reg                                                 |   9|          2|    1|          2|
    |ap_loop_exit_ready_pp0_iter33_reg                                                 |   9|          2|    1|          2|
    |ap_loop_exit_ready_pp0_iter34_reg                                                 |   9|          2|    1|          2|
    |ap_loop_exit_ready_pp0_iter35_reg                                                 |   9|          2|    1|          2|
    |ap_loop_exit_ready_pp0_iter36_reg                                                 |   9|          2|    1|          2|
    |ap_loop_exit_ready_pp0_iter37_reg                                                 |   9|          2|    1|          2|
    |ap_loop_exit_ready_pp0_iter38_reg                                                 |   9|          2|    1|          2|
    |ap_loop_exit_ready_pp0_iter39_reg                                                 |   9|          2|    1|          2|
    |ap_loop_exit_ready_pp0_iter3_reg                                                  |   9|          2|    1|          2|
    |ap_loop_exit_ready_pp0_iter40_reg                                                 |   9|          2|    1|          2|
    |ap_loop_exit_ready_pp0_iter41_reg                                                 |   9|          2|    1|          2|
    |ap_loop_exit_ready_pp0_iter42_reg                                                 |   9|          2|    1|          2|
    |ap_loop_exit_ready_pp0_iter43_reg                                                 |   9|          2|    1|          2|
    |ap_loop_exit_ready_pp0_iter44_reg                                                 |   9|          2|    1|          2|
    |ap_loop_exit_ready_pp0_iter45_reg                                                 |   9|          2|    1|          2|
    |ap_loop_exit_ready_pp0_iter46_reg                                                 |   9|          2|    1|          2|
    |ap_loop_exit_ready_pp0_iter47_reg                                                 |   9|          2|    1|          2|
    |ap_loop_exit_ready_pp0_iter48_reg                                                 |   9|          2|    1|          2|
    |ap_loop_exit_ready_pp0_iter49_reg                                                 |   9|          2|    1|          2|
    |ap_loop_exit_ready_pp0_iter4_reg                                                  |   9|          2|    1|          2|
    |ap_loop_exit_ready_pp0_iter50_reg                                                 |   9|          2|    1|          2|
    |ap_loop_exit_ready_pp0_iter51_reg                                                 |   9|          2|    1|          2|
    |ap_loop_exit_ready_pp0_iter52_reg                                                 |   9|          2|    1|          2|
    |ap_loop_exit_ready_pp0_iter53_reg                                                 |   9|          2|    1|          2|
    |ap_loop_exit_ready_pp0_iter54_reg                                                 |   9|          2|    1|          2|
    |ap_loop_exit_ready_pp0_iter55_reg                                                 |   9|          2|    1|          2|
    |ap_loop_exit_ready_pp0_iter56_reg                                                 |   9|          2|    1|          2|
    |ap_loop_exit_ready_pp0_iter57_reg                                                 |   9|          2|    1|          2|
    |ap_loop_exit_ready_pp0_iter58_reg                                                 |   9|          2|    1|          2|
    |ap_loop_exit_ready_pp0_iter59_reg                                                 |   9|          2|    1|          2|
    |ap_loop_exit_ready_pp0_iter5_reg                                                  |   9|          2|    1|          2|
    |ap_loop_exit_ready_pp0_iter60_reg                                                 |   9|          2|    1|          2|
    |ap_loop_exit_ready_pp0_iter61_reg                                                 |   9|          2|    1|          2|
    |ap_loop_exit_ready_pp0_iter62_reg                                                 |   9|          2|    1|          2|
    |ap_loop_exit_ready_pp0_iter63_reg                                                 |   9|          2|    1|          2|
    |ap_loop_exit_ready_pp0_iter64_reg                                                 |   9|          2|    1|          2|
    |ap_loop_exit_ready_pp0_iter65_reg                                                 |   9|          2|    1|          2|
    |ap_loop_exit_ready_pp0_iter66_reg                                                 |   9|          2|    1|          2|
    |ap_loop_exit_ready_pp0_iter67_reg                                                 |   9|          2|    1|          2|
    |ap_loop_exit_ready_pp0_iter68_reg                                                 |   9|          2|    1|          2|
    |ap_loop_exit_ready_pp0_iter69_reg                                                 |   9|          2|    1|          2|
    |ap_loop_exit_ready_pp0_iter6_reg                                                  |   9|          2|    1|          2|
    |ap_loop_exit_ready_pp0_iter70_reg                                                 |   9|          2|    1|          2|
    |ap_loop_exit_ready_pp0_iter7_reg                                                  |   9|          2|    1|          2|
    |ap_loop_exit_ready_pp0_iter8_reg                                                  |   9|          2|    1|          2|
    |ap_loop_exit_ready_pp0_iter9_reg                                                  |   9|          2|    1|          2|
    |ap_sig_allocacmp_t_1                                                              |   9|          2|    6|         12|
    |grp_fu_2760_p0                                                                    |  14|          3|   32|         96|
    |grp_fu_2765_p0                                                                    |  14|          3|   32|         96|
    |grp_fu_2770_p0                                                                    |  14|          3|   32|         96|
    |grp_fu_2770_p1                                                                    |  14|          3|   32|         96|
    |grp_fu_2774_p0                                                                    |  14|          3|   32|         96|
    |grp_fu_2774_p1                                                                    |  14|          3|   32|         96|
    |grp_fu_2778_p0                                                                    |  14|          3|   32|         96|
    |grp_fu_2778_p1                                                                    |  14|          3|   32|         96|
    |grp_fu_2782_p0                                                                    |  14|          3|   32|         96|
    |grp_fu_2782_p1                                                                    |  14|          3|   32|         96|
    |grp_fu_2786_p0                                                                    |  14|          3|   32|         96|
    |grp_fu_2786_p1                                                                    |  14|          3|   32|         96|
    |grp_fu_2790_p0                                                                    |  14|          3|   32|         96|
    |grp_fu_2790_p1                                                                    |  14|          3|   32|         96|
    |grp_fu_2794_p0                                                                    |  14|          3|   32|         96|
    |grp_fu_2794_p1                                                                    |  14|          3|   32|         96|
    |grp_fu_2798_p0                                                                    |  14|          3|   32|         96|
    |grp_fu_2798_p1                                                                    |  14|          3|   32|         96|
    |grp_fu_2802_p0                                                                    |  14|          3|   32|         96|
    |grp_fu_2802_p1                                                                    |  14|          3|   32|         96|
    |grp_fu_2806_p0                                                                    |  14|          3|   32|         96|
    |grp_fu_2806_p1                                                                    |  14|          3|   32|         96|
    |grp_fu_2810_p0                                                                    |  14|          3|   32|         96|
    |grp_fu_2810_p1                                                                    |  14|          3|   32|         96|
    |grp_fu_2814_p0                                                                    |  14|          3|   32|         96|
    |grp_fu_2814_p1                                                                    |  14|          3|   32|         96|
    |grp_fu_2818_p0                                                                    |  14|          3|   32|         96|
    |grp_fu_2818_p1                                                                    |  14|          3|   32|         96|
    |grp_fu_2822_p0                                                                    |  14|          3|   32|         96|
    |grp_fu_2822_p1                                                                    |  14|          3|   32|         96|
    |grp_fu_2826_p0                                                                    |  14|          3|   32|         96|
    |grp_fu_2826_p1                                                                    |  14|          3|   32|         96|
    |grp_fu_2830_p0                                                                    |  14|          3|   32|         96|
    |grp_fu_2830_p1                                                                    |  14|          3|   32|         96|
    |grp_fu_2834_p0                                                                    |  14|          3|   32|         96|
    |grp_fu_2834_p1                                                                    |  14|          3|   32|         96|
    |grp_fu_2838_p0                                                                    |  14|          3|   32|         96|
    |grp_fu_2838_p1                                                                    |  14|          3|   32|         96|
    |grp_fu_2842_p0                                                                    |  14|          3|   32|         96|
    |grp_fu_2842_p1                                                                    |  14|          3|   32|         96|
    |grp_fu_2846_p0                                                                    |  14|          3|   32|         96|
    |grp_fu_2846_p1                                                                    |  14|          3|   32|         96|
    |grp_fu_2850_p0                                                                    |  14|          3|   32|         96|
    |grp_fu_2850_p1                                                                    |  14|          3|   32|         96|
    |grp_fu_2854_p0                                                                    |  14|          3|   32|         96|
    |grp_fu_2854_p1                                                                    |  14|          3|   32|         96|
    |grp_fu_2858_p0                                                                    |  14|          3|   32|         96|
    |grp_fu_2858_p1                                                                    |  14|          3|   32|         96|
    |grp_fu_2862_p0                                                                    |  14|          3|   32|         96|
    |grp_fu_2862_p1                                                                    |  14|          3|   32|         96|
    |grp_fu_2866_p0                                                                    |  14|          3|   32|         96|
    |grp_fu_2866_p1                                                                    |  14|          3|   32|         96|
    |grp_fu_2870_p0                                                                    |  14|          3|   32|         96|
    |grp_fu_2870_p1                                                                    |  14|          3|   32|         96|
    |grp_fu_2874_p0                                                                    |  14|          3|   32|         96|
    |grp_fu_2874_p1                                                                    |  14|          3|   32|         96|
    |grp_fu_2878_p0                                                                    |  14|          3|   32|         96|
    |grp_fu_2878_p1                                                                    |  14|          3|   32|         96|
    |grp_fu_2882_p0                                                                    |  14|          3|   32|         96|
    |grp_fu_2882_p1                                                                    |  14|          3|   32|         96|
    |grp_fu_2886_p0                                                                    |  14|          3|   32|         96|
    |grp_fu_2886_p1                                                                    |  14|          3|   32|         96|
    |grp_fu_2890_p1                                                                    |  14|          3|   32|         96|
    |grp_fu_2894_p1                                                                    |  14|          3|   32|         96|
    |grp_fu_2898_p1                                                                    |  14|          3|   32|         96|
    |grp_fu_2902_p1                                                                    |  14|          3|   32|         96|
    |grp_fu_2906_p1                                                                    |  14|          3|   32|         96|
    |grp_fu_2910_p1                                                                    |  14|          3|   32|         96|
    |grp_fu_2914_p1                                                                    |  14|          3|   32|         96|
    |grp_fu_2918_p1                                                                    |  14|          3|   32|         96|
    |grp_fu_2922_p1                                                                    |  14|          3|   32|         96|
    |grp_fu_2926_p1                                                                    |  14|          3|   32|         96|
    |grp_fu_2930_p1                                                                    |  14|          3|   32|         96|
    |grp_fu_2934_p1                                                                    |  14|          3|   32|         96|
    |grp_fu_2938_p1                                                                    |  14|          3|   32|         96|
    |grp_fu_2942_p1                                                                    |  14|          3|   32|         96|
    |grp_fu_2946_p1                                                                    |  14|          3|   32|         96|
    |grp_fu_2950_p1                                                                    |  14|          3|   32|         96|
    |grp_fu_2954_p0                                                                    |  14|          3|   32|         96|
    |grp_fu_2954_p1                                                                    |  14|          3|   32|         96|
    |grp_fu_2958_p0                                                                    |  14|          3|   32|         96|
    |grp_fu_2958_p1                                                                    |  14|          3|   32|         96|
    |grp_fu_2962_p0                                                                    |  14|          3|   32|         96|
    |grp_fu_2962_p1                                                                    |  14|          3|   32|         96|
    |grp_fu_2966_p0                                                                    |  14|          3|   32|         96|
    |grp_fu_2966_p1                                                                    |  14|          3|   32|         96|
    |grp_fu_2970_p0                                                                    |  14|          3|   32|         96|
    |grp_fu_2970_p1                                                                    |  14|          3|   32|         96|
    |grp_fu_2974_p0                                                                    |  14|          3|   32|         96|
    |grp_fu_2974_p1                                                                    |  14|          3|   32|         96|
    |grp_fu_2978_p0                                                                    |  14|          3|   32|         96|
    |grp_fu_2978_p1                                                                    |  14|          3|   32|         96|
    |grp_fu_2982_p0                                                                    |  14|          3|   32|         96|
    |grp_fu_2982_p1                                                                    |  14|          3|   32|         96|
    |grp_fu_2986_p0                                                                    |  14|          3|   32|         96|
    |grp_fu_2986_p1                                                                    |  14|          3|   32|         96|
    |grp_fu_2990_p0                                                                    |  14|          3|   32|         96|
    |grp_fu_2990_p1                                                                    |  14|          3|   32|         96|
    |grp_fu_2994_p0                                                                    |  14|          3|   32|         96|
    |grp_fu_2994_p1                                                                    |  14|          3|   32|         96|
    |grp_fu_2998_p0                                                                    |  14|          3|   32|         96|
    |grp_fu_2998_p1                                                                    |  14|          3|   32|         96|
    |grp_fu_3002_p0                                                                    |  14|          3|   32|         96|
    |grp_fu_3002_p1                                                                    |  14|          3|   32|         96|
    |grp_fu_3006_p0                                                                    |  14|          3|   32|         96|
    |grp_fu_3006_p1                                                                    |  14|          3|   32|         96|
    |grp_fu_3010_p0                                                                    |  14|          3|   32|         96|
    |grp_fu_3010_p1                                                                    |  14|          3|   32|         96|
    |grp_fu_3014_p0                                                                    |  14|          3|   32|         96|
    |grp_fu_3014_p1                                                                    |  14|          3|   32|         96|
    |grp_fu_3018_p0                                                                    |  14|          3|   32|         96|
    |grp_fu_3021_p0                                                                    |  14|          3|   32|         96|
    |grp_fu_3024_p0                                                                    |  14|          3|   32|         96|
    |grp_fu_3027_p0                                                                    |  14|          3|   32|         96|
    |grp_fu_3030_p0                                                                    |  14|          3|   32|         96|
    |grp_fu_3033_p0                                                                    |  14|          3|   32|         96|
    |grp_fu_3036_p0                                                                    |  14|          3|   32|         96|
    |grp_fu_3039_p0                                                                    |  14|          3|   32|         96|
    |grp_fu_3042_p0                                                                    |  14|          3|   32|         96|
    |grp_fu_3045_p0                                                                    |  14|          3|   32|         96|
    |grp_fu_3048_p0                                                                    |  14|          3|   32|         96|
    |grp_fu_3051_p0                                                                    |  14|          3|   32|         96|
    |grp_fu_3054_p0                                                                    |  14|          3|   32|         96|
    |grp_fu_3057_p0                                                                    |  14|          3|   32|         96|
    |grp_fu_3060_p0                                                                    |  14|          3|   32|         96|
    |grp_fu_3063_p0                                                                    |  14|          3|   32|         96|
    |grp_fu_3066_p0                                                                    |  14|          3|   32|         96|
    |grp_fu_3069_p0                                                                    |  14|          3|   32|         96|
    |grp_fu_3072_p0                                                                    |  14|          3|   32|         96|
    |grp_fu_3075_p0                                                                    |  14|          3|   32|         96|
    |grp_fu_3078_p0                                                                    |  14|          3|   32|         96|
    |grp_fu_3081_p0                                                                    |  14|          3|   32|         96|
    |grp_fu_3084_p0                                                                    |  14|          3|   32|         96|
    |grp_fu_3087_p0                                                                    |  14|          3|   32|         96|
    |grp_fu_3090_p0                                                                    |  14|          3|   32|         96|
    |grp_fu_3093_p0                                                                    |  14|          3|   32|         96|
    |grp_fu_3096_p0                                                                    |  14|          3|   32|         96|
    |grp_fu_3099_p0                                                                    |  14|          3|   32|         96|
    |grp_fu_3102_p0                                                                    |  14|          3|   32|         96|
    |grp_fu_3105_p0                                                                    |  14|          3|   32|         96|
    |grp_fu_3108_p0                                                                    |  14|          3|   32|         96|
    |grp_fu_3111_p0                                                                    |  14|          3|   32|         96|
    |mbconv_20_float_const_float_signed_char_const_int_float_const_int_in_10_address0  |  14|          3|   16|         48|
    |mbconv_20_float_const_float_signed_char_const_int_float_const_int_in_10_address1  |  14|          3|   16|         48|
    |mbconv_20_float_const_float_signed_char_const_int_float_const_int_in_11_address0  |  14|          3|   16|         48|
    |mbconv_20_float_const_float_signed_char_const_int_float_const_int_in_11_address1  |  14|          3|   16|         48|
    |mbconv_20_float_const_float_signed_char_const_int_float_const_int_in_12_address0  |  14|          3|   16|         48|
    |mbconv_20_float_const_float_signed_char_const_int_float_const_int_in_12_address1  |  14|          3|   16|         48|
    |mbconv_20_float_const_float_signed_char_const_int_float_const_int_in_13_address0  |  14|          3|   16|         48|
    |mbconv_20_float_const_float_signed_char_const_int_float_const_int_in_13_address1  |  14|          3|   16|         48|
    |partial0_10_fu_908                                                                |   9|          2|   32|         64|
    |partial0_11_fu_912                                                                |   9|          2|   32|         64|
    |partial0_12_fu_916                                                                |   9|          2|   32|         64|
    |partial0_13_fu_920                                                                |   9|          2|   32|         64|
    |partial0_14_fu_924                                                                |   9|          2|   32|         64|
    |partial0_15_fu_928                                                                |   9|          2|   32|         64|
    |partial0_16_fu_932                                                                |   9|          2|   32|         64|
    |partial0_17_fu_936                                                                |   9|          2|   32|         64|
    |partial0_18_fu_940                                                                |   9|          2|   32|         64|
    |partial0_19_fu_944                                                                |   9|          2|   32|         64|
    |partial0_1_fu_872                                                                 |   9|          2|   32|         64|
    |partial0_20_fu_948                                                                |   9|          2|   32|         64|
    |partial0_21_fu_952                                                                |   9|          2|   32|         64|
    |partial0_22_fu_956                                                                |   9|          2|   32|         64|
    |partial0_23_fu_960                                                                |   9|          2|   32|         64|
    |partial0_24_fu_964                                                                |   9|          2|   32|         64|
    |partial0_25_fu_968                                                                |   9|          2|   32|         64|
    |partial0_26_fu_972                                                                |   9|          2|   32|         64|
    |partial0_27_fu_976                                                                |   9|          2|   32|         64|
    |partial0_28_fu_980                                                                |   9|          2|   32|         64|
    |partial0_29_fu_984                                                                |   9|          2|   32|         64|
    |partial0_2_fu_876                                                                 |   9|          2|   32|         64|
    |partial0_30_fu_988                                                                |   9|          2|   32|         64|
    |partial0_31_fu_992                                                                |   9|          2|   32|         64|
    |partial0_3_fu_880                                                                 |   9|          2|   32|         64|
    |partial0_4_fu_884                                                                 |   9|          2|   32|         64|
    |partial0_5_fu_888                                                                 |   9|          2|   32|         64|
    |partial0_6_fu_892                                                                 |   9|          2|   32|         64|
    |partial0_7_fu_896                                                                 |   9|          2|   32|         64|
    |partial0_8_fu_900                                                                 |   9|          2|   32|         64|
    |partial0_9_fu_904                                                                 |   9|          2|   32|         64|
    |partial0_fu_868                                                                   |   9|          2|   32|         64|
    |partial1_10_fu_780                                                                |   9|          2|   32|         64|
    |partial1_11_fu_784                                                                |   9|          2|   32|         64|
    |partial1_12_fu_788                                                                |   9|          2|   32|         64|
    |partial1_13_fu_792                                                                |   9|          2|   32|         64|
    |partial1_14_fu_796                                                                |   9|          2|   32|         64|
    |partial1_15_fu_800                                                                |   9|          2|   32|         64|
    |partial1_16_fu_804                                                                |   9|          2|   32|         64|
    |partial1_17_fu_808                                                                |   9|          2|   32|         64|
    |partial1_18_fu_812                                                                |   9|          2|   32|         64|
    |partial1_19_fu_816                                                                |   9|          2|   32|         64|
    |partial1_1_fu_744                                                                 |   9|          2|   32|         64|
    |partial1_20_fu_820                                                                |   9|          2|   32|         64|
    |partial1_21_fu_824                                                                |   9|          2|   32|         64|
    |partial1_22_fu_828                                                                |   9|          2|   32|         64|
    |partial1_23_fu_832                                                                |   9|          2|   32|         64|
    |partial1_24_fu_836                                                                |   9|          2|   32|         64|
    |partial1_25_fu_840                                                                |   9|          2|   32|         64|
    |partial1_26_fu_844                                                                |   9|          2|   32|         64|
    |partial1_27_fu_848                                                                |   9|          2|   32|         64|
    |partial1_28_fu_852                                                                |   9|          2|   32|         64|
    |partial1_29_fu_856                                                                |   9|          2|   32|         64|
    |partial1_2_fu_748                                                                 |   9|          2|   32|         64|
    |partial1_30_fu_860                                                                |   9|          2|   32|         64|
    |partial1_31_fu_864                                                                |   9|          2|   32|         64|
    |partial1_3_fu_752                                                                 |   9|          2|   32|         64|
    |partial1_4_fu_756                                                                 |   9|          2|   32|         64|
    |partial1_5_fu_760                                                                 |   9|          2|   32|         64|
    |partial1_6_fu_764                                                                 |   9|          2|   32|         64|
    |partial1_7_fu_768                                                                 |   9|          2|   32|         64|
    |partial1_8_fu_772                                                                 |   9|          2|   32|         64|
    |partial1_9_fu_776                                                                 |   9|          2|   32|         64|
    |partial1_fu_740                                                                   |   9|          2|   32|         64|
    |partial2_10_fu_652                                                                |   9|          2|   32|         64|
    |partial2_11_fu_656                                                                |   9|          2|   32|         64|
    |partial2_12_fu_660                                                                |   9|          2|   32|         64|
    |partial2_13_fu_664                                                                |   9|          2|   32|         64|
    |partial2_14_fu_668                                                                |   9|          2|   32|         64|
    |partial2_15_fu_672                                                                |   9|          2|   32|         64|
    |partial2_16_fu_676                                                                |   9|          2|   32|         64|
    |partial2_17_fu_680                                                                |   9|          2|   32|         64|
    |partial2_18_fu_684                                                                |   9|          2|   32|         64|
    |partial2_19_fu_688                                                                |   9|          2|   32|         64|
    |partial2_1_fu_616                                                                 |   9|          2|   32|         64|
    |partial2_20_fu_692                                                                |   9|          2|   32|         64|
    |partial2_21_fu_696                                                                |   9|          2|   32|         64|
    |partial2_22_fu_700                                                                |   9|          2|   32|         64|
    |partial2_23_fu_704                                                                |   9|          2|   32|         64|
    |partial2_24_fu_708                                                                |   9|          2|   32|         64|
    |partial2_25_fu_712                                                                |   9|          2|   32|         64|
    |partial2_26_fu_716                                                                |   9|          2|   32|         64|
    |partial2_27_fu_720                                                                |   9|          2|   32|         64|
    |partial2_28_fu_724                                                                |   9|          2|   32|         64|
    |partial2_29_fu_728                                                                |   9|          2|   32|         64|
    |partial2_2_fu_620                                                                 |   9|          2|   32|         64|
    |partial2_30_fu_732                                                                |   9|          2|   32|         64|
    |partial2_31_fu_736                                                                |   9|          2|   32|         64|
    |partial2_3_fu_624                                                                 |   9|          2|   32|         64|
    |partial2_4_fu_628                                                                 |   9|          2|   32|         64|
    |partial2_5_fu_632                                                                 |   9|          2|   32|         64|
    |partial2_6_fu_636                                                                 |   9|          2|   32|         64|
    |partial2_7_fu_640                                                                 |   9|          2|   32|         64|
    |partial2_8_fu_644                                                                 |   9|          2|   32|         64|
    |partial2_9_fu_648                                                                 |   9|          2|   32|         64|
    |partial2_fu_612                                                                   |   9|          2|   32|         64|
    |partial3_10_fu_524                                                                |   9|          2|   32|         64|
    |partial3_11_fu_528                                                                |   9|          2|   32|         64|
    |partial3_12_fu_532                                                                |   9|          2|   32|         64|
    |partial3_13_fu_536                                                                |   9|          2|   32|         64|
    |partial3_14_fu_540                                                                |   9|          2|   32|         64|
    |partial3_15_fu_544                                                                |   9|          2|   32|         64|
    |partial3_16_fu_548                                                                |   9|          2|   32|         64|
    |partial3_17_fu_552                                                                |   9|          2|   32|         64|
    |partial3_18_fu_556                                                                |   9|          2|   32|         64|
    |partial3_19_fu_560                                                                |   9|          2|   32|         64|
    |partial3_1_fu_488                                                                 |   9|          2|   32|         64|
    |partial3_20_fu_564                                                                |   9|          2|   32|         64|
    |partial3_21_fu_568                                                                |   9|          2|   32|         64|
    |partial3_22_fu_572                                                                |   9|          2|   32|         64|
    |partial3_23_fu_576                                                                |   9|          2|   32|         64|
    |partial3_24_fu_580                                                                |   9|          2|   32|         64|
    |partial3_25_fu_584                                                                |   9|          2|   32|         64|
    |partial3_26_fu_588                                                                |   9|          2|   32|         64|
    |partial3_27_fu_592                                                                |   9|          2|   32|         64|
    |partial3_28_fu_596                                                                |   9|          2|   32|         64|
    |partial3_29_fu_600                                                                |   9|          2|   32|         64|
    |partial3_2_fu_492                                                                 |   9|          2|   32|         64|
    |partial3_30_fu_604                                                                |   9|          2|   32|         64|
    |partial3_31_fu_608                                                                |   9|          2|   32|         64|
    |partial3_3_fu_496                                                                 |   9|          2|   32|         64|
    |partial3_4_fu_500                                                                 |   9|          2|   32|         64|
    |partial3_5_fu_504                                                                 |   9|          2|   32|         64|
    |partial3_6_fu_508                                                                 |   9|          2|   32|         64|
    |partial3_7_fu_512                                                                 |   9|          2|   32|         64|
    |partial3_8_fu_516                                                                 |   9|          2|   32|         64|
    |partial3_9_fu_520                                                                 |   9|          2|   32|         64|
    |partial3_fu_484                                                                   |   9|          2|   32|         64|
    |t_fu_480                                                                          |   9|          2|    6|         12|
    |w_conv_0_Addr_A_orig                                                              |  14|          3|   32|         96|
    |w_conv_0_Addr_B_orig                                                              |  14|          3|   32|         96|
    |w_conv_10_Addr_A_orig                                                             |  14|          3|   32|         96|
    |w_conv_10_Addr_B_orig                                                             |  14|          3|   32|         96|
    |w_conv_11_Addr_A_orig                                                             |  14|          3|   32|         96|
    |w_conv_11_Addr_B_orig                                                             |  14|          3|   32|         96|
    |w_conv_12_Addr_A_orig                                                             |  14|          3|   32|         96|
    |w_conv_12_Addr_B_orig                                                             |  14|          3|   32|         96|
    |w_conv_13_Addr_A_orig                                                             |  14|          3|   32|         96|
    |w_conv_13_Addr_B_orig                                                             |  14|          3|   32|         96|
    |w_conv_14_Addr_A_orig                                                             |  14|          3|   32|         96|
    |w_conv_14_Addr_B_orig                                                             |  14|          3|   32|         96|
    |w_conv_15_Addr_A_orig                                                             |  14|          3|   32|         96|
    |w_conv_15_Addr_B_orig                                                             |  14|          3|   32|         96|
    |w_conv_1_Addr_A_orig                                                              |  14|          3|   32|         96|
    |w_conv_1_Addr_B_orig                                                              |  14|          3|   32|         96|
    |w_conv_2_Addr_A_orig                                                              |  14|          3|   32|         96|
    |w_conv_2_Addr_B_orig                                                              |  14|          3|   32|         96|
    |w_conv_3_Addr_A_orig                                                              |  14|          3|   32|         96|
    |w_conv_3_Addr_B_orig                                                              |  14|          3|   32|         96|
    |w_conv_4_Addr_A_orig                                                              |  14|          3|   32|         96|
    |w_conv_4_Addr_B_orig                                                              |  14|          3|   32|         96|
    |w_conv_5_Addr_A_orig                                                              |  14|          3|   32|         96|
    |w_conv_5_Addr_B_orig                                                              |  14|          3|   32|         96|
    |w_conv_6_Addr_A_orig                                                              |  14|          3|   32|         96|
    |w_conv_6_Addr_B_orig                                                              |  14|          3|   32|         96|
    |w_conv_7_Addr_A_orig                                                              |  14|          3|   32|         96|
    |w_conv_7_Addr_B_orig                                                              |  14|          3|   32|         96|
    |w_conv_8_Addr_A_orig                                                              |  14|          3|   32|         96|
    |w_conv_8_Addr_B_orig                                                              |  14|          3|   32|         96|
    |w_conv_9_Addr_A_orig                                                              |  14|          3|   32|         96|
    |w_conv_9_Addr_B_orig                                                              |  14|          3|   32|         96|
    +----------------------------------------------------------------------------------+----+-----------+-----+-----------+
    |Total                                                                             |4398|        957| 9879|      25455|
    +----------------------------------------------------------------------------------+----+-----------+-----+-----------+

    * Register: 
    +-----------------------------------+-----+----+-----+-----------+
    |                Name               |  FF | LUT| Bits| Const Bits|
    +-----------------------------------+-----+----+-----+-----------+
    |add_ln2_reg_8134                   |   14|   0|   16|          2|
    |add_ln352_reg_7476                 |    6|   0|    6|          0|
    |ap_CS_fsm                          |    2|   0|    2|          0|
    |ap_done_reg                        |    1|   0|    1|          0|
    |ap_enable_reg_pp0_iter0_reg        |    1|   0|    1|          0|
    |ap_enable_reg_pp0_iter1            |    1|   0|    1|          0|
    |ap_enable_reg_pp0_iter10           |    1|   0|    1|          0|
    |ap_enable_reg_pp0_iter11           |    1|   0|    1|          0|
    |ap_enable_reg_pp0_iter12           |    1|   0|    1|          0|
    |ap_enable_reg_pp0_iter13           |    1|   0|    1|          0|
    |ap_enable_reg_pp0_iter14           |    1|   0|    1|          0|
    |ap_enable_reg_pp0_iter15           |    1|   0|    1|          0|
    |ap_enable_reg_pp0_iter16           |    1|   0|    1|          0|
    |ap_enable_reg_pp0_iter17           |    1|   0|    1|          0|
    |ap_enable_reg_pp0_iter18           |    1|   0|    1|          0|
    |ap_enable_reg_pp0_iter19           |    1|   0|    1|          0|
    |ap_enable_reg_pp0_iter2            |    1|   0|    1|          0|
    |ap_enable_reg_pp0_iter20           |    1|   0|    1|          0|
    |ap_enable_reg_pp0_iter21           |    1|   0|    1|          0|
    |ap_enable_reg_pp0_iter22           |    1|   0|    1|          0|
    |ap_enable_reg_pp0_iter23           |    1|   0|    1|          0|
    |ap_enable_reg_pp0_iter24           |    1|   0|    1|          0|
    |ap_enable_reg_pp0_iter25           |    1|   0|    1|          0|
    |ap_enable_reg_pp0_iter26           |    1|   0|    1|          0|
    |ap_enable_reg_pp0_iter27           |    1|   0|    1|          0|
    |ap_enable_reg_pp0_iter28           |    1|   0|    1|          0|
    |ap_enable_reg_pp0_iter29           |    1|   0|    1|          0|
    |ap_enable_reg_pp0_iter3            |    1|   0|    1|          0|
    |ap_enable_reg_pp0_iter30           |    1|   0|    1|          0|
    |ap_enable_reg_pp0_iter31           |    1|   0|    1|          0|
    |ap_enable_reg_pp0_iter32           |    1|   0|    1|          0|
    |ap_enable_reg_pp0_iter33           |    1|   0|    1|          0|
    |ap_enable_reg_pp0_iter34           |    1|   0|    1|          0|
    |ap_enable_reg_pp0_iter35           |    1|   0|    1|          0|
    |ap_enable_reg_pp0_iter36           |    1|   0|    1|          0|
    |ap_enable_reg_pp0_iter37           |    1|   0|    1|          0|
    |ap_enable_reg_pp0_iter38           |    1|   0|    1|          0|
    |ap_enable_reg_pp0_iter39           |    1|   0|    1|          0|
    |ap_enable_reg_pp0_iter4            |    1|   0|    1|          0|
    |ap_enable_reg_pp0_iter40           |    1|   0|    1|          0|
    |ap_enable_reg_pp0_iter41           |    1|   0|    1|          0|
    |ap_enable_reg_pp0_iter42           |    1|   0|    1|          0|
    |ap_enable_reg_pp0_iter43           |    1|   0|    1|          0|
    |ap_enable_reg_pp0_iter44           |    1|   0|    1|          0|
    |ap_enable_reg_pp0_iter45           |    1|   0|    1|          0|
    |ap_enable_reg_pp0_iter46           |    1|   0|    1|          0|
    |ap_enable_reg_pp0_iter47           |    1|   0|    1|          0|
    |ap_enable_reg_pp0_iter48           |    1|   0|    1|          0|
    |ap_enable_reg_pp0_iter49           |    1|   0|    1|          0|
    |ap_enable_reg_pp0_iter5            |    1|   0|    1|          0|
    |ap_enable_reg_pp0_iter50           |    1|   0|    1|          0|
    |ap_enable_reg_pp0_iter51           |    1|   0|    1|          0|
    |ap_enable_reg_pp0_iter52           |    1|   0|    1|          0|
    |ap_enable_reg_pp0_iter53           |    1|   0|    1|          0|
    |ap_enable_reg_pp0_iter54           |    1|   0|    1|          0|
    |ap_enable_reg_pp0_iter55           |    1|   0|    1|          0|
    |ap_enable_reg_pp0_iter56           |    1|   0|    1|          0|
    |ap_enable_reg_pp0_iter57           |    1|   0|    1|          0|
    |ap_enable_reg_pp0_iter58           |    1|   0|    1|          0|
    |ap_enable_reg_pp0_iter59           |    1|   0|    1|          0|
    |ap_enable_reg_pp0_iter6            |    1|   0|    1|          0|
    |ap_enable_reg_pp0_iter60           |    1|   0|    1|          0|
    |ap_enable_reg_pp0_iter61           |    1|   0|    1|          0|
    |ap_enable_reg_pp0_iter62           |    1|   0|    1|          0|
    |ap_enable_reg_pp0_iter63           |    1|   0|    1|          0|
    |ap_enable_reg_pp0_iter64           |    1|   0|    1|          0|
    |ap_enable_reg_pp0_iter65           |    1|   0|    1|          0|
    |ap_enable_reg_pp0_iter66           |    1|   0|    1|          0|
    |ap_enable_reg_pp0_iter67           |    1|   0|    1|          0|
    |ap_enable_reg_pp0_iter68           |    1|   0|    1|          0|
    |ap_enable_reg_pp0_iter69           |    1|   0|    1|          0|
    |ap_enable_reg_pp0_iter7            |    1|   0|    1|          0|
    |ap_enable_reg_pp0_iter70           |    1|   0|    1|          0|
    |ap_enable_reg_pp0_iter71           |    1|   0|    1|          0|
    |ap_enable_reg_pp0_iter8            |    1|   0|    1|          0|
    |ap_enable_reg_pp0_iter9            |    1|   0|    1|          0|
    |ap_loop_exit_ready_pp0_iter10_reg  |    1|   0|    1|          0|
    |ap_loop_exit_ready_pp0_iter11_reg  |    1|   0|    1|          0|
    |ap_loop_exit_ready_pp0_iter12_reg  |    1|   0|    1|          0|
    |ap_loop_exit_ready_pp0_iter13_reg  |    1|   0|    1|          0|
    |ap_loop_exit_ready_pp0_iter14_reg  |    1|   0|    1|          0|
    |ap_loop_exit_ready_pp0_iter15_reg  |    1|   0|    1|          0|
    |ap_loop_exit_ready_pp0_iter16_reg  |    1|   0|    1|          0|
    |ap_loop_exit_ready_pp0_iter17_reg  |    1|   0|    1|          0|
    |ap_loop_exit_ready_pp0_iter18_reg  |    1|   0|    1|          0|
    |ap_loop_exit_ready_pp0_iter19_reg  |    1|   0|    1|          0|
    |ap_loop_exit_ready_pp0_iter1_reg   |    1|   0|    1|          0|
    |ap_loop_exit_ready_pp0_iter20_reg  |    1|   0|    1|          0|
    |ap_loop_exit_ready_pp0_iter21_reg  |    1|   0|    1|          0|
    |ap_loop_exit_ready_pp0_iter22_reg  |    1|   0|    1|          0|
    |ap_loop_exit_ready_pp0_iter23_reg  |    1|   0|    1|          0|
    |ap_loop_exit_ready_pp0_iter24_reg  |    1|   0|    1|          0|
    |ap_loop_exit_ready_pp0_iter25_reg  |    1|   0|    1|          0|
    |ap_loop_exit_ready_pp0_iter26_reg  |    1|   0|    1|          0|
    |ap_loop_exit_ready_pp0_iter27_reg  |    1|   0|    1|          0|
    |ap_loop_exit_ready_pp0_iter28_reg  |    1|   0|    1|          0|
    |ap_loop_exit_ready_pp0_iter29_reg  |    1|   0|    1|          0|
    |ap_loop_exit_ready_pp0_iter2_reg   |    1|   0|    1|          0|
    |ap_loop_exit_ready_pp0_iter30_reg  |    1|   0|    1|          0|
    |ap_loop_exit_ready_pp0_iter31_reg  |    1|   0|    1|          0|
    |ap_loop_exit_ready_pp0_iter32_reg  |    1|   0|    1|          0|
    |ap_loop_exit_ready_pp0_iter33_reg  |    1|   0|    1|          0|
    |ap_loop_exit_ready_pp0_iter34_reg  |    1|   0|    1|          0|
    |ap_loop_exit_ready_pp0_iter35_reg  |    1|   0|    1|          0|
    |ap_loop_exit_ready_pp0_iter36_reg  |    1|   0|    1|          0|
    |ap_loop_exit_ready_pp0_iter37_reg  |    1|   0|    1|          0|
    |ap_loop_exit_ready_pp0_iter38_reg  |    1|   0|    1|          0|
    |ap_loop_exit_ready_pp0_iter39_reg  |    1|   0|    1|          0|
    |ap_loop_exit_ready_pp0_iter3_reg   |    1|   0|    1|          0|
    |ap_loop_exit_ready_pp0_iter40_reg  |    1|   0|    1|          0|
    |ap_loop_exit_ready_pp0_iter41_reg  |    1|   0|    1|          0|
    |ap_loop_exit_ready_pp0_iter42_reg  |    1|   0|    1|          0|
    |ap_loop_exit_ready_pp0_iter43_reg  |    1|   0|    1|          0|
    |ap_loop_exit_ready_pp0_iter44_reg  |    1|   0|    1|          0|
    |ap_loop_exit_ready_pp0_iter45_reg  |    1|   0|    1|          0|
    |ap_loop_exit_ready_pp0_iter46_reg  |    1|   0|    1|          0|
    |ap_loop_exit_ready_pp0_iter47_reg  |    1|   0|    1|          0|
    |ap_loop_exit_ready_pp0_iter48_reg  |    1|   0|    1|          0|
    |ap_loop_exit_ready_pp0_iter49_reg  |    1|   0|    1|          0|
    |ap_loop_exit_ready_pp0_iter4_reg   |    1|   0|    1|          0|
    |ap_loop_exit_ready_pp0_iter50_reg  |    1|   0|    1|          0|
    |ap_loop_exit_ready_pp0_iter51_reg  |    1|   0|    1|          0|
    |ap_loop_exit_ready_pp0_iter52_reg  |    1|   0|    1|          0|
    |ap_loop_exit_ready_pp0_iter53_reg  |    1|   0|    1|          0|
    |ap_loop_exit_ready_pp0_iter54_reg  |    1|   0|    1|          0|
    |ap_loop_exit_ready_pp0_iter55_reg  |    1|   0|    1|          0|
    |ap_loop_exit_ready_pp0_iter56_reg  |    1|   0|    1|          0|
    |ap_loop_exit_ready_pp0_iter57_reg  |    1|   0|    1|          0|
    |ap_loop_exit_ready_pp0_iter58_reg  |    1|   0|    1|          0|
    |ap_loop_exit_ready_pp0_iter59_reg  |    1|   0|    1|          0|
    |ap_loop_exit_ready_pp0_iter5_reg   |    1|   0|    1|          0|
    |ap_loop_exit_ready_pp0_iter60_reg  |    1|   0|    1|          0|
    |ap_loop_exit_ready_pp0_iter61_reg  |    1|   0|    1|          0|
    |ap_loop_exit_ready_pp0_iter62_reg  |    1|   0|    1|          0|
    |ap_loop_exit_ready_pp0_iter63_reg  |    1|   0|    1|          0|
    |ap_loop_exit_ready_pp0_iter64_reg  |    1|   0|    1|          0|
    |ap_loop_exit_ready_pp0_iter65_reg  |    1|   0|    1|          0|
    |ap_loop_exit_ready_pp0_iter66_reg  |    1|   0|    1|          0|
    |ap_loop_exit_ready_pp0_iter67_reg  |    1|   0|    1|          0|
    |ap_loop_exit_ready_pp0_iter68_reg  |    1|   0|    1|          0|
    |ap_loop_exit_ready_pp0_iter69_reg  |    1|   0|    1|          0|
    |ap_loop_exit_ready_pp0_iter6_reg   |    1|   0|    1|          0|
    |ap_loop_exit_ready_pp0_iter70_reg  |    1|   0|    1|          0|
    |ap_loop_exit_ready_pp0_iter7_reg   |    1|   0|    1|          0|
    |ap_loop_exit_ready_pp0_iter8_reg   |    1|   0|    1|          0|
    |ap_loop_exit_ready_pp0_iter9_reg   |    1|   0|    1|          0|
    |conv44_i_i_10_reg_8431             |   32|   0|   32|          0|
    |conv44_i_i_11_reg_8441             |   32|   0|   32|          0|
    |conv44_i_i_12_reg_8451             |   32|   0|   32|          0|
    |conv44_i_i_13_reg_8461             |   32|   0|   32|          0|
    |conv44_i_i_14_reg_8471             |   32|   0|   32|          0|
    |conv44_i_i_1_reg_8295              |   32|   0|   32|          0|
    |conv44_i_i_2_reg_8311              |   32|   0|   32|          0|
    |conv44_i_i_3_reg_8327              |   32|   0|   32|          0|
    |conv44_i_i_4_reg_8343              |   32|   0|   32|          0|
    |conv44_i_i_5_reg_8359              |   32|   0|   32|          0|
    |conv44_i_i_6_reg_8375              |   32|   0|   32|          0|
    |conv44_i_i_7_reg_8391              |   32|   0|   32|          0|
    |conv44_i_i_8_reg_8401              |   32|   0|   32|          0|
    |conv44_i_i_9_reg_8411              |   32|   0|   32|          0|
    |conv44_i_i_reg_8279                |   32|   0|   32|          0|
    |conv44_i_i_s_reg_8421              |   32|   0|   32|          0|
    |conv54_i_i_10_reg_8586             |   32|   0|   32|          0|
    |conv54_i_i_11_reg_8596             |   32|   0|   32|          0|
    |conv54_i_i_12_reg_8606             |   32|   0|   32|          0|
    |conv54_i_i_13_reg_8616             |   32|   0|   32|          0|
    |conv54_i_i_14_reg_8626             |   32|   0|   32|          0|
    |conv54_i_i_1_reg_8486              |   32|   0|   32|          0|
    |conv54_i_i_2_reg_8496              |   32|   0|   32|          0|
    |conv54_i_i_3_reg_8506              |   32|   0|   32|          0|
    |conv54_i_i_4_reg_8516              |   32|   0|   32|          0|
    |conv54_i_i_5_reg_8526              |   32|   0|   32|          0|
    |conv54_i_i_6_reg_8536              |   32|   0|   32|          0|
    |conv54_i_i_7_reg_8546              |   32|   0|   32|          0|
    |conv54_i_i_8_reg_8556              |   32|   0|   32|          0|
    |conv54_i_i_9_reg_8566              |   32|   0|   32|          0|
    |conv54_i_i_reg_8476                |   32|   0|   32|          0|
    |conv54_i_i_s_reg_8576              |   32|   0|   32|          0|
    |conv64_i_i_10_reg_8591             |   32|   0|   32|          0|
    |conv64_i_i_11_reg_8601             |   32|   0|   32|          0|
    |conv64_i_i_12_reg_8611             |   32|   0|   32|          0|
    |conv64_i_i_13_reg_8621             |   32|   0|   32|          0|
    |conv64_i_i_14_reg_8631             |   32|   0|   32|          0|
    |conv64_i_i_1_reg_8491              |   32|   0|   32|          0|
    |conv64_i_i_2_reg_8501              |   32|   0|   32|          0|
    |conv64_i_i_3_reg_8511              |   32|   0|   32|          0|
    |conv64_i_i_4_reg_8521              |   32|   0|   32|          0|
    |conv64_i_i_5_reg_8531              |   32|   0|   32|          0|
    |conv64_i_i_6_reg_8541              |   32|   0|   32|          0|
    |conv64_i_i_7_reg_8551              |   32|   0|   32|          0|
    |conv64_i_i_8_reg_8561              |   32|   0|   32|          0|
    |conv64_i_i_9_reg_8571              |   32|   0|   32|          0|
    |conv64_i_i_reg_8481                |   32|   0|   32|          0|
    |conv64_i_i_s_reg_8581              |   32|   0|   32|          0|
    |conv_i_i_10_reg_8426               |   32|   0|   32|          0|
    |conv_i_i_11_reg_8436               |   32|   0|   32|          0|
    |conv_i_i_12_reg_8446               |   32|   0|   32|          0|
    |conv_i_i_13_reg_8456               |   32|   0|   32|          0|
    |conv_i_i_14_reg_8466               |   32|   0|   32|          0|
    |conv_i_i_1_reg_8290                |   32|   0|   32|          0|
    |conv_i_i_2_reg_8306                |   32|   0|   32|          0|
    |conv_i_i_3_reg_8322                |   32|   0|   32|          0|
    |conv_i_i_4_reg_8338                |   32|   0|   32|          0|
    |conv_i_i_5_reg_8354                |   32|   0|   32|          0|
    |conv_i_i_6_reg_8370                |   32|   0|   32|          0|
    |conv_i_i_7_reg_8386                |   32|   0|   32|          0|
    |conv_i_i_8_reg_8396                |   32|   0|   32|          0|
    |conv_i_i_9_reg_8406                |   32|   0|   32|          0|
    |conv_i_i_reg_8274                  |   32|   0|   32|          0|
    |conv_i_i_s_reg_8416                |   32|   0|   32|          0|
    |empty_42_reg_7481                  |    5|   0|    5|          0|
    |icmp_ln352_reg_7472                |    1|   0|    1|          0|
    |mul35_i_i_10_reg_8746              |   32|   0|   32|          0|
    |mul35_i_i_11_reg_8756              |   32|   0|   32|          0|
    |mul35_i_i_12_reg_8766              |   32|   0|   32|          0|
    |mul35_i_i_13_reg_8776              |   32|   0|   32|          0|
    |mul35_i_i_14_reg_8786              |   32|   0|   32|          0|
    |mul35_i_i_1_reg_8646               |   32|   0|   32|          0|
    |mul35_i_i_2_reg_8656               |   32|   0|   32|          0|
    |mul35_i_i_3_reg_8666               |   32|   0|   32|          0|
    |mul35_i_i_4_reg_8676               |   32|   0|   32|          0|
    |mul35_i_i_5_reg_8686               |   32|   0|   32|          0|
    |mul35_i_i_6_reg_8696               |   32|   0|   32|          0|
    |mul35_i_i_7_reg_8706               |   32|   0|   32|          0|
    |mul35_i_i_8_reg_8716               |   32|   0|   32|          0|
    |mul35_i_i_9_reg_8726               |   32|   0|   32|          0|
    |mul35_i_i_reg_8636                 |   32|   0|   32|          0|
    |mul35_i_i_s_reg_8736               |   32|   0|   32|          0|
    |mul45_i_i_10_reg_8751              |   32|   0|   32|          0|
    |mul45_i_i_11_reg_8761              |   32|   0|   32|          0|
    |mul45_i_i_12_reg_8771              |   32|   0|   32|          0|
    |mul45_i_i_13_reg_8781              |   32|   0|   32|          0|
    |mul45_i_i_14_reg_8791              |   32|   0|   32|          0|
    |mul45_i_i_1_reg_8651               |   32|   0|   32|          0|
    |mul45_i_i_2_reg_8661               |   32|   0|   32|          0|
    |mul45_i_i_3_reg_8671               |   32|   0|   32|          0|
    |mul45_i_i_4_reg_8681               |   32|   0|   32|          0|
    |mul45_i_i_5_reg_8691               |   32|   0|   32|          0|
    |mul45_i_i_6_reg_8701               |   32|   0|   32|          0|
    |mul45_i_i_7_reg_8711               |   32|   0|   32|          0|
    |mul45_i_i_8_reg_8721               |   32|   0|   32|          0|
    |mul45_i_i_9_reg_8731               |   32|   0|   32|          0|
    |mul45_i_i_reg_8641                 |   32|   0|   32|          0|
    |mul45_i_i_s_reg_8741               |   32|   0|   32|          0|
    |mul55_i_i_10_reg_8906              |   32|   0|   32|          0|
    |mul55_i_i_11_reg_8916              |   32|   0|   32|          0|
    |mul55_i_i_12_reg_8926              |   32|   0|   32|          0|
    |mul55_i_i_13_reg_8936              |   32|   0|   32|          0|
    |mul55_i_i_14_reg_8946              |   32|   0|   32|          0|
    |mul55_i_i_1_reg_8806               |   32|   0|   32|          0|
    |mul55_i_i_2_reg_8816               |   32|   0|   32|          0|
    |mul55_i_i_3_reg_8826               |   32|   0|   32|          0|
    |mul55_i_i_4_reg_8836               |   32|   0|   32|          0|
    |mul55_i_i_5_reg_8846               |   32|   0|   32|          0|
    |mul55_i_i_6_reg_8856               |   32|   0|   32|          0|
    |mul55_i_i_7_reg_8866               |   32|   0|   32|          0|
    |mul55_i_i_8_reg_8876               |   32|   0|   32|          0|
    |mul55_i_i_9_reg_8886               |   32|   0|   32|          0|
    |mul55_i_i_reg_8796                 |   32|   0|   32|          0|
    |mul55_i_i_s_reg_8896               |   32|   0|   32|          0|
    |mul65_i_i_10_reg_8911              |   32|   0|   32|          0|
    |mul65_i_i_11_reg_8921              |   32|   0|   32|          0|
    |mul65_i_i_12_reg_8931              |   32|   0|   32|          0|
    |mul65_i_i_13_reg_8941              |   32|   0|   32|          0|
    |mul65_i_i_14_reg_8951              |   32|   0|   32|          0|
    |mul65_i_i_1_reg_8811               |   32|   0|   32|          0|
    |mul65_i_i_2_reg_8821               |   32|   0|   32|          0|
    |mul65_i_i_3_reg_8831               |   32|   0|   32|          0|
    |mul65_i_i_4_reg_8841               |   32|   0|   32|          0|
    |mul65_i_i_5_reg_8851               |   32|   0|   32|          0|
    |mul65_i_i_6_reg_8861               |   32|   0|   32|          0|
    |mul65_i_i_7_reg_8871               |   32|   0|   32|          0|
    |mul65_i_i_8_reg_8881               |   32|   0|   32|          0|
    |mul65_i_i_9_reg_8891               |   32|   0|   32|          0|
    |mul65_i_i_reg_8801                 |   32|   0|   32|          0|
    |mul65_i_i_s_reg_8901               |   32|   0|   32|          0|
    |partial0_10_fu_908                 |   32|   0|   32|          0|
    |partial0_11_fu_912                 |   32|   0|   32|          0|
    |partial0_12_fu_916                 |   32|   0|   32|          0|
    |partial0_13_fu_920                 |   32|   0|   32|          0|
    |partial0_14_fu_924                 |   32|   0|   32|          0|
    |partial0_15_fu_928                 |   32|   0|   32|          0|
    |partial0_16_fu_932                 |   32|   0|   32|          0|
    |partial0_17_fu_936                 |   32|   0|   32|          0|
    |partial0_18_fu_940                 |   32|   0|   32|          0|
    |partial0_19_fu_944                 |   32|   0|   32|          0|
    |partial0_1_fu_872                  |   32|   0|   32|          0|
    |partial0_20_fu_948                 |   32|   0|   32|          0|
    |partial0_21_fu_952                 |   32|   0|   32|          0|
    |partial0_22_fu_956                 |   32|   0|   32|          0|
    |partial0_23_fu_960                 |   32|   0|   32|          0|
    |partial0_24_fu_964                 |   32|   0|   32|          0|
    |partial0_25_fu_968                 |   32|   0|   32|          0|
    |partial0_26_fu_972                 |   32|   0|   32|          0|
    |partial0_27_fu_976                 |   32|   0|   32|          0|
    |partial0_28_fu_980                 |   32|   0|   32|          0|
    |partial0_29_fu_984                 |   32|   0|   32|          0|
    |partial0_2_fu_876                  |   32|   0|   32|          0|
    |partial0_30_fu_988                 |   32|   0|   32|          0|
    |partial0_31_fu_992                 |   32|   0|   32|          0|
    |partial0_3_fu_880                  |   32|   0|   32|          0|
    |partial0_4_fu_884                  |   32|   0|   32|          0|
    |partial0_5_fu_888                  |   32|   0|   32|          0|
    |partial0_6_fu_892                  |   32|   0|   32|          0|
    |partial0_7_fu_896                  |   32|   0|   32|          0|
    |partial0_8_fu_900                  |   32|   0|   32|          0|
    |partial0_9_fu_904                  |   32|   0|   32|          0|
    |partial0_fu_868                    |   32|   0|   32|          0|
    |partial1_10_fu_780                 |   32|   0|   32|          0|
    |partial1_11_fu_784                 |   32|   0|   32|          0|
    |partial1_12_fu_788                 |   32|   0|   32|          0|
    |partial1_13_fu_792                 |   32|   0|   32|          0|
    |partial1_14_fu_796                 |   32|   0|   32|          0|
    |partial1_15_fu_800                 |   32|   0|   32|          0|
    |partial1_16_fu_804                 |   32|   0|   32|          0|
    |partial1_17_fu_808                 |   32|   0|   32|          0|
    |partial1_18_fu_812                 |   32|   0|   32|          0|
    |partial1_19_fu_816                 |   32|   0|   32|          0|
    |partial1_1_fu_744                  |   32|   0|   32|          0|
    |partial1_20_fu_820                 |   32|   0|   32|          0|
    |partial1_21_fu_824                 |   32|   0|   32|          0|
    |partial1_22_fu_828                 |   32|   0|   32|          0|
    |partial1_23_fu_832                 |   32|   0|   32|          0|
    |partial1_24_fu_836                 |   32|   0|   32|          0|
    |partial1_25_fu_840                 |   32|   0|   32|          0|
    |partial1_26_fu_844                 |   32|   0|   32|          0|
    |partial1_27_fu_848                 |   32|   0|   32|          0|
    |partial1_28_fu_852                 |   32|   0|   32|          0|
    |partial1_29_fu_856                 |   32|   0|   32|          0|
    |partial1_2_fu_748                  |   32|   0|   32|          0|
    |partial1_30_fu_860                 |   32|   0|   32|          0|
    |partial1_31_fu_864                 |   32|   0|   32|          0|
    |partial1_3_fu_752                  |   32|   0|   32|          0|
    |partial1_4_fu_756                  |   32|   0|   32|          0|
    |partial1_5_fu_760                  |   32|   0|   32|          0|
    |partial1_6_fu_764                  |   32|   0|   32|          0|
    |partial1_7_fu_768                  |   32|   0|   32|          0|
    |partial1_8_fu_772                  |   32|   0|   32|          0|
    |partial1_9_fu_776                  |   32|   0|   32|          0|
    |partial1_fu_740                    |   32|   0|   32|          0|
    |partial2_10_fu_652                 |   32|   0|   32|          0|
    |partial2_11_fu_656                 |   32|   0|   32|          0|
    |partial2_12_fu_660                 |   32|   0|   32|          0|
    |partial2_13_fu_664                 |   32|   0|   32|          0|
    |partial2_14_fu_668                 |   32|   0|   32|          0|
    |partial2_15_fu_672                 |   32|   0|   32|          0|
    |partial2_16_fu_676                 |   32|   0|   32|          0|
    |partial2_17_fu_680                 |   32|   0|   32|          0|
    |partial2_18_fu_684                 |   32|   0|   32|          0|
    |partial2_19_fu_688                 |   32|   0|   32|          0|
    |partial2_1_fu_616                  |   32|   0|   32|          0|
    |partial2_20_fu_692                 |   32|   0|   32|          0|
    |partial2_21_fu_696                 |   32|   0|   32|          0|
    |partial2_22_fu_700                 |   32|   0|   32|          0|
    |partial2_23_fu_704                 |   32|   0|   32|          0|
    |partial2_24_fu_708                 |   32|   0|   32|          0|
    |partial2_25_fu_712                 |   32|   0|   32|          0|
    |partial2_26_fu_716                 |   32|   0|   32|          0|
    |partial2_27_fu_720                 |   32|   0|   32|          0|
    |partial2_28_fu_724                 |   32|   0|   32|          0|
    |partial2_29_fu_728                 |   32|   0|   32|          0|
    |partial2_2_fu_620                  |   32|   0|   32|          0|
    |partial2_30_fu_732                 |   32|   0|   32|          0|
    |partial2_31_fu_736                 |   32|   0|   32|          0|
    |partial2_3_fu_624                  |   32|   0|   32|          0|
    |partial2_4_fu_628                  |   32|   0|   32|          0|
    |partial2_5_fu_632                  |   32|   0|   32|          0|
    |partial2_6_fu_636                  |   32|   0|   32|          0|
    |partial2_7_fu_640                  |   32|   0|   32|          0|
    |partial2_8_fu_644                  |   32|   0|   32|          0|
    |partial2_9_fu_648                  |   32|   0|   32|          0|
    |partial2_fu_612                    |   32|   0|   32|          0|
    |partial3_10_fu_524                 |   32|   0|   32|          0|
    |partial3_11_fu_528                 |   32|   0|   32|          0|
    |partial3_12_fu_532                 |   32|   0|   32|          0|
    |partial3_13_fu_536                 |   32|   0|   32|          0|
    |partial3_14_fu_540                 |   32|   0|   32|          0|
    |partial3_15_fu_544                 |   32|   0|   32|          0|
    |partial3_16_fu_548                 |   32|   0|   32|          0|
    |partial3_17_fu_552                 |   32|   0|   32|          0|
    |partial3_18_fu_556                 |   32|   0|   32|          0|
    |partial3_19_fu_560                 |   32|   0|   32|          0|
    |partial3_1_fu_488                  |   32|   0|   32|          0|
    |partial3_20_fu_564                 |   32|   0|   32|          0|
    |partial3_21_fu_568                 |   32|   0|   32|          0|
    |partial3_22_fu_572                 |   32|   0|   32|          0|
    |partial3_23_fu_576                 |   32|   0|   32|          0|
    |partial3_24_fu_580                 |   32|   0|   32|          0|
    |partial3_25_fu_584                 |   32|   0|   32|          0|
    |partial3_26_fu_588                 |   32|   0|   32|          0|
    |partial3_27_fu_592                 |   32|   0|   32|          0|
    |partial3_28_fu_596                 |   32|   0|   32|          0|
    |partial3_29_fu_600                 |   32|   0|   32|          0|
    |partial3_2_fu_492                  |   32|   0|   32|          0|
    |partial3_30_fu_604                 |   32|   0|   32|          0|
    |partial3_31_fu_608                 |   32|   0|   32|          0|
    |partial3_3_fu_496                  |   32|   0|   32|          0|
    |partial3_4_fu_500                  |   32|   0|   32|          0|
    |partial3_5_fu_504                  |   32|   0|   32|          0|
    |partial3_6_fu_508                  |   32|   0|   32|          0|
    |partial3_7_fu_512                  |   32|   0|   32|          0|
    |partial3_8_fu_516                  |   32|   0|   32|          0|
    |partial3_9_fu_520                  |   32|   0|   32|          0|
    |partial3_fu_484                    |   32|   0|   32|          0|
    |reg_3114                           |    8|   0|    8|          0|
    |reg_3118                           |    8|   0|    8|          0|
    |reg_3122                           |    8|   0|    8|          0|
    |reg_3126                           |    8|   0|    8|          0|
    |reg_3130                           |    8|   0|    8|          0|
    |reg_3134                           |    8|   0|    8|          0|
    |reg_3138                           |    8|   0|    8|          0|
    |reg_3142                           |    8|   0|    8|          0|
    |reg_3146                           |    8|   0|    8|          0|
    |reg_3150                           |    8|   0|    8|          0|
    |reg_3154                           |    8|   0|    8|          0|
    |reg_3158                           |    8|   0|    8|          0|
    |reg_3162                           |    8|   0|    8|          0|
    |reg_3166                           |    8|   0|    8|          0|
    |reg_3170                           |    8|   0|    8|          0|
    |reg_3174                           |    8|   0|    8|          0|
    |reg_3178                           |    8|   0|    8|          0|
    |reg_3182                           |    8|   0|    8|          0|
    |reg_3186                           |    8|   0|    8|          0|
    |reg_3190                           |    8|   0|    8|          0|
    |reg_3194                           |    8|   0|    8|          0|
    |reg_3198                           |    8|   0|    8|          0|
    |reg_3202                           |    8|   0|    8|          0|
    |reg_3206                           |    8|   0|    8|          0|
    |reg_3210                           |    8|   0|    8|          0|
    |reg_3214                           |    8|   0|    8|          0|
    |reg_3218                           |    8|   0|    8|          0|
    |reg_3222                           |    8|   0|    8|          0|
    |reg_3226                           |    8|   0|    8|          0|
    |reg_3230                           |    8|   0|    8|          0|
    |reg_3234                           |    8|   0|    8|          0|
    |reg_3238                           |    8|   0|    8|          0|
    |reg_3242                           |   32|   0|   32|          0|
    |reg_3246                           |   32|   0|   32|          0|
    |t_fu_480                           |    6|   0|    6|          0|
    |tile0_10_reg_9156                  |   32|   0|   32|          0|
    |tile0_11_reg_9176                  |   32|   0|   32|          0|
    |tile0_12_reg_9196                  |   32|   0|   32|          0|
    |tile0_13_reg_9216                  |   32|   0|   32|          0|
    |tile0_14_reg_9236                  |   32|   0|   32|          0|
    |tile0_1_reg_8976                   |   32|   0|   32|          0|
    |tile0_2_reg_8996                   |   32|   0|   32|          0|
    |tile0_3_reg_9016                   |   32|   0|   32|          0|
    |tile0_4_reg_9036                   |   32|   0|   32|          0|
    |tile0_5_reg_9056                   |   32|   0|   32|          0|
    |tile0_6_reg_9076                   |   32|   0|   32|          0|
    |tile0_7_reg_9096                   |   32|   0|   32|          0|
    |tile0_8_reg_9116                   |   32|   0|   32|          0|
    |tile0_9_reg_9136                   |   32|   0|   32|          0|
    |tile0_reg_8956                     |   32|   0|   32|          0|
    |tile1_10_reg_9161                  |   32|   0|   32|          0|
    |tile1_11_reg_9181                  |   32|   0|   32|          0|
    |tile1_12_reg_9201                  |   32|   0|   32|          0|
    |tile1_13_reg_9221                  |   32|   0|   32|          0|
    |tile1_14_reg_9241                  |   32|   0|   32|          0|
    |tile1_1_reg_8981                   |   32|   0|   32|          0|
    |tile1_2_reg_9001                   |   32|   0|   32|          0|
    |tile1_3_reg_9021                   |   32|   0|   32|          0|
    |tile1_4_reg_9041                   |   32|   0|   32|          0|
    |tile1_5_reg_9061                   |   32|   0|   32|          0|
    |tile1_6_reg_9081                   |   32|   0|   32|          0|
    |tile1_7_reg_9101                   |   32|   0|   32|          0|
    |tile1_8_reg_9121                   |   32|   0|   32|          0|
    |tile1_9_reg_9141                   |   32|   0|   32|          0|
    |tile1_reg_8961                     |   32|   0|   32|          0|
    |tile2_10_reg_9166                  |   32|   0|   32|          0|
    |tile2_11_reg_9186                  |   32|   0|   32|          0|
    |tile2_12_reg_9206                  |   32|   0|   32|          0|
    |tile2_13_reg_9226                  |   32|   0|   32|          0|
    |tile2_14_reg_9246                  |   32|   0|   32|          0|
    |tile2_1_reg_8986                   |   32|   0|   32|          0|
    |tile2_2_reg_9006                   |   32|   0|   32|          0|
    |tile2_3_reg_9026                   |   32|   0|   32|          0|
    |tile2_4_reg_9046                   |   32|   0|   32|          0|
    |tile2_5_reg_9066                   |   32|   0|   32|          0|
    |tile2_6_reg_9086                   |   32|   0|   32|          0|
    |tile2_7_reg_9106                   |   32|   0|   32|          0|
    |tile2_8_reg_9126                   |   32|   0|   32|          0|
    |tile2_9_reg_9146                   |   32|   0|   32|          0|
    |tile2_reg_8966                     |   32|   0|   32|          0|
    |tile3_10_reg_9171                  |   32|   0|   32|          0|
    |tile3_11_reg_9191                  |   32|   0|   32|          0|
    |tile3_12_reg_9211                  |   32|   0|   32|          0|
    |tile3_13_reg_9231                  |   32|   0|   32|          0|
    |tile3_14_reg_9251                  |   32|   0|   32|          0|
    |tile3_1_reg_8991                   |   32|   0|   32|          0|
    |tile3_2_reg_9011                   |   32|   0|   32|          0|
    |tile3_3_reg_9031                   |   32|   0|   32|          0|
    |tile3_4_reg_9051                   |   32|   0|   32|          0|
    |tile3_5_reg_9071                   |   32|   0|   32|          0|
    |tile3_6_reg_9091                   |   32|   0|   32|          0|
    |tile3_7_reg_9111                   |   32|   0|   32|          0|
    |tile3_8_reg_9131                   |   32|   0|   32|          0|
    |tile3_9_reg_9151                   |   32|   0|   32|          0|
    |tile3_reg_8971                     |   32|   0|   32|          0|
    |x_10_reg_8232                      |   32|   0|   32|          0|
    |x_11_reg_8238                      |   32|   0|   32|          0|
    |x_12_reg_8244                      |   32|   0|   32|          0|
    |x_13_reg_8250                      |   32|   0|   32|          0|
    |x_14_reg_8256                      |   32|   0|   32|          0|
    |x_15_reg_8262                      |   32|   0|   32|          0|
    |x_1_reg_8284                       |   32|   0|   32|          0|
    |x_2_reg_8300                       |   32|   0|   32|          0|
    |x_3_reg_8316                       |   32|   0|   32|          0|
    |x_4_reg_8332                       |   32|   0|   32|          0|
    |x_5_reg_8348                       |   32|   0|   32|          0|
    |x_6_reg_8364                       |   32|   0|   32|          0|
    |x_7_reg_8380                       |   32|   0|   32|          0|
    |x_8_reg_8220                       |   32|   0|   32|          0|
    |x_9_reg_8226                       |   32|   0|   32|          0|
    |x_reg_8268                         |   32|   0|   32|          0|
    |zext_ln312_11_cast_reg_7467        |   12|   0|   14|          2|
    |zext_ln312_12_cast_reg_7462        |   12|   0|   14|          2|
    |zext_ln358_reg_7488                |   13|   0|   14|          1|
    |empty_42_reg_7481                  |   64|  32|    5|          0|
    |icmp_ln352_reg_7472                |   64|  32|    1|          0|
    |mul35_i_i_10_reg_8746              |   64|  32|   32|          0|
    |mul35_i_i_11_reg_8756              |   64|  32|   32|          0|
    |mul35_i_i_12_reg_8766              |   64|  32|   32|          0|
    |mul35_i_i_13_reg_8776              |   64|  32|   32|          0|
    |mul35_i_i_14_reg_8786              |   64|  32|   32|          0|
    |mul35_i_i_1_reg_8646               |   64|  32|   32|          0|
    |mul35_i_i_2_reg_8656               |   64|  32|   32|          0|
    |mul35_i_i_3_reg_8666               |   64|  32|   32|          0|
    |mul35_i_i_4_reg_8676               |   64|  32|   32|          0|
    |mul35_i_i_5_reg_8686               |   64|  32|   32|          0|
    |mul35_i_i_6_reg_8696               |   64|  32|   32|          0|
    |mul35_i_i_7_reg_8706               |   64|  32|   32|          0|
    |mul35_i_i_8_reg_8716               |   64|  32|   32|          0|
    |mul35_i_i_9_reg_8726               |   64|  32|   32|          0|
    |mul35_i_i_s_reg_8736               |   64|  32|   32|          0|
    |mul45_i_i_10_reg_8751              |   64|  32|   32|          0|
    |mul45_i_i_11_reg_8761              |   64|  32|   32|          0|
    |mul45_i_i_12_reg_8771              |   64|  32|   32|          0|
    |mul45_i_i_13_reg_8781              |   64|  32|   32|          0|
    |mul45_i_i_14_reg_8791              |   64|  32|   32|          0|
    |mul45_i_i_1_reg_8651               |   64|  32|   32|          0|
    |mul45_i_i_2_reg_8661               |   64|  32|   32|          0|
    |mul45_i_i_3_reg_8671               |   64|  32|   32|          0|
    |mul45_i_i_4_reg_8681               |   64|  32|   32|          0|
    |mul45_i_i_5_reg_8691               |   64|  32|   32|          0|
    |mul45_i_i_6_reg_8701               |   64|  32|   32|          0|
    |mul45_i_i_7_reg_8711               |   64|  32|   32|          0|
    |mul45_i_i_8_reg_8721               |   64|  32|   32|          0|
    |mul45_i_i_9_reg_8731               |   64|  32|   32|          0|
    |mul45_i_i_s_reg_8741               |   64|  32|   32|          0|
    |mul55_i_i_10_reg_8906              |   64|  32|   32|          0|
    |mul55_i_i_11_reg_8916              |   64|  32|   32|          0|
    |mul55_i_i_12_reg_8926              |   64|  32|   32|          0|
    |mul55_i_i_13_reg_8936              |   64|  32|   32|          0|
    |mul55_i_i_14_reg_8946              |   64|  32|   32|          0|
    |mul55_i_i_1_reg_8806               |   64|  32|   32|          0|
    |mul55_i_i_2_reg_8816               |   64|  32|   32|          0|
    |mul55_i_i_3_reg_8826               |   64|  32|   32|          0|
    |mul55_i_i_4_reg_8836               |   64|  32|   32|          0|
    |mul55_i_i_5_reg_8846               |   64|  32|   32|          0|
    |mul55_i_i_6_reg_8856               |   64|  32|   32|          0|
    |mul55_i_i_7_reg_8866               |   64|  32|   32|          0|
    |mul55_i_i_8_reg_8876               |   64|  32|   32|          0|
    |mul55_i_i_9_reg_8886               |   64|  32|   32|          0|
    |mul55_i_i_s_reg_8896               |   64|  32|   32|          0|
    |mul65_i_i_10_reg_8911              |   64|  32|   32|          0|
    |mul65_i_i_11_reg_8921              |   64|  32|   32|          0|
    |mul65_i_i_12_reg_8931              |   64|  32|   32|          0|
    |mul65_i_i_13_reg_8941              |   64|  32|   32|          0|
    |mul65_i_i_14_reg_8951              |   64|  32|   32|          0|
    |mul65_i_i_1_reg_8811               |   64|  32|   32|          0|
    |mul65_i_i_2_reg_8821               |   64|  32|   32|          0|
    |mul65_i_i_3_reg_8831               |   64|  32|   32|          0|
    |mul65_i_i_4_reg_8841               |   64|  32|   32|          0|
    |mul65_i_i_5_reg_8851               |   64|  32|   32|          0|
    |mul65_i_i_6_reg_8861               |   64|  32|   32|          0|
    |mul65_i_i_7_reg_8871               |   64|  32|   32|          0|
    |mul65_i_i_8_reg_8881               |   64|  32|   32|          0|
    |mul65_i_i_9_reg_8891               |   64|  32|   32|          0|
    |mul65_i_i_s_reg_8901               |   64|  32|   32|          0|
    |x_10_reg_8232                      |   64|  32|   32|          0|
    |x_11_reg_8238                      |   64|  32|   32|          0|
    |x_12_reg_8244                      |   64|  32|   32|          0|
    |x_13_reg_8250                      |   64|  32|   32|          0|
    |x_14_reg_8256                      |   64|  32|   32|          0|
    |x_15_reg_8262                      |   64|  32|   32|          0|
    |x_8_reg_8220                       |   64|  32|   32|          0|
    |x_9_reg_8226                       |   64|  32|   32|          0|
    +-----------------------------------+-----+----+-----+-----------+
    |Total                              |15638|2240|13347|          7|
    +-----------------------------------+-----+----+-----+-----------+



================================================================
== Interface
================================================================
* Summary: 
+----------------------------------------------------------------------------------+-----+-----+------------+-------------------------------------------------------------------------+--------------+
|                                     RTL Ports                                    | Dir | Bits|  Protocol  |                              Source Object                              |    C Type    |
+----------------------------------------------------------------------------------+-----+-----+------------+-------------------------------------------------------------------------+--------------+
|ap_clk                                                                            |   in|    1|  ap_ctrl_hs|                                         mbconv_20_top_Pipeline_C1X1_IC_T|  return value|
|ap_rst                                                                            |   in|    1|  ap_ctrl_hs|                                         mbconv_20_top_Pipeline_C1X1_IC_T|  return value|
|ap_start                                                                          |   in|    1|  ap_ctrl_hs|                                         mbconv_20_top_Pipeline_C1X1_IC_T|  return value|
|ap_done                                                                           |  out|    1|  ap_ctrl_hs|                                         mbconv_20_top_Pipeline_C1X1_IC_T|  return value|
|ap_idle                                                                           |  out|    1|  ap_ctrl_hs|                                         mbconv_20_top_Pipeline_C1X1_IC_T|  return value|
|ap_ready                                                                          |  out|    1|  ap_ctrl_hs|                                         mbconv_20_top_Pipeline_C1X1_IC_T|  return value|
|grp_fu_2130_p_din0                                                                |  out|   32|  ap_ctrl_hs|                                         mbconv_20_top_Pipeline_C1X1_IC_T|  return value|
|grp_fu_2130_p_din1                                                                |  out|   32|  ap_ctrl_hs|                                         mbconv_20_top_Pipeline_C1X1_IC_T|  return value|
|grp_fu_2130_p_opcode                                                              |  out|    2|  ap_ctrl_hs|                                         mbconv_20_top_Pipeline_C1X1_IC_T|  return value|
|grp_fu_2130_p_dout0                                                               |   in|   32|  ap_ctrl_hs|                                         mbconv_20_top_Pipeline_C1X1_IC_T|  return value|
|grp_fu_2130_p_ce                                                                  |  out|    1|  ap_ctrl_hs|                                         mbconv_20_top_Pipeline_C1X1_IC_T|  return value|
|grp_fu_2134_p_din0                                                                |  out|   32|  ap_ctrl_hs|                                         mbconv_20_top_Pipeline_C1X1_IC_T|  return value|
|grp_fu_2134_p_din1                                                                |  out|   32|  ap_ctrl_hs|                                         mbconv_20_top_Pipeline_C1X1_IC_T|  return value|
|grp_fu_2134_p_opcode                                                              |  out|    2|  ap_ctrl_hs|                                         mbconv_20_top_Pipeline_C1X1_IC_T|  return value|
|grp_fu_2134_p_dout0                                                               |   in|   32|  ap_ctrl_hs|                                         mbconv_20_top_Pipeline_C1X1_IC_T|  return value|
|grp_fu_2134_p_ce                                                                  |  out|    1|  ap_ctrl_hs|                                         mbconv_20_top_Pipeline_C1X1_IC_T|  return value|
|grp_fu_2138_p_din0                                                                |  out|   32|  ap_ctrl_hs|                                         mbconv_20_top_Pipeline_C1X1_IC_T|  return value|
|grp_fu_2138_p_din1                                                                |  out|   32|  ap_ctrl_hs|                                         mbconv_20_top_Pipeline_C1X1_IC_T|  return value|
|grp_fu_2138_p_opcode                                                              |  out|    2|  ap_ctrl_hs|                                         mbconv_20_top_Pipeline_C1X1_IC_T|  return value|
|grp_fu_2138_p_dout0                                                               |   in|   32|  ap_ctrl_hs|                                         mbconv_20_top_Pipeline_C1X1_IC_T|  return value|
|grp_fu_2138_p_ce                                                                  |  out|    1|  ap_ctrl_hs|                                         mbconv_20_top_Pipeline_C1X1_IC_T|  return value|
|grp_fu_2142_p_din0                                                                |  out|   32|  ap_ctrl_hs|                                         mbconv_20_top_Pipeline_C1X1_IC_T|  return value|
|grp_fu_2142_p_din1                                                                |  out|   32|  ap_ctrl_hs|                                         mbconv_20_top_Pipeline_C1X1_IC_T|  return value|
|grp_fu_2142_p_opcode                                                              |  out|    2|  ap_ctrl_hs|                                         mbconv_20_top_Pipeline_C1X1_IC_T|  return value|
|grp_fu_2142_p_dout0                                                               |   in|   32|  ap_ctrl_hs|                                         mbconv_20_top_Pipeline_C1X1_IC_T|  return value|
|grp_fu_2142_p_ce                                                                  |  out|    1|  ap_ctrl_hs|                                         mbconv_20_top_Pipeline_C1X1_IC_T|  return value|
|grp_fu_2147_p_din0                                                                |  out|   32|  ap_ctrl_hs|                                         mbconv_20_top_Pipeline_C1X1_IC_T|  return value|
|grp_fu_2147_p_din1                                                                |  out|   32|  ap_ctrl_hs|                                         mbconv_20_top_Pipeline_C1X1_IC_T|  return value|
|grp_fu_2147_p_opcode                                                              |  out|    2|  ap_ctrl_hs|                                         mbconv_20_top_Pipeline_C1X1_IC_T|  return value|
|grp_fu_2147_p_dout0                                                               |   in|   32|  ap_ctrl_hs|                                         mbconv_20_top_Pipeline_C1X1_IC_T|  return value|
|grp_fu_2147_p_ce                                                                  |  out|    1|  ap_ctrl_hs|                                         mbconv_20_top_Pipeline_C1X1_IC_T|  return value|
|grp_fu_2151_p_din0                                                                |  out|   32|  ap_ctrl_hs|                                         mbconv_20_top_Pipeline_C1X1_IC_T|  return value|
|grp_fu_2151_p_din1                                                                |  out|   32|  ap_ctrl_hs|                                         mbconv_20_top_Pipeline_C1X1_IC_T|  return value|
|grp_fu_2151_p_opcode                                                              |  out|    2|  ap_ctrl_hs|                                         mbconv_20_top_Pipeline_C1X1_IC_T|  return value|
|grp_fu_2151_p_dout0                                                               |   in|   32|  ap_ctrl_hs|                                         mbconv_20_top_Pipeline_C1X1_IC_T|  return value|
|grp_fu_2151_p_ce                                                                  |  out|    1|  ap_ctrl_hs|                                         mbconv_20_top_Pipeline_C1X1_IC_T|  return value|
|grp_fu_2155_p_din0                                                                |  out|   32|  ap_ctrl_hs|                                         mbconv_20_top_Pipeline_C1X1_IC_T|  return value|
|grp_fu_2155_p_din1                                                                |  out|   32|  ap_ctrl_hs|                                         mbconv_20_top_Pipeline_C1X1_IC_T|  return value|
|grp_fu_2155_p_opcode                                                              |  out|    2|  ap_ctrl_hs|                                         mbconv_20_top_Pipeline_C1X1_IC_T|  return value|
|grp_fu_2155_p_dout0                                                               |   in|   32|  ap_ctrl_hs|                                         mbconv_20_top_Pipeline_C1X1_IC_T|  return value|
|grp_fu_2155_p_ce                                                                  |  out|    1|  ap_ctrl_hs|                                         mbconv_20_top_Pipeline_C1X1_IC_T|  return value|
|grp_fu_2159_p_din0                                                                |  out|   32|  ap_ctrl_hs|                                         mbconv_20_top_Pipeline_C1X1_IC_T|  return value|
|grp_fu_2159_p_din1                                                                |  out|   32|  ap_ctrl_hs|                                         mbconv_20_top_Pipeline_C1X1_IC_T|  return value|
|grp_fu_2159_p_opcode                                                              |  out|    2|  ap_ctrl_hs|                                         mbconv_20_top_Pipeline_C1X1_IC_T|  return value|
|grp_fu_2159_p_dout0                                                               |   in|   32|  ap_ctrl_hs|                                         mbconv_20_top_Pipeline_C1X1_IC_T|  return value|
|grp_fu_2159_p_ce                                                                  |  out|    1|  ap_ctrl_hs|                                         mbconv_20_top_Pipeline_C1X1_IC_T|  return value|
|grp_fu_2165_p_din0                                                                |  out|   32|  ap_ctrl_hs|                                         mbconv_20_top_Pipeline_C1X1_IC_T|  return value|
|grp_fu_2165_p_din1                                                                |  out|   32|  ap_ctrl_hs|                                         mbconv_20_top_Pipeline_C1X1_IC_T|  return value|
|grp_fu_2165_p_opcode                                                              |  out|    2|  ap_ctrl_hs|                                         mbconv_20_top_Pipeline_C1X1_IC_T|  return value|
|grp_fu_2165_p_dout0                                                               |   in|   32|  ap_ctrl_hs|                                         mbconv_20_top_Pipeline_C1X1_IC_T|  return value|
|grp_fu_2165_p_ce                                                                  |  out|    1|  ap_ctrl_hs|                                         mbconv_20_top_Pipeline_C1X1_IC_T|  return value|
|grp_fu_2169_p_din0                                                                |  out|   32|  ap_ctrl_hs|                                         mbconv_20_top_Pipeline_C1X1_IC_T|  return value|
|grp_fu_2169_p_din1                                                                |  out|   32|  ap_ctrl_hs|                                         mbconv_20_top_Pipeline_C1X1_IC_T|  return value|
|grp_fu_2169_p_opcode                                                              |  out|    2|  ap_ctrl_hs|                                         mbconv_20_top_Pipeline_C1X1_IC_T|  return value|
|grp_fu_2169_p_dout0                                                               |   in|   32|  ap_ctrl_hs|                                         mbconv_20_top_Pipeline_C1X1_IC_T|  return value|
|grp_fu_2169_p_ce                                                                  |  out|    1|  ap_ctrl_hs|                                         mbconv_20_top_Pipeline_C1X1_IC_T|  return value|
|grp_fu_2173_p_din0                                                                |  out|   32|  ap_ctrl_hs|                                         mbconv_20_top_Pipeline_C1X1_IC_T|  return value|
|grp_fu_2173_p_din1                                                                |  out|   32|  ap_ctrl_hs|                                         mbconv_20_top_Pipeline_C1X1_IC_T|  return value|
|grp_fu_2173_p_opcode                                                              |  out|    2|  ap_ctrl_hs|                                         mbconv_20_top_Pipeline_C1X1_IC_T|  return value|
|grp_fu_2173_p_dout0                                                               |   in|   32|  ap_ctrl_hs|                                         mbconv_20_top_Pipeline_C1X1_IC_T|  return value|
|grp_fu_2173_p_ce                                                                  |  out|    1|  ap_ctrl_hs|                                         mbconv_20_top_Pipeline_C1X1_IC_T|  return value|
|grp_fu_2177_p_din0                                                                |  out|   32|  ap_ctrl_hs|                                         mbconv_20_top_Pipeline_C1X1_IC_T|  return value|
|grp_fu_2177_p_din1                                                                |  out|   32|  ap_ctrl_hs|                                         mbconv_20_top_Pipeline_C1X1_IC_T|  return value|
|grp_fu_2177_p_opcode                                                              |  out|    2|  ap_ctrl_hs|                                         mbconv_20_top_Pipeline_C1X1_IC_T|  return value|
|grp_fu_2177_p_dout0                                                               |   in|   32|  ap_ctrl_hs|                                         mbconv_20_top_Pipeline_C1X1_IC_T|  return value|
|grp_fu_2177_p_ce                                                                  |  out|    1|  ap_ctrl_hs|                                         mbconv_20_top_Pipeline_C1X1_IC_T|  return value|
|grp_fu_2181_p_din0                                                                |  out|   32|  ap_ctrl_hs|                                         mbconv_20_top_Pipeline_C1X1_IC_T|  return value|
|grp_fu_2181_p_din1                                                                |  out|   32|  ap_ctrl_hs|                                         mbconv_20_top_Pipeline_C1X1_IC_T|  return value|
|grp_fu_2181_p_opcode                                                              |  out|    2|  ap_ctrl_hs|                                         mbconv_20_top_Pipeline_C1X1_IC_T|  return value|
|grp_fu_2181_p_dout0                                                               |   in|   32|  ap_ctrl_hs|                                         mbconv_20_top_Pipeline_C1X1_IC_T|  return value|
|grp_fu_2181_p_ce                                                                  |  out|    1|  ap_ctrl_hs|                                         mbconv_20_top_Pipeline_C1X1_IC_T|  return value|
|grp_fu_2185_p_din0                                                                |  out|   32|  ap_ctrl_hs|                                         mbconv_20_top_Pipeline_C1X1_IC_T|  return value|
|grp_fu_2185_p_din1                                                                |  out|   32|  ap_ctrl_hs|                                         mbconv_20_top_Pipeline_C1X1_IC_T|  return value|
|grp_fu_2185_p_opcode                                                              |  out|    2|  ap_ctrl_hs|                                         mbconv_20_top_Pipeline_C1X1_IC_T|  return value|
|grp_fu_2185_p_dout0                                                               |   in|   32|  ap_ctrl_hs|                                         mbconv_20_top_Pipeline_C1X1_IC_T|  return value|
|grp_fu_2185_p_ce                                                                  |  out|    1|  ap_ctrl_hs|                                         mbconv_20_top_Pipeline_C1X1_IC_T|  return value|
|grp_fu_2189_p_din0                                                                |  out|   32|  ap_ctrl_hs|                                         mbconv_20_top_Pipeline_C1X1_IC_T|  return value|
|grp_fu_2189_p_din1                                                                |  out|   32|  ap_ctrl_hs|                                         mbconv_20_top_Pipeline_C1X1_IC_T|  return value|
|grp_fu_2189_p_opcode                                                              |  out|    2|  ap_ctrl_hs|                                         mbconv_20_top_Pipeline_C1X1_IC_T|  return value|
|grp_fu_2189_p_dout0                                                               |   in|   32|  ap_ctrl_hs|                                         mbconv_20_top_Pipeline_C1X1_IC_T|  return value|
|grp_fu_2189_p_ce                                                                  |  out|    1|  ap_ctrl_hs|                                         mbconv_20_top_Pipeline_C1X1_IC_T|  return value|
|grp_fu_2193_p_din0                                                                |  out|   32|  ap_ctrl_hs|                                         mbconv_20_top_Pipeline_C1X1_IC_T|  return value|
|grp_fu_2193_p_din1                                                                |  out|   32|  ap_ctrl_hs|                                         mbconv_20_top_Pipeline_C1X1_IC_T|  return value|
|grp_fu_2193_p_opcode                                                              |  out|    2|  ap_ctrl_hs|                                         mbconv_20_top_Pipeline_C1X1_IC_T|  return value|
|grp_fu_2193_p_dout0                                                               |   in|   32|  ap_ctrl_hs|                                         mbconv_20_top_Pipeline_C1X1_IC_T|  return value|
|grp_fu_2193_p_ce                                                                  |  out|    1|  ap_ctrl_hs|                                         mbconv_20_top_Pipeline_C1X1_IC_T|  return value|
|grp_fu_2197_p_din0                                                                |  out|   32|  ap_ctrl_hs|                                         mbconv_20_top_Pipeline_C1X1_IC_T|  return value|
|grp_fu_2197_p_din1                                                                |  out|   32|  ap_ctrl_hs|                                         mbconv_20_top_Pipeline_C1X1_IC_T|  return value|
|grp_fu_2197_p_opcode                                                              |  out|    2|  ap_ctrl_hs|                                         mbconv_20_top_Pipeline_C1X1_IC_T|  return value|
|grp_fu_2197_p_dout0                                                               |   in|   32|  ap_ctrl_hs|                                         mbconv_20_top_Pipeline_C1X1_IC_T|  return value|
|grp_fu_2197_p_ce                                                                  |  out|    1|  ap_ctrl_hs|                                         mbconv_20_top_Pipeline_C1X1_IC_T|  return value|
|grp_fu_2201_p_din0                                                                |  out|   32|  ap_ctrl_hs|                                         mbconv_20_top_Pipeline_C1X1_IC_T|  return value|
|grp_fu_2201_p_din1                                                                |  out|   32|  ap_ctrl_hs|                                         mbconv_20_top_Pipeline_C1X1_IC_T|  return value|
|grp_fu_2201_p_opcode                                                              |  out|    2|  ap_ctrl_hs|                                         mbconv_20_top_Pipeline_C1X1_IC_T|  return value|
|grp_fu_2201_p_dout0                                                               |   in|   32|  ap_ctrl_hs|                                         mbconv_20_top_Pipeline_C1X1_IC_T|  return value|
|grp_fu_2201_p_ce                                                                  |  out|    1|  ap_ctrl_hs|                                         mbconv_20_top_Pipeline_C1X1_IC_T|  return value|
|grp_fu_2205_p_din0                                                                |  out|   32|  ap_ctrl_hs|                                         mbconv_20_top_Pipeline_C1X1_IC_T|  return value|
|grp_fu_2205_p_din1                                                                |  out|   32|  ap_ctrl_hs|                                         mbconv_20_top_Pipeline_C1X1_IC_T|  return value|
|grp_fu_2205_p_opcode                                                              |  out|    2|  ap_ctrl_hs|                                         mbconv_20_top_Pipeline_C1X1_IC_T|  return value|
|grp_fu_2205_p_dout0                                                               |   in|   32|  ap_ctrl_hs|                                         mbconv_20_top_Pipeline_C1X1_IC_T|  return value|
|grp_fu_2205_p_ce                                                                  |  out|    1|  ap_ctrl_hs|                                         mbconv_20_top_Pipeline_C1X1_IC_T|  return value|
|grp_fu_2209_p_din0                                                                |  out|   32|  ap_ctrl_hs|                                         mbconv_20_top_Pipeline_C1X1_IC_T|  return value|
|grp_fu_2209_p_din1                                                                |  out|   32|  ap_ctrl_hs|                                         mbconv_20_top_Pipeline_C1X1_IC_T|  return value|
|grp_fu_2209_p_opcode                                                              |  out|    2|  ap_ctrl_hs|                                         mbconv_20_top_Pipeline_C1X1_IC_T|  return value|
|grp_fu_2209_p_dout0                                                               |   in|   32|  ap_ctrl_hs|                                         mbconv_20_top_Pipeline_C1X1_IC_T|  return value|
|grp_fu_2209_p_ce                                                                  |  out|    1|  ap_ctrl_hs|                                         mbconv_20_top_Pipeline_C1X1_IC_T|  return value|
|grp_fu_2213_p_din0                                                                |  out|   32|  ap_ctrl_hs|                                         mbconv_20_top_Pipeline_C1X1_IC_T|  return value|
|grp_fu_2213_p_din1                                                                |  out|   32|  ap_ctrl_hs|                                         mbconv_20_top_Pipeline_C1X1_IC_T|  return value|
|grp_fu_2213_p_opcode                                                              |  out|    2|  ap_ctrl_hs|                                         mbconv_20_top_Pipeline_C1X1_IC_T|  return value|
|grp_fu_2213_p_dout0                                                               |   in|   32|  ap_ctrl_hs|                                         mbconv_20_top_Pipeline_C1X1_IC_T|  return value|
|grp_fu_2213_p_ce                                                                  |  out|    1|  ap_ctrl_hs|                                         mbconv_20_top_Pipeline_C1X1_IC_T|  return value|
|grp_fu_2217_p_din0                                                                |  out|   32|  ap_ctrl_hs|                                         mbconv_20_top_Pipeline_C1X1_IC_T|  return value|
|grp_fu_2217_p_din1                                                                |  out|   32|  ap_ctrl_hs|                                         mbconv_20_top_Pipeline_C1X1_IC_T|  return value|
|grp_fu_2217_p_opcode                                                              |  out|    2|  ap_ctrl_hs|                                         mbconv_20_top_Pipeline_C1X1_IC_T|  return value|
|grp_fu_2217_p_dout0                                                               |   in|   32|  ap_ctrl_hs|                                         mbconv_20_top_Pipeline_C1X1_IC_T|  return value|
|grp_fu_2217_p_ce                                                                  |  out|    1|  ap_ctrl_hs|                                         mbconv_20_top_Pipeline_C1X1_IC_T|  return value|
|grp_fu_2221_p_din0                                                                |  out|   32|  ap_ctrl_hs|                                         mbconv_20_top_Pipeline_C1X1_IC_T|  return value|
|grp_fu_2221_p_din1                                                                |  out|   32|  ap_ctrl_hs|                                         mbconv_20_top_Pipeline_C1X1_IC_T|  return value|
|grp_fu_2221_p_opcode                                                              |  out|    2|  ap_ctrl_hs|                                         mbconv_20_top_Pipeline_C1X1_IC_T|  return value|
|grp_fu_2221_p_dout0                                                               |   in|   32|  ap_ctrl_hs|                                         mbconv_20_top_Pipeline_C1X1_IC_T|  return value|
|grp_fu_2221_p_ce                                                                  |  out|    1|  ap_ctrl_hs|                                         mbconv_20_top_Pipeline_C1X1_IC_T|  return value|
|grp_fu_2225_p_din0                                                                |  out|   32|  ap_ctrl_hs|                                         mbconv_20_top_Pipeline_C1X1_IC_T|  return value|
|grp_fu_2225_p_din1                                                                |  out|   32|  ap_ctrl_hs|                                         mbconv_20_top_Pipeline_C1X1_IC_T|  return value|
|grp_fu_2225_p_opcode                                                              |  out|    2|  ap_ctrl_hs|                                         mbconv_20_top_Pipeline_C1X1_IC_T|  return value|
|grp_fu_2225_p_dout0                                                               |   in|   32|  ap_ctrl_hs|                                         mbconv_20_top_Pipeline_C1X1_IC_T|  return value|
|grp_fu_2225_p_ce                                                                  |  out|    1|  ap_ctrl_hs|                                         mbconv_20_top_Pipeline_C1X1_IC_T|  return value|
|grp_fu_2229_p_din0                                                                |  out|   32|  ap_ctrl_hs|                                         mbconv_20_top_Pipeline_C1X1_IC_T|  return value|
|grp_fu_2229_p_din1                                                                |  out|   32|  ap_ctrl_hs|                                         mbconv_20_top_Pipeline_C1X1_IC_T|  return value|
|grp_fu_2229_p_opcode                                                              |  out|    2|  ap_ctrl_hs|                                         mbconv_20_top_Pipeline_C1X1_IC_T|  return value|
|grp_fu_2229_p_dout0                                                               |   in|   32|  ap_ctrl_hs|                                         mbconv_20_top_Pipeline_C1X1_IC_T|  return value|
|grp_fu_2229_p_ce                                                                  |  out|    1|  ap_ctrl_hs|                                         mbconv_20_top_Pipeline_C1X1_IC_T|  return value|
|grp_fu_2233_p_din0                                                                |  out|   32|  ap_ctrl_hs|                                         mbconv_20_top_Pipeline_C1X1_IC_T|  return value|
|grp_fu_2233_p_din1                                                                |  out|   32|  ap_ctrl_hs|                                         mbconv_20_top_Pipeline_C1X1_IC_T|  return value|
|grp_fu_2233_p_opcode                                                              |  out|    2|  ap_ctrl_hs|                                         mbconv_20_top_Pipeline_C1X1_IC_T|  return value|
|grp_fu_2233_p_dout0                                                               |   in|   32|  ap_ctrl_hs|                                         mbconv_20_top_Pipeline_C1X1_IC_T|  return value|
|grp_fu_2233_p_ce                                                                  |  out|    1|  ap_ctrl_hs|                                         mbconv_20_top_Pipeline_C1X1_IC_T|  return value|
|grp_fu_2237_p_din0                                                                |  out|   32|  ap_ctrl_hs|                                         mbconv_20_top_Pipeline_C1X1_IC_T|  return value|
|grp_fu_2237_p_din1                                                                |  out|   32|  ap_ctrl_hs|                                         mbconv_20_top_Pipeline_C1X1_IC_T|  return value|
|grp_fu_2237_p_opcode                                                              |  out|    2|  ap_ctrl_hs|                                         mbconv_20_top_Pipeline_C1X1_IC_T|  return value|
|grp_fu_2237_p_dout0                                                               |   in|   32|  ap_ctrl_hs|                                         mbconv_20_top_Pipeline_C1X1_IC_T|  return value|
|grp_fu_2237_p_ce                                                                  |  out|    1|  ap_ctrl_hs|                                         mbconv_20_top_Pipeline_C1X1_IC_T|  return value|
|grp_fu_2241_p_din0                                                                |  out|   32|  ap_ctrl_hs|                                         mbconv_20_top_Pipeline_C1X1_IC_T|  return value|
|grp_fu_2241_p_din1                                                                |  out|   32|  ap_ctrl_hs|                                         mbconv_20_top_Pipeline_C1X1_IC_T|  return value|
|grp_fu_2241_p_opcode                                                              |  out|    2|  ap_ctrl_hs|                                         mbconv_20_top_Pipeline_C1X1_IC_T|  return value|
|grp_fu_2241_p_dout0                                                               |   in|   32|  ap_ctrl_hs|                                         mbconv_20_top_Pipeline_C1X1_IC_T|  return value|
|grp_fu_2241_p_ce                                                                  |  out|    1|  ap_ctrl_hs|                                         mbconv_20_top_Pipeline_C1X1_IC_T|  return value|
|grp_fu_2245_p_din0                                                                |  out|   32|  ap_ctrl_hs|                                         mbconv_20_top_Pipeline_C1X1_IC_T|  return value|
|grp_fu_2245_p_din1                                                                |  out|   32|  ap_ctrl_hs|                                         mbconv_20_top_Pipeline_C1X1_IC_T|  return value|
|grp_fu_2245_p_opcode                                                              |  out|    2|  ap_ctrl_hs|                                         mbconv_20_top_Pipeline_C1X1_IC_T|  return value|
|grp_fu_2245_p_dout0                                                               |   in|   32|  ap_ctrl_hs|                                         mbconv_20_top_Pipeline_C1X1_IC_T|  return value|
|grp_fu_2245_p_ce                                                                  |  out|    1|  ap_ctrl_hs|                                         mbconv_20_top_Pipeline_C1X1_IC_T|  return value|
|grp_fu_2249_p_din0                                                                |  out|   32|  ap_ctrl_hs|                                         mbconv_20_top_Pipeline_C1X1_IC_T|  return value|
|grp_fu_2249_p_din1                                                                |  out|   32|  ap_ctrl_hs|                                         mbconv_20_top_Pipeline_C1X1_IC_T|  return value|
|grp_fu_2249_p_opcode                                                              |  out|    2|  ap_ctrl_hs|                                         mbconv_20_top_Pipeline_C1X1_IC_T|  return value|
|grp_fu_2249_p_dout0                                                               |   in|   32|  ap_ctrl_hs|                                         mbconv_20_top_Pipeline_C1X1_IC_T|  return value|
|grp_fu_2249_p_ce                                                                  |  out|    1|  ap_ctrl_hs|                                         mbconv_20_top_Pipeline_C1X1_IC_T|  return value|
|grp_fu_2253_p_din0                                                                |  out|   32|  ap_ctrl_hs|                                         mbconv_20_top_Pipeline_C1X1_IC_T|  return value|
|grp_fu_2253_p_din1                                                                |  out|   32|  ap_ctrl_hs|                                         mbconv_20_top_Pipeline_C1X1_IC_T|  return value|
|grp_fu_2253_p_opcode                                                              |  out|    2|  ap_ctrl_hs|                                         mbconv_20_top_Pipeline_C1X1_IC_T|  return value|
|grp_fu_2253_p_dout0                                                               |   in|   32|  ap_ctrl_hs|                                         mbconv_20_top_Pipeline_C1X1_IC_T|  return value|
|grp_fu_2253_p_ce                                                                  |  out|    1|  ap_ctrl_hs|                                         mbconv_20_top_Pipeline_C1X1_IC_T|  return value|
|grp_fu_2257_p_din0                                                                |  out|   32|  ap_ctrl_hs|                                         mbconv_20_top_Pipeline_C1X1_IC_T|  return value|
|grp_fu_2257_p_din1                                                                |  out|   32|  ap_ctrl_hs|                                         mbconv_20_top_Pipeline_C1X1_IC_T|  return value|
|grp_fu_2257_p_opcode                                                              |  out|    2|  ap_ctrl_hs|                                         mbconv_20_top_Pipeline_C1X1_IC_T|  return value|
|grp_fu_2257_p_dout0                                                               |   in|   32|  ap_ctrl_hs|                                         mbconv_20_top_Pipeline_C1X1_IC_T|  return value|
|grp_fu_2257_p_ce                                                                  |  out|    1|  ap_ctrl_hs|                                         mbconv_20_top_Pipeline_C1X1_IC_T|  return value|
|grp_fu_2261_p_din0                                                                |  out|   32|  ap_ctrl_hs|                                         mbconv_20_top_Pipeline_C1X1_IC_T|  return value|
|grp_fu_2261_p_din1                                                                |  out|   32|  ap_ctrl_hs|                                         mbconv_20_top_Pipeline_C1X1_IC_T|  return value|
|grp_fu_2261_p_dout0                                                               |   in|   32|  ap_ctrl_hs|                                         mbconv_20_top_Pipeline_C1X1_IC_T|  return value|
|grp_fu_2261_p_ce                                                                  |  out|    1|  ap_ctrl_hs|                                         mbconv_20_top_Pipeline_C1X1_IC_T|  return value|
|grp_fu_2266_p_din0                                                                |  out|   32|  ap_ctrl_hs|                                         mbconv_20_top_Pipeline_C1X1_IC_T|  return value|
|grp_fu_2266_p_din1                                                                |  out|   32|  ap_ctrl_hs|                                         mbconv_20_top_Pipeline_C1X1_IC_T|  return value|
|grp_fu_2266_p_dout0                                                               |   in|   32|  ap_ctrl_hs|                                         mbconv_20_top_Pipeline_C1X1_IC_T|  return value|
|grp_fu_2266_p_ce                                                                  |  out|    1|  ap_ctrl_hs|                                         mbconv_20_top_Pipeline_C1X1_IC_T|  return value|
|grp_fu_6644_p_din0                                                                |  out|   32|  ap_ctrl_hs|                                         mbconv_20_top_Pipeline_C1X1_IC_T|  return value|
|grp_fu_6644_p_din1                                                                |  out|   32|  ap_ctrl_hs|                                         mbconv_20_top_Pipeline_C1X1_IC_T|  return value|
|grp_fu_6644_p_dout0                                                               |   in|   32|  ap_ctrl_hs|                                         mbconv_20_top_Pipeline_C1X1_IC_T|  return value|
|grp_fu_6644_p_ce                                                                  |  out|    1|  ap_ctrl_hs|                                         mbconv_20_top_Pipeline_C1X1_IC_T|  return value|
|grp_fu_6648_p_din0                                                                |  out|   32|  ap_ctrl_hs|                                         mbconv_20_top_Pipeline_C1X1_IC_T|  return value|
|grp_fu_6648_p_din1                                                                |  out|   32|  ap_ctrl_hs|                                         mbconv_20_top_Pipeline_C1X1_IC_T|  return value|
|grp_fu_6648_p_dout0                                                               |   in|   32|  ap_ctrl_hs|                                         mbconv_20_top_Pipeline_C1X1_IC_T|  return value|
|grp_fu_6648_p_ce                                                                  |  out|    1|  ap_ctrl_hs|                                         mbconv_20_top_Pipeline_C1X1_IC_T|  return value|
|grp_fu_6652_p_din0                                                                |  out|   32|  ap_ctrl_hs|                                         mbconv_20_top_Pipeline_C1X1_IC_T|  return value|
|grp_fu_6652_p_din1                                                                |  out|   32|  ap_ctrl_hs|                                         mbconv_20_top_Pipeline_C1X1_IC_T|  return value|
|grp_fu_6652_p_dout0                                                               |   in|   32|  ap_ctrl_hs|                                         mbconv_20_top_Pipeline_C1X1_IC_T|  return value|
|grp_fu_6652_p_ce                                                                  |  out|    1|  ap_ctrl_hs|                                         mbconv_20_top_Pipeline_C1X1_IC_T|  return value|
|grp_fu_6656_p_din0                                                                |  out|   32|  ap_ctrl_hs|                                         mbconv_20_top_Pipeline_C1X1_IC_T|  return value|
|grp_fu_6656_p_din1                                                                |  out|   32|  ap_ctrl_hs|                                         mbconv_20_top_Pipeline_C1X1_IC_T|  return value|
|grp_fu_6656_p_dout0                                                               |   in|   32|  ap_ctrl_hs|                                         mbconv_20_top_Pipeline_C1X1_IC_T|  return value|
|grp_fu_6656_p_ce                                                                  |  out|    1|  ap_ctrl_hs|                                         mbconv_20_top_Pipeline_C1X1_IC_T|  return value|
|grp_fu_6660_p_din0                                                                |  out|   32|  ap_ctrl_hs|                                         mbconv_20_top_Pipeline_C1X1_IC_T|  return value|
|grp_fu_6660_p_din1                                                                |  out|   32|  ap_ctrl_hs|                                         mbconv_20_top_Pipeline_C1X1_IC_T|  return value|
|grp_fu_6660_p_dout0                                                               |   in|   32|  ap_ctrl_hs|                                         mbconv_20_top_Pipeline_C1X1_IC_T|  return value|
|grp_fu_6660_p_ce                                                                  |  out|    1|  ap_ctrl_hs|                                         mbconv_20_top_Pipeline_C1X1_IC_T|  return value|
|grp_fu_6664_p_din0                                                                |  out|   32|  ap_ctrl_hs|                                         mbconv_20_top_Pipeline_C1X1_IC_T|  return value|
|grp_fu_6664_p_din1                                                                |  out|   32|  ap_ctrl_hs|                                         mbconv_20_top_Pipeline_C1X1_IC_T|  return value|
|grp_fu_6664_p_dout0                                                               |   in|   32|  ap_ctrl_hs|                                         mbconv_20_top_Pipeline_C1X1_IC_T|  return value|
|grp_fu_6664_p_ce                                                                  |  out|    1|  ap_ctrl_hs|                                         mbconv_20_top_Pipeline_C1X1_IC_T|  return value|
|grp_fu_6668_p_din0                                                                |  out|   32|  ap_ctrl_hs|                                         mbconv_20_top_Pipeline_C1X1_IC_T|  return value|
|grp_fu_6668_p_din1                                                                |  out|   32|  ap_ctrl_hs|                                         mbconv_20_top_Pipeline_C1X1_IC_T|  return value|
|grp_fu_6668_p_dout0                                                               |   in|   32|  ap_ctrl_hs|                                         mbconv_20_top_Pipeline_C1X1_IC_T|  return value|
|grp_fu_6668_p_ce                                                                  |  out|    1|  ap_ctrl_hs|                                         mbconv_20_top_Pipeline_C1X1_IC_T|  return value|
|grp_fu_6672_p_din0                                                                |  out|   32|  ap_ctrl_hs|                                         mbconv_20_top_Pipeline_C1X1_IC_T|  return value|
|grp_fu_6672_p_din1                                                                |  out|   32|  ap_ctrl_hs|                                         mbconv_20_top_Pipeline_C1X1_IC_T|  return value|
|grp_fu_6672_p_dout0                                                               |   in|   32|  ap_ctrl_hs|                                         mbconv_20_top_Pipeline_C1X1_IC_T|  return value|
|grp_fu_6672_p_ce                                                                  |  out|    1|  ap_ctrl_hs|                                         mbconv_20_top_Pipeline_C1X1_IC_T|  return value|
|grp_fu_6676_p_din0                                                                |  out|   32|  ap_ctrl_hs|                                         mbconv_20_top_Pipeline_C1X1_IC_T|  return value|
|grp_fu_6676_p_din1                                                                |  out|   32|  ap_ctrl_hs|                                         mbconv_20_top_Pipeline_C1X1_IC_T|  return value|
|grp_fu_6676_p_dout0                                                               |   in|   32|  ap_ctrl_hs|                                         mbconv_20_top_Pipeline_C1X1_IC_T|  return value|
|grp_fu_6676_p_ce                                                                  |  out|    1|  ap_ctrl_hs|                                         mbconv_20_top_Pipeline_C1X1_IC_T|  return value|
|grp_fu_6680_p_din0                                                                |  out|   32|  ap_ctrl_hs|                                         mbconv_20_top_Pipeline_C1X1_IC_T|  return value|
|grp_fu_6680_p_din1                                                                |  out|   32|  ap_ctrl_hs|                                         mbconv_20_top_Pipeline_C1X1_IC_T|  return value|
|grp_fu_6680_p_dout0                                                               |   in|   32|  ap_ctrl_hs|                                         mbconv_20_top_Pipeline_C1X1_IC_T|  return value|
|grp_fu_6680_p_ce                                                                  |  out|    1|  ap_ctrl_hs|                                         mbconv_20_top_Pipeline_C1X1_IC_T|  return value|
|grp_fu_6684_p_din0                                                                |  out|   32|  ap_ctrl_hs|                                         mbconv_20_top_Pipeline_C1X1_IC_T|  return value|
|grp_fu_6684_p_din1                                                                |  out|   32|  ap_ctrl_hs|                                         mbconv_20_top_Pipeline_C1X1_IC_T|  return value|
|grp_fu_6684_p_dout0                                                               |   in|   32|  ap_ctrl_hs|                                         mbconv_20_top_Pipeline_C1X1_IC_T|  return value|
|grp_fu_6684_p_ce                                                                  |  out|    1|  ap_ctrl_hs|                                         mbconv_20_top_Pipeline_C1X1_IC_T|  return value|
|grp_fu_6688_p_din0                                                                |  out|   32|  ap_ctrl_hs|                                         mbconv_20_top_Pipeline_C1X1_IC_T|  return value|
|grp_fu_6688_p_din1                                                                |  out|   32|  ap_ctrl_hs|                                         mbconv_20_top_Pipeline_C1X1_IC_T|  return value|
|grp_fu_6688_p_dout0                                                               |   in|   32|  ap_ctrl_hs|                                         mbconv_20_top_Pipeline_C1X1_IC_T|  return value|
|grp_fu_6688_p_ce                                                                  |  out|    1|  ap_ctrl_hs|                                         mbconv_20_top_Pipeline_C1X1_IC_T|  return value|
|grp_fu_6692_p_din0                                                                |  out|   32|  ap_ctrl_hs|                                         mbconv_20_top_Pipeline_C1X1_IC_T|  return value|
|grp_fu_6692_p_din1                                                                |  out|   32|  ap_ctrl_hs|                                         mbconv_20_top_Pipeline_C1X1_IC_T|  return value|
|grp_fu_6692_p_dout0                                                               |   in|   32|  ap_ctrl_hs|                                         mbconv_20_top_Pipeline_C1X1_IC_T|  return value|
|grp_fu_6692_p_ce                                                                  |  out|    1|  ap_ctrl_hs|                                         mbconv_20_top_Pipeline_C1X1_IC_T|  return value|
|grp_fu_6696_p_din0                                                                |  out|   32|  ap_ctrl_hs|                                         mbconv_20_top_Pipeline_C1X1_IC_T|  return value|
|grp_fu_6696_p_din1                                                                |  out|   32|  ap_ctrl_hs|                                         mbconv_20_top_Pipeline_C1X1_IC_T|  return value|
|grp_fu_6696_p_dout0                                                               |   in|   32|  ap_ctrl_hs|                                         mbconv_20_top_Pipeline_C1X1_IC_T|  return value|
|grp_fu_6696_p_ce                                                                  |  out|    1|  ap_ctrl_hs|                                         mbconv_20_top_Pipeline_C1X1_IC_T|  return value|
|grp_fu_6700_p_din0                                                                |  out|   32|  ap_ctrl_hs|                                         mbconv_20_top_Pipeline_C1X1_IC_T|  return value|
|grp_fu_6700_p_din1                                                                |  out|   32|  ap_ctrl_hs|                                         mbconv_20_top_Pipeline_C1X1_IC_T|  return value|
|grp_fu_6700_p_dout0                                                               |   in|   32|  ap_ctrl_hs|                                         mbconv_20_top_Pipeline_C1X1_IC_T|  return value|
|grp_fu_6700_p_ce                                                                  |  out|    1|  ap_ctrl_hs|                                         mbconv_20_top_Pipeline_C1X1_IC_T|  return value|
|grp_fu_6704_p_din0                                                                |  out|   32|  ap_ctrl_hs|                                         mbconv_20_top_Pipeline_C1X1_IC_T|  return value|
|grp_fu_6704_p_din1                                                                |  out|   32|  ap_ctrl_hs|                                         mbconv_20_top_Pipeline_C1X1_IC_T|  return value|
|grp_fu_6704_p_dout0                                                               |   in|   32|  ap_ctrl_hs|                                         mbconv_20_top_Pipeline_C1X1_IC_T|  return value|
|grp_fu_6704_p_ce                                                                  |  out|    1|  ap_ctrl_hs|                                         mbconv_20_top_Pipeline_C1X1_IC_T|  return value|
|grp_fu_6708_p_din0                                                                |  out|   32|  ap_ctrl_hs|                                         mbconv_20_top_Pipeline_C1X1_IC_T|  return value|
|grp_fu_6708_p_din1                                                                |  out|   32|  ap_ctrl_hs|                                         mbconv_20_top_Pipeline_C1X1_IC_T|  return value|
|grp_fu_6708_p_dout0                                                               |   in|   32|  ap_ctrl_hs|                                         mbconv_20_top_Pipeline_C1X1_IC_T|  return value|
|grp_fu_6708_p_ce                                                                  |  out|    1|  ap_ctrl_hs|                                         mbconv_20_top_Pipeline_C1X1_IC_T|  return value|
|grp_fu_6712_p_din0                                                                |  out|   32|  ap_ctrl_hs|                                         mbconv_20_top_Pipeline_C1X1_IC_T|  return value|
|grp_fu_6712_p_din1                                                                |  out|   32|  ap_ctrl_hs|                                         mbconv_20_top_Pipeline_C1X1_IC_T|  return value|
|grp_fu_6712_p_dout0                                                               |   in|   32|  ap_ctrl_hs|                                         mbconv_20_top_Pipeline_C1X1_IC_T|  return value|
|grp_fu_6712_p_ce                                                                  |  out|    1|  ap_ctrl_hs|                                         mbconv_20_top_Pipeline_C1X1_IC_T|  return value|
|grp_fu_6716_p_din0                                                                |  out|   32|  ap_ctrl_hs|                                         mbconv_20_top_Pipeline_C1X1_IC_T|  return value|
|grp_fu_6716_p_din1                                                                |  out|   32|  ap_ctrl_hs|                                         mbconv_20_top_Pipeline_C1X1_IC_T|  return value|
|grp_fu_6716_p_dout0                                                               |   in|   32|  ap_ctrl_hs|                                         mbconv_20_top_Pipeline_C1X1_IC_T|  return value|
|grp_fu_6716_p_ce                                                                  |  out|    1|  ap_ctrl_hs|                                         mbconv_20_top_Pipeline_C1X1_IC_T|  return value|
|grp_fu_6720_p_din0                                                                |  out|   32|  ap_ctrl_hs|                                         mbconv_20_top_Pipeline_C1X1_IC_T|  return value|
|grp_fu_6720_p_din1                                                                |  out|   32|  ap_ctrl_hs|                                         mbconv_20_top_Pipeline_C1X1_IC_T|  return value|
|grp_fu_6720_p_dout0                                                               |   in|   32|  ap_ctrl_hs|                                         mbconv_20_top_Pipeline_C1X1_IC_T|  return value|
|grp_fu_6720_p_ce                                                                  |  out|    1|  ap_ctrl_hs|                                         mbconv_20_top_Pipeline_C1X1_IC_T|  return value|
|grp_fu_6724_p_din0                                                                |  out|   32|  ap_ctrl_hs|                                         mbconv_20_top_Pipeline_C1X1_IC_T|  return value|
|grp_fu_6724_p_din1                                                                |  out|   32|  ap_ctrl_hs|                                         mbconv_20_top_Pipeline_C1X1_IC_T|  return value|
|grp_fu_6724_p_dout0                                                               |   in|   32|  ap_ctrl_hs|                                         mbconv_20_top_Pipeline_C1X1_IC_T|  return value|
|grp_fu_6724_p_ce                                                                  |  out|    1|  ap_ctrl_hs|                                         mbconv_20_top_Pipeline_C1X1_IC_T|  return value|
|grp_fu_6728_p_din0                                                                |  out|   32|  ap_ctrl_hs|                                         mbconv_20_top_Pipeline_C1X1_IC_T|  return value|
|grp_fu_6728_p_din1                                                                |  out|   32|  ap_ctrl_hs|                                         mbconv_20_top_Pipeline_C1X1_IC_T|  return value|
|grp_fu_6728_p_dout0                                                               |   in|   32|  ap_ctrl_hs|                                         mbconv_20_top_Pipeline_C1X1_IC_T|  return value|
|grp_fu_6728_p_ce                                                                  |  out|    1|  ap_ctrl_hs|                                         mbconv_20_top_Pipeline_C1X1_IC_T|  return value|
|grp_fu_6732_p_din0                                                                |  out|   32|  ap_ctrl_hs|                                         mbconv_20_top_Pipeline_C1X1_IC_T|  return value|
|grp_fu_6732_p_din1                                                                |  out|   32|  ap_ctrl_hs|                                         mbconv_20_top_Pipeline_C1X1_IC_T|  return value|
|grp_fu_6732_p_dout0                                                               |   in|   32|  ap_ctrl_hs|                                         mbconv_20_top_Pipeline_C1X1_IC_T|  return value|
|grp_fu_6732_p_ce                                                                  |  out|    1|  ap_ctrl_hs|                                         mbconv_20_top_Pipeline_C1X1_IC_T|  return value|
|grp_fu_6736_p_din0                                                                |  out|   32|  ap_ctrl_hs|                                         mbconv_20_top_Pipeline_C1X1_IC_T|  return value|
|grp_fu_6736_p_din1                                                                |  out|   32|  ap_ctrl_hs|                                         mbconv_20_top_Pipeline_C1X1_IC_T|  return value|
|grp_fu_6736_p_dout0                                                               |   in|   32|  ap_ctrl_hs|                                         mbconv_20_top_Pipeline_C1X1_IC_T|  return value|
|grp_fu_6736_p_ce                                                                  |  out|    1|  ap_ctrl_hs|                                         mbconv_20_top_Pipeline_C1X1_IC_T|  return value|
|grp_fu_6740_p_din0                                                                |  out|   32|  ap_ctrl_hs|                                         mbconv_20_top_Pipeline_C1X1_IC_T|  return value|
|grp_fu_6740_p_din1                                                                |  out|   32|  ap_ctrl_hs|                                         mbconv_20_top_Pipeline_C1X1_IC_T|  return value|
|grp_fu_6740_p_dout0                                                               |   in|   32|  ap_ctrl_hs|                                         mbconv_20_top_Pipeline_C1X1_IC_T|  return value|
|grp_fu_6740_p_ce                                                                  |  out|    1|  ap_ctrl_hs|                                         mbconv_20_top_Pipeline_C1X1_IC_T|  return value|
|grp_fu_6744_p_din0                                                                |  out|   32|  ap_ctrl_hs|                                         mbconv_20_top_Pipeline_C1X1_IC_T|  return value|
|grp_fu_6744_p_din1                                                                |  out|   32|  ap_ctrl_hs|                                         mbconv_20_top_Pipeline_C1X1_IC_T|  return value|
|grp_fu_6744_p_dout0                                                               |   in|   32|  ap_ctrl_hs|                                         mbconv_20_top_Pipeline_C1X1_IC_T|  return value|
|grp_fu_6744_p_ce                                                                  |  out|    1|  ap_ctrl_hs|                                         mbconv_20_top_Pipeline_C1X1_IC_T|  return value|
|grp_fu_6748_p_din0                                                                |  out|   32|  ap_ctrl_hs|                                         mbconv_20_top_Pipeline_C1X1_IC_T|  return value|
|grp_fu_6748_p_din1                                                                |  out|   32|  ap_ctrl_hs|                                         mbconv_20_top_Pipeline_C1X1_IC_T|  return value|
|grp_fu_6748_p_dout0                                                               |   in|   32|  ap_ctrl_hs|                                         mbconv_20_top_Pipeline_C1X1_IC_T|  return value|
|grp_fu_6748_p_ce                                                                  |  out|    1|  ap_ctrl_hs|                                         mbconv_20_top_Pipeline_C1X1_IC_T|  return value|
|grp_fu_6752_p_din0                                                                |  out|   32|  ap_ctrl_hs|                                         mbconv_20_top_Pipeline_C1X1_IC_T|  return value|
|grp_fu_6752_p_din1                                                                |  out|   32|  ap_ctrl_hs|                                         mbconv_20_top_Pipeline_C1X1_IC_T|  return value|
|grp_fu_6752_p_dout0                                                               |   in|   32|  ap_ctrl_hs|                                         mbconv_20_top_Pipeline_C1X1_IC_T|  return value|
|grp_fu_6752_p_ce                                                                  |  out|    1|  ap_ctrl_hs|                                         mbconv_20_top_Pipeline_C1X1_IC_T|  return value|
|grp_fu_6756_p_din0                                                                |  out|   32|  ap_ctrl_hs|                                         mbconv_20_top_Pipeline_C1X1_IC_T|  return value|
|grp_fu_6756_p_din1                                                                |  out|   32|  ap_ctrl_hs|                                         mbconv_20_top_Pipeline_C1X1_IC_T|  return value|
|grp_fu_6756_p_dout0                                                               |   in|   32|  ap_ctrl_hs|                                         mbconv_20_top_Pipeline_C1X1_IC_T|  return value|
|grp_fu_6756_p_ce                                                                  |  out|    1|  ap_ctrl_hs|                                         mbconv_20_top_Pipeline_C1X1_IC_T|  return value|
|grp_fu_6760_p_din0                                                                |  out|   32|  ap_ctrl_hs|                                         mbconv_20_top_Pipeline_C1X1_IC_T|  return value|
|grp_fu_6760_p_din1                                                                |  out|   32|  ap_ctrl_hs|                                         mbconv_20_top_Pipeline_C1X1_IC_T|  return value|
|grp_fu_6760_p_dout0                                                               |   in|   32|  ap_ctrl_hs|                                         mbconv_20_top_Pipeline_C1X1_IC_T|  return value|
|grp_fu_6760_p_ce                                                                  |  out|    1|  ap_ctrl_hs|                                         mbconv_20_top_Pipeline_C1X1_IC_T|  return value|
|grp_fu_6764_p_din0                                                                |  out|   32|  ap_ctrl_hs|                                         mbconv_20_top_Pipeline_C1X1_IC_T|  return value|
|grp_fu_6764_p_dout0                                                               |   in|   32|  ap_ctrl_hs|                                         mbconv_20_top_Pipeline_C1X1_IC_T|  return value|
|grp_fu_6764_p_ce                                                                  |  out|    1|  ap_ctrl_hs|                                         mbconv_20_top_Pipeline_C1X1_IC_T|  return value|
|grp_fu_6767_p_din0                                                                |  out|   32|  ap_ctrl_hs|                                         mbconv_20_top_Pipeline_C1X1_IC_T|  return value|
|grp_fu_6767_p_dout0                                                               |   in|   32|  ap_ctrl_hs|                                         mbconv_20_top_Pipeline_C1X1_IC_T|  return value|
|grp_fu_6767_p_ce                                                                  |  out|    1|  ap_ctrl_hs|                                         mbconv_20_top_Pipeline_C1X1_IC_T|  return value|
|grp_fu_6770_p_din0                                                                |  out|   32|  ap_ctrl_hs|                                         mbconv_20_top_Pipeline_C1X1_IC_T|  return value|
|grp_fu_6770_p_dout0                                                               |   in|   32|  ap_ctrl_hs|                                         mbconv_20_top_Pipeline_C1X1_IC_T|  return value|
|grp_fu_6770_p_ce                                                                  |  out|    1|  ap_ctrl_hs|                                         mbconv_20_top_Pipeline_C1X1_IC_T|  return value|
|grp_fu_6773_p_din0                                                                |  out|   32|  ap_ctrl_hs|                                         mbconv_20_top_Pipeline_C1X1_IC_T|  return value|
|grp_fu_6773_p_dout0                                                               |   in|   32|  ap_ctrl_hs|                                         mbconv_20_top_Pipeline_C1X1_IC_T|  return value|
|grp_fu_6773_p_ce                                                                  |  out|    1|  ap_ctrl_hs|                                         mbconv_20_top_Pipeline_C1X1_IC_T|  return value|
|grp_fu_6776_p_din0                                                                |  out|   32|  ap_ctrl_hs|                                         mbconv_20_top_Pipeline_C1X1_IC_T|  return value|
|grp_fu_6776_p_dout0                                                               |   in|   32|  ap_ctrl_hs|                                         mbconv_20_top_Pipeline_C1X1_IC_T|  return value|
|grp_fu_6776_p_ce                                                                  |  out|    1|  ap_ctrl_hs|                                         mbconv_20_top_Pipeline_C1X1_IC_T|  return value|
|grp_fu_6779_p_din0                                                                |  out|   32|  ap_ctrl_hs|                                         mbconv_20_top_Pipeline_C1X1_IC_T|  return value|
|grp_fu_6779_p_dout0                                                               |   in|   32|  ap_ctrl_hs|                                         mbconv_20_top_Pipeline_C1X1_IC_T|  return value|
|grp_fu_6779_p_ce                                                                  |  out|    1|  ap_ctrl_hs|                                         mbconv_20_top_Pipeline_C1X1_IC_T|  return value|
|grp_fu_6782_p_din0                                                                |  out|   32|  ap_ctrl_hs|                                         mbconv_20_top_Pipeline_C1X1_IC_T|  return value|
|grp_fu_6782_p_dout0                                                               |   in|   32|  ap_ctrl_hs|                                         mbconv_20_top_Pipeline_C1X1_IC_T|  return value|
|grp_fu_6782_p_ce                                                                  |  out|    1|  ap_ctrl_hs|                                         mbconv_20_top_Pipeline_C1X1_IC_T|  return value|
|grp_fu_6785_p_din0                                                                |  out|   32|  ap_ctrl_hs|                                         mbconv_20_top_Pipeline_C1X1_IC_T|  return value|
|grp_fu_6785_p_dout0                                                               |   in|   32|  ap_ctrl_hs|                                         mbconv_20_top_Pipeline_C1X1_IC_T|  return value|
|grp_fu_6785_p_ce                                                                  |  out|    1|  ap_ctrl_hs|                                         mbconv_20_top_Pipeline_C1X1_IC_T|  return value|
|grp_fu_6788_p_din0                                                                |  out|   32|  ap_ctrl_hs|                                         mbconv_20_top_Pipeline_C1X1_IC_T|  return value|
|grp_fu_6788_p_dout0                                                               |   in|   32|  ap_ctrl_hs|                                         mbconv_20_top_Pipeline_C1X1_IC_T|  return value|
|grp_fu_6788_p_ce                                                                  |  out|    1|  ap_ctrl_hs|                                         mbconv_20_top_Pipeline_C1X1_IC_T|  return value|
|grp_fu_6791_p_din0                                                                |  out|   32|  ap_ctrl_hs|                                         mbconv_20_top_Pipeline_C1X1_IC_T|  return value|
|grp_fu_6791_p_dout0                                                               |   in|   32|  ap_ctrl_hs|                                         mbconv_20_top_Pipeline_C1X1_IC_T|  return value|
|grp_fu_6791_p_ce                                                                  |  out|    1|  ap_ctrl_hs|                                         mbconv_20_top_Pipeline_C1X1_IC_T|  return value|
|grp_fu_6794_p_din0                                                                |  out|   32|  ap_ctrl_hs|                                         mbconv_20_top_Pipeline_C1X1_IC_T|  return value|
|grp_fu_6794_p_dout0                                                               |   in|   32|  ap_ctrl_hs|                                         mbconv_20_top_Pipeline_C1X1_IC_T|  return value|
|grp_fu_6794_p_ce                                                                  |  out|    1|  ap_ctrl_hs|                                         mbconv_20_top_Pipeline_C1X1_IC_T|  return value|
|grp_fu_6797_p_din0                                                                |  out|   32|  ap_ctrl_hs|                                         mbconv_20_top_Pipeline_C1X1_IC_T|  return value|
|grp_fu_6797_p_dout0                                                               |   in|   32|  ap_ctrl_hs|                                         mbconv_20_top_Pipeline_C1X1_IC_T|  return value|
|grp_fu_6797_p_ce                                                                  |  out|    1|  ap_ctrl_hs|                                         mbconv_20_top_Pipeline_C1X1_IC_T|  return value|
|grp_fu_6800_p_din0                                                                |  out|   32|  ap_ctrl_hs|                                         mbconv_20_top_Pipeline_C1X1_IC_T|  return value|
|grp_fu_6800_p_dout0                                                               |   in|   32|  ap_ctrl_hs|                                         mbconv_20_top_Pipeline_C1X1_IC_T|  return value|
|grp_fu_6800_p_ce                                                                  |  out|    1|  ap_ctrl_hs|                                         mbconv_20_top_Pipeline_C1X1_IC_T|  return value|
|grp_fu_6803_p_din0                                                                |  out|   32|  ap_ctrl_hs|                                         mbconv_20_top_Pipeline_C1X1_IC_T|  return value|
|grp_fu_6803_p_dout0                                                               |   in|   32|  ap_ctrl_hs|                                         mbconv_20_top_Pipeline_C1X1_IC_T|  return value|
|grp_fu_6803_p_ce                                                                  |  out|    1|  ap_ctrl_hs|                                         mbconv_20_top_Pipeline_C1X1_IC_T|  return value|
|grp_fu_6806_p_din0                                                                |  out|   32|  ap_ctrl_hs|                                         mbconv_20_top_Pipeline_C1X1_IC_T|  return value|
|grp_fu_6806_p_dout0                                                               |   in|   32|  ap_ctrl_hs|                                         mbconv_20_top_Pipeline_C1X1_IC_T|  return value|
|grp_fu_6806_p_ce                                                                  |  out|    1|  ap_ctrl_hs|                                         mbconv_20_top_Pipeline_C1X1_IC_T|  return value|
|grp_fu_6809_p_din0                                                                |  out|   32|  ap_ctrl_hs|                                         mbconv_20_top_Pipeline_C1X1_IC_T|  return value|
|grp_fu_6809_p_dout0                                                               |   in|   32|  ap_ctrl_hs|                                         mbconv_20_top_Pipeline_C1X1_IC_T|  return value|
|grp_fu_6809_p_ce                                                                  |  out|    1|  ap_ctrl_hs|                                         mbconv_20_top_Pipeline_C1X1_IC_T|  return value|
|grp_fu_6812_p_din0                                                                |  out|   32|  ap_ctrl_hs|                                         mbconv_20_top_Pipeline_C1X1_IC_T|  return value|
|grp_fu_6812_p_dout0                                                               |   in|   32|  ap_ctrl_hs|                                         mbconv_20_top_Pipeline_C1X1_IC_T|  return value|
|grp_fu_6812_p_ce                                                                  |  out|    1|  ap_ctrl_hs|                                         mbconv_20_top_Pipeline_C1X1_IC_T|  return value|
|grp_fu_6815_p_din0                                                                |  out|   32|  ap_ctrl_hs|                                         mbconv_20_top_Pipeline_C1X1_IC_T|  return value|
|grp_fu_6815_p_dout0                                                               |   in|   32|  ap_ctrl_hs|                                         mbconv_20_top_Pipeline_C1X1_IC_T|  return value|
|grp_fu_6815_p_ce                                                                  |  out|    1|  ap_ctrl_hs|                                         mbconv_20_top_Pipeline_C1X1_IC_T|  return value|
|grp_fu_6818_p_din0                                                                |  out|   32|  ap_ctrl_hs|                                         mbconv_20_top_Pipeline_C1X1_IC_T|  return value|
|grp_fu_6818_p_dout0                                                               |   in|   32|  ap_ctrl_hs|                                         mbconv_20_top_Pipeline_C1X1_IC_T|  return value|
|grp_fu_6818_p_ce                                                                  |  out|    1|  ap_ctrl_hs|                                         mbconv_20_top_Pipeline_C1X1_IC_T|  return value|
|grp_fu_6821_p_din0                                                                |  out|   32|  ap_ctrl_hs|                                         mbconv_20_top_Pipeline_C1X1_IC_T|  return value|
|grp_fu_6821_p_dout0                                                               |   in|   32|  ap_ctrl_hs|                                         mbconv_20_top_Pipeline_C1X1_IC_T|  return value|
|grp_fu_6821_p_ce                                                                  |  out|    1|  ap_ctrl_hs|                                         mbconv_20_top_Pipeline_C1X1_IC_T|  return value|
|grp_fu_6824_p_din0                                                                |  out|   32|  ap_ctrl_hs|                                         mbconv_20_top_Pipeline_C1X1_IC_T|  return value|
|grp_fu_6824_p_dout0                                                               |   in|   32|  ap_ctrl_hs|                                         mbconv_20_top_Pipeline_C1X1_IC_T|  return value|
|grp_fu_6824_p_ce                                                                  |  out|    1|  ap_ctrl_hs|                                         mbconv_20_top_Pipeline_C1X1_IC_T|  return value|
|grp_fu_6827_p_din0                                                                |  out|   32|  ap_ctrl_hs|                                         mbconv_20_top_Pipeline_C1X1_IC_T|  return value|
|grp_fu_6827_p_dout0                                                               |   in|   32|  ap_ctrl_hs|                                         mbconv_20_top_Pipeline_C1X1_IC_T|  return value|
|grp_fu_6827_p_ce                                                                  |  out|    1|  ap_ctrl_hs|                                         mbconv_20_top_Pipeline_C1X1_IC_T|  return value|
|grp_fu_6830_p_din0                                                                |  out|   32|  ap_ctrl_hs|                                         mbconv_20_top_Pipeline_C1X1_IC_T|  return value|
|grp_fu_6830_p_dout0                                                               |   in|   32|  ap_ctrl_hs|                                         mbconv_20_top_Pipeline_C1X1_IC_T|  return value|
|grp_fu_6830_p_ce                                                                  |  out|    1|  ap_ctrl_hs|                                         mbconv_20_top_Pipeline_C1X1_IC_T|  return value|
|grp_fu_6833_p_din0                                                                |  out|   32|  ap_ctrl_hs|                                         mbconv_20_top_Pipeline_C1X1_IC_T|  return value|
|grp_fu_6833_p_dout0                                                               |   in|   32|  ap_ctrl_hs|                                         mbconv_20_top_Pipeline_C1X1_IC_T|  return value|
|grp_fu_6833_p_ce                                                                  |  out|    1|  ap_ctrl_hs|                                         mbconv_20_top_Pipeline_C1X1_IC_T|  return value|
|grp_fu_6836_p_din0                                                                |  out|   32|  ap_ctrl_hs|                                         mbconv_20_top_Pipeline_C1X1_IC_T|  return value|
|grp_fu_6836_p_dout0                                                               |   in|   32|  ap_ctrl_hs|                                         mbconv_20_top_Pipeline_C1X1_IC_T|  return value|
|grp_fu_6836_p_ce                                                                  |  out|    1|  ap_ctrl_hs|                                         mbconv_20_top_Pipeline_C1X1_IC_T|  return value|
|grp_fu_6839_p_din0                                                                |  out|   32|  ap_ctrl_hs|                                         mbconv_20_top_Pipeline_C1X1_IC_T|  return value|
|grp_fu_6839_p_dout0                                                               |   in|   32|  ap_ctrl_hs|                                         mbconv_20_top_Pipeline_C1X1_IC_T|  return value|
|grp_fu_6839_p_ce                                                                  |  out|    1|  ap_ctrl_hs|                                         mbconv_20_top_Pipeline_C1X1_IC_T|  return value|
|grp_fu_6842_p_din0                                                                |  out|   32|  ap_ctrl_hs|                                         mbconv_20_top_Pipeline_C1X1_IC_T|  return value|
|grp_fu_6842_p_dout0                                                               |   in|   32|  ap_ctrl_hs|                                         mbconv_20_top_Pipeline_C1X1_IC_T|  return value|
|grp_fu_6842_p_ce                                                                  |  out|    1|  ap_ctrl_hs|                                         mbconv_20_top_Pipeline_C1X1_IC_T|  return value|
|grp_fu_6845_p_din0                                                                |  out|   32|  ap_ctrl_hs|                                         mbconv_20_top_Pipeline_C1X1_IC_T|  return value|
|grp_fu_6845_p_dout0                                                               |   in|   32|  ap_ctrl_hs|                                         mbconv_20_top_Pipeline_C1X1_IC_T|  return value|
|grp_fu_6845_p_ce                                                                  |  out|    1|  ap_ctrl_hs|                                         mbconv_20_top_Pipeline_C1X1_IC_T|  return value|
|grp_fu_6848_p_din0                                                                |  out|   32|  ap_ctrl_hs|                                         mbconv_20_top_Pipeline_C1X1_IC_T|  return value|
|grp_fu_6848_p_dout0                                                               |   in|   32|  ap_ctrl_hs|                                         mbconv_20_top_Pipeline_C1X1_IC_T|  return value|
|grp_fu_6848_p_ce                                                                  |  out|    1|  ap_ctrl_hs|                                         mbconv_20_top_Pipeline_C1X1_IC_T|  return value|
|grp_fu_6851_p_din0                                                                |  out|   32|  ap_ctrl_hs|                                         mbconv_20_top_Pipeline_C1X1_IC_T|  return value|
|grp_fu_6851_p_dout0                                                               |   in|   32|  ap_ctrl_hs|                                         mbconv_20_top_Pipeline_C1X1_IC_T|  return value|
|grp_fu_6851_p_ce                                                                  |  out|    1|  ap_ctrl_hs|                                         mbconv_20_top_Pipeline_C1X1_IC_T|  return value|
|grp_fu_6854_p_din0                                                                |  out|   32|  ap_ctrl_hs|                                         mbconv_20_top_Pipeline_C1X1_IC_T|  return value|
|grp_fu_6854_p_dout0                                                               |   in|   32|  ap_ctrl_hs|                                         mbconv_20_top_Pipeline_C1X1_IC_T|  return value|
|grp_fu_6854_p_ce                                                                  |  out|    1|  ap_ctrl_hs|                                         mbconv_20_top_Pipeline_C1X1_IC_T|  return value|
|grp_fu_6857_p_din0                                                                |  out|   32|  ap_ctrl_hs|                                         mbconv_20_top_Pipeline_C1X1_IC_T|  return value|
|grp_fu_6857_p_dout0                                                               |   in|   32|  ap_ctrl_hs|                                         mbconv_20_top_Pipeline_C1X1_IC_T|  return value|
|grp_fu_6857_p_ce                                                                  |  out|    1|  ap_ctrl_hs|                                         mbconv_20_top_Pipeline_C1X1_IC_T|  return value|
|or_ln312                                                                          |   in|   16|     ap_none|                                                                 or_ln312|        scalar|
|or_ln312_1                                                                        |   in|   16|     ap_none|                                                               or_ln312_1|        scalar|
|or_ln312_2                                                                        |   in|   16|     ap_none|                                                               or_ln312_2|        scalar|
|select_ln312_1                                                                    |   in|    9|     ap_none|                                                           select_ln312_1|        scalar|
|zext_ln312_9                                                                      |   in|   12|     ap_none|                                                             zext_ln312_9|        scalar|
|w_conv_0_Addr_A                                                                   |  out|   32|        bram|                                                                 w_conv_0|         array|
|w_conv_0_EN_A                                                                     |  out|    1|        bram|                                                                 w_conv_0|         array|
|w_conv_0_WEN_A                                                                    |  out|    1|        bram|                                                                 w_conv_0|         array|
|w_conv_0_Din_A                                                                    |  out|    8|        bram|                                                                 w_conv_0|         array|
|w_conv_0_Dout_A                                                                   |   in|    8|        bram|                                                                 w_conv_0|         array|
|w_conv_0_Addr_B                                                                   |  out|   32|        bram|                                                                 w_conv_0|         array|
|w_conv_0_EN_B                                                                     |  out|    1|        bram|                                                                 w_conv_0|         array|
|w_conv_0_WEN_B                                                                    |  out|    1|        bram|                                                                 w_conv_0|         array|
|w_conv_0_Din_B                                                                    |  out|    8|        bram|                                                                 w_conv_0|         array|
|w_conv_0_Dout_B                                                                   |   in|    8|        bram|                                                                 w_conv_0|         array|
|zext_ln312_10                                                                     |   in|   12|     ap_none|                                                            zext_ln312_10|        scalar|
|zext_ln312_11                                                                     |   in|   12|     ap_none|                                                            zext_ln312_11|        scalar|
|zext_ln312_12                                                                     |   in|   12|     ap_none|                                                            zext_ln312_12|        scalar|
|w_conv_1_Addr_A                                                                   |  out|   32|        bram|                                                                 w_conv_1|         array|
|w_conv_1_EN_A                                                                     |  out|    1|        bram|                                                                 w_conv_1|         array|
|w_conv_1_WEN_A                                                                    |  out|    1|        bram|                                                                 w_conv_1|         array|
|w_conv_1_Din_A                                                                    |  out|    8|        bram|                                                                 w_conv_1|         array|
|w_conv_1_Dout_A                                                                   |   in|    8|        bram|                                                                 w_conv_1|         array|
|w_conv_1_Addr_B                                                                   |  out|   32|        bram|                                                                 w_conv_1|         array|
|w_conv_1_EN_B                                                                     |  out|    1|        bram|                                                                 w_conv_1|         array|
|w_conv_1_WEN_B                                                                    |  out|    1|        bram|                                                                 w_conv_1|         array|
|w_conv_1_Din_B                                                                    |  out|    8|        bram|                                                                 w_conv_1|         array|
|w_conv_1_Dout_B                                                                   |   in|    8|        bram|                                                                 w_conv_1|         array|
|w_conv_2_Addr_A                                                                   |  out|   32|        bram|                                                                 w_conv_2|         array|
|w_conv_2_EN_A                                                                     |  out|    1|        bram|                                                                 w_conv_2|         array|
|w_conv_2_WEN_A                                                                    |  out|    1|        bram|                                                                 w_conv_2|         array|
|w_conv_2_Din_A                                                                    |  out|    8|        bram|                                                                 w_conv_2|         array|
|w_conv_2_Dout_A                                                                   |   in|    8|        bram|                                                                 w_conv_2|         array|
|w_conv_2_Addr_B                                                                   |  out|   32|        bram|                                                                 w_conv_2|         array|
|w_conv_2_EN_B                                                                     |  out|    1|        bram|                                                                 w_conv_2|         array|
|w_conv_2_WEN_B                                                                    |  out|    1|        bram|                                                                 w_conv_2|         array|
|w_conv_2_Din_B                                                                    |  out|    8|        bram|                                                                 w_conv_2|         array|
|w_conv_2_Dout_B                                                                   |   in|    8|        bram|                                                                 w_conv_2|         array|
|w_conv_3_Addr_A                                                                   |  out|   32|        bram|                                                                 w_conv_3|         array|
|w_conv_3_EN_A                                                                     |  out|    1|        bram|                                                                 w_conv_3|         array|
|w_conv_3_WEN_A                                                                    |  out|    1|        bram|                                                                 w_conv_3|         array|
|w_conv_3_Din_A                                                                    |  out|    8|        bram|                                                                 w_conv_3|         array|
|w_conv_3_Dout_A                                                                   |   in|    8|        bram|                                                                 w_conv_3|         array|
|w_conv_3_Addr_B                                                                   |  out|   32|        bram|                                                                 w_conv_3|         array|
|w_conv_3_EN_B                                                                     |  out|    1|        bram|                                                                 w_conv_3|         array|
|w_conv_3_WEN_B                                                                    |  out|    1|        bram|                                                                 w_conv_3|         array|
|w_conv_3_Din_B                                                                    |  out|    8|        bram|                                                                 w_conv_3|         array|
|w_conv_3_Dout_B                                                                   |   in|    8|        bram|                                                                 w_conv_3|         array|
|w_conv_4_Addr_A                                                                   |  out|   32|        bram|                                                                 w_conv_4|         array|
|w_conv_4_EN_A                                                                     |  out|    1|        bram|                                                                 w_conv_4|         array|
|w_conv_4_WEN_A                                                                    |  out|    1|        bram|                                                                 w_conv_4|         array|
|w_conv_4_Din_A                                                                    |  out|    8|        bram|                                                                 w_conv_4|         array|
|w_conv_4_Dout_A                                                                   |   in|    8|        bram|                                                                 w_conv_4|         array|
|w_conv_4_Addr_B                                                                   |  out|   32|        bram|                                                                 w_conv_4|         array|
|w_conv_4_EN_B                                                                     |  out|    1|        bram|                                                                 w_conv_4|         array|
|w_conv_4_WEN_B                                                                    |  out|    1|        bram|                                                                 w_conv_4|         array|
|w_conv_4_Din_B                                                                    |  out|    8|        bram|                                                                 w_conv_4|         array|
|w_conv_4_Dout_B                                                                   |   in|    8|        bram|                                                                 w_conv_4|         array|
|w_conv_5_Addr_A                                                                   |  out|   32|        bram|                                                                 w_conv_5|         array|
|w_conv_5_EN_A                                                                     |  out|    1|        bram|                                                                 w_conv_5|         array|
|w_conv_5_WEN_A                                                                    |  out|    1|        bram|                                                                 w_conv_5|         array|
|w_conv_5_Din_A                                                                    |  out|    8|        bram|                                                                 w_conv_5|         array|
|w_conv_5_Dout_A                                                                   |   in|    8|        bram|                                                                 w_conv_5|         array|
|w_conv_5_Addr_B                                                                   |  out|   32|        bram|                                                                 w_conv_5|         array|
|w_conv_5_EN_B                                                                     |  out|    1|        bram|                                                                 w_conv_5|         array|
|w_conv_5_WEN_B                                                                    |  out|    1|        bram|                                                                 w_conv_5|         array|
|w_conv_5_Din_B                                                                    |  out|    8|        bram|                                                                 w_conv_5|         array|
|w_conv_5_Dout_B                                                                   |   in|    8|        bram|                                                                 w_conv_5|         array|
|w_conv_6_Addr_A                                                                   |  out|   32|        bram|                                                                 w_conv_6|         array|
|w_conv_6_EN_A                                                                     |  out|    1|        bram|                                                                 w_conv_6|         array|
|w_conv_6_WEN_A                                                                    |  out|    1|        bram|                                                                 w_conv_6|         array|
|w_conv_6_Din_A                                                                    |  out|    8|        bram|                                                                 w_conv_6|         array|
|w_conv_6_Dout_A                                                                   |   in|    8|        bram|                                                                 w_conv_6|         array|
|w_conv_6_Addr_B                                                                   |  out|   32|        bram|                                                                 w_conv_6|         array|
|w_conv_6_EN_B                                                                     |  out|    1|        bram|                                                                 w_conv_6|         array|
|w_conv_6_WEN_B                                                                    |  out|    1|        bram|                                                                 w_conv_6|         array|
|w_conv_6_Din_B                                                                    |  out|    8|        bram|                                                                 w_conv_6|         array|
|w_conv_6_Dout_B                                                                   |   in|    8|        bram|                                                                 w_conv_6|         array|
|w_conv_7_Addr_A                                                                   |  out|   32|        bram|                                                                 w_conv_7|         array|
|w_conv_7_EN_A                                                                     |  out|    1|        bram|                                                                 w_conv_7|         array|
|w_conv_7_WEN_A                                                                    |  out|    1|        bram|                                                                 w_conv_7|         array|
|w_conv_7_Din_A                                                                    |  out|    8|        bram|                                                                 w_conv_7|         array|
|w_conv_7_Dout_A                                                                   |   in|    8|        bram|                                                                 w_conv_7|         array|
|w_conv_7_Addr_B                                                                   |  out|   32|        bram|                                                                 w_conv_7|         array|
|w_conv_7_EN_B                                                                     |  out|    1|        bram|                                                                 w_conv_7|         array|
|w_conv_7_WEN_B                                                                    |  out|    1|        bram|                                                                 w_conv_7|         array|
|w_conv_7_Din_B                                                                    |  out|    8|        bram|                                                                 w_conv_7|         array|
|w_conv_7_Dout_B                                                                   |   in|    8|        bram|                                                                 w_conv_7|         array|
|w_conv_8_Addr_A                                                                   |  out|   32|        bram|                                                                 w_conv_8|         array|
|w_conv_8_EN_A                                                                     |  out|    1|        bram|                                                                 w_conv_8|         array|
|w_conv_8_WEN_A                                                                    |  out|    1|        bram|                                                                 w_conv_8|         array|
|w_conv_8_Din_A                                                                    |  out|    8|        bram|                                                                 w_conv_8|         array|
|w_conv_8_Dout_A                                                                   |   in|    8|        bram|                                                                 w_conv_8|         array|
|w_conv_8_Addr_B                                                                   |  out|   32|        bram|                                                                 w_conv_8|         array|
|w_conv_8_EN_B                                                                     |  out|    1|        bram|                                                                 w_conv_8|         array|
|w_conv_8_WEN_B                                                                    |  out|    1|        bram|                                                                 w_conv_8|         array|
|w_conv_8_Din_B                                                                    |  out|    8|        bram|                                                                 w_conv_8|         array|
|w_conv_8_Dout_B                                                                   |   in|    8|        bram|                                                                 w_conv_8|         array|
|w_conv_9_Addr_A                                                                   |  out|   32|        bram|                                                                 w_conv_9|         array|
|w_conv_9_EN_A                                                                     |  out|    1|        bram|                                                                 w_conv_9|         array|
|w_conv_9_WEN_A                                                                    |  out|    1|        bram|                                                                 w_conv_9|         array|
|w_conv_9_Din_A                                                                    |  out|    8|        bram|                                                                 w_conv_9|         array|
|w_conv_9_Dout_A                                                                   |   in|    8|        bram|                                                                 w_conv_9|         array|
|w_conv_9_Addr_B                                                                   |  out|   32|        bram|                                                                 w_conv_9|         array|
|w_conv_9_EN_B                                                                     |  out|    1|        bram|                                                                 w_conv_9|         array|
|w_conv_9_WEN_B                                                                    |  out|    1|        bram|                                                                 w_conv_9|         array|
|w_conv_9_Din_B                                                                    |  out|    8|        bram|                                                                 w_conv_9|         array|
|w_conv_9_Dout_B                                                                   |   in|    8|        bram|                                                                 w_conv_9|         array|
|w_conv_10_Addr_A                                                                  |  out|   32|        bram|                                                                w_conv_10|         array|
|w_conv_10_EN_A                                                                    |  out|    1|        bram|                                                                w_conv_10|         array|
|w_conv_10_WEN_A                                                                   |  out|    1|        bram|                                                                w_conv_10|         array|
|w_conv_10_Din_A                                                                   |  out|    8|        bram|                                                                w_conv_10|         array|
|w_conv_10_Dout_A                                                                  |   in|    8|        bram|                                                                w_conv_10|         array|
|w_conv_10_Addr_B                                                                  |  out|   32|        bram|                                                                w_conv_10|         array|
|w_conv_10_EN_B                                                                    |  out|    1|        bram|                                                                w_conv_10|         array|
|w_conv_10_WEN_B                                                                   |  out|    1|        bram|                                                                w_conv_10|         array|
|w_conv_10_Din_B                                                                   |  out|    8|        bram|                                                                w_conv_10|         array|
|w_conv_10_Dout_B                                                                  |   in|    8|        bram|                                                                w_conv_10|         array|
|w_conv_11_Addr_A                                                                  |  out|   32|        bram|                                                                w_conv_11|         array|
|w_conv_11_EN_A                                                                    |  out|    1|        bram|                                                                w_conv_11|         array|
|w_conv_11_WEN_A                                                                   |  out|    1|        bram|                                                                w_conv_11|         array|
|w_conv_11_Din_A                                                                   |  out|    8|        bram|                                                                w_conv_11|         array|
|w_conv_11_Dout_A                                                                  |   in|    8|        bram|                                                                w_conv_11|         array|
|w_conv_11_Addr_B                                                                  |  out|   32|        bram|                                                                w_conv_11|         array|
|w_conv_11_EN_B                                                                    |  out|    1|        bram|                                                                w_conv_11|         array|
|w_conv_11_WEN_B                                                                   |  out|    1|        bram|                                                                w_conv_11|         array|
|w_conv_11_Din_B                                                                   |  out|    8|        bram|                                                                w_conv_11|         array|
|w_conv_11_Dout_B                                                                  |   in|    8|        bram|                                                                w_conv_11|         array|
|w_conv_12_Addr_A                                                                  |  out|   32|        bram|                                                                w_conv_12|         array|
|w_conv_12_EN_A                                                                    |  out|    1|        bram|                                                                w_conv_12|         array|
|w_conv_12_WEN_A                                                                   |  out|    1|        bram|                                                                w_conv_12|         array|
|w_conv_12_Din_A                                                                   |  out|    8|        bram|                                                                w_conv_12|         array|
|w_conv_12_Dout_A                                                                  |   in|    8|        bram|                                                                w_conv_12|         array|
|w_conv_12_Addr_B                                                                  |  out|   32|        bram|                                                                w_conv_12|         array|
|w_conv_12_EN_B                                                                    |  out|    1|        bram|                                                                w_conv_12|         array|
|w_conv_12_WEN_B                                                                   |  out|    1|        bram|                                                                w_conv_12|         array|
|w_conv_12_Din_B                                                                   |  out|    8|        bram|                                                                w_conv_12|         array|
|w_conv_12_Dout_B                                                                  |   in|    8|        bram|                                                                w_conv_12|         array|
|w_conv_13_Addr_A                                                                  |  out|   32|        bram|                                                                w_conv_13|         array|
|w_conv_13_EN_A                                                                    |  out|    1|        bram|                                                                w_conv_13|         array|
|w_conv_13_WEN_A                                                                   |  out|    1|        bram|                                                                w_conv_13|         array|
|w_conv_13_Din_A                                                                   |  out|    8|        bram|                                                                w_conv_13|         array|
|w_conv_13_Dout_A                                                                  |   in|    8|        bram|                                                                w_conv_13|         array|
|w_conv_13_Addr_B                                                                  |  out|   32|        bram|                                                                w_conv_13|         array|
|w_conv_13_EN_B                                                                    |  out|    1|        bram|                                                                w_conv_13|         array|
|w_conv_13_WEN_B                                                                   |  out|    1|        bram|                                                                w_conv_13|         array|
|w_conv_13_Din_B                                                                   |  out|    8|        bram|                                                                w_conv_13|         array|
|w_conv_13_Dout_B                                                                  |   in|    8|        bram|                                                                w_conv_13|         array|
|w_conv_14_Addr_A                                                                  |  out|   32|        bram|                                                                w_conv_14|         array|
|w_conv_14_EN_A                                                                    |  out|    1|        bram|                                                                w_conv_14|         array|
|w_conv_14_WEN_A                                                                   |  out|    1|        bram|                                                                w_conv_14|         array|
|w_conv_14_Din_A                                                                   |  out|    8|        bram|                                                                w_conv_14|         array|
|w_conv_14_Dout_A                                                                  |   in|    8|        bram|                                                                w_conv_14|         array|
|w_conv_14_Addr_B                                                                  |  out|   32|        bram|                                                                w_conv_14|         array|
|w_conv_14_EN_B                                                                    |  out|    1|        bram|                                                                w_conv_14|         array|
|w_conv_14_WEN_B                                                                   |  out|    1|        bram|                                                                w_conv_14|         array|
|w_conv_14_Din_B                                                                   |  out|    8|        bram|                                                                w_conv_14|         array|
|w_conv_14_Dout_B                                                                  |   in|    8|        bram|                                                                w_conv_14|         array|
|w_conv_15_Addr_A                                                                  |  out|   32|        bram|                                                                w_conv_15|         array|
|w_conv_15_EN_A                                                                    |  out|    1|        bram|                                                                w_conv_15|         array|
|w_conv_15_WEN_A                                                                   |  out|    1|        bram|                                                                w_conv_15|         array|
|w_conv_15_Din_A                                                                   |  out|    8|        bram|                                                                w_conv_15|         array|
|w_conv_15_Dout_A                                                                  |   in|    8|        bram|                                                                w_conv_15|         array|
|w_conv_15_Addr_B                                                                  |  out|   32|        bram|                                                                w_conv_15|         array|
|w_conv_15_EN_B                                                                    |  out|    1|        bram|                                                                w_conv_15|         array|
|w_conv_15_WEN_B                                                                   |  out|    1|        bram|                                                                w_conv_15|         array|
|w_conv_15_Din_B                                                                   |  out|    8|        bram|                                                                w_conv_15|         array|
|w_conv_15_Dout_B                                                                  |   in|    8|        bram|                                                                w_conv_15|         array|
|partial0_40_out                                                                   |  out|   32|      ap_vld|                                                          partial0_40_out|       pointer|
|partial0_40_out_ap_vld                                                            |  out|    1|      ap_vld|                                                          partial0_40_out|       pointer|
|partial0_39_out                                                                   |  out|   32|      ap_vld|                                                          partial0_39_out|       pointer|
|partial0_39_out_ap_vld                                                            |  out|    1|      ap_vld|                                                          partial0_39_out|       pointer|
|partial0_38_out                                                                   |  out|   32|      ap_vld|                                                          partial0_38_out|       pointer|
|partial0_38_out_ap_vld                                                            |  out|    1|      ap_vld|                                                          partial0_38_out|       pointer|
|partial0_37_out                                                                   |  out|   32|      ap_vld|                                                          partial0_37_out|       pointer|
|partial0_37_out_ap_vld                                                            |  out|    1|      ap_vld|                                                          partial0_37_out|       pointer|
|partial0_36_out                                                                   |  out|   32|      ap_vld|                                                          partial0_36_out|       pointer|
|partial0_36_out_ap_vld                                                            |  out|    1|      ap_vld|                                                          partial0_36_out|       pointer|
|partial0_35_out                                                                   |  out|   32|      ap_vld|                                                          partial0_35_out|       pointer|
|partial0_35_out_ap_vld                                                            |  out|    1|      ap_vld|                                                          partial0_35_out|       pointer|
|partial0_34_out                                                                   |  out|   32|      ap_vld|                                                          partial0_34_out|       pointer|
|partial0_34_out_ap_vld                                                            |  out|    1|      ap_vld|                                                          partial0_34_out|       pointer|
|partial0_33_out                                                                   |  out|   32|      ap_vld|                                                          partial0_33_out|       pointer|
|partial0_33_out_ap_vld                                                            |  out|    1|      ap_vld|                                                          partial0_33_out|       pointer|
|partial0_32_out                                                                   |  out|   32|      ap_vld|                                                          partial0_32_out|       pointer|
|partial0_32_out_ap_vld                                                            |  out|    1|      ap_vld|                                                          partial0_32_out|       pointer|
|partial0_31_out                                                                   |  out|   32|      ap_vld|                                                          partial0_31_out|       pointer|
|partial0_31_out_ap_vld                                                            |  out|    1|      ap_vld|                                                          partial0_31_out|       pointer|
|partial0_30_out                                                                   |  out|   32|      ap_vld|                                                          partial0_30_out|       pointer|
|partial0_30_out_ap_vld                                                            |  out|    1|      ap_vld|                                                          partial0_30_out|       pointer|
|partial0_29_out                                                                   |  out|   32|      ap_vld|                                                          partial0_29_out|       pointer|
|partial0_29_out_ap_vld                                                            |  out|    1|      ap_vld|                                                          partial0_29_out|       pointer|
|partial0_28_out                                                                   |  out|   32|      ap_vld|                                                          partial0_28_out|       pointer|
|partial0_28_out_ap_vld                                                            |  out|    1|      ap_vld|                                                          partial0_28_out|       pointer|
|partial0_27_out                                                                   |  out|   32|      ap_vld|                                                          partial0_27_out|       pointer|
|partial0_27_out_ap_vld                                                            |  out|    1|      ap_vld|                                                          partial0_27_out|       pointer|
|partial0_26_out                                                                   |  out|   32|      ap_vld|                                                          partial0_26_out|       pointer|
|partial0_26_out_ap_vld                                                            |  out|    1|      ap_vld|                                                          partial0_26_out|       pointer|
|partial0_25_out                                                                   |  out|   32|      ap_vld|                                                          partial0_25_out|       pointer|
|partial0_25_out_ap_vld                                                            |  out|    1|      ap_vld|                                                          partial0_25_out|       pointer|
|partial0_24_out                                                                   |  out|   32|      ap_vld|                                                          partial0_24_out|       pointer|
|partial0_24_out_ap_vld                                                            |  out|    1|      ap_vld|                                                          partial0_24_out|       pointer|
|partial0_23_out                                                                   |  out|   32|      ap_vld|                                                          partial0_23_out|       pointer|
|partial0_23_out_ap_vld                                                            |  out|    1|      ap_vld|                                                          partial0_23_out|       pointer|
|partial0_22_out                                                                   |  out|   32|      ap_vld|                                                          partial0_22_out|       pointer|
|partial0_22_out_ap_vld                                                            |  out|    1|      ap_vld|                                                          partial0_22_out|       pointer|
|partial0_21_out                                                                   |  out|   32|      ap_vld|                                                          partial0_21_out|       pointer|
|partial0_21_out_ap_vld                                                            |  out|    1|      ap_vld|                                                          partial0_21_out|       pointer|
|partial0_20_out                                                                   |  out|   32|      ap_vld|                                                          partial0_20_out|       pointer|
|partial0_20_out_ap_vld                                                            |  out|    1|      ap_vld|                                                          partial0_20_out|       pointer|
|partial0_19_out                                                                   |  out|   32|      ap_vld|                                                          partial0_19_out|       pointer|
|partial0_19_out_ap_vld                                                            |  out|    1|      ap_vld|                                                          partial0_19_out|       pointer|
|partial0_18_out                                                                   |  out|   32|      ap_vld|                                                          partial0_18_out|       pointer|
|partial0_18_out_ap_vld                                                            |  out|    1|      ap_vld|                                                          partial0_18_out|       pointer|
|partial0_17_out                                                                   |  out|   32|      ap_vld|                                                          partial0_17_out|       pointer|
|partial0_17_out_ap_vld                                                            |  out|    1|      ap_vld|                                                          partial0_17_out|       pointer|
|partial0_16_out                                                                   |  out|   32|      ap_vld|                                                          partial0_16_out|       pointer|
|partial0_16_out_ap_vld                                                            |  out|    1|      ap_vld|                                                          partial0_16_out|       pointer|
|partial0_15_out                                                                   |  out|   32|      ap_vld|                                                          partial0_15_out|       pointer|
|partial0_15_out_ap_vld                                                            |  out|    1|      ap_vld|                                                          partial0_15_out|       pointer|
|partial0_14_out                                                                   |  out|   32|      ap_vld|                                                          partial0_14_out|       pointer|
|partial0_14_out_ap_vld                                                            |  out|    1|      ap_vld|                                                          partial0_14_out|       pointer|
|partial0_13_out                                                                   |  out|   32|      ap_vld|                                                          partial0_13_out|       pointer|
|partial0_13_out_ap_vld                                                            |  out|    1|      ap_vld|                                                          partial0_13_out|       pointer|
|partial0_12_out                                                                   |  out|   32|      ap_vld|                                                          partial0_12_out|       pointer|
|partial0_12_out_ap_vld                                                            |  out|    1|      ap_vld|                                                          partial0_12_out|       pointer|
|partial0_11_out                                                                   |  out|   32|      ap_vld|                                                          partial0_11_out|       pointer|
|partial0_11_out_ap_vld                                                            |  out|    1|      ap_vld|                                                          partial0_11_out|       pointer|
|partial0_10_out                                                                   |  out|   32|      ap_vld|                                                          partial0_10_out|       pointer|
|partial0_10_out_ap_vld                                                            |  out|    1|      ap_vld|                                                          partial0_10_out|       pointer|
|partial0_9_out                                                                    |  out|   32|      ap_vld|                                                           partial0_9_out|       pointer|
|partial0_9_out_ap_vld                                                             |  out|    1|      ap_vld|                                                           partial0_9_out|       pointer|
|partial1_40_out                                                                   |  out|   32|      ap_vld|                                                          partial1_40_out|       pointer|
|partial1_40_out_ap_vld                                                            |  out|    1|      ap_vld|                                                          partial1_40_out|       pointer|
|partial1_39_out                                                                   |  out|   32|      ap_vld|                                                          partial1_39_out|       pointer|
|partial1_39_out_ap_vld                                                            |  out|    1|      ap_vld|                                                          partial1_39_out|       pointer|
|partial1_38_out                                                                   |  out|   32|      ap_vld|                                                          partial1_38_out|       pointer|
|partial1_38_out_ap_vld                                                            |  out|    1|      ap_vld|                                                          partial1_38_out|       pointer|
|partial1_37_out                                                                   |  out|   32|      ap_vld|                                                          partial1_37_out|       pointer|
|partial1_37_out_ap_vld                                                            |  out|    1|      ap_vld|                                                          partial1_37_out|       pointer|
|partial1_36_out                                                                   |  out|   32|      ap_vld|                                                          partial1_36_out|       pointer|
|partial1_36_out_ap_vld                                                            |  out|    1|      ap_vld|                                                          partial1_36_out|       pointer|
|partial1_35_out                                                                   |  out|   32|      ap_vld|                                                          partial1_35_out|       pointer|
|partial1_35_out_ap_vld                                                            |  out|    1|      ap_vld|                                                          partial1_35_out|       pointer|
|partial1_34_out                                                                   |  out|   32|      ap_vld|                                                          partial1_34_out|       pointer|
|partial1_34_out_ap_vld                                                            |  out|    1|      ap_vld|                                                          partial1_34_out|       pointer|
|partial1_33_out                                                                   |  out|   32|      ap_vld|                                                          partial1_33_out|       pointer|
|partial1_33_out_ap_vld                                                            |  out|    1|      ap_vld|                                                          partial1_33_out|       pointer|
|partial1_32_out                                                                   |  out|   32|      ap_vld|                                                          partial1_32_out|       pointer|
|partial1_32_out_ap_vld                                                            |  out|    1|      ap_vld|                                                          partial1_32_out|       pointer|
|partial1_31_out                                                                   |  out|   32|      ap_vld|                                                          partial1_31_out|       pointer|
|partial1_31_out_ap_vld                                                            |  out|    1|      ap_vld|                                                          partial1_31_out|       pointer|
|partial1_30_out                                                                   |  out|   32|      ap_vld|                                                          partial1_30_out|       pointer|
|partial1_30_out_ap_vld                                                            |  out|    1|      ap_vld|                                                          partial1_30_out|       pointer|
|partial1_29_out                                                                   |  out|   32|      ap_vld|                                                          partial1_29_out|       pointer|
|partial1_29_out_ap_vld                                                            |  out|    1|      ap_vld|                                                          partial1_29_out|       pointer|
|partial1_28_out                                                                   |  out|   32|      ap_vld|                                                          partial1_28_out|       pointer|
|partial1_28_out_ap_vld                                                            |  out|    1|      ap_vld|                                                          partial1_28_out|       pointer|
|partial1_27_out                                                                   |  out|   32|      ap_vld|                                                          partial1_27_out|       pointer|
|partial1_27_out_ap_vld                                                            |  out|    1|      ap_vld|                                                          partial1_27_out|       pointer|
|partial1_26_out                                                                   |  out|   32|      ap_vld|                                                          partial1_26_out|       pointer|
|partial1_26_out_ap_vld                                                            |  out|    1|      ap_vld|                                                          partial1_26_out|       pointer|
|partial1_25_out                                                                   |  out|   32|      ap_vld|                                                          partial1_25_out|       pointer|
|partial1_25_out_ap_vld                                                            |  out|    1|      ap_vld|                                                          partial1_25_out|       pointer|
|partial1_24_out                                                                   |  out|   32|      ap_vld|                                                          partial1_24_out|       pointer|
|partial1_24_out_ap_vld                                                            |  out|    1|      ap_vld|                                                          partial1_24_out|       pointer|
|partial1_23_out                                                                   |  out|   32|      ap_vld|                                                          partial1_23_out|       pointer|
|partial1_23_out_ap_vld                                                            |  out|    1|      ap_vld|                                                          partial1_23_out|       pointer|
|partial1_22_out                                                                   |  out|   32|      ap_vld|                                                          partial1_22_out|       pointer|
|partial1_22_out_ap_vld                                                            |  out|    1|      ap_vld|                                                          partial1_22_out|       pointer|
|partial1_21_out                                                                   |  out|   32|      ap_vld|                                                          partial1_21_out|       pointer|
|partial1_21_out_ap_vld                                                            |  out|    1|      ap_vld|                                                          partial1_21_out|       pointer|
|partial1_20_out                                                                   |  out|   32|      ap_vld|                                                          partial1_20_out|       pointer|
|partial1_20_out_ap_vld                                                            |  out|    1|      ap_vld|                                                          partial1_20_out|       pointer|
|partial1_19_out                                                                   |  out|   32|      ap_vld|                                                          partial1_19_out|       pointer|
|partial1_19_out_ap_vld                                                            |  out|    1|      ap_vld|                                                          partial1_19_out|       pointer|
|partial1_18_out                                                                   |  out|   32|      ap_vld|                                                          partial1_18_out|       pointer|
|partial1_18_out_ap_vld                                                            |  out|    1|      ap_vld|                                                          partial1_18_out|       pointer|
|partial1_17_out                                                                   |  out|   32|      ap_vld|                                                          partial1_17_out|       pointer|
|partial1_17_out_ap_vld                                                            |  out|    1|      ap_vld|                                                          partial1_17_out|       pointer|
|partial1_16_out                                                                   |  out|   32|      ap_vld|                                                          partial1_16_out|       pointer|
|partial1_16_out_ap_vld                                                            |  out|    1|      ap_vld|                                                          partial1_16_out|       pointer|
|partial1_15_out                                                                   |  out|   32|      ap_vld|                                                          partial1_15_out|       pointer|
|partial1_15_out_ap_vld                                                            |  out|    1|      ap_vld|                                                          partial1_15_out|       pointer|
|partial1_14_out                                                                   |  out|   32|      ap_vld|                                                          partial1_14_out|       pointer|
|partial1_14_out_ap_vld                                                            |  out|    1|      ap_vld|                                                          partial1_14_out|       pointer|
|partial1_13_out                                                                   |  out|   32|      ap_vld|                                                          partial1_13_out|       pointer|
|partial1_13_out_ap_vld                                                            |  out|    1|      ap_vld|                                                          partial1_13_out|       pointer|
|partial1_12_out                                                                   |  out|   32|      ap_vld|                                                          partial1_12_out|       pointer|
|partial1_12_out_ap_vld                                                            |  out|    1|      ap_vld|                                                          partial1_12_out|       pointer|
|partial1_11_out                                                                   |  out|   32|      ap_vld|                                                          partial1_11_out|       pointer|
|partial1_11_out_ap_vld                                                            |  out|    1|      ap_vld|                                                          partial1_11_out|       pointer|
|partial1_10_out                                                                   |  out|   32|      ap_vld|                                                          partial1_10_out|       pointer|
|partial1_10_out_ap_vld                                                            |  out|    1|      ap_vld|                                                          partial1_10_out|       pointer|
|partial1_9_out                                                                    |  out|   32|      ap_vld|                                                           partial1_9_out|       pointer|
|partial1_9_out_ap_vld                                                             |  out|    1|      ap_vld|                                                           partial1_9_out|       pointer|
|partial2_40_out                                                                   |  out|   32|      ap_vld|                                                          partial2_40_out|       pointer|
|partial2_40_out_ap_vld                                                            |  out|    1|      ap_vld|                                                          partial2_40_out|       pointer|
|partial2_39_out                                                                   |  out|   32|      ap_vld|                                                          partial2_39_out|       pointer|
|partial2_39_out_ap_vld                                                            |  out|    1|      ap_vld|                                                          partial2_39_out|       pointer|
|partial2_38_out                                                                   |  out|   32|      ap_vld|                                                          partial2_38_out|       pointer|
|partial2_38_out_ap_vld                                                            |  out|    1|      ap_vld|                                                          partial2_38_out|       pointer|
|partial2_37_out                                                                   |  out|   32|      ap_vld|                                                          partial2_37_out|       pointer|
|partial2_37_out_ap_vld                                                            |  out|    1|      ap_vld|                                                          partial2_37_out|       pointer|
|partial2_36_out                                                                   |  out|   32|      ap_vld|                                                          partial2_36_out|       pointer|
|partial2_36_out_ap_vld                                                            |  out|    1|      ap_vld|                                                          partial2_36_out|       pointer|
|partial2_35_out                                                                   |  out|   32|      ap_vld|                                                          partial2_35_out|       pointer|
|partial2_35_out_ap_vld                                                            |  out|    1|      ap_vld|                                                          partial2_35_out|       pointer|
|partial2_34_out                                                                   |  out|   32|      ap_vld|                                                          partial2_34_out|       pointer|
|partial2_34_out_ap_vld                                                            |  out|    1|      ap_vld|                                                          partial2_34_out|       pointer|
|partial2_33_out                                                                   |  out|   32|      ap_vld|                                                          partial2_33_out|       pointer|
|partial2_33_out_ap_vld                                                            |  out|    1|      ap_vld|                                                          partial2_33_out|       pointer|
|partial2_32_out                                                                   |  out|   32|      ap_vld|                                                          partial2_32_out|       pointer|
|partial2_32_out_ap_vld                                                            |  out|    1|      ap_vld|                                                          partial2_32_out|       pointer|
|partial2_31_out                                                                   |  out|   32|      ap_vld|                                                          partial2_31_out|       pointer|
|partial2_31_out_ap_vld                                                            |  out|    1|      ap_vld|                                                          partial2_31_out|       pointer|
|partial2_30_out                                                                   |  out|   32|      ap_vld|                                                          partial2_30_out|       pointer|
|partial2_30_out_ap_vld                                                            |  out|    1|      ap_vld|                                                          partial2_30_out|       pointer|
|partial2_29_out                                                                   |  out|   32|      ap_vld|                                                          partial2_29_out|       pointer|
|partial2_29_out_ap_vld                                                            |  out|    1|      ap_vld|                                                          partial2_29_out|       pointer|
|partial2_28_out                                                                   |  out|   32|      ap_vld|                                                          partial2_28_out|       pointer|
|partial2_28_out_ap_vld                                                            |  out|    1|      ap_vld|                                                          partial2_28_out|       pointer|
|partial2_27_out                                                                   |  out|   32|      ap_vld|                                                          partial2_27_out|       pointer|
|partial2_27_out_ap_vld                                                            |  out|    1|      ap_vld|                                                          partial2_27_out|       pointer|
|partial2_26_out                                                                   |  out|   32|      ap_vld|                                                          partial2_26_out|       pointer|
|partial2_26_out_ap_vld                                                            |  out|    1|      ap_vld|                                                          partial2_26_out|       pointer|
|partial2_25_out                                                                   |  out|   32|      ap_vld|                                                          partial2_25_out|       pointer|
|partial2_25_out_ap_vld                                                            |  out|    1|      ap_vld|                                                          partial2_25_out|       pointer|
|partial2_24_out                                                                   |  out|   32|      ap_vld|                                                          partial2_24_out|       pointer|
|partial2_24_out_ap_vld                                                            |  out|    1|      ap_vld|                                                          partial2_24_out|       pointer|
|partial2_23_out                                                                   |  out|   32|      ap_vld|                                                          partial2_23_out|       pointer|
|partial2_23_out_ap_vld                                                            |  out|    1|      ap_vld|                                                          partial2_23_out|       pointer|
|partial2_22_out                                                                   |  out|   32|      ap_vld|                                                          partial2_22_out|       pointer|
|partial2_22_out_ap_vld                                                            |  out|    1|      ap_vld|                                                          partial2_22_out|       pointer|
|partial2_21_out                                                                   |  out|   32|      ap_vld|                                                          partial2_21_out|       pointer|
|partial2_21_out_ap_vld                                                            |  out|    1|      ap_vld|                                                          partial2_21_out|       pointer|
|partial2_20_out                                                                   |  out|   32|      ap_vld|                                                          partial2_20_out|       pointer|
|partial2_20_out_ap_vld                                                            |  out|    1|      ap_vld|                                                          partial2_20_out|       pointer|
|partial2_19_out                                                                   |  out|   32|      ap_vld|                                                          partial2_19_out|       pointer|
|partial2_19_out_ap_vld                                                            |  out|    1|      ap_vld|                                                          partial2_19_out|       pointer|
|partial2_18_out                                                                   |  out|   32|      ap_vld|                                                          partial2_18_out|       pointer|
|partial2_18_out_ap_vld                                                            |  out|    1|      ap_vld|                                                          partial2_18_out|       pointer|
|partial2_17_out                                                                   |  out|   32|      ap_vld|                                                          partial2_17_out|       pointer|
|partial2_17_out_ap_vld                                                            |  out|    1|      ap_vld|                                                          partial2_17_out|       pointer|
|partial2_16_out                                                                   |  out|   32|      ap_vld|                                                          partial2_16_out|       pointer|
|partial2_16_out_ap_vld                                                            |  out|    1|      ap_vld|                                                          partial2_16_out|       pointer|
|partial2_15_out                                                                   |  out|   32|      ap_vld|                                                          partial2_15_out|       pointer|
|partial2_15_out_ap_vld                                                            |  out|    1|      ap_vld|                                                          partial2_15_out|       pointer|
|partial2_14_out                                                                   |  out|   32|      ap_vld|                                                          partial2_14_out|       pointer|
|partial2_14_out_ap_vld                                                            |  out|    1|      ap_vld|                                                          partial2_14_out|       pointer|
|partial2_13_out                                                                   |  out|   32|      ap_vld|                                                          partial2_13_out|       pointer|
|partial2_13_out_ap_vld                                                            |  out|    1|      ap_vld|                                                          partial2_13_out|       pointer|
|partial2_12_out                                                                   |  out|   32|      ap_vld|                                                          partial2_12_out|       pointer|
|partial2_12_out_ap_vld                                                            |  out|    1|      ap_vld|                                                          partial2_12_out|       pointer|
|partial2_11_out                                                                   |  out|   32|      ap_vld|                                                          partial2_11_out|       pointer|
|partial2_11_out_ap_vld                                                            |  out|    1|      ap_vld|                                                          partial2_11_out|       pointer|
|partial2_10_out                                                                   |  out|   32|      ap_vld|                                                          partial2_10_out|       pointer|
|partial2_10_out_ap_vld                                                            |  out|    1|      ap_vld|                                                          partial2_10_out|       pointer|
|partial2_9_out                                                                    |  out|   32|      ap_vld|                                                           partial2_9_out|       pointer|
|partial2_9_out_ap_vld                                                             |  out|    1|      ap_vld|                                                           partial2_9_out|       pointer|
|partial3_48_out                                                                   |  out|   32|      ap_vld|                                                          partial3_48_out|       pointer|
|partial3_48_out_ap_vld                                                            |  out|    1|      ap_vld|                                                          partial3_48_out|       pointer|
|partial3_47_out                                                                   |  out|   32|      ap_vld|                                                          partial3_47_out|       pointer|
|partial3_47_out_ap_vld                                                            |  out|    1|      ap_vld|                                                          partial3_47_out|       pointer|
|partial3_46_out                                                                   |  out|   32|      ap_vld|                                                          partial3_46_out|       pointer|
|partial3_46_out_ap_vld                                                            |  out|    1|      ap_vld|                                                          partial3_46_out|       pointer|
|partial3_45_out                                                                   |  out|   32|      ap_vld|                                                          partial3_45_out|       pointer|
|partial3_45_out_ap_vld                                                            |  out|    1|      ap_vld|                                                          partial3_45_out|       pointer|
|partial3_44_out                                                                   |  out|   32|      ap_vld|                                                          partial3_44_out|       pointer|
|partial3_44_out_ap_vld                                                            |  out|    1|      ap_vld|                                                          partial3_44_out|       pointer|
|partial3_43_out                                                                   |  out|   32|      ap_vld|                                                          partial3_43_out|       pointer|
|partial3_43_out_ap_vld                                                            |  out|    1|      ap_vld|                                                          partial3_43_out|       pointer|
|partial3_42_out                                                                   |  out|   32|      ap_vld|                                                          partial3_42_out|       pointer|
|partial3_42_out_ap_vld                                                            |  out|    1|      ap_vld|                                                          partial3_42_out|       pointer|
|partial3_41_out                                                                   |  out|   32|      ap_vld|                                                          partial3_41_out|       pointer|
|partial3_41_out_ap_vld                                                            |  out|    1|      ap_vld|                                                          partial3_41_out|       pointer|
|partial3_40_out                                                                   |  out|   32|      ap_vld|                                                          partial3_40_out|       pointer|
|partial3_40_out_ap_vld                                                            |  out|    1|      ap_vld|                                                          partial3_40_out|       pointer|
|partial3_39_out                                                                   |  out|   32|      ap_vld|                                                          partial3_39_out|       pointer|
|partial3_39_out_ap_vld                                                            |  out|    1|      ap_vld|                                                          partial3_39_out|       pointer|
|partial3_38_out                                                                   |  out|   32|      ap_vld|                                                          partial3_38_out|       pointer|
|partial3_38_out_ap_vld                                                            |  out|    1|      ap_vld|                                                          partial3_38_out|       pointer|
|partial3_37_out                                                                   |  out|   32|      ap_vld|                                                          partial3_37_out|       pointer|
|partial3_37_out_ap_vld                                                            |  out|    1|      ap_vld|                                                          partial3_37_out|       pointer|
|partial3_36_out                                                                   |  out|   32|      ap_vld|                                                          partial3_36_out|       pointer|
|partial3_36_out_ap_vld                                                            |  out|    1|      ap_vld|                                                          partial3_36_out|       pointer|
|partial3_35_out                                                                   |  out|   32|      ap_vld|                                                          partial3_35_out|       pointer|
|partial3_35_out_ap_vld                                                            |  out|    1|      ap_vld|                                                          partial3_35_out|       pointer|
|partial3_34_out                                                                   |  out|   32|      ap_vld|                                                          partial3_34_out|       pointer|
|partial3_34_out_ap_vld                                                            |  out|    1|      ap_vld|                                                          partial3_34_out|       pointer|
|partial3_33_out                                                                   |  out|   32|      ap_vld|                                                          partial3_33_out|       pointer|
|partial3_33_out_ap_vld                                                            |  out|    1|      ap_vld|                                                          partial3_33_out|       pointer|
|partial3_32_out                                                                   |  out|   32|      ap_vld|                                                          partial3_32_out|       pointer|
|partial3_32_out_ap_vld                                                            |  out|    1|      ap_vld|                                                          partial3_32_out|       pointer|
|partial3_31_out                                                                   |  out|   32|      ap_vld|                                                          partial3_31_out|       pointer|
|partial3_31_out_ap_vld                                                            |  out|    1|      ap_vld|                                                          partial3_31_out|       pointer|
|partial3_30_out                                                                   |  out|   32|      ap_vld|                                                          partial3_30_out|       pointer|
|partial3_30_out_ap_vld                                                            |  out|    1|      ap_vld|                                                          partial3_30_out|       pointer|
|partial3_29_out                                                                   |  out|   32|      ap_vld|                                                          partial3_29_out|       pointer|
|partial3_29_out_ap_vld                                                            |  out|    1|      ap_vld|                                                          partial3_29_out|       pointer|
|partial3_28_out                                                                   |  out|   32|      ap_vld|                                                          partial3_28_out|       pointer|
|partial3_28_out_ap_vld                                                            |  out|    1|      ap_vld|                                                          partial3_28_out|       pointer|
|partial3_27_out                                                                   |  out|   32|      ap_vld|                                                          partial3_27_out|       pointer|
|partial3_27_out_ap_vld                                                            |  out|    1|      ap_vld|                                                          partial3_27_out|       pointer|
|partial3_26_out                                                                   |  out|   32|      ap_vld|                                                          partial3_26_out|       pointer|
|partial3_26_out_ap_vld                                                            |  out|    1|      ap_vld|                                                          partial3_26_out|       pointer|
|partial3_25_out                                                                   |  out|   32|      ap_vld|                                                          partial3_25_out|       pointer|
|partial3_25_out_ap_vld                                                            |  out|    1|      ap_vld|                                                          partial3_25_out|       pointer|
|partial3_24_out                                                                   |  out|   32|      ap_vld|                                                          partial3_24_out|       pointer|
|partial3_24_out_ap_vld                                                            |  out|    1|      ap_vld|                                                          partial3_24_out|       pointer|
|partial3_23_out                                                                   |  out|   32|      ap_vld|                                                          partial3_23_out|       pointer|
|partial3_23_out_ap_vld                                                            |  out|    1|      ap_vld|                                                          partial3_23_out|       pointer|
|partial3_22_out                                                                   |  out|   32|      ap_vld|                                                          partial3_22_out|       pointer|
|partial3_22_out_ap_vld                                                            |  out|    1|      ap_vld|                                                          partial3_22_out|       pointer|
|partial3_21_out                                                                   |  out|   32|      ap_vld|                                                          partial3_21_out|       pointer|
|partial3_21_out_ap_vld                                                            |  out|    1|      ap_vld|                                                          partial3_21_out|       pointer|
|partial3_20_out                                                                   |  out|   32|      ap_vld|                                                          partial3_20_out|       pointer|
|partial3_20_out_ap_vld                                                            |  out|    1|      ap_vld|                                                          partial3_20_out|       pointer|
|partial3_19_out                                                                   |  out|   32|      ap_vld|                                                          partial3_19_out|       pointer|
|partial3_19_out_ap_vld                                                            |  out|    1|      ap_vld|                                                          partial3_19_out|       pointer|
|partial3_18_out                                                                   |  out|   32|      ap_vld|                                                          partial3_18_out|       pointer|
|partial3_18_out_ap_vld                                                            |  out|    1|      ap_vld|                                                          partial3_18_out|       pointer|
|partial3_17_out                                                                   |  out|   32|      ap_vld|                                                          partial3_17_out|       pointer|
|partial3_17_out_ap_vld                                                            |  out|    1|      ap_vld|                                                          partial3_17_out|       pointer|
|mbconv_20_float_const_float_signed_char_const_int_float_const_int_in_13_address0  |  out|   16|   ap_memory|  mbconv_20_float_const_float_signed_char_const_int_float_const_int_in_13|         array|
|mbconv_20_float_const_float_signed_char_const_int_float_const_int_in_13_ce0       |  out|    1|   ap_memory|  mbconv_20_float_const_float_signed_char_const_int_float_const_int_in_13|         array|
|mbconv_20_float_const_float_signed_char_const_int_float_const_int_in_13_q0        |   in|   32|   ap_memory|  mbconv_20_float_const_float_signed_char_const_int_float_const_int_in_13|         array|
|mbconv_20_float_const_float_signed_char_const_int_float_const_int_in_13_address1  |  out|   16|   ap_memory|  mbconv_20_float_const_float_signed_char_const_int_float_const_int_in_13|         array|
|mbconv_20_float_const_float_signed_char_const_int_float_const_int_in_13_ce1       |  out|    1|   ap_memory|  mbconv_20_float_const_float_signed_char_const_int_float_const_int_in_13|         array|
|mbconv_20_float_const_float_signed_char_const_int_float_const_int_in_13_q1        |   in|   32|   ap_memory|  mbconv_20_float_const_float_signed_char_const_int_float_const_int_in_13|         array|
|mbconv_20_float_const_float_signed_char_const_int_float_const_int_in_12_address0  |  out|   16|   ap_memory|  mbconv_20_float_const_float_signed_char_const_int_float_const_int_in_12|         array|
|mbconv_20_float_const_float_signed_char_const_int_float_const_int_in_12_ce0       |  out|    1|   ap_memory|  mbconv_20_float_const_float_signed_char_const_int_float_const_int_in_12|         array|
|mbconv_20_float_const_float_signed_char_const_int_float_const_int_in_12_q0        |   in|   32|   ap_memory|  mbconv_20_float_const_float_signed_char_const_int_float_const_int_in_12|         array|
|mbconv_20_float_const_float_signed_char_const_int_float_const_int_in_12_address1  |  out|   16|   ap_memory|  mbconv_20_float_const_float_signed_char_const_int_float_const_int_in_12|         array|
|mbconv_20_float_const_float_signed_char_const_int_float_const_int_in_12_ce1       |  out|    1|   ap_memory|  mbconv_20_float_const_float_signed_char_const_int_float_const_int_in_12|         array|
|mbconv_20_float_const_float_signed_char_const_int_float_const_int_in_12_q1        |   in|   32|   ap_memory|  mbconv_20_float_const_float_signed_char_const_int_float_const_int_in_12|         array|
|mbconv_20_float_const_float_signed_char_const_int_float_const_int_in_11_address0  |  out|   16|   ap_memory|  mbconv_20_float_const_float_signed_char_const_int_float_const_int_in_11|         array|
|mbconv_20_float_const_float_signed_char_const_int_float_const_int_in_11_ce0       |  out|    1|   ap_memory|  mbconv_20_float_const_float_signed_char_const_int_float_const_int_in_11|         array|
|mbconv_20_float_const_float_signed_char_const_int_float_const_int_in_11_q0        |   in|   32|   ap_memory|  mbconv_20_float_const_float_signed_char_const_int_float_const_int_in_11|         array|
|mbconv_20_float_const_float_signed_char_const_int_float_const_int_in_11_address1  |  out|   16|   ap_memory|  mbconv_20_float_const_float_signed_char_const_int_float_const_int_in_11|         array|
|mbconv_20_float_const_float_signed_char_const_int_float_const_int_in_11_ce1       |  out|    1|   ap_memory|  mbconv_20_float_const_float_signed_char_const_int_float_const_int_in_11|         array|
|mbconv_20_float_const_float_signed_char_const_int_float_const_int_in_11_q1        |   in|   32|   ap_memory|  mbconv_20_float_const_float_signed_char_const_int_float_const_int_in_11|         array|
|mbconv_20_float_const_float_signed_char_const_int_float_const_int_in_10_address0  |  out|   16|   ap_memory|  mbconv_20_float_const_float_signed_char_const_int_float_const_int_in_10|         array|
|mbconv_20_float_const_float_signed_char_const_int_float_const_int_in_10_ce0       |  out|    1|   ap_memory|  mbconv_20_float_const_float_signed_char_const_int_float_const_int_in_10|         array|
|mbconv_20_float_const_float_signed_char_const_int_float_const_int_in_10_q0        |   in|   32|   ap_memory|  mbconv_20_float_const_float_signed_char_const_int_float_const_int_in_10|         array|
|mbconv_20_float_const_float_signed_char_const_int_float_const_int_in_10_address1  |  out|   16|   ap_memory|  mbconv_20_float_const_float_signed_char_const_int_float_const_int_in_10|         array|
|mbconv_20_float_const_float_signed_char_const_int_float_const_int_in_10_ce1       |  out|    1|   ap_memory|  mbconv_20_float_const_float_signed_char_const_int_float_const_int_in_10|         array|
|mbconv_20_float_const_float_signed_char_const_int_float_const_int_in_10_q1        |   in|   32|   ap_memory|  mbconv_20_float_const_float_signed_char_const_int_float_const_int_in_10|         array|
+----------------------------------------------------------------------------------+-----+-----+------------+-------------------------------------------------------------------------+--------------+

