

================================================================
== Synthesis Summary Report of 'transformer_blk_s4_top'
================================================================
+ General Information: 
    * Date:           Mon Jun  1 14:27:28 2026
    * Version:        2022.2 (Build 3670227 on Oct 13 2022)
    * Project:        s4_transformer_block
    * Solution:       solution1 (Vivado IP Flow Target)
    * Product family: zynquplus
    * Target device:  xczu9eg-ffvb1156-2-e
    

+ Performance & Resource Estimates: 
    
    PS: '+' for module; 'o' for loop; '*' for dataflow
    +----------------------------------------------------------------+--------+-------+----------+-----------+----------+----------+-------+----------+-----------+-----------+--------------+--------------+-----+
    |                             Modules                            |  Issue |       | Latency  |  Latency  | Iteration|          |  Trip |          |           |           |              |              |     |
    |                             & Loops                            |  Type  | Slack | (cycles) |    (ns)   |  Latency | Interval | Count | Pipelined|   BRAM    |    DSP    |      FF      |      LUT     | URAM|
    +----------------------------------------------------------------+--------+-------+----------+-----------+----------+----------+-------+----------+-----------+-----------+--------------+--------------+-----+
    |+ transformer_blk_s4_top                                        |  Timing|  -0.80|  18061423|  9.031e+07|         -|  18061424|      -|        no|  274 (15%)|  357 (14%)|  276387 (50%)|  270700 (98%)|    -|
    | + transformer_blk_s4_top_Pipeline_COPY_IN                      |       -|   1.18|      6002|  3.001e+04|         -|      6002|      -|        no|          -|          -|      29 (~0%)|      70 (~0%)|    -|
    |  o COPY_IN                                                     |       -|   3.65|      6000|  3.000e+04|         2|         1|   6000|       yes|          -|          -|             -|             -|    -|
    | + transformer_blk_s4_top_Pipeline_COPY_OUT                     |       -|   0.65|      6002|  3.001e+04|         -|      6002|      -|        no|          -|          -|      29 (~0%)|      99 (~0%)|    -|
    |  o COPY_OUT                                                    |       -|   3.65|      6000|  3.000e+04|         2|         1|   6000|       yes|          -|          -|             -|             -|    -|
    | o DEPTH                                                        |       -|   3.65|  18049416|  9.025e+07|   6016472|         -|      3|        no|          -|          -|             -|             -|    -|
    |  + transformer_blk_s4_top_Pipeline_LF_S_LF_OD                  |  Timing|  -0.57|    727809|  3.639e+06|         -|    727809|      -|        no|          -|          -|    28956 (5%)|   27621 (10%)|    -|
    |   o LF_S_LF_OD                                                 |      II|   3.65|    727807|  3.639e+06|      1929|       121|   6000|       yes|          -|          -|             -|             -|    -|
    |  + transformer_blk_s4_top_Pipeline_LF_S_LF_OD1                 |  Timing|  -0.57|    727809|  3.639e+06|         -|    727809|      -|        no|          -|          -|    28988 (5%)|   27417 (10%)|    -|
    |   o LF_S_LF_OD                                                 |      II|   3.65|    727807|  3.639e+06|      1929|       121|   6000|       yes|          -|          -|             -|             -|    -|
    |  + transformer_blk_s4_top_Pipeline_LF_S_LF_OD2                 |  Timing|  -0.57|    727809|  3.639e+06|         -|    727809|      -|        no|          -|          -|    37417 (6%)|   34322 (12%)|    -|
    |   o LF_S_LF_OD                                                 |      II|   3.65|    727807|  3.639e+06|      1929|       121|   6000|       yes|          -|          -|             -|             -|    -|
    |  + transformer_blk_s4_top_Pipeline_MHSA_CPY                    |       -|   1.09|      6002|  3.001e+04|         -|      6002|      -|        no|          -|          -|      61 (~0%)|     174 (~0%)|    -|
    |   o MHSA_CPY                                                   |       -|   3.65|      6000|  3.000e+04|         2|         1|   6000|       yes|          -|          -|             -|             -|    -|
    |  + transformer_blk_s4_top_Pipeline_LF_S_LF_OD3                 |  Timing|  -0.57|    727809|  3.639e+06|         -|    727809|      -|        no|          -|          -|    30183 (5%)|    27238 (9%)|    -|
    |   o LF_S_LF_OD                                                 |      II|   3.65|    727807|  3.639e+06|      1929|       121|   6000|       yes|          -|          -|             -|             -|    -|
    |  + transformer_blk_s4_top_Pipeline_AR                          |       -|   0.20|      6011|  3.006e+04|         -|      6011|      -|        no|          -|          -|     496 (~0%)|     250 (~0%)|    -|
    |   o AR                                                         |       -|   3.65|      6009|  3.004e+04|        11|         1|   6000|       yes|          -|          -|             -|             -|    -|
    |  + transformer_blk_s4_top_Pipeline_LF_S_LF_OD7                 |  Timing|  -0.57|   1453809|  7.269e+06|         -|   1453809|      -|        no|          -|          -|    28689 (5%)|   27959 (10%)|    -|
    |   o LF_S_LF_OD                                                 |      II|   3.65|   1453807|  7.269e+06|      1929|       121|  12000|       yes|          -|          -|             -|             -|    -|
    |  + transformer_blk_s4_top_Pipeline_MLP_ACT                     |       -|   0.02|     12021|  6.010e+04|         -|     12021|      -|        no|          -|          -|     328 (~0%)|     232 (~0%)|    -|
    |   o MLP_ACT                                                    |       -|   3.65|     12019|  6.010e+04|        21|         1|  12000|       yes|          -|          -|             -|             -|    -|
    |  + transformer_blk_s4_top_Pipeline_LF_S_LF_OD8                 |  Timing|  -0.80|   1449609|  7.248e+06|         -|   1449609|      -|        no|          -|          -|    44643 (8%)|   61273 (22%)|    -|
    |   o LF_S_LF_OD                                                 |      II|   3.65|   1449607|  7.248e+06|      3849|       241|   6000|       yes|          -|          -|             -|             -|    -|
    |  + transformer_blk_s4_top_Pipeline_AR9                         |       -|   0.20|      6011|  3.006e+04|         -|      6011|      -|        no|          -|          -|     496 (~0%)|     250 (~0%)|    -|
    |   o AR                                                         |       -|   3.65|      6009|  3.004e+04|        11|         1|   6000|       yes|          -|          -|             -|             -|    -|
    |  o VITIS_LOOP_84_1                                             |       -|   3.65|     37700|  1.885e+05|      1508|         -|     25|        no|          -|          -|             -|             -|    -|
    |   + transformer_blk_s4_top_Pipeline_LN_MEAN                    |       -|   0.20|        94|    470.000|         -|        94|      -|        no|          -|          -|    2427 (~0%)|     175 (~0%)|    -|
    |    o LN_MEAN                                                   |       -|   3.65|        92|    460.000|        34|         1|     60|       yes|          -|          -|             -|             -|    -|
    |   + transformer_blk_s4_top_Pipeline_LN_VAR                     |       -|   0.20|       107|    535.000|         -|       107|      -|        no|          -|          -|    2709 (~0%)|     175 (~0%)|    -|
    |    o LN_VAR                                                    |       -|   3.65|       105|    525.000|        47|         1|     60|       yes|          -|          -|             -|             -|    -|
    |   + transformer_blk_s4_top_Pipeline_LN_NORM                    |       -|   0.20|       269|  1.345e+03|         -|       269|      -|        no|          -|          -|     819 (~0%)|     428 (~0%)|    -|
    |    o LN_NORM                                                   |       -|   3.65|       267|  1.335e+03|        29|         1|    240|       yes|          -|          -|             -|             -|    -|
    |  o MHSA_H                                                      |       -|   3.65|     96352|  4.818e+05|     24088|         -|      4|        no|          -|          -|             -|             -|    -|
    |   + transformer_blk_s4_top_Pipeline_MHSA_QI_MHSA_KI            |       -|   0.18|      1118|  5.590e+03|         -|      1118|      -|        no|          -|  269 (10%)|    32216 (5%)|    20361 (7%)|    -|
    |    o MHSA_QI_MHSA_KI                                           |       -|   3.65|      1116|  5.580e+03|       493|         1|    625|       yes|          -|          -|             -|             -|    -|
    |   + transformer_blk_s4_top_Pipeline_MHSA_SM                    |  Timing|  -0.15|       311|  1.555e+03|         -|       311|      -|        no|          -|    35 (1%)|    11902 (2%)|    11506 (4%)|    -|
    |    o MHSA_SM                                                   |      II|   3.65|       309|  1.545e+03|       190|         5|     25|       yes|          -|          -|             -|             -|    -|
    |   + transformer_blk_s4_top_Pipeline_MHSA_OQ_MHSA_OD_MHSA_OK_T  |       -|   0.01|     22653|  1.133e+05|         -|     22653|      -|        no|          -|    4 (~0%)|    13284 (2%)|    10228 (3%)|    -|
    |    o MHSA_OQ_MHSA_OD_MHSA_OK_T                                 |      II|   3.65|     22651|  1.133e+05|       155|         3|   7500|       yes|          -|          -|             -|             -|    -|
    |  o VITIS_LOOP_84_1                                             |       -|   3.65|     37700|  1.885e+05|      1508|         -|     25|        no|          -|          -|             -|             -|    -|
    |   + transformer_blk_s4_top_Pipeline_LN_MEAN4                   |       -|   0.20|        94|    470.000|         -|        94|      -|        no|          -|          -|    2427 (~0%)|     175 (~0%)|    -|
    |    o LN_MEAN                                                   |       -|   3.65|        92|    460.000|        34|         1|     60|       yes|          -|          -|             -|             -|    -|
    |   + transformer_blk_s4_top_Pipeline_LN_VAR5                    |       -|   0.20|       107|    535.000|         -|       107|      -|        no|          -|          -|    2709 (~0%)|     175 (~0%)|    -|
    |    o LN_VAR                                                    |       -|   3.65|       105|    525.000|        47|         1|     60|       yes|          -|          -|             -|             -|    -|
    |   + transformer_blk_s4_top_Pipeline_LN_NORM6                   |       -|   0.20|       269|  1.345e+03|         -|       269|      -|        no|          -|          -|     819 (~0%)|     428 (~0%)|    -|
    |    o LN_NORM                                                   |       -|   3.65|       267|  1.335e+03|        29|         1|    240|       yes|          -|          -|             -|             -|    -|
    +----------------------------------------------------------------+--------+-------+----------+-----------+----------+----------+-------+----------+-----------+-----------+--------------+--------------+-----+


================================================================
== HW Interfaces
================================================================
* BRAM
+-------------+------------+---------------+
| Interface   | Data Width | Address Width |
+-------------+------------+---------------+
| in_r_PORTA  | 32         | 32            |
| out_r_PORTA | 32         | 32            |
| w_PORTA     | 32         | 32            |
| w_PORTB     | 32         | 32            |
+-------------+------------+---------------+

* TOP LEVEL CONTROL
+-----------+------------+-----------------------------------+
| Interface | Type       | Ports                             |
+-----------+------------+-----------------------------------+
| ap_clk    | clock      | ap_clk                            |
| ap_rst    | reset      | ap_rst                            |
| ap_ctrl   | ap_ctrl_hs | ap_done ap_idle ap_ready ap_start |
+-----------+------------+-----------------------------------+


================================================================
== SW I/O Information
================================================================
* Top Function Arguments
+----------+-----------+---------------+
| Argument | Direction | Datatype      |
+----------+-----------+---------------+
| in       | in        | float const * |
| out      | out       | float*        |
| w        | in        | float const * |
+----------+-----------+---------------+

* SW-to-HW Mapping
+----------+--------------+-----------+
| Argument | HW Interface | HW Type   |
+----------+--------------+-----------+
| in       | in_r_PORTA   | interface |
| out      | out_r_PORTA  | interface |
| w        | w_PORTA      | interface |
| w        | w_PORTB      | interface |
+----------+--------------+-----------+


================================================================
== Bind Op Report
================================================================
+--------------------------------------------------------------+-----+--------+----------------+-------+---------+---------+
| Name                                                         | DSP | Pragma | Variable       | Op    | Impl    | Latency |
+--------------------------------------------------------------+-----+--------+----------------+-------+---------+---------+
| + transformer_blk_s4_top                                     | 357 |        |                |       |         |         |
|   add_ln151_1_fu_2822_p2                                     | -   |        | add_ln151_1    | add   | fabric  | 0       |
|   add_ln151_fu_2834_p2                                       | -   |        | add_ln151      | add   | fabric  | 0       |
|   add_ln84_fu_2854_p2                                        | -   |        | add_ln84       | add   | fabric  | 0       |
|   p_udiv7035_fu_2880_p2                                      | -   |        | p_udiv7035     | sub   | fabric  | 0       |
|   faddfsub_32ns_32ns_32_8_full_dsp_1_U1002                   | 2   |        | msum           | fadd  | fulldsp | 7       |
|   faddfsub_32ns_32ns_32_8_full_dsp_1_U1007                   | 2   |        | msum_1         | fadd  | fulldsp | 7       |
|   faddfsub_32ns_32ns_32_8_full_dsp_1_U1002                   | 2   |        | msum_2         | fadd  | fulldsp | 7       |
|   faddfsub_32ns_32ns_32_8_full_dsp_1_U1002                   | 2   |        | msum_3         | fadd  | fulldsp | 7       |
|   faddfsub_32ns_32ns_32_8_full_dsp_1_U1002                   | 2   |        | msum_4         | fadd  | fulldsp | 7       |
|   faddfsub_32ns_32ns_32_8_full_dsp_1_U1019                   | 2   |        | msum_5         | fadd  | fulldsp | 7       |
|   faddfsub_32ns_32ns_32_8_full_dsp_1_U1002                   | 2   |        | msum_6         | fadd  | fulldsp | 7       |
|   faddfsub_32ns_32ns_32_8_full_dsp_1_U1008                   | 2   |        | msum_7         | fadd  | fulldsp | 7       |
|   faddfsub_32ns_32ns_32_8_full_dsp_1_U1002                   | 2   |        | msum_8         | fadd  | fulldsp | 7       |
|   faddfsub_32ns_32ns_32_8_full_dsp_1_U1009                   | 2   |        | msum_9         | fadd  | fulldsp | 7       |
|   faddfsub_32ns_32ns_32_8_full_dsp_1_U1002                   | 2   |        | msum_10        | fadd  | fulldsp | 7       |
|   faddfsub_32ns_32ns_32_8_full_dsp_1_U1005                   | 2   |        | msum_11        | fadd  | fulldsp | 7       |
|   faddfsub_32ns_32ns_32_8_full_dsp_1_U1002                   | 2   |        | msum_12        | fadd  | fulldsp | 7       |
|   faddfsub_32ns_32ns_32_8_full_dsp_1_U1002                   | 2   |        | msum_13        | fadd  | fulldsp | 7       |
|   faddfsub_32ns_32ns_32_8_full_dsp_1_U1002                   | 2   |        | msum_14        | fadd  | fulldsp | 7       |
|   faddfsub_32ns_32ns_32_8_full_dsp_1_U1010                   | 2   |        | msum_15        | fadd  | fulldsp | 7       |
|   faddfsub_32ns_32ns_32_8_full_dsp_1_U1002                   | 2   |        | msum_16        | fadd  | fulldsp | 7       |
|   faddfsub_32ns_32ns_32_8_full_dsp_1_U1011                   | 2   |        | msum_17        | fadd  | fulldsp | 7       |
|   faddfsub_32ns_32ns_32_8_full_dsp_1_U1002                   | 2   |        | msum_18        | fadd  | fulldsp | 7       |
|   faddfsub_32ns_32ns_32_8_full_dsp_1_U1006                   | 2   |        | msum_19        | fadd  | fulldsp | 7       |
|   faddfsub_32ns_32ns_32_8_full_dsp_1_U1002                   | 2   |        | msum_20        | fadd  | fulldsp | 7       |
|   faddfsub_32ns_32ns_32_8_full_dsp_1_U1005                   | 2   |        | msum_21        | fadd  | fulldsp | 7       |
|   faddfsub_32ns_32ns_32_8_full_dsp_1_U1002                   | 2   |        | msum_22        | fadd  | fulldsp | 7       |
|   faddfsub_32ns_32ns_32_8_full_dsp_1_U1006                   | 2   |        | msum_23        | fadd  | fulldsp | 7       |
|   faddfsub_32ns_32ns_32_8_full_dsp_1_U1002                   | 2   |        | msum_24        | fadd  | fulldsp | 7       |
|   faddfsub_32ns_32ns_32_8_full_dsp_1_U1017                   | 2   |        | msum_25        | fadd  | fulldsp | 7       |
|   faddfsub_32ns_32ns_32_8_full_dsp_1_U1002                   | 2   |        | msum_26        | fadd  | fulldsp | 7       |
|   faddfsub_32ns_32ns_32_8_full_dsp_1_U1010                   | 2   |        | msum_27        | fadd  | fulldsp | 7       |
|   faddfsub_32ns_32ns_32_8_full_dsp_1_U1017                   | 2   |        | msum_28        | fadd  | fulldsp | 7       |
|   faddfsub_32ns_32ns_32_8_full_dsp_1_U1019                   | 2   |        | msum_29        | fadd  | fulldsp | 7       |
|   faddfsub_32ns_32ns_32_8_full_dsp_1_U1018                   | 2   |        | msum_30        | fadd  | fulldsp | 7       |
|   faddfsub_32ns_32ns_32_8_full_dsp_1_U1005                   | 2   |        | msum_31        | fadd  | fulldsp | 7       |
|   faddfsub_32ns_32ns_32_8_full_dsp_1_U1011                   | 2   |        | msum_32        | fadd  | fulldsp | 7       |
|   faddfsub_32ns_32ns_32_8_full_dsp_1_U1018                   | 2   |        | msum_33        | fadd  | fulldsp | 7       |
|   faddfsub_32ns_32ns_32_8_full_dsp_1_U1018                   | 2   |        | msum_34        | fadd  | fulldsp | 7       |
|   faddfsub_32ns_32ns_32_8_full_dsp_1_U1007                   | 2   |        | msum_35        | fadd  | fulldsp | 7       |
|   faddfsub_32ns_32ns_32_8_full_dsp_1_U1019                   | 2   |        | msum_36        | fadd  | fulldsp | 7       |
|   faddfsub_32ns_32ns_32_8_full_dsp_1_U1006                   | 2   |        | msum_37        | fadd  | fulldsp | 7       |
|   faddfsub_32ns_32ns_32_8_full_dsp_1_U1011                   | 2   |        | msum_38        | fadd  | fulldsp | 7       |
|   faddfsub_32ns_32ns_32_8_full_dsp_1_U1008                   | 2   |        | msum_39        | fadd  | fulldsp | 7       |
|   faddfsub_32ns_32ns_32_8_full_dsp_1_U1008                   | 2   |        | msum_40        | fadd  | fulldsp | 7       |
|   faddfsub_32ns_32ns_32_8_full_dsp_1_U1009                   | 2   |        | msum_41        | fadd  | fulldsp | 7       |
|   faddfsub_32ns_32ns_32_8_full_dsp_1_U1009                   | 2   |        | msum_42        | fadd  | fulldsp | 7       |
|   faddfsub_32ns_32ns_32_8_full_dsp_1_U1017                   | 2   |        | msum_43        | fadd  | fulldsp | 7       |
|   faddfsub_32ns_32ns_32_8_full_dsp_1_U1009                   | 2   |        | msum_44        | fadd  | fulldsp | 7       |
|   faddfsub_32ns_32ns_32_8_full_dsp_1_U1007                   | 2   |        | msum_45        | fadd  | fulldsp | 7       |
|   faddfsub_32ns_32ns_32_8_full_dsp_1_U1008                   | 2   |        | msum_46        | fadd  | fulldsp | 7       |
|   faddfsub_32ns_32ns_32_8_full_dsp_1_U1010                   | 2   |        | msum_47        | fadd  | fulldsp | 7       |
|   faddfsub_32ns_32ns_32_8_full_dsp_1_U1007                   | 2   |        | msum_48        | fadd  | fulldsp | 7       |
|   faddfsub_32ns_32ns_32_8_full_dsp_1_U1010                   | 2   |        | msum_49        | fadd  | fulldsp | 7       |
|   faddfsub_32ns_32ns_32_8_full_dsp_1_U1019                   | 2   |        | msum_50        | fadd  | fulldsp | 7       |
|   faddfsub_32ns_32ns_32_8_full_dsp_1_U1011                   | 2   |        | msum_51        | fadd  | fulldsp | 7       |
|   faddfsub_32ns_32ns_32_8_full_dsp_1_U1017                   | 2   |        | msum_52        | fadd  | fulldsp | 7       |
|   faddfsub_32ns_32ns_32_8_full_dsp_1_U1018                   | 2   |        | msum_53        | fadd  | fulldsp | 7       |
|   faddfsub_32ns_32ns_32_8_full_dsp_1_U1019                   | 2   |        | msum_54        | fadd  | fulldsp | 7       |
|   fdiv_32ns_32ns_32_16_no_dsp_1_U1003                        | 2   |        | msum_55        | fadd  | fulldsp | 7       |
|   faddfsub_32ns_32ns_32_8_full_dsp_1_U1002                   | 2   |        | msum_56        | fadd  | fulldsp | 7       |
|   faddfsub_32ns_32ns_32_8_full_dsp_1_U1002                   | 2   |        | msum_57        | fadd  | fulldsp | 7       |
|   faddfsub_32ns_32ns_32_8_full_dsp_1_U1002                   | 2   |        | msum_58        | fadd  | fulldsp | 7       |
|   faddfsub_32ns_32ns_32_8_full_dsp_1_U1002                   | 2   |        | msum_59        | fadd  | fulldsp | 7       |
|   fdiv_32ns_32ns_32_16_no_dsp_1_U1003                        | -   |        | mean           | fdiv  | fabric  | 15      |
|   faddfsub_32ns_32ns_32_8_full_dsp_1_U1002                   | 2   |        | vsum           | fadd  | fulldsp | 7       |
|   faddfsub_32ns_32ns_32_8_full_dsp_1_U1002                   | 2   |        | vsum_1         | fadd  | fulldsp | 7       |
|   faddfsub_32ns_32ns_32_8_full_dsp_1_U1002                   | 2   |        | vsum_2         | fadd  | fulldsp | 7       |
|   fmul_32ns_32ns_32_5_max_dsp_1_U1012                        | 2   |        | vsum_3         | fadd  | fulldsp | 7       |
|   faddfsub_32ns_32ns_32_8_full_dsp_1_U1002                   | 2   |        | vsum_4         | fadd  | fulldsp | 7       |
|   faddfsub_32ns_32ns_32_8_full_dsp_1_U1002                   | 2   |        | vsum_5         | fadd  | fulldsp | 7       |
|   faddfsub_32ns_32ns_32_8_full_dsp_1_U1002                   | 2   |        | vsum_6         | fadd  | fulldsp | 7       |
|   faddfsub_32ns_32ns_32_8_full_dsp_1_U1002                   | 2   |        | vsum_7         | fadd  | fulldsp | 7       |
|   faddfsub_32ns_32ns_32_8_full_dsp_1_U1002                   | 2   |        | vsum_8         | fadd  | fulldsp | 7       |
|   faddfsub_32ns_32ns_32_8_full_dsp_1_U1002                   | 2   |        | vsum_9         | fadd  | fulldsp | 7       |
|   faddfsub_32ns_32ns_32_8_full_dsp_1_U1002                   | 2   |        | vsum_10        | fadd  | fulldsp | 7       |
|   faddfsub_32ns_32ns_32_8_full_dsp_1_U1002                   | 2   |        | vsum_11        | fadd  | fulldsp | 7       |
|   fmul_32ns_32ns_32_5_max_dsp_1_U1012                        | 2   |        | vsum_12        | fadd  | fulldsp | 7       |
|   faddfsub_32ns_32ns_32_8_full_dsp_1_U1002                   | 2   |        | vsum_13        | fadd  | fulldsp | 7       |
|   faddfsub_32ns_32ns_32_8_full_dsp_1_U1002                   | 2   |        | vsum_14        | fadd  | fulldsp | 7       |
|   faddfsub_32ns_32ns_32_8_full_dsp_1_U1002                   | 2   |        | vsum_15        | fadd  | fulldsp | 7       |
|   faddfsub_32ns_32ns_32_8_full_dsp_1_U1002                   | 2   |        | vsum_16        | fadd  | fulldsp | 7       |
|   faddfsub_32ns_32ns_32_8_full_dsp_1_U1002                   | 2   |        | vsum_17        | fadd  | fulldsp | 7       |
|   faddfsub_32ns_32ns_32_8_full_dsp_1_U1002                   | 2   |        | vsum_18        | fadd  | fulldsp | 7       |
|   faddfsub_32ns_32ns_32_8_full_dsp_1_U1002                   | 2   |        | vsum_19        | fadd  | fulldsp | 7       |
|   faddfsub_32ns_32ns_32_8_full_dsp_1_U1002                   | 2   |        | vsum_20        | fadd  | fulldsp | 7       |
|   fmul_32ns_32ns_32_5_max_dsp_1_U1013                        | 2   |        | vsum_21        | fadd  | fulldsp | 7       |
|   faddfsub_32ns_32ns_32_8_full_dsp_1_U1002                   | 2   |        | vsum_22        | fadd  | fulldsp | 7       |
|   faddfsub_32ns_32ns_32_8_full_dsp_1_U1002                   | 2   |        | vsum_23        | fadd  | fulldsp | 7       |
|   faddfsub_32ns_32ns_32_8_full_dsp_1_U1002                   | 2   |        | vsum_24        | fadd  | fulldsp | 7       |
|   faddfsub_32ns_32ns_32_8_full_dsp_1_U1002                   | 2   |        | vsum_25        | fadd  | fulldsp | 7       |
|   faddfsub_32ns_32ns_32_8_full_dsp_1_U1002                   | 2   |        | vsum_26        | fadd  | fulldsp | 7       |
|   faddfsub_32ns_32ns_32_8_full_dsp_1_U1002                   | 2   |        | vsum_27        | fadd  | fulldsp | 7       |
|   faddfsub_32ns_32ns_32_8_full_dsp_1_U1002                   | 2   |        | vsum_28        | fadd  | fulldsp | 7       |
|   faddfsub_32ns_32ns_32_8_full_dsp_1_U1002                   | 2   |        | vsum_29        | fadd  | fulldsp | 7       |
|   fmul_32ns_32ns_32_5_max_dsp_1_U1012                        | 2   |        | vsum_30        | fadd  | fulldsp | 7       |
|   faddfsub_32ns_32ns_32_8_full_dsp_1_U1002                   | 2   |        | vsum_31        | fadd  | fulldsp | 7       |
|   faddfsub_32ns_32ns_32_8_full_dsp_1_U1002                   | 2   |        | vsum_32        | fadd  | fulldsp | 7       |
|   faddfsub_32ns_32ns_32_8_full_dsp_1_U1002                   | 2   |        | vsum_33        | fadd  | fulldsp | 7       |
|   faddfsub_32ns_32ns_32_8_full_dsp_1_U1002                   | 2   |        | vsum_34        | fadd  | fulldsp | 7       |
|   faddfsub_32ns_32ns_32_8_full_dsp_1_U1002                   | 2   |        | vsum_35        | fadd  | fulldsp | 7       |
|   faddfsub_32ns_32ns_32_8_full_dsp_1_U1002                   | 2   |        | vsum_36        | fadd  | fulldsp | 7       |
|   faddfsub_32ns_32ns_32_8_full_dsp_1_U1002                   | 2   |        | vsum_37        | fadd  | fulldsp | 7       |
|   faddfsub_32ns_32ns_32_8_full_dsp_1_U1002                   | 2   |        | vsum_38        | fadd  | fulldsp | 7       |
|   fmul_32ns_32ns_32_5_max_dsp_1_U1013                        | 2   |        | vsum_39        | fadd  | fulldsp | 7       |
|   faddfsub_32ns_32ns_32_8_full_dsp_1_U1002                   | 2   |        | vsum_40        | fadd  | fulldsp | 7       |
|   faddfsub_32ns_32ns_32_8_full_dsp_1_U1002                   | 2   |        | vsum_41        | fadd  | fulldsp | 7       |
|   faddfsub_32ns_32ns_32_8_full_dsp_1_U1002                   | 2   |        | vsum_42        | fadd  | fulldsp | 7       |
|   faddfsub_32ns_32ns_32_8_full_dsp_1_U1002                   | 2   |        | vsum_43        | fadd  | fulldsp | 7       |
|   faddfsub_32ns_32ns_32_8_full_dsp_1_U1002                   | 2   |        | vsum_44        | fadd  | fulldsp | 7       |
|   faddfsub_32ns_32ns_32_8_full_dsp_1_U1002                   | 2   |        | vsum_45        | fadd  | fulldsp | 7       |
|   faddfsub_32ns_32ns_32_8_full_dsp_1_U1002                   | 2   |        | vsum_46        | fadd  | fulldsp | 7       |
|   faddfsub_32ns_32ns_32_8_full_dsp_1_U1002                   | 2   |        | vsum_47        | fadd  | fulldsp | 7       |
|   fmul_32ns_32ns_32_5_max_dsp_1_U1012                        | 2   |        | vsum_48        | fadd  | fulldsp | 7       |
|   faddfsub_32ns_32ns_32_8_full_dsp_1_U1002                   | 2   |        | vsum_49        | fadd  | fulldsp | 7       |
|   faddfsub_32ns_32ns_32_8_full_dsp_1_U1002                   | 2   |        | vsum_50        | fadd  | fulldsp | 7       |
|   faddfsub_32ns_32ns_32_8_full_dsp_1_U1002                   | 2   |        | vsum_51        | fadd  | fulldsp | 7       |
|   faddfsub_32ns_32ns_32_8_full_dsp_1_U1002                   | 2   |        | vsum_52        | fadd  | fulldsp | 7       |
|   faddfsub_32ns_32ns_32_8_full_dsp_1_U1002                   | 2   |        | vsum_53        | fadd  | fulldsp | 7       |
|   faddfsub_32ns_32ns_32_8_full_dsp_1_U1002                   | 2   |        | vsum_54        | fadd  | fulldsp | 7       |
|   faddfsub_32ns_32ns_32_8_full_dsp_1_U1002                   | 2   |        | vsum_55        | fadd  | fulldsp | 7       |
|   faddfsub_32ns_32ns_32_8_full_dsp_1_U1002                   | 2   |        | vsum_56        | fadd  | fulldsp | 7       |
|   fmul_32ns_32ns_32_5_max_dsp_1_U1013                        | 2   |        | vsum_57        | fadd  | fulldsp | 7       |
|   faddfsub_32ns_32ns_32_8_full_dsp_1_U1002                   | 2   |        | vsum_58        | fadd  | fulldsp | 7       |
|   faddfsub_32ns_32ns_32_8_full_dsp_1_U1002                   | 2   |        | vsum_59        | fadd  | fulldsp | 7       |
|   fdiv_32ns_32ns_32_16_no_dsp_1_U1003                        | -   |        | div69_i_i      | fdiv  | fabric  | 15      |
|   faddfsub_32ns_32ns_32_8_full_dsp_1_U1002                   | 2   |        | add70_i_i      | fadd  | fulldsp | 7       |
|   fsqrt_32ns_32ns_32_16_no_dsp_1_U1004                       | -   |        | tmp_1          | fsqrt | fabric  | 15      |
|   fdiv_32ns_32ns_32_16_no_dsp_1_U1003                        | -   |        | inv_std        | fdiv  | fabric  | 15      |
|   faddfsub_32ns_32ns_32_8_full_dsp_1_U1002                   | -   |        | add_ln84_1     | add   | fabric  | 0       |
|   add_ln170_1_fu_3373_p2                                     | -   |        | add_ln170_1    | add   | fabric  | 0       |
|   add_ln170_2_fu_3380_p2                                     | -   |        | add_ln170_2    | add   | fabric  | 0       |
|   add_ln262_fu_3392_p2                                       | -   |        | add_ln262      | add   | fabric  | 0       |
|   empty_249_fu_3425_p2                                       | -   |        | empty_249      | sub   | fabric  | 0       |
|   faddfsub_32ns_32ns_32_8_full_dsp_1_U1002                   | -   |        | add_ln170_1394 | add   | fabric  | 0       |
|   faddfsub_32ns_32ns_32_8_full_dsp_1_U1002                   | -   |        | add_ln84_2     | add   | fabric  | 0       |
|   faddfsub_32ns_32ns_32_8_full_dsp_1_U1002                   | -   |        | p_udiv8674     | sub   | fabric  | 0       |
|   fmul_32ns_32ns_32_5_max_dsp_1_U1013                        | 2   |        | msum_60        | fadd  | fulldsp | 7       |
|   faddfsub_32ns_32ns_32_8_full_dsp_1_U1002                   | 2   |        | msum_61        | fadd  | fulldsp | 7       |
|   fmul_32ns_32ns_32_5_max_dsp_1_U1012                        | 2   |        | msum_62        | fadd  | fulldsp | 7       |
|   faddfsub_32ns_32ns_32_8_full_dsp_1_U1002                   | 2   |        | msum_63        | fadd  | fulldsp | 7       |
|   fmul_32ns_32ns_32_5_max_dsp_1_U1013                        | 2   |        | msum_64        | fadd  | fulldsp | 7       |
|   fmul_32ns_32ns_32_5_max_dsp_1_U1012                        | 2   |        | msum_65        | fadd  | fulldsp | 7       |
|   faddfsub_32ns_32ns_32_8_full_dsp_1_U1002                   | 2   |        | msum_66        | fadd  | fulldsp | 7       |
|   faddfsub_32ns_32ns_32_8_full_dsp_1_U1002                   | 2   |        | msum_67        | fadd  | fulldsp | 7       |
|   fmul_32ns_32ns_32_5_max_dsp_1_U1013                        | 2   |        | msum_68        | fadd  | fulldsp | 7       |
|   fmul_32ns_32ns_32_5_max_dsp_1_U1012                        | 2   |        | msum_69        | fadd  | fulldsp | 7       |
|   faddfsub_32ns_32ns_32_8_full_dsp_1_U1002                   | 2   |        | msum_70        | fadd  | fulldsp | 7       |
|   fmul_32ns_32ns_32_5_max_dsp_1_U1013                        | 2   |        | msum_71        | fadd  | fulldsp | 7       |
|   faddfsub_32ns_32ns_32_8_full_dsp_1_U1002                   | 2   |        | msum_72        | fadd  | fulldsp | 7       |
|   fmul_32ns_32ns_32_5_max_dsp_1_U1012                        | 2   |        | msum_73        | fadd  | fulldsp | 7       |
|   fmul_32ns_32ns_32_5_max_dsp_1_U1013                        | 2   |        | msum_74        | fadd  | fulldsp | 7       |
|   faddfsub_32ns_32ns_32_8_full_dsp_1_U1002                   | 2   |        | msum_75        | fadd  | fulldsp | 7       |
|   faddfsub_32ns_32ns_32_8_full_dsp_1_U1002                   | 2   |        | msum_76        | fadd  | fulldsp | 7       |
|   fmul_32ns_32ns_32_5_max_dsp_1_U1012                        | 2   |        | msum_77        | fadd  | fulldsp | 7       |
|   fmul_32ns_32ns_32_5_max_dsp_1_U1013                        | 2   |        | msum_78        | fadd  | fulldsp | 7       |
|   faddfsub_32ns_32ns_32_8_full_dsp_1_U1002                   | 2   |        | msum_79        | fadd  | fulldsp | 7       |
|   fmul_32ns_32ns_32_5_max_dsp_1_U1012                        | 2   |        | msum_80        | fadd  | fulldsp | 7       |
|   faddfsub_32ns_32ns_32_8_full_dsp_1_U1002                   | 2   |        | msum_81        | fadd  | fulldsp | 7       |
|   fmul_32ns_32ns_32_5_max_dsp_1_U1013                        | 2   |        | msum_82        | fadd  | fulldsp | 7       |
|   fmul_32ns_32ns_32_5_max_dsp_1_U1012                        | 2   |        | msum_83        | fadd  | fulldsp | 7       |
|   faddfsub_32ns_32ns_32_8_full_dsp_1_U1002                   | 2   |        | msum_84        | fadd  | fulldsp | 7       |
|   faddfsub_32ns_32ns_32_8_full_dsp_1_U1002                   | 2   |        | msum_85        | fadd  | fulldsp | 7       |
|   fmul_32ns_32ns_32_5_max_dsp_1_U1013                        | 2   |        | msum_86        | fadd  | fulldsp | 7       |
|   fmul_32ns_32ns_32_5_max_dsp_1_U1012                        | 2   |        | msum_87        | fadd  | fulldsp | 7       |
|   faddfsub_32ns_32ns_32_8_full_dsp_1_U1002                   | 2   |        | msum_88        | fadd  | fulldsp | 7       |
|   fmul_32ns_32ns_32_5_max_dsp_1_U1013                        | 2   |        | msum_89        | fadd  | fulldsp | 7       |
|   faddfsub_32ns_32ns_32_8_full_dsp_1_U1002                   | 2   |        | msum_90        | fadd  | fulldsp | 7       |
|   fmul_32ns_32ns_32_5_max_dsp_1_U1012                        | 2   |        | msum_91        | fadd  | fulldsp | 7       |
|   fmul_32ns_32ns_32_5_max_dsp_1_U1013                        | 2   |        | msum_92        | fadd  | fulldsp | 7       |
|   faddfsub_32ns_32ns_32_8_full_dsp_1_U1002                   | 2   |        | msum_93        | fadd  | fulldsp | 7       |
|   faddfsub_32ns_32ns_32_8_full_dsp_1_U1002                   | 2   |        | msum_94        | fadd  | fulldsp | 7       |
|   fmul_32ns_32ns_32_5_max_dsp_1_U1012                        | 2   |        | msum_95        | fadd  | fulldsp | 7       |
|   fmul_32ns_32ns_32_5_max_dsp_1_U1013                        | 2   |        | msum_96        | fadd  | fulldsp | 7       |
|   faddfsub_32ns_32ns_32_8_full_dsp_1_U1002                   | 2   |        | msum_97        | fadd  | fulldsp | 7       |
|   fmul_32ns_32ns_32_5_max_dsp_1_U1012                        | 2   |        | msum_98        | fadd  | fulldsp | 7       |
|   faddfsub_32ns_32ns_32_8_full_dsp_1_U1002                   | 2   |        | msum_99        | fadd  | fulldsp | 7       |
|   fmul_32ns_32ns_32_5_max_dsp_1_U1013                        | 2   |        | msum_100       | fadd  | fulldsp | 7       |
|   fmul_32ns_32ns_32_5_max_dsp_1_U1012                        | 2   |        | msum_101       | fadd  | fulldsp | 7       |
|   faddfsub_32ns_32ns_32_8_full_dsp_1_U1002                   | 2   |        | msum_102       | fadd  | fulldsp | 7       |
|   faddfsub_32ns_32ns_32_8_full_dsp_1_U1002                   | 2   |        | msum_103       | fadd  | fulldsp | 7       |
|   fmul_32ns_32ns_32_5_max_dsp_1_U1013                        | 2   |        | msum_104       | fadd  | fulldsp | 7       |
|   fmul_32ns_32ns_32_5_max_dsp_1_U1012                        | 2   |        | msum_105       | fadd  | fulldsp | 7       |
|   faddfsub_32ns_32ns_32_8_full_dsp_1_U1002                   | 2   |        | msum_106       | fadd  | fulldsp | 7       |
|   fmul_32ns_32ns_32_5_max_dsp_1_U1013                        | 2   |        | msum_107       | fadd  | fulldsp | 7       |
|   faddfsub_32ns_32ns_32_8_full_dsp_1_U1002                   | 2   |        | msum_108       | fadd  | fulldsp | 7       |
|   fmul_32ns_32ns_32_5_max_dsp_1_U1012                        | 2   |        | msum_109       | fadd  | fulldsp | 7       |
|   fmul_32ns_32ns_32_5_max_dsp_1_U1013                        | 2   |        | msum_110       | fadd  | fulldsp | 7       |
|   faddfsub_32ns_32ns_32_8_full_dsp_1_U1002                   | 2   |        | msum_111       | fadd  | fulldsp | 7       |
|   faddfsub_32ns_32ns_32_8_full_dsp_1_U1002                   | 2   |        | msum_112       | fadd  | fulldsp | 7       |
|   fmul_32ns_32ns_32_5_max_dsp_1_U1012                        | 2   |        | msum_113       | fadd  | fulldsp | 7       |
|   fmul_32ns_32ns_32_5_max_dsp_1_U1013                        | 2   |        | msum_114       | fadd  | fulldsp | 7       |
|   faddfsub_32ns_32ns_32_8_full_dsp_1_U1002                   | 2   |        | msum_115       | fadd  | fulldsp | 7       |
|   fmul_32ns_32ns_32_5_max_dsp_1_U1012                        | 2   |        | msum_116       | fadd  | fulldsp | 7       |
|   faddfsub_32ns_32ns_32_8_full_dsp_1_U1002                   | 2   |        | msum_117       | fadd  | fulldsp | 7       |
|   fmul_32ns_32ns_32_5_max_dsp_1_U1013                        | 2   |        | msum_118       | fadd  | fulldsp | 7       |
|   fmul_32ns_32ns_32_5_max_dsp_1_U1012                        | 2   |        | msum_119       | fadd  | fulldsp | 7       |
|   fdiv_32ns_32ns_32_16_no_dsp_1_U1003                        | -   |        | mean_1         | fdiv  | fabric  | 15      |
|   fmul_32ns_32ns_32_5_max_dsp_1_U1013                        | 2   |        | vsum_60        | fadd  | fulldsp | 7       |
|   faddfsub_32ns_32ns_32_8_full_dsp_1_U1002                   | 2   |        | vsum_61        | fadd  | fulldsp | 7       |
|   faddfsub_32ns_32ns_32_8_full_dsp_1_U1002                   | 2   |        | vsum_62        | fadd  | fulldsp | 7       |
|   fmul_32ns_32ns_32_5_max_dsp_1_U1012                        | 2   |        | vsum_63        | fadd  | fulldsp | 7       |
|   fmul_32ns_32ns_32_5_max_dsp_1_U1013                        | 2   |        | vsum_64        | fadd  | fulldsp | 7       |
|   faddfsub_32ns_32ns_32_8_full_dsp_1_U1002                   | 2   |        | vsum_65        | fadd  | fulldsp | 7       |
|   fmul_32ns_32ns_32_5_max_dsp_1_U1012                        | 2   |        | vsum_66        | fadd  | fulldsp | 7       |
|   faddfsub_32ns_32ns_32_8_full_dsp_1_U1002                   | 2   |        | vsum_67        | fadd  | fulldsp | 7       |
|   fmul_32ns_32ns_32_5_max_dsp_1_U1013                        | 2   |        | vsum_68        | fadd  | fulldsp | 7       |
|   fmul_32ns_32ns_32_5_max_dsp_1_U1012                        | 2   |        | vsum_69        | fadd  | fulldsp | 7       |
|   faddfsub_32ns_32ns_32_8_full_dsp_1_U1002                   | 2   |        | vsum_70        | fadd  | fulldsp | 7       |
|   faddfsub_32ns_32ns_32_8_full_dsp_1_U1002                   | 2   |        | vsum_71        | fadd  | fulldsp | 7       |
|   fmul_32ns_32ns_32_5_max_dsp_1_U1013                        | 2   |        | vsum_72        | fadd  | fulldsp | 7       |
|   fmul_32ns_32ns_32_5_max_dsp_1_U1012                        | 2   |        | vsum_73        | fadd  | fulldsp | 7       |
|   faddfsub_32ns_32ns_32_8_full_dsp_1_U1002                   | 2   |        | vsum_74        | fadd  | fulldsp | 7       |
|   fmul_32ns_32ns_32_5_max_dsp_1_U1013                        | 2   |        | vsum_75        | fadd  | fulldsp | 7       |
|   faddfsub_32ns_32ns_32_8_full_dsp_1_U1002                   | 2   |        | vsum_76        | fadd  | fulldsp | 7       |
|   fmul_32ns_32ns_32_5_max_dsp_1_U1012                        | 2   |        | vsum_77        | fadd  | fulldsp | 7       |
|   fmul_32ns_32ns_32_5_max_dsp_1_U1013                        | 2   |        | vsum_78        | fadd  | fulldsp | 7       |
|   faddfsub_32ns_32ns_32_8_full_dsp_1_U1002                   | 2   |        | vsum_79        | fadd  | fulldsp | 7       |
|   faddfsub_32ns_32ns_32_8_full_dsp_1_U1002                   | 2   |        | vsum_80        | fadd  | fulldsp | 7       |
|   fmul_32ns_32ns_32_5_max_dsp_1_U1012                        | 2   |        | vsum_81        | fadd  | fulldsp | 7       |
|   fmul_32ns_32ns_32_5_max_dsp_1_U1013                        | 2   |        | vsum_82        | fadd  | fulldsp | 7       |
|   faddfsub_32ns_32ns_32_8_full_dsp_1_U1002                   | 2   |        | vsum_83        | fadd  | fulldsp | 7       |
|   fmul_32ns_32ns_32_5_max_dsp_1_U1012                        | 2   |        | vsum_84        | fadd  | fulldsp | 7       |
|   faddfsub_32ns_32ns_32_8_full_dsp_1_U1002                   | 2   |        | vsum_85        | fadd  | fulldsp | 7       |
|   fmul_32ns_32ns_32_5_max_dsp_1_U1013                        | 2   |        | vsum_86        | fadd  | fulldsp | 7       |
|   fmul_32ns_32ns_32_5_max_dsp_1_U1012                        | 2   |        | vsum_87        | fadd  | fulldsp | 7       |
|   faddfsub_32ns_32ns_32_8_full_dsp_1_U1002                   | 2   |        | vsum_88        | fadd  | fulldsp | 7       |
|   faddfsub_32ns_32ns_32_8_full_dsp_1_U1002                   | 2   |        | vsum_89        | fadd  | fulldsp | 7       |
|   fmul_32ns_32ns_32_5_max_dsp_1_U1013                        | 2   |        | vsum_90        | fadd  | fulldsp | 7       |
|   fmul_32ns_32ns_32_5_max_dsp_1_U1012                        | 2   |        | vsum_91        | fadd  | fulldsp | 7       |
|   faddfsub_32ns_32ns_32_8_full_dsp_1_U1002                   | 2   |        | vsum_92        | fadd  | fulldsp | 7       |
|   fmul_32ns_32ns_32_5_max_dsp_1_U1013                        | 2   |        | vsum_93        | fadd  | fulldsp | 7       |
|   faddfsub_32ns_32ns_32_8_full_dsp_1_U1002                   | 2   |        | vsum_94        | fadd  | fulldsp | 7       |
|   fmul_32ns_32ns_32_5_max_dsp_1_U1012                        | 2   |        | vsum_95        | fadd  | fulldsp | 7       |
|   fmul_32ns_32ns_32_5_max_dsp_1_U1013                        | 2   |        | vsum_96        | fadd  | fulldsp | 7       |
|   faddfsub_32ns_32ns_32_8_full_dsp_1_U1002                   | 2   |        | vsum_97        | fadd  | fulldsp | 7       |
|   faddfsub_32ns_32ns_32_8_full_dsp_1_U1002                   | 2   |        | vsum_98        | fadd  | fulldsp | 7       |
|   fmul_32ns_32ns_32_5_max_dsp_1_U1012                        | 2   |        | vsum_99        | fadd  | fulldsp | 7       |
|   fmul_32ns_32ns_32_5_max_dsp_1_U1013                        | 2   |        | vsum_100       | fadd  | fulldsp | 7       |
|   faddfsub_32ns_32ns_32_8_full_dsp_1_U1002                   | 2   |        | vsum_101       | fadd  | fulldsp | 7       |
|   fmul_32ns_32ns_32_5_max_dsp_1_U1012                        | 2   |        | vsum_102       | fadd  | fulldsp | 7       |
|   faddfsub_32ns_32ns_32_8_full_dsp_1_U1002                   | 2   |        | vsum_103       | fadd  | fulldsp | 7       |
|   fmul_32ns_32ns_32_5_max_dsp_1_U1013                        | 2   |        | vsum_104       | fadd  | fulldsp | 7       |
|   fmul_32ns_32ns_32_5_max_dsp_1_U1012                        | 2   |        | vsum_105       | fadd  | fulldsp | 7       |
|   faddfsub_32ns_32ns_32_8_full_dsp_1_U1002                   | 2   |        | vsum_106       | fadd  | fulldsp | 7       |
|   faddfsub_32ns_32ns_32_8_full_dsp_1_U1002                   | 2   |        | vsum_107       | fadd  | fulldsp | 7       |
|   fmul_32ns_32ns_32_5_max_dsp_1_U1013                        | 2   |        | vsum_108       | fadd  | fulldsp | 7       |
|   fmul_32ns_32ns_32_5_max_dsp_1_U1012                        | 2   |        | vsum_109       | fadd  | fulldsp | 7       |
|   faddfsub_32ns_32ns_32_8_full_dsp_1_U1002                   | 2   |        | vsum_110       | fadd  | fulldsp | 7       |
|   fmul_32ns_32ns_32_5_max_dsp_1_U1013                        | 2   |        | vsum_111       | fadd  | fulldsp | 7       |
|   faddfsub_32ns_32ns_32_8_full_dsp_1_U1002                   | 2   |        | vsum_112       | fadd  | fulldsp | 7       |
|   fmul_32ns_32ns_32_5_max_dsp_1_U1012                        | 2   |        | vsum_113       | fadd  | fulldsp | 7       |
|   fmul_32ns_32ns_32_5_max_dsp_1_U1013                        | 2   |        | vsum_114       | fadd  | fulldsp | 7       |
|   faddfsub_32ns_32ns_32_8_full_dsp_1_U1002                   | 2   |        | vsum_115       | fadd  | fulldsp | 7       |
|   faddfsub_32ns_32ns_32_8_full_dsp_1_U1002                   | 2   |        | vsum_116       | fadd  | fulldsp | 7       |
|   fmul_32ns_32ns_32_5_max_dsp_1_U1012                        | 2   |        | vsum_117       | fadd  | fulldsp | 7       |
|   fmul_32ns_32ns_32_5_max_dsp_1_U1013                        | 2   |        | vsum_118       | fadd  | fulldsp | 7       |
|   faddfsub_32ns_32ns_32_8_full_dsp_1_U1002                   | 2   |        | vsum_119       | fadd  | fulldsp | 7       |
|   fmul_32ns_32ns_32_5_max_dsp_1_U1012                        | -   |        | div69_i130_i   | fdiv  | fabric  | 15      |
|   faddfsub_32ns_32ns_32_8_full_dsp_1_U1002                   | 2   |        | add70_i131_i   | fadd  | fulldsp | 7       |
|   fmul_32ns_32ns_32_5_max_dsp_1_U1013                        | -   |        | tmp_33         | fsqrt | fabric  | 15      |
|   fmul_32ns_32ns_32_5_max_dsp_1_U1012                        | -   |        | inv_std_1      | fdiv  | fabric  | 15      |
|   add_ln84_3_fu_3478_p2                                      | -   |        | add_ln84_3     | add   | fabric  | 0       |
|   faddfsub_32ns_32ns_32_8_full_dsp_1_U1002                   | -   |        | add_ln170      | add   | fabric  | 0       |
|   fmul_32ns_32ns_32_5_max_dsp_1_U1012                        | -   |        | add_ln170_1855 | add   | fabric  | 0       |
|  + transformer_blk_s4_top_Pipeline_COPY_IN                   | 0   |        |                |       |         |         |
|    add_ln145_fu_135_p2                                       | -   |        | add_ln145      | add   | fabric  | 0       |
|  + transformer_blk_s4_top_Pipeline_COPY_OUT                  | 0   |        |                |       |         |         |
|    add_ln161_fu_131_p2                                       | -   |        | add_ln161      | add   | fabric  | 0       |
|  + transformer_blk_s4_top_Pipeline_LN_MEAN                   | 0   |        |                |       |         |         |
|    add_ln92_fu_1027_p2                                       | -   |        | add_ln92       | add   | fabric  | 0       |
|    add_ln97_fu_1037_p2                                       | -   |        | add_ln97       | add   | fabric  | 0       |
|  + transformer_blk_s4_top_Pipeline_LF_S_LF_OD                | 0   |        |                |       |         |         |
|    sub_ln170_fu_6102_p2                                      | -   |        | sub_ln170      | sub   | fabric  | 0       |
|    add_ln162_2_fu_6114_p2                                    | -   |        | add_ln162_2    | add   | fabric  | 0       |
|    add_ln1626331_fu_6137_p2                                  | -   |        | add_ln1626331  | add   | fabric  | 0       |
|    sub_ln170_5_fu_6163_p2                                    | -   |        | sub_ln170_5    | sub   | fabric  | 0       |
|    add_ln162_fu_6328_p2                                      | -   |        | add_ln162      | add   | fabric  | 0       |
|    add_ln162_618_fu_6341_p2                                  | -   |        | add_ln162_618  | add   | fabric  | 0       |
|    add_ln162_619_fu_6392_p2                                  | -   |        | add_ln162_619  | add   | fabric  | 0       |
|    add_ln162_620_fu_6405_p2                                  | -   |        | add_ln162_620  | add   | fabric  | 0       |
|    add_ln162_621_fu_6466_p2                                  | -   |        | add_ln162_621  | add   | fabric  | 0       |
|    add_ln162_622_fu_6479_p2                                  | -   |        | add_ln162_622  | add   | fabric  | 0       |
|    add_ln162_623_fu_6540_p2                                  | -   |        | add_ln162_623  | add   | fabric  | 0       |
|    add_ln162_624_fu_6553_p2                                  | -   |        | add_ln162_624  | add   | fabric  | 0       |
|    add_ln162_625_fu_6614_p2                                  | -   |        | add_ln162_625  | add   | fabric  | 0       |
|    add_ln162_626_fu_6627_p2                                  | -   |        | add_ln162_626  | add   | fabric  | 0       |
|    add_ln162_627_fu_6688_p2                                  | -   |        | add_ln162_627  | add   | fabric  | 0       |
|    add_ln162_628_fu_6701_p2                                  | -   |        | add_ln162_628  | add   | fabric  | 0       |
|    add_ln162_629_fu_6762_p2                                  | -   |        | add_ln162_629  | add   | fabric  | 0       |
|    add_ln162_630_fu_6775_p2                                  | -   |        | add_ln162_630  | add   | fabric  | 0       |
|    add_ln162_631_fu_6841_p2                                  | -   |        | add_ln162_631  | add   | fabric  | 0       |
|    add_ln162_632_fu_6854_p2                                  | -   |        | add_ln162_632  | add   | fabric  | 0       |
|    add_ln162_633_fu_6915_p2                                  | -   |        | add_ln162_633  | add   | fabric  | 0       |
|    add_ln162_634_fu_6928_p2                                  | -   |        | add_ln162_634  | add   | fabric  | 0       |
|    add_ln162_635_fu_6989_p2                                  | -   |        | add_ln162_635  | add   | fabric  | 0       |
|    add_ln162_636_fu_7002_p2                                  | -   |        | add_ln162_636  | add   | fabric  | 0       |
|    add_ln162_637_fu_7067_p2                                  | -   |        | add_ln162_637  | add   | fabric  | 0       |
|    add_ln162_638_fu_7080_p2                                  | -   |        | add_ln162_638  | add   | fabric  | 0       |
|    add_ln162_639_fu_7178_p2                                  | -   |        | add_ln162_639  | add   | fabric  | 0       |
|    add_ln162_640_fu_7191_p2                                  | -   |        | add_ln162_640  | add   | fabric  | 0       |
|    add_ln162_641_fu_7252_p2                                  | -   |        | add_ln162_641  | add   | fabric  | 0       |
|    add_ln162_642_fu_7265_p2                                  | -   |        | add_ln162_642  | add   | fabric  | 0       |
|    add_ln162_643_fu_7326_p2                                  | -   |        | add_ln162_643  | add   | fabric  | 0       |
|    add_ln162_644_fu_7339_p2                                  | -   |        | add_ln162_644  | add   | fabric  | 0       |
|    add_ln162_645_fu_7400_p2                                  | -   |        | add_ln162_645  | add   | fabric  | 0       |
|    add_ln162_646_fu_7413_p2                                  | -   |        | add_ln162_646  | add   | fabric  | 0       |
|    add_ln162_647_fu_7474_p2                                  | -   |        | add_ln162_647  | add   | fabric  | 0       |
|    add_ln162_648_fu_7487_p2                                  | -   |        | add_ln162_648  | add   | fabric  | 0       |
|    add_ln162_649_fu_7548_p2                                  | -   |        | add_ln162_649  | add   | fabric  | 0       |
|    add_ln162_650_fu_7561_p2                                  | -   |        | add_ln162_650  | add   | fabric  | 0       |
|    add_ln162_651_fu_7622_p2                                  | -   |        | add_ln162_651  | add   | fabric  | 0       |
|    add_ln162_652_fu_7635_p2                                  | -   |        | add_ln162_652  | add   | fabric  | 0       |
|    add_ln162_653_fu_7696_p2                                  | -   |        | add_ln162_653  | add   | fabric  | 0       |
|    add_ln162_654_fu_7709_p2                                  | -   |        | add_ln162_654  | add   | fabric  | 0       |
|    add_ln162_655_fu_7770_p2                                  | -   |        | add_ln162_655  | add   | fabric  | 0       |
|    add_ln162_656_fu_7783_p2                                  | -   |        | add_ln162_656  | add   | fabric  | 0       |
|    add_ln162_657_fu_7844_p2                                  | -   |        | add_ln162_657  | add   | fabric  | 0       |
|    add_ln162_658_fu_7857_p2                                  | -   |        | add_ln162_658  | add   | fabric  | 0       |
|    add_ln162_659_fu_7918_p2                                  | -   |        | add_ln162_659  | add   | fabric  | 0       |
|    add_ln162_660_fu_7931_p2                                  | -   |        | add_ln162_660  | add   | fabric  | 0       |
|    add_ln162_661_fu_7992_p2                                  | -   |        | add_ln162_661  | add   | fabric  | 0       |
|    add_ln162_662_fu_8005_p2                                  | -   |        | add_ln162_662  | add   | fabric  | 0       |
|    add_ln162_663_fu_8066_p2                                  | -   |        | add_ln162_663  | add   | fabric  | 0       |
|    add_ln162_664_fu_8079_p2                                  | -   |        | add_ln162_664  | add   | fabric  | 0       |
|    add_ln162_665_fu_8140_p2                                  | -   |        | add_ln162_665  | add   | fabric  | 0       |
|    add_ln162_666_fu_8153_p2                                  | -   |        | add_ln162_666  | add   | fabric  | 0       |
|    add_ln162_667_fu_8214_p2                                  | -   |        | add_ln162_667  | add   | fabric  | 0       |
|    add_ln162_668_fu_8227_p2                                  | -   |        | add_ln162_668  | add   | fabric  | 0       |
|    add_ln162_669_fu_8288_p2                                  | -   |        | add_ln162_669  | add   | fabric  | 0       |
|    add_ln162_670_fu_8301_p2                                  | -   |        | add_ln162_670  | add   | fabric  | 0       |
|    add_ln162_671_fu_8362_p2                                  | -   |        | add_ln162_671  | add   | fabric  | 0       |
|    add_ln162_672_fu_8375_p2                                  | -   |        | add_ln162_672  | add   | fabric  | 0       |
|    add_ln165_fu_6223_p2                                      | -   |        | add_ln165      | add   | fabric  | 0       |
|    sub_ln170_4_fu_6288_p2                                    | -   |        | sub_ln170_4    | sub   | fabric  | 0       |
|    add_ln170_fu_6298_p2                                      | -   |        | add_ln170      | add   | fabric  | 0       |
|    add_ln170_3_fu_6318_p2                                    | -   |        | add_ln170_3    | add   | fabric  | 0       |
|    add_ln170_4_fu_6363_p2                                    | -   |        | add_ln170_4    | add   | fabric  | 0       |
|    add_ln170_5_fu_6382_p2                                    | -   |        | add_ln170_5    | add   | fabric  | 0       |
|    add_ln170_6_fu_6437_p2                                    | -   |        | add_ln170_6    | add   | fabric  | 0       |
|    add_ln170_7_fu_6456_p2                                    | -   |        | add_ln170_7    | add   | fabric  | 0       |
|    add_ln170_8_fu_6511_p2                                    | -   |        | add_ln170_8    | add   | fabric  | 0       |
|    add_ln170_9_fu_6530_p2                                    | -   |        | add_ln170_9    | add   | fabric  | 0       |
|    add_ln170_10_fu_6585_p2                                   | -   |        | add_ln170_10   | add   | fabric  | 0       |
|    add_ln170_11_fu_6604_p2                                   | -   |        | add_ln170_11   | add   | fabric  | 0       |
|    add_ln170_12_fu_6659_p2                                   | -   |        | add_ln170_12   | add   | fabric  | 0       |
|    add_ln170_13_fu_6678_p2                                   | -   |        | add_ln170_13   | add   | fabric  | 0       |
|    add_ln170_14_fu_6733_p2                                   | -   |        | add_ln170_14   | add   | fabric  | 0       |
|    add_ln170_15_fu_6752_p2                                   | -   |        | add_ln170_15   | add   | fabric  | 0       |
|    add_ln170_16_fu_6812_p2                                   | -   |        | add_ln170_16   | add   | fabric  | 0       |
|    add_ln170_18_fu_6831_p2                                   | -   |        | add_ln170_18   | add   | fabric  | 0       |
|    add_ln170_20_fu_6877_p2                                   | -   |        | add_ln170_20   | add   | fabric  | 0       |
|    add_ln170_17_fu_6886_p2                                   | -   |        | add_ln170_17   | add   | fabric  | 0       |
|    add_ln170_22_fu_6896_p2                                   | -   |        | add_ln170_22   | add   | fabric  | 0       |
|    add_ln170_19_fu_6905_p2                                   | -   |        | add_ln170_19   | add   | fabric  | 0       |
|    add_ln170_24_fu_6951_p2                                   | -   |        | add_ln170_24   | add   | fabric  | 0       |
|    add_ln170_21_fu_6960_p2                                   | -   |        | add_ln170_21   | add   | fabric  | 0       |
|    add_ln170_26_fu_6970_p2                                   | -   |        | add_ln170_26   | add   | fabric  | 0       |
|    add_ln170_23_fu_6979_p2                                   | -   |        | add_ln170_23   | add   | fabric  | 0       |
|    add_ln170_28_fu_7025_p2                                   | -   |        | add_ln170_28   | add   | fabric  | 0       |
|    add_ln170_25_fu_7034_p2                                   | -   |        | add_ln170_25   | add   | fabric  | 0       |
|    add_ln170_30_fu_7044_p2                                   | -   |        | add_ln170_30   | add   | fabric  | 0       |
|    add_ln170_27_fu_7053_p2                                   | -   |        | add_ln170_27   | add   | fabric  | 0       |
|    add_ln170_32_fu_7103_p2                                   | -   |        | add_ln170_32   | add   | fabric  | 0       |
|    add_ln170_29_fu_7112_p2                                   | -   |        | add_ln170_29   | add   | fabric  | 0       |
|    add_ln170_34_fu_7122_p2                                   | -   |        | add_ln170_34   | add   | fabric  | 0       |
|    add_ln170_31_fu_7131_p2                                   | -   |        | add_ln170_31   | add   | fabric  | 0       |
|    add_ln170_36_fu_7214_p2                                   | -   |        | add_ln170_36   | add   | fabric  | 0       |
|    add_ln170_33_fu_7223_p2                                   | -   |        | add_ln170_33   | add   | fabric  | 0       |
|    add_ln170_38_fu_7233_p2                                   | -   |        | add_ln170_38   | add   | fabric  | 0       |
|    add_ln170_35_fu_7242_p2                                   | -   |        | add_ln170_35   | add   | fabric  | 0       |
|    add_ln170_40_fu_7288_p2                                   | -   |        | add_ln170_40   | add   | fabric  | 0       |
|    add_ln170_37_fu_7297_p2                                   | -   |        | add_ln170_37   | add   | fabric  | 0       |
|    add_ln170_42_fu_7307_p2                                   | -   |        | add_ln170_42   | add   | fabric  | 0       |
|    add_ln170_39_fu_7316_p2                                   | -   |        | add_ln170_39   | add   | fabric  | 0       |
|    add_ln170_44_fu_7362_p2                                   | -   |        | add_ln170_44   | add   | fabric  | 0       |
|    add_ln170_41_fu_7371_p2                                   | -   |        | add_ln170_41   | add   | fabric  | 0       |
|    add_ln170_46_fu_7381_p2                                   | -   |        | add_ln170_46   | add   | fabric  | 0       |
|    add_ln170_43_fu_7390_p2                                   | -   |        | add_ln170_43   | add   | fabric  | 0       |
|    add_ln170_48_fu_7436_p2                                   | -   |        | add_ln170_48   | add   | fabric  | 0       |
|    add_ln170_45_fu_7445_p2                                   | -   |        | add_ln170_45   | add   | fabric  | 0       |
|    add_ln170_50_fu_7455_p2                                   | -   |        | add_ln170_50   | add   | fabric  | 0       |
|    add_ln170_47_fu_7464_p2                                   | -   |        | add_ln170_47   | add   | fabric  | 0       |
|    add_ln170_52_fu_7510_p2                                   | -   |        | add_ln170_52   | add   | fabric  | 0       |
|    add_ln170_49_fu_7519_p2                                   | -   |        | add_ln170_49   | add   | fabric  | 0       |
|    add_ln170_54_fu_7529_p2                                   | -   |        | add_ln170_54   | add   | fabric  | 0       |
|    add_ln170_51_fu_7538_p2                                   | -   |        | add_ln170_51   | add   | fabric  | 0       |
|    add_ln170_56_fu_7584_p2                                   | -   |        | add_ln170_56   | add   | fabric  | 0       |
|    add_ln170_53_fu_7593_p2                                   | -   |        | add_ln170_53   | add   | fabric  | 0       |
|    add_ln170_58_fu_7603_p2                                   | -   |        | add_ln170_58   | add   | fabric  | 0       |
|    add_ln170_55_fu_7612_p2                                   | -   |        | add_ln170_55   | add   | fabric  | 0       |
|    add_ln170_60_fu_7658_p2                                   | -   |        | add_ln170_60   | add   | fabric  | 0       |
|    add_ln170_57_fu_7667_p2                                   | -   |        | add_ln170_57   | add   | fabric  | 0       |
|    add_ln170_62_fu_7677_p2                                   | -   |        | add_ln170_62   | add   | fabric  | 0       |
|    add_ln170_59_fu_7686_p2                                   | -   |        | add_ln170_59   | add   | fabric  | 0       |
|    add_ln170_64_fu_7732_p2                                   | -   |        | add_ln170_64   | add   | fabric  | 0       |
|    add_ln170_61_fu_7741_p2                                   | -   |        | add_ln170_61   | add   | fabric  | 0       |
|    add_ln170_66_fu_7751_p2                                   | -   |        | add_ln170_66   | add   | fabric  | 0       |
|    add_ln170_63_fu_7760_p2                                   | -   |        | add_ln170_63   | add   | fabric  | 0       |
|    add_ln170_68_fu_7806_p2                                   | -   |        | add_ln170_68   | add   | fabric  | 0       |
|    add_ln170_65_fu_7815_p2                                   | -   |        | add_ln170_65   | add   | fabric  | 0       |
|    add_ln170_70_fu_7825_p2                                   | -   |        | add_ln170_70   | add   | fabric  | 0       |
|    add_ln170_67_fu_7834_p2                                   | -   |        | add_ln170_67   | add   | fabric  | 0       |
|    add_ln170_72_fu_7880_p2                                   | -   |        | add_ln170_72   | add   | fabric  | 0       |
|    add_ln170_69_fu_7889_p2                                   | -   |        | add_ln170_69   | add   | fabric  | 0       |
|    add_ln170_74_fu_7899_p2                                   | -   |        | add_ln170_74   | add   | fabric  | 0       |
|    add_ln170_71_fu_7908_p2                                   | -   |        | add_ln170_71   | add   | fabric  | 0       |
|    add_ln170_76_fu_7954_p2                                   | -   |        | add_ln170_76   | add   | fabric  | 0       |
|    add_ln170_73_fu_7963_p2                                   | -   |        | add_ln170_73   | add   | fabric  | 0       |
|    add_ln170_78_fu_7973_p2                                   | -   |        | add_ln170_78   | add   | fabric  | 0       |
|    add_ln170_75_fu_7982_p2                                   | -   |        | add_ln170_75   | add   | fabric  | 0       |
|    add_ln170_80_fu_8028_p2                                   | -   |        | add_ln170_80   | add   | fabric  | 0       |
|    add_ln170_77_fu_8037_p2                                   | -   |        | add_ln170_77   | add   | fabric  | 0       |
|    add_ln170_82_fu_8047_p2                                   | -   |        | add_ln170_82   | add   | fabric  | 0       |
|    add_ln170_79_fu_8056_p2                                   | -   |        | add_ln170_79   | add   | fabric  | 0       |
|    add_ln170_84_fu_8102_p2                                   | -   |        | add_ln170_84   | add   | fabric  | 0       |
|    add_ln170_81_fu_8111_p2                                   | -   |        | add_ln170_81   | add   | fabric  | 0       |
|    add_ln170_86_fu_8121_p2                                   | -   |        | add_ln170_86   | add   | fabric  | 0       |
|    add_ln170_83_fu_8130_p2                                   | -   |        | add_ln170_83   | add   | fabric  | 0       |
|    add_ln170_88_fu_8176_p2                                   | -   |        | add_ln170_88   | add   | fabric  | 0       |
|    add_ln170_85_fu_8185_p2                                   | -   |        | add_ln170_85   | add   | fabric  | 0       |
|    add_ln170_90_fu_8195_p2                                   | -   |        | add_ln170_90   | add   | fabric  | 0       |
|    add_ln170_87_fu_8204_p2                                   | -   |        | add_ln170_87   | add   | fabric  | 0       |
|    add_ln170_92_fu_8250_p2                                   | -   |        | add_ln170_92   | add   | fabric  | 0       |
|    add_ln170_89_fu_8259_p2                                   | -   |        | add_ln170_89   | add   | fabric  | 0       |
|    add_ln170_94_fu_8269_p2                                   | -   |        | add_ln170_94   | add   | fabric  | 0       |
|    add_ln170_91_fu_8278_p2                                   | -   |        | add_ln170_91   | add   | fabric  | 0       |
|    add_ln170_96_fu_8324_p2                                   | -   |        | add_ln170_96   | add   | fabric  | 0       |
|    add_ln170_93_fu_8333_p2                                   | -   |        | add_ln170_93   | add   | fabric  | 0       |
|    add_ln170_98_fu_8343_p2                                   | -   |        | add_ln170_98   | add   | fabric  | 0       |
|    add_ln170_95_fu_8352_p2                                   | -   |        | add_ln170_95   | add   | fabric  | 0       |
|    add_ln170_100_fu_8398_p2                                  | -   |        | add_ln170_100  | add   | fabric  | 0       |
|    add_ln170_97_fu_8407_p2                                   | -   |        | add_ln170_97   | add   | fabric  | 0       |
|    add_ln170_102_fu_8417_p2                                  | -   |        | add_ln170_102  | add   | fabric  | 0       |
|    add_ln170_99_fu_8426_p2                                   | -   |        | add_ln170_99   | add   | fabric  | 0       |
|    add_ln170_104_fu_8446_p2                                  | -   |        | add_ln170_104  | add   | fabric  | 0       |
|    add_ln170_101_fu_8455_p2                                  | -   |        | add_ln170_101  | add   | fabric  | 0       |
|    add_ln170_106_fu_8465_p2                                  | -   |        | add_ln170_106  | add   | fabric  | 0       |
|    add_ln170_103_fu_8474_p2                                  | -   |        | add_ln170_103  | add   | fabric  | 0       |
|    add_ln170_108_fu_8494_p2                                  | -   |        | add_ln170_108  | add   | fabric  | 0       |
|    add_ln170_105_fu_8503_p2                                  | -   |        | add_ln170_105  | add   | fabric  | 0       |
|    add_ln170_110_fu_8513_p2                                  | -   |        | add_ln170_110  | add   | fabric  | 0       |
|    add_ln170_107_fu_8522_p2                                  | -   |        | add_ln170_107  | add   | fabric  | 0       |
|    add_ln170_112_fu_8542_p2                                  | -   |        | add_ln170_112  | add   | fabric  | 0       |
|    add_ln170_109_fu_8551_p2                                  | -   |        | add_ln170_109  | add   | fabric  | 0       |
|    add_ln170_114_fu_8561_p2                                  | -   |        | add_ln170_114  | add   | fabric  | 0       |
|    add_ln170_111_fu_8570_p2                                  | -   |        | add_ln170_111  | add   | fabric  | 0       |
|    add_ln170_116_fu_8590_p2                                  | -   |        | add_ln170_116  | add   | fabric  | 0       |
|    add_ln170_113_fu_8599_p2                                  | -   |        | add_ln170_113  | add   | fabric  | 0       |
|    add_ln170_118_fu_8609_p2                                  | -   |        | add_ln170_118  | add   | fabric  | 0       |
|    add_ln170_115_fu_8618_p2                                  | -   |        | add_ln170_115  | add   | fabric  | 0       |
|    add_ln170_120_fu_8638_p2                                  | -   |        | add_ln170_120  | add   | fabric  | 0       |
|    add_ln170_117_fu_8647_p2                                  | -   |        | add_ln170_117  | add   | fabric  | 0       |
|    add_ln170_122_fu_8657_p2                                  | -   |        | add_ln170_122  | add   | fabric  | 0       |
|    add_ln170_119_fu_8666_p2                                  | -   |        | add_ln170_119  | add   | fabric  | 0       |
|    add_ln170_124_fu_8686_p2                                  | -   |        | add_ln170_124  | add   | fabric  | 0       |
|    add_ln170_121_fu_8695_p2                                  | -   |        | add_ln170_121  | add   | fabric  | 0       |
|    add_ln170_126_fu_8705_p2                                  | -   |        | add_ln170_126  | add   | fabric  | 0       |
|    add_ln170_123_fu_8714_p2                                  | -   |        | add_ln170_123  | add   | fabric  | 0       |
|    add_ln170_128_fu_8734_p2                                  | -   |        | add_ln170_128  | add   | fabric  | 0       |
|    add_ln170_125_fu_8743_p2                                  | -   |        | add_ln170_125  | add   | fabric  | 0       |
|    add_ln170_130_fu_8753_p2                                  | -   |        | add_ln170_130  | add   | fabric  | 0       |
|    add_ln170_127_fu_8762_p2                                  | -   |        | add_ln170_127  | add   | fabric  | 0       |
|    add_ln170_132_fu_8782_p2                                  | -   |        | add_ln170_132  | add   | fabric  | 0       |
|    add_ln170_129_fu_8791_p2                                  | -   |        | add_ln170_129  | add   | fabric  | 0       |
|    add_ln170_134_fu_8801_p2                                  | -   |        | add_ln170_134  | add   | fabric  | 0       |
|    add_ln170_131_fu_8810_p2                                  | -   |        | add_ln170_131  | add   | fabric  | 0       |
|    add_ln170_136_fu_8830_p2                                  | -   |        | add_ln170_136  | add   | fabric  | 0       |
|    add_ln170_133_fu_8839_p2                                  | -   |        | add_ln170_133  | add   | fabric  | 0       |
|    add_ln170_138_fu_8849_p2                                  | -   |        | add_ln170_138  | add   | fabric  | 0       |
|    add_ln170_135_fu_8858_p2                                  | -   |        | add_ln170_135  | add   | fabric  | 0       |
|    add_ln170_140_fu_8878_p2                                  | -   |        | add_ln170_140  | add   | fabric  | 0       |
|    add_ln170_137_fu_8887_p2                                  | -   |        | add_ln170_137  | add   | fabric  | 0       |
|    add_ln170_142_fu_8897_p2                                  | -   |        | add_ln170_142  | add   | fabric  | 0       |
|    add_ln170_139_fu_8906_p2                                  | -   |        | add_ln170_139  | add   | fabric  | 0       |
|    add_ln170_144_fu_8926_p2                                  | -   |        | add_ln170_144  | add   | fabric  | 0       |
|    add_ln170_141_fu_8935_p2                                  | -   |        | add_ln170_141  | add   | fabric  | 0       |
|    add_ln170_146_fu_8945_p2                                  | -   |        | add_ln170_146  | add   | fabric  | 0       |
|    add_ln170_143_fu_8954_p2                                  | -   |        | add_ln170_143  | add   | fabric  | 0       |
|    add_ln170_148_fu_8974_p2                                  | -   |        | add_ln170_148  | add   | fabric  | 0       |
|    add_ln170_145_fu_8983_p2                                  | -   |        | add_ln170_145  | add   | fabric  | 0       |
|    add_ln170_150_fu_8993_p2                                  | -   |        | add_ln170_150  | add   | fabric  | 0       |
|    add_ln170_147_fu_9002_p2                                  | -   |        | add_ln170_147  | add   | fabric  | 0       |
|    add_ln170_152_fu_9022_p2                                  | -   |        | add_ln170_152  | add   | fabric  | 0       |
|    add_ln170_149_fu_9031_p2                                  | -   |        | add_ln170_149  | add   | fabric  | 0       |
|    add_ln170_154_fu_9041_p2                                  | -   |        | add_ln170_154  | add   | fabric  | 0       |
|    add_ln170_151_fu_9050_p2                                  | -   |        | add_ln170_151  | add   | fabric  | 0       |
|    add_ln170_156_fu_9070_p2                                  | -   |        | add_ln170_156  | add   | fabric  | 0       |
|    add_ln170_153_fu_9079_p2                                  | -   |        | add_ln170_153  | add   | fabric  | 0       |
|    add_ln170_158_fu_9089_p2                                  | -   |        | add_ln170_158  | add   | fabric  | 0       |
|    add_ln170_155_fu_9098_p2                                  | -   |        | add_ln170_155  | add   | fabric  | 0       |
|    add_ln170_160_fu_9118_p2                                  | -   |        | add_ln170_160  | add   | fabric  | 0       |
|    add_ln170_157_fu_9127_p2                                  | -   |        | add_ln170_157  | add   | fabric  | 0       |
|    add_ln170_162_fu_9137_p2                                  | -   |        | add_ln170_162  | add   | fabric  | 0       |
|    add_ln170_159_fu_9146_p2                                  | -   |        | add_ln170_159  | add   | fabric  | 0       |
|    add_ln170_164_fu_9166_p2                                  | -   |        | add_ln170_164  | add   | fabric  | 0       |
|    add_ln170_161_fu_9175_p2                                  | -   |        | add_ln170_161  | add   | fabric  | 0       |
|    add_ln170_166_fu_9185_p2                                  | -   |        | add_ln170_166  | add   | fabric  | 0       |
|    add_ln170_163_fu_9194_p2                                  | -   |        | add_ln170_163  | add   | fabric  | 0       |
|    add_ln170_168_fu_9214_p2                                  | -   |        | add_ln170_168  | add   | fabric  | 0       |
|    add_ln170_165_fu_9223_p2                                  | -   |        | add_ln170_165  | add   | fabric  | 0       |
|    add_ln170_170_fu_9233_p2                                  | -   |        | add_ln170_170  | add   | fabric  | 0       |
|    add_ln170_167_fu_9242_p2                                  | -   |        | add_ln170_167  | add   | fabric  | 0       |
|    add_ln170_172_fu_9262_p2                                  | -   |        | add_ln170_172  | add   | fabric  | 0       |
|    add_ln170_169_fu_9271_p2                                  | -   |        | add_ln170_169  | add   | fabric  | 0       |
|    add_ln170_174_fu_9281_p2                                  | -   |        | add_ln170_174  | add   | fabric  | 0       |
|    add_ln170_171_fu_9290_p2                                  | -   |        | add_ln170_171  | add   | fabric  | 0       |
|    add_ln170_176_fu_9310_p2                                  | -   |        | add_ln170_176  | add   | fabric  | 0       |
|    add_ln170_173_fu_9319_p2                                  | -   |        | add_ln170_173  | add   | fabric  | 0       |
|    add_ln170_178_fu_9329_p2                                  | -   |        | add_ln170_178  | add   | fabric  | 0       |
|    add_ln170_175_fu_9338_p2                                  | -   |        | add_ln170_175  | add   | fabric  | 0       |
|    add_ln170_180_fu_9358_p2                                  | -   |        | add_ln170_180  | add   | fabric  | 0       |
|    add_ln170_177_fu_9367_p2                                  | -   |        | add_ln170_177  | add   | fabric  | 0       |
|    add_ln170_182_fu_9377_p2                                  | -   |        | add_ln170_182  | add   | fabric  | 0       |
|    add_ln170_179_fu_9386_p2                                  | -   |        | add_ln170_179  | add   | fabric  | 0       |
|    add_ln170_184_fu_9406_p2                                  | -   |        | add_ln170_184  | add   | fabric  | 0       |
|    add_ln170_181_fu_9415_p2                                  | -   |        | add_ln170_181  | add   | fabric  | 0       |
|    add_ln170_186_fu_9425_p2                                  | -   |        | add_ln170_186  | add   | fabric  | 0       |
|    add_ln170_183_fu_9434_p2                                  | -   |        | add_ln170_183  | add   | fabric  | 0       |
|    add_ln170_188_fu_9454_p2                                  | -   |        | add_ln170_188  | add   | fabric  | 0       |
|    add_ln170_185_fu_9463_p2                                  | -   |        | add_ln170_185  | add   | fabric  | 0       |
|    add_ln170_190_fu_9473_p2                                  | -   |        | add_ln170_190  | add   | fabric  | 0       |
|    add_ln170_187_fu_9482_p2                                  | -   |        | add_ln170_187  | add   | fabric  | 0       |
|    add_ln170_192_fu_9502_p2                                  | -   |        | add_ln170_192  | add   | fabric  | 0       |
|    add_ln170_189_fu_9511_p2                                  | -   |        | add_ln170_189  | add   | fabric  | 0       |
|    add_ln170_194_fu_9521_p2                                  | -   |        | add_ln170_194  | add   | fabric  | 0       |
|    add_ln170_191_fu_9530_p2                                  | -   |        | add_ln170_191  | add   | fabric  | 0       |
|    add_ln170_196_fu_9550_p2                                  | -   |        | add_ln170_196  | add   | fabric  | 0       |
|    add_ln170_193_fu_9559_p2                                  | -   |        | add_ln170_193  | add   | fabric  | 0       |
|    add_ln170_198_fu_9569_p2                                  | -   |        | add_ln170_198  | add   | fabric  | 0       |
|    add_ln170_195_fu_9578_p2                                  | -   |        | add_ln170_195  | add   | fabric  | 0       |
|    add_ln170_200_fu_9598_p2                                  | -   |        | add_ln170_200  | add   | fabric  | 0       |
|    add_ln170_197_fu_9607_p2                                  | -   |        | add_ln170_197  | add   | fabric  | 0       |
|    add_ln170_202_fu_9617_p2                                  | -   |        | add_ln170_202  | add   | fabric  | 0       |
|    add_ln170_199_fu_9626_p2                                  | -   |        | add_ln170_199  | add   | fabric  | 0       |
|    add_ln170_204_fu_9646_p2                                  | -   |        | add_ln170_204  | add   | fabric  | 0       |
|    add_ln170_201_fu_9655_p2                                  | -   |        | add_ln170_201  | add   | fabric  | 0       |
|    add_ln170_206_fu_9665_p2                                  | -   |        | add_ln170_206  | add   | fabric  | 0       |
|    add_ln170_203_fu_9674_p2                                  | -   |        | add_ln170_203  | add   | fabric  | 0       |
|    add_ln170_208_fu_9694_p2                                  | -   |        | add_ln170_208  | add   | fabric  | 0       |
|    add_ln170_205_fu_9703_p2                                  | -   |        | add_ln170_205  | add   | fabric  | 0       |
|    add_ln170_210_fu_9713_p2                                  | -   |        | add_ln170_210  | add   | fabric  | 0       |
|    add_ln170_207_fu_9722_p2                                  | -   |        | add_ln170_207  | add   | fabric  | 0       |
|    add_ln170_212_fu_9742_p2                                  | -   |        | add_ln170_212  | add   | fabric  | 0       |
|    add_ln170_209_fu_9751_p2                                  | -   |        | add_ln170_209  | add   | fabric  | 0       |
|    add_ln170_214_fu_9761_p2                                  | -   |        | add_ln170_214  | add   | fabric  | 0       |
|    add_ln170_211_fu_9770_p2                                  | -   |        | add_ln170_211  | add   | fabric  | 0       |
|    add_ln170_216_fu_9790_p2                                  | -   |        | add_ln170_216  | add   | fabric  | 0       |
|    add_ln170_213_fu_9799_p2                                  | -   |        | add_ln170_213  | add   | fabric  | 0       |
|    add_ln170_218_fu_9809_p2                                  | -   |        | add_ln170_218  | add   | fabric  | 0       |
|    add_ln170_215_fu_9818_p2                                  | -   |        | add_ln170_215  | add   | fabric  | 0       |
|    add_ln170_220_fu_9838_p2                                  | -   |        | add_ln170_220  | add   | fabric  | 0       |
|    add_ln170_217_fu_9847_p2                                  | -   |        | add_ln170_217  | add   | fabric  | 0       |
|    add_ln170_222_fu_9857_p2                                  | -   |        | add_ln170_222  | add   | fabric  | 0       |
|    add_ln170_219_fu_9866_p2                                  | -   |        | add_ln170_219  | add   | fabric  | 0       |
|    add_ln170_224_fu_9886_p2                                  | -   |        | add_ln170_224  | add   | fabric  | 0       |
|    add_ln170_221_fu_9895_p2                                  | -   |        | add_ln170_221  | add   | fabric  | 0       |
|    add_ln170_226_fu_9905_p2                                  | -   |        | add_ln170_226  | add   | fabric  | 0       |
|    add_ln170_223_fu_9914_p2                                  | -   |        | add_ln170_223  | add   | fabric  | 0       |
|    add_ln170_228_fu_9934_p2                                  | -   |        | add_ln170_228  | add   | fabric  | 0       |
|    add_ln170_225_fu_9943_p2                                  | -   |        | add_ln170_225  | add   | fabric  | 0       |
|    add_ln170_230_fu_9953_p2                                  | -   |        | add_ln170_230  | add   | fabric  | 0       |
|    add_ln170_227_fu_9962_p2                                  | -   |        | add_ln170_227  | add   | fabric  | 0       |
|    add_ln170_232_fu_9982_p2                                  | -   |        | add_ln170_232  | add   | fabric  | 0       |
|    add_ln170_229_fu_9991_p2                                  | -   |        | add_ln170_229  | add   | fabric  | 0       |
|    add_ln170_234_fu_10001_p2                                 | -   |        | add_ln170_234  | add   | fabric  | 0       |
|    add_ln170_231_fu_10010_p2                                 | -   |        | add_ln170_231  | add   | fabric  | 0       |
|    add_ln170_236_fu_10030_p2                                 | -   |        | add_ln170_236  | add   | fabric  | 0       |
|    add_ln170_233_fu_10039_p2                                 | -   |        | add_ln170_233  | add   | fabric  | 0       |
|    add_ln170_238_fu_10049_p2                                 | -   |        | add_ln170_238  | add   | fabric  | 0       |
|    add_ln170_235_fu_10058_p2                                 | -   |        | add_ln170_235  | add   | fabric  | 0       |
|    add_ln170_240_fu_10078_p2                                 | -   |        | add_ln170_240  | add   | fabric  | 0       |
|    add_ln170_237_fu_10087_p2                                 | -   |        | add_ln170_237  | add   | fabric  | 0       |
|    add_ln170_242_fu_10097_p2                                 | -   |        | add_ln170_242  | add   | fabric  | 0       |
|    add_ln170_239_fu_10106_p2                                 | -   |        | add_ln170_239  | add   | fabric  | 0       |
|    add_ln170_244_fu_10126_p2                                 | -   |        | add_ln170_244  | add   | fabric  | 0       |
|    add_ln170_241_fu_10135_p2                                 | -   |        | add_ln170_241  | add   | fabric  | 0       |
|    add_ln170_246_fu_10145_p2                                 | -   |        | add_ln170_246  | add   | fabric  | 0       |
|    add_ln170_243_fu_10154_p2                                 | -   |        | add_ln170_243  | add   | fabric  | 0       |
|    add_ln170_248_fu_10174_p2                                 | -   |        | add_ln170_248  | add   | fabric  | 0       |
|    add_ln170_245_fu_10183_p2                                 | -   |        | add_ln170_245  | add   | fabric  | 0       |
|    add_ln170_250_fu_10193_p2                                 | -   |        | add_ln170_250  | add   | fabric  | 0       |
|    add_ln170_247_fu_10202_p2                                 | -   |        | add_ln170_247  | add   | fabric  | 0       |
|    add_ln170_252_fu_10222_p2                                 | -   |        | add_ln170_252  | add   | fabric  | 0       |
|    add_ln170_249_fu_10231_p2                                 | -   |        | add_ln170_249  | add   | fabric  | 0       |
|    add_ln170_254_fu_10241_p2                                 | -   |        | add_ln170_254  | add   | fabric  | 0       |
|    add_ln170_251_fu_10250_p2                                 | -   |        | add_ln170_251  | add   | fabric  | 0       |
|    add_ln170_256_fu_10270_p2                                 | -   |        | add_ln170_256  | add   | fabric  | 0       |
|    add_ln170_253_fu_10279_p2                                 | -   |        | add_ln170_253  | add   | fabric  | 0       |
|    add_ln170_258_fu_10289_p2                                 | -   |        | add_ln170_258  | add   | fabric  | 0       |
|    add_ln170_255_fu_10298_p2                                 | -   |        | add_ln170_255  | add   | fabric  | 0       |
|    add_ln170_260_fu_10318_p2                                 | -   |        | add_ln170_260  | add   | fabric  | 0       |
|    add_ln170_257_fu_10327_p2                                 | -   |        | add_ln170_257  | add   | fabric  | 0       |
|    add_ln170_262_fu_10337_p2                                 | -   |        | add_ln170_262  | add   | fabric  | 0       |
|    add_ln170_259_fu_10346_p2                                 | -   |        | add_ln170_259  | add   | fabric  | 0       |
|    add_ln170_264_fu_10366_p2                                 | -   |        | add_ln170_264  | add   | fabric  | 0       |
|    add_ln170_261_fu_10375_p2                                 | -   |        | add_ln170_261  | add   | fabric  | 0       |
|    add_ln170_266_fu_10385_p2                                 | -   |        | add_ln170_266  | add   | fabric  | 0       |
|    add_ln170_263_fu_10394_p2                                 | -   |        | add_ln170_263  | add   | fabric  | 0       |
|    add_ln170_268_fu_10414_p2                                 | -   |        | add_ln170_268  | add   | fabric  | 0       |
|    add_ln170_265_fu_10423_p2                                 | -   |        | add_ln170_265  | add   | fabric  | 0       |
|    add_ln170_270_fu_10433_p2                                 | -   |        | add_ln170_270  | add   | fabric  | 0       |
|    add_ln170_267_fu_10442_p2                                 | -   |        | add_ln170_267  | add   | fabric  | 0       |
|    add_ln170_272_fu_10462_p2                                 | -   |        | add_ln170_272  | add   | fabric  | 0       |
|    add_ln170_269_fu_10471_p2                                 | -   |        | add_ln170_269  | add   | fabric  | 0       |
|    add_ln170_274_fu_10481_p2                                 | -   |        | add_ln170_274  | add   | fabric  | 0       |
|    add_ln170_271_fu_10490_p2                                 | -   |        | add_ln170_271  | add   | fabric  | 0       |
|    add_ln170_276_fu_10510_p2                                 | -   |        | add_ln170_276  | add   | fabric  | 0       |
|    add_ln170_273_fu_10519_p2                                 | -   |        | add_ln170_273  | add   | fabric  | 0       |
|    add_ln170_278_fu_10529_p2                                 | -   |        | add_ln170_278  | add   | fabric  | 0       |
|    add_ln170_275_fu_10538_p2                                 | -   |        | add_ln170_275  | add   | fabric  | 0       |
|    add_ln170_280_fu_10558_p2                                 | -   |        | add_ln170_280  | add   | fabric  | 0       |
|    add_ln170_277_fu_10567_p2                                 | -   |        | add_ln170_277  | add   | fabric  | 0       |
|    add_ln170_282_fu_10577_p2                                 | -   |        | add_ln170_282  | add   | fabric  | 0       |
|    add_ln170_279_fu_10586_p2                                 | -   |        | add_ln170_279  | add   | fabric  | 0       |
|    add_ln170_284_fu_10606_p2                                 | -   |        | add_ln170_284  | add   | fabric  | 0       |
|    add_ln170_281_fu_10615_p2                                 | -   |        | add_ln170_281  | add   | fabric  | 0       |
|    add_ln170_286_fu_10625_p2                                 | -   |        | add_ln170_286  | add   | fabric  | 0       |
|    add_ln170_283_fu_10634_p2                                 | -   |        | add_ln170_283  | add   | fabric  | 0       |
|    add_ln170_288_fu_10654_p2                                 | -   |        | add_ln170_288  | add   | fabric  | 0       |
|    add_ln170_285_fu_10663_p2                                 | -   |        | add_ln170_285  | add   | fabric  | 0       |
|    add_ln170_290_fu_10673_p2                                 | -   |        | add_ln170_290  | add   | fabric  | 0       |
|    add_ln170_287_fu_10682_p2                                 | -   |        | add_ln170_287  | add   | fabric  | 0       |
|    add_ln170_292_fu_10702_p2                                 | -   |        | add_ln170_292  | add   | fabric  | 0       |
|    add_ln170_289_fu_10711_p2                                 | -   |        | add_ln170_289  | add   | fabric  | 0       |
|    add_ln170_294_fu_10721_p2                                 | -   |        | add_ln170_294  | add   | fabric  | 0       |
|    add_ln170_291_fu_10730_p2                                 | -   |        | add_ln170_291  | add   | fabric  | 0       |
|    add_ln170_296_fu_10750_p2                                 | -   |        | add_ln170_296  | add   | fabric  | 0       |
|    add_ln170_293_fu_10759_p2                                 | -   |        | add_ln170_293  | add   | fabric  | 0       |
|    add_ln170_298_fu_10769_p2                                 | -   |        | add_ln170_298  | add   | fabric  | 0       |
|    add_ln170_295_fu_10778_p2                                 | -   |        | add_ln170_295  | add   | fabric  | 0       |
|    add_ln170_300_fu_10798_p2                                 | -   |        | add_ln170_300  | add   | fabric  | 0       |
|    add_ln170_297_fu_10807_p2                                 | -   |        | add_ln170_297  | add   | fabric  | 0       |
|    add_ln170_302_fu_10817_p2                                 | -   |        | add_ln170_302  | add   | fabric  | 0       |
|    add_ln170_299_fu_10826_p2                                 | -   |        | add_ln170_299  | add   | fabric  | 0       |
|    add_ln170_304_fu_10846_p2                                 | -   |        | add_ln170_304  | add   | fabric  | 0       |
|    add_ln170_301_fu_10855_p2                                 | -   |        | add_ln170_301  | add   | fabric  | 0       |
|    add_ln170_306_fu_10865_p2                                 | -   |        | add_ln170_306  | add   | fabric  | 0       |
|    add_ln170_303_fu_10874_p2                                 | -   |        | add_ln170_303  | add   | fabric  | 0       |
|    add_ln170_308_fu_10894_p2                                 | -   |        | add_ln170_308  | add   | fabric  | 0       |
|    add_ln170_305_fu_10903_p2                                 | -   |        | add_ln170_305  | add   | fabric  | 0       |
|    add_ln170_310_fu_10913_p2                                 | -   |        | add_ln170_310  | add   | fabric  | 0       |
|    add_ln170_307_fu_10922_p2                                 | -   |        | add_ln170_307  | add   | fabric  | 0       |
|    add_ln170_312_fu_10942_p2                                 | -   |        | add_ln170_312  | add   | fabric  | 0       |
|    add_ln170_309_fu_10951_p2                                 | -   |        | add_ln170_309  | add   | fabric  | 0       |
|    add_ln170_314_fu_10961_p2                                 | -   |        | add_ln170_314  | add   | fabric  | 0       |
|    add_ln170_311_fu_10970_p2                                 | -   |        | add_ln170_311  | add   | fabric  | 0       |
|    add_ln170_316_fu_10990_p2                                 | -   |        | add_ln170_316  | add   | fabric  | 0       |
|    add_ln170_313_fu_10999_p2                                 | -   |        | add_ln170_313  | add   | fabric  | 0       |
|    add_ln170_318_fu_11009_p2                                 | -   |        | add_ln170_318  | add   | fabric  | 0       |
|    add_ln170_315_fu_11018_p2                                 | -   |        | add_ln170_315  | add   | fabric  | 0       |
|    add_ln170_320_fu_11038_p2                                 | -   |        | add_ln170_320  | add   | fabric  | 0       |
|    add_ln170_317_fu_11047_p2                                 | -   |        | add_ln170_317  | add   | fabric  | 0       |
|    add_ln170_322_fu_11057_p2                                 | -   |        | add_ln170_322  | add   | fabric  | 0       |
|    add_ln170_319_fu_11066_p2                                 | -   |        | add_ln170_319  | add   | fabric  | 0       |
|    add_ln170_324_fu_11086_p2                                 | -   |        | add_ln170_324  | add   | fabric  | 0       |
|    add_ln170_321_fu_11095_p2                                 | -   |        | add_ln170_321  | add   | fabric  | 0       |
|    add_ln170_326_fu_11105_p2                                 | -   |        | add_ln170_326  | add   | fabric  | 0       |
|    add_ln170_323_fu_11114_p2                                 | -   |        | add_ln170_323  | add   | fabric  | 0       |
|    add_ln170_328_fu_11134_p2                                 | -   |        | add_ln170_328  | add   | fabric  | 0       |
|    add_ln170_325_fu_11143_p2                                 | -   |        | add_ln170_325  | add   | fabric  | 0       |
|    add_ln170_330_fu_11153_p2                                 | -   |        | add_ln170_330  | add   | fabric  | 0       |
|    add_ln170_327_fu_11162_p2                                 | -   |        | add_ln170_327  | add   | fabric  | 0       |
|    add_ln170_332_fu_11182_p2                                 | -   |        | add_ln170_332  | add   | fabric  | 0       |
|    add_ln170_329_fu_11191_p2                                 | -   |        | add_ln170_329  | add   | fabric  | 0       |
|    add_ln170_334_fu_11201_p2                                 | -   |        | add_ln170_334  | add   | fabric  | 0       |
|    add_ln170_331_fu_11210_p2                                 | -   |        | add_ln170_331  | add   | fabric  | 0       |
|    add_ln170_336_fu_11230_p2                                 | -   |        | add_ln170_336  | add   | fabric  | 0       |
|    add_ln170_333_fu_11239_p2                                 | -   |        | add_ln170_333  | add   | fabric  | 0       |
|    add_ln170_338_fu_11249_p2                                 | -   |        | add_ln170_338  | add   | fabric  | 0       |
|    add_ln170_335_fu_11258_p2                                 | -   |        | add_ln170_335  | add   | fabric  | 0       |
|    add_ln170_340_fu_11278_p2                                 | -   |        | add_ln170_340  | add   | fabric  | 0       |
|    add_ln170_337_fu_11287_p2                                 | -   |        | add_ln170_337  | add   | fabric  | 0       |
|    add_ln170_342_fu_11297_p2                                 | -   |        | add_ln170_342  | add   | fabric  | 0       |
|    add_ln170_339_fu_11306_p2                                 | -   |        | add_ln170_339  | add   | fabric  | 0       |
|    add_ln170_344_fu_11326_p2                                 | -   |        | add_ln170_344  | add   | fabric  | 0       |
|    add_ln170_341_fu_11335_p2                                 | -   |        | add_ln170_341  | add   | fabric  | 0       |
|    add_ln170_346_fu_11345_p2                                 | -   |        | add_ln170_346  | add   | fabric  | 0       |
|    add_ln170_343_fu_11354_p2                                 | -   |        | add_ln170_343  | add   | fabric  | 0       |
|    add_ln170_348_fu_11374_p2                                 | -   |        | add_ln170_348  | add   | fabric  | 0       |
|    add_ln170_345_fu_11383_p2                                 | -   |        | add_ln170_345  | add   | fabric  | 0       |
|    add_ln170_350_fu_11393_p2                                 | -   |        | add_ln170_350  | add   | fabric  | 0       |
|    add_ln170_347_fu_11402_p2                                 | -   |        | add_ln170_347  | add   | fabric  | 0       |
|    add_ln170_352_fu_11422_p2                                 | -   |        | add_ln170_352  | add   | fabric  | 0       |
|    add_ln170_349_fu_11431_p2                                 | -   |        | add_ln170_349  | add   | fabric  | 0       |
|    add_ln170_354_fu_11441_p2                                 | -   |        | add_ln170_354  | add   | fabric  | 0       |
|    add_ln170_351_fu_11450_p2                                 | -   |        | add_ln170_351  | add   | fabric  | 0       |
|    add_ln170_356_fu_11470_p2                                 | -   |        | add_ln170_356  | add   | fabric  | 0       |
|    add_ln170_353_fu_11479_p2                                 | -   |        | add_ln170_353  | add   | fabric  | 0       |
|    add_ln170_358_fu_11489_p2                                 | -   |        | add_ln170_358  | add   | fabric  | 0       |
|    add_ln170_355_fu_11498_p2                                 | -   |        | add_ln170_355  | add   | fabric  | 0       |
|    add_ln170_360_fu_11518_p2                                 | -   |        | add_ln170_360  | add   | fabric  | 0       |
|    add_ln170_357_fu_11527_p2                                 | -   |        | add_ln170_357  | add   | fabric  | 0       |
|    add_ln170_362_fu_11537_p2                                 | -   |        | add_ln170_362  | add   | fabric  | 0       |
|    add_ln170_359_fu_11546_p2                                 | -   |        | add_ln170_359  | add   | fabric  | 0       |
|    add_ln170_364_fu_11566_p2                                 | -   |        | add_ln170_364  | add   | fabric  | 0       |
|    add_ln170_361_fu_11575_p2                                 | -   |        | add_ln170_361  | add   | fabric  | 0       |
|    add_ln170_366_fu_11585_p2                                 | -   |        | add_ln170_366  | add   | fabric  | 0       |
|    add_ln170_363_fu_11594_p2                                 | -   |        | add_ln170_363  | add   | fabric  | 0       |
|    add_ln170_368_fu_11614_p2                                 | -   |        | add_ln170_368  | add   | fabric  | 0       |
|    add_ln170_365_fu_11623_p2                                 | -   |        | add_ln170_365  | add   | fabric  | 0       |
|    add_ln170_370_fu_11633_p2                                 | -   |        | add_ln170_370  | add   | fabric  | 0       |
|    add_ln170_367_fu_11642_p2                                 | -   |        | add_ln170_367  | add   | fabric  | 0       |
|    add_ln170_372_fu_11662_p2                                 | -   |        | add_ln170_372  | add   | fabric  | 0       |
|    add_ln170_369_fu_11671_p2                                 | -   |        | add_ln170_369  | add   | fabric  | 0       |
|    add_ln170_374_fu_11681_p2                                 | -   |        | add_ln170_374  | add   | fabric  | 0       |
|    add_ln170_371_fu_11690_p2                                 | -   |        | add_ln170_371  | add   | fabric  | 0       |
|    add_ln170_376_fu_11710_p2                                 | -   |        | add_ln170_376  | add   | fabric  | 0       |
|    add_ln170_373_fu_11719_p2                                 | -   |        | add_ln170_373  | add   | fabric  | 0       |
|    add_ln170_378_fu_11729_p2                                 | -   |        | add_ln170_378  | add   | fabric  | 0       |
|    add_ln170_375_fu_11738_p2                                 | -   |        | add_ln170_375  | add   | fabric  | 0       |
|    add_ln170_380_fu_11758_p2                                 | -   |        | add_ln170_380  | add   | fabric  | 0       |
|    add_ln170_377_fu_11767_p2                                 | -   |        | add_ln170_377  | add   | fabric  | 0       |
|    add_ln170_382_fu_11777_p2                                 | -   |        | add_ln170_382  | add   | fabric  | 0       |
|    add_ln170_379_fu_11786_p2                                 | -   |        | add_ln170_379  | add   | fabric  | 0       |
|    add_ln170_384_fu_11806_p2                                 | -   |        | add_ln170_384  | add   | fabric  | 0       |
|    add_ln170_381_fu_11815_p2                                 | -   |        | add_ln170_381  | add   | fabric  | 0       |
|    add_ln170_386_fu_11825_p2                                 | -   |        | add_ln170_386  | add   | fabric  | 0       |
|    add_ln170_383_fu_11834_p2                                 | -   |        | add_ln170_383  | add   | fabric  | 0       |
|    add_ln170_388_fu_11854_p2                                 | -   |        | add_ln170_388  | add   | fabric  | 0       |
|    add_ln170_385_fu_11863_p2                                 | -   |        | add_ln170_385  | add   | fabric  | 0       |
|    add_ln170_390_fu_11873_p2                                 | -   |        | add_ln170_390  | add   | fabric  | 0       |
|    add_ln170_387_fu_11882_p2                                 | -   |        | add_ln170_387  | add   | fabric  | 0       |
|    add_ln170_392_fu_11902_p2                                 | -   |        | add_ln170_392  | add   | fabric  | 0       |
|    add_ln170_389_fu_11911_p2                                 | -   |        | add_ln170_389  | add   | fabric  | 0       |
|    add_ln170_394_fu_11921_p2                                 | -   |        | add_ln170_394  | add   | fabric  | 0       |
|    add_ln170_391_fu_11930_p2                                 | -   |        | add_ln170_391  | add   | fabric  | 0       |
|    add_ln170_396_fu_11950_p2                                 | -   |        | add_ln170_396  | add   | fabric  | 0       |
|    add_ln170_393_fu_11959_p2                                 | -   |        | add_ln170_393  | add   | fabric  | 0       |
|    add_ln170_398_fu_11969_p2                                 | -   |        | add_ln170_398  | add   | fabric  | 0       |
|    add_ln170_395_fu_11978_p2                                 | -   |        | add_ln170_395  | add   | fabric  | 0       |
|    add_ln170_400_fu_11998_p2                                 | -   |        | add_ln170_400  | add   | fabric  | 0       |
|    add_ln170_397_fu_12007_p2                                 | -   |        | add_ln170_397  | add   | fabric  | 0       |
|    add_ln170_402_fu_12017_p2                                 | -   |        | add_ln170_402  | add   | fabric  | 0       |
|    add_ln170_399_fu_12026_p2                                 | -   |        | add_ln170_399  | add   | fabric  | 0       |
|    add_ln170_404_fu_12046_p2                                 | -   |        | add_ln170_404  | add   | fabric  | 0       |
|    add_ln170_401_fu_12055_p2                                 | -   |        | add_ln170_401  | add   | fabric  | 0       |
|    add_ln170_406_fu_12065_p2                                 | -   |        | add_ln170_406  | add   | fabric  | 0       |
|    add_ln170_403_fu_12074_p2                                 | -   |        | add_ln170_403  | add   | fabric  | 0       |
|    add_ln170_408_fu_12094_p2                                 | -   |        | add_ln170_408  | add   | fabric  | 0       |
|    add_ln170_405_fu_12103_p2                                 | -   |        | add_ln170_405  | add   | fabric  | 0       |
|    add_ln170_410_fu_12113_p2                                 | -   |        | add_ln170_410  | add   | fabric  | 0       |
|    add_ln170_407_fu_12122_p2                                 | -   |        | add_ln170_407  | add   | fabric  | 0       |
|    add_ln170_412_fu_12142_p2                                 | -   |        | add_ln170_412  | add   | fabric  | 0       |
|    add_ln170_409_fu_12151_p2                                 | -   |        | add_ln170_409  | add   | fabric  | 0       |
|    add_ln170_414_fu_12161_p2                                 | -   |        | add_ln170_414  | add   | fabric  | 0       |
|    add_ln170_411_fu_12170_p2                                 | -   |        | add_ln170_411  | add   | fabric  | 0       |
|    add_ln170_416_fu_12190_p2                                 | -   |        | add_ln170_416  | add   | fabric  | 0       |
|    add_ln170_413_fu_12199_p2                                 | -   |        | add_ln170_413  | add   | fabric  | 0       |
|    add_ln170_418_fu_12209_p2                                 | -   |        | add_ln170_418  | add   | fabric  | 0       |
|    add_ln170_415_fu_12218_p2                                 | -   |        | add_ln170_415  | add   | fabric  | 0       |
|    add_ln170_420_fu_12238_p2                                 | -   |        | add_ln170_420  | add   | fabric  | 0       |
|    add_ln170_417_fu_12247_p2                                 | -   |        | add_ln170_417  | add   | fabric  | 0       |
|    add_ln170_422_fu_12257_p2                                 | -   |        | add_ln170_422  | add   | fabric  | 0       |
|    add_ln170_419_fu_12266_p2                                 | -   |        | add_ln170_419  | add   | fabric  | 0       |
|    add_ln170_424_fu_12286_p2                                 | -   |        | add_ln170_424  | add   | fabric  | 0       |
|    add_ln170_421_fu_12295_p2                                 | -   |        | add_ln170_421  | add   | fabric  | 0       |
|    add_ln170_426_fu_12305_p2                                 | -   |        | add_ln170_426  | add   | fabric  | 0       |
|    add_ln170_423_fu_12314_p2                                 | -   |        | add_ln170_423  | add   | fabric  | 0       |
|    add_ln170_428_fu_12334_p2                                 | -   |        | add_ln170_428  | add   | fabric  | 0       |
|    add_ln170_425_fu_12343_p2                                 | -   |        | add_ln170_425  | add   | fabric  | 0       |
|    add_ln170_430_fu_12353_p2                                 | -   |        | add_ln170_430  | add   | fabric  | 0       |
|    add_ln170_427_fu_12362_p2                                 | -   |        | add_ln170_427  | add   | fabric  | 0       |
|    add_ln170_432_fu_12382_p2                                 | -   |        | add_ln170_432  | add   | fabric  | 0       |
|    add_ln170_429_fu_12391_p2                                 | -   |        | add_ln170_429  | add   | fabric  | 0       |
|    add_ln170_434_fu_12401_p2                                 | -   |        | add_ln170_434  | add   | fabric  | 0       |
|    add_ln170_431_fu_12410_p2                                 | -   |        | add_ln170_431  | add   | fabric  | 0       |
|    add_ln170_436_fu_12430_p2                                 | -   |        | add_ln170_436  | add   | fabric  | 0       |
|    add_ln170_433_fu_12439_p2                                 | -   |        | add_ln170_433  | add   | fabric  | 0       |
|    add_ln170_438_fu_12449_p2                                 | -   |        | add_ln170_438  | add   | fabric  | 0       |
|    add_ln170_435_fu_12458_p2                                 | -   |        | add_ln170_435  | add   | fabric  | 0       |
|    add_ln170_440_fu_12478_p2                                 | -   |        | add_ln170_440  | add   | fabric  | 0       |
|    add_ln170_437_fu_12487_p2                                 | -   |        | add_ln170_437  | add   | fabric  | 0       |
|    add_ln170_442_fu_12497_p2                                 | -   |        | add_ln170_442  | add   | fabric  | 0       |
|    add_ln170_439_fu_12506_p2                                 | -   |        | add_ln170_439  | add   | fabric  | 0       |
|    add_ln170_444_fu_12526_p2                                 | -   |        | add_ln170_444  | add   | fabric  | 0       |
|    add_ln170_441_fu_12535_p2                                 | -   |        | add_ln170_441  | add   | fabric  | 0       |
|    add_ln170_446_fu_12545_p2                                 | -   |        | add_ln170_446  | add   | fabric  | 0       |
|    add_ln170_443_fu_12554_p2                                 | -   |        | add_ln170_443  | add   | fabric  | 0       |
|    add_ln170_448_fu_12574_p2                                 | -   |        | add_ln170_448  | add   | fabric  | 0       |
|    add_ln170_445_fu_12583_p2                                 | -   |        | add_ln170_445  | add   | fabric  | 0       |
|    add_ln170_450_fu_12593_p2                                 | -   |        | add_ln170_450  | add   | fabric  | 0       |
|    add_ln170_447_fu_12602_p2                                 | -   |        | add_ln170_447  | add   | fabric  | 0       |
|    add_ln170_452_fu_12622_p2                                 | -   |        | add_ln170_452  | add   | fabric  | 0       |
|    add_ln170_449_fu_12631_p2                                 | -   |        | add_ln170_449  | add   | fabric  | 0       |
|    add_ln170_454_fu_12641_p2                                 | -   |        | add_ln170_454  | add   | fabric  | 0       |
|    add_ln170_451_fu_12650_p2                                 | -   |        | add_ln170_451  | add   | fabric  | 0       |
|    add_ln170_456_fu_12670_p2                                 | -   |        | add_ln170_456  | add   | fabric  | 0       |
|    add_ln170_453_fu_12679_p2                                 | -   |        | add_ln170_453  | add   | fabric  | 0       |
|    add_ln170_458_fu_12689_p2                                 | -   |        | add_ln170_458  | add   | fabric  | 0       |
|    add_ln170_455_fu_12698_p2                                 | -   |        | add_ln170_455  | add   | fabric  | 0       |
|    add_ln170_460_fu_12718_p2                                 | -   |        | add_ln170_460  | add   | fabric  | 0       |
|    add_ln170_457_fu_12727_p2                                 | -   |        | add_ln170_457  | add   | fabric  | 0       |
|    add_ln170_462_fu_12737_p2                                 | -   |        | add_ln170_462  | add   | fabric  | 0       |
|    add_ln170_459_fu_12746_p2                                 | -   |        | add_ln170_459  | add   | fabric  | 0       |
|    add_ln170_464_fu_12766_p2                                 | -   |        | add_ln170_464  | add   | fabric  | 0       |
|    add_ln170_461_fu_12775_p2                                 | -   |        | add_ln170_461  | add   | fabric  | 0       |
|    add_ln170_481_fu_12785_p2                                 | -   |        | add_ln170_481  | add   | fabric  | 0       |
|    add_ln170_463_fu_12794_p2                                 | -   |        | add_ln170_463  | add   | fabric  | 0       |
|    mul_8ns_10ns_17_1_1_U176                                  | -   |        | mul_ln172      | mul   | auto    | 0       |
|    add_ln163_fu_7160_p2                                      | -   |        | add_ln163      | add   | fabric  | 0       |
|  + transformer_blk_s4_top_Pipeline_LN_VAR                    | 0   |        |                |       |         |         |
|    add_ln113_fu_1069_p2                                      | -   |        | add_ln113      | add   | fabric  | 0       |
|    add_ln118_fu_1079_p2                                      | -   |        | add_ln118      | add   | fabric  | 0       |
|  + transformer_blk_s4_top_Pipeline_LN_NORM                   | 0   |        |                |       |         |         |
|    add_ln131_fu_267_p2                                       | -   |        | add_ln131      | add   | fabric  | 0       |
|    add_ln133_fu_287_p2                                       | -   |        | add_ln133      | add   | fabric  | 0       |
|    add_ln134_fu_330_p2                                       | -   |        | add_ln134      | add   | fabric  | 0       |
|    add_ln134_1_fu_344_p2                                     | -   |        | add_ln134_1    | add   | fabric  | 0       |
|    add_ln134_2_fu_358_p2                                     | -   |        | add_ln134_2    | add   | fabric  | 0       |
|    add_ln134_3_fu_371_p2                                     | -   |        | add_ln134_3    | add   | fabric  | 0       |
|  + transformer_blk_s4_top_Pipeline_LF_S_LF_OD1               | 0   |        |                |       |         |         |
|    sub_ln170_1_fu_6095_p2                                    | -   |        | sub_ln170_1    | sub   | fabric  | 0       |
|    add_ln162_4_fu_6107_p2                                    | -   |        | add_ln162_4    | add   | fabric  | 0       |
|    add_ln162_fu_6130_p2                                      | -   |        | add_ln162      | add   | fabric  | 0       |
|    sub_ln170_fu_6156_p2                                      | -   |        | sub_ln170      | sub   | fabric  | 0       |
|    add_ln162_562_fu_6301_p2                                  | -   |        | add_ln162_562  | add   | fabric  | 0       |
|    add_ln162_563_fu_6314_p2                                  | -   |        | add_ln162_563  | add   | fabric  | 0       |
|    add_ln162_564_fu_6365_p2                                  | -   |        | add_ln162_564  | add   | fabric  | 0       |
|    add_ln162_565_fu_6378_p2                                  | -   |        | add_ln162_565  | add   | fabric  | 0       |
|    add_ln162_566_fu_6434_p2                                  | -   |        | add_ln162_566  | add   | fabric  | 0       |
|    add_ln162_567_fu_6447_p2                                  | -   |        | add_ln162_567  | add   | fabric  | 0       |
|    add_ln162_568_fu_6508_p2                                  | -   |        | add_ln162_568  | add   | fabric  | 0       |
|    add_ln162_569_fu_6521_p2                                  | -   |        | add_ln162_569  | add   | fabric  | 0       |
|    add_ln162_570_fu_6582_p2                                  | -   |        | add_ln162_570  | add   | fabric  | 0       |
|    add_ln162_571_fu_6595_p2                                  | -   |        | add_ln162_571  | add   | fabric  | 0       |
|    add_ln162_572_fu_6656_p2                                  | -   |        | add_ln162_572  | add   | fabric  | 0       |
|    add_ln162_573_fu_6669_p2                                  | -   |        | add_ln162_573  | add   | fabric  | 0       |
|    add_ln162_574_fu_6730_p2                                  | -   |        | add_ln162_574  | add   | fabric  | 0       |
|    add_ln162_575_fu_6743_p2                                  | -   |        | add_ln162_575  | add   | fabric  | 0       |
|    add_ln162_576_fu_6809_p2                                  | -   |        | add_ln162_576  | add   | fabric  | 0       |
|    add_ln162_577_fu_6822_p2                                  | -   |        | add_ln162_577  | add   | fabric  | 0       |
|    add_ln162_578_fu_6883_p2                                  | -   |        | add_ln162_578  | add   | fabric  | 0       |
|    add_ln162_579_fu_6896_p2                                  | -   |        | add_ln162_579  | add   | fabric  | 0       |
|    add_ln162_580_fu_6957_p2                                  | -   |        | add_ln162_580  | add   | fabric  | 0       |
|    add_ln162_581_fu_6970_p2                                  | -   |        | add_ln162_581  | add   | fabric  | 0       |
|    add_ln162_582_fu_7035_p2                                  | -   |        | add_ln162_582  | add   | fabric  | 0       |
|    add_ln162_583_fu_7048_p2                                  | -   |        | add_ln162_583  | add   | fabric  | 0       |
|    add_ln162_584_fu_7146_p2                                  | -   |        | add_ln162_584  | add   | fabric  | 0       |
|    add_ln162_585_fu_7159_p2                                  | -   |        | add_ln162_585  | add   | fabric  | 0       |
|    add_ln162_586_fu_7220_p2                                  | -   |        | add_ln162_586  | add   | fabric  | 0       |
|    add_ln162_587_fu_7233_p2                                  | -   |        | add_ln162_587  | add   | fabric  | 0       |
|    add_ln162_588_fu_7294_p2                                  | -   |        | add_ln162_588  | add   | fabric  | 0       |
|    add_ln162_589_fu_7307_p2                                  | -   |        | add_ln162_589  | add   | fabric  | 0       |
|    add_ln162_590_fu_7368_p2                                  | -   |        | add_ln162_590  | add   | fabric  | 0       |
|    add_ln162_591_fu_7381_p2                                  | -   |        | add_ln162_591  | add   | fabric  | 0       |
|    add_ln162_592_fu_7442_p2                                  | -   |        | add_ln162_592  | add   | fabric  | 0       |
|    add_ln162_593_fu_7455_p2                                  | -   |        | add_ln162_593  | add   | fabric  | 0       |
|    add_ln162_594_fu_7516_p2                                  | -   |        | add_ln162_594  | add   | fabric  | 0       |
|    add_ln162_595_fu_7529_p2                                  | -   |        | add_ln162_595  | add   | fabric  | 0       |
|    add_ln162_596_fu_7590_p2                                  | -   |        | add_ln162_596  | add   | fabric  | 0       |
|    add_ln162_597_fu_7603_p2                                  | -   |        | add_ln162_597  | add   | fabric  | 0       |
|    add_ln162_598_fu_7664_p2                                  | -   |        | add_ln162_598  | add   | fabric  | 0       |
|    add_ln162_599_fu_7677_p2                                  | -   |        | add_ln162_599  | add   | fabric  | 0       |
|    add_ln162_600_fu_7738_p2                                  | -   |        | add_ln162_600  | add   | fabric  | 0       |
|    add_ln162_601_fu_7751_p2                                  | -   |        | add_ln162_601  | add   | fabric  | 0       |
|    add_ln162_602_fu_7812_p2                                  | -   |        | add_ln162_602  | add   | fabric  | 0       |
|    add_ln162_603_fu_7825_p2                                  | -   |        | add_ln162_603  | add   | fabric  | 0       |
|    add_ln162_604_fu_7886_p2                                  | -   |        | add_ln162_604  | add   | fabric  | 0       |
|    add_ln162_605_fu_7899_p2                                  | -   |        | add_ln162_605  | add   | fabric  | 0       |
|    add_ln162_606_fu_7960_p2                                  | -   |        | add_ln162_606  | add   | fabric  | 0       |
|    add_ln162_607_fu_7973_p2                                  | -   |        | add_ln162_607  | add   | fabric  | 0       |
|    add_ln162_608_fu_8034_p2                                  | -   |        | add_ln162_608  | add   | fabric  | 0       |
|    add_ln162_609_fu_8047_p2                                  | -   |        | add_ln162_609  | add   | fabric  | 0       |
|    add_ln162_610_fu_8108_p2                                  | -   |        | add_ln162_610  | add   | fabric  | 0       |
|    add_ln162_611_fu_8121_p2                                  | -   |        | add_ln162_611  | add   | fabric  | 0       |
|    add_ln162_612_fu_8182_p2                                  | -   |        | add_ln162_612  | add   | fabric  | 0       |
|    add_ln162_613_fu_8195_p2                                  | -   |        | add_ln162_613  | add   | fabric  | 0       |
|    add_ln162_614_fu_8256_p2                                  | -   |        | add_ln162_614  | add   | fabric  | 0       |
|    add_ln162_615_fu_8269_p2                                  | -   |        | add_ln162_615  | add   | fabric  | 0       |
|    add_ln162_616_fu_8330_p2                                  | -   |        | add_ln162_616  | add   | fabric  | 0       |
|    add_ln162_617_fu_8343_p2                                  | -   |        | add_ln162_617  | add   | fabric  | 0       |
|    add_ln165_1_fu_6235_p2                                    | -   |        | add_ln165_1    | add   | fabric  | 0       |
|    add_ln165_2_fu_6249_p2                                    | -   |        | add_ln165_2    | add   | fabric  | 0       |
|    sub_ln170_4_fu_6281_p2                                    | -   |        | sub_ln170_4    | sub   | fabric  | 0       |
|    add_ln170_465_fu_6291_p2                                  | -   |        | add_ln170_465  | add   | fabric  | 0       |
|    add_ln170_466_fu_6336_p2                                  | -   |        | add_ln170_466  | add   | fabric  | 0       |
|    add_ln170_467_fu_6355_p2                                  | -   |        | add_ln170_467  | add   | fabric  | 0       |
|    add_ln170_468_fu_6405_p2                                  | -   |        | add_ln170_468  | add   | fabric  | 0       |
|    add_ln170_469_fu_6424_p2                                  | -   |        | add_ln170_469  | add   | fabric  | 0       |
|    add_ln170_470_fu_6479_p2                                  | -   |        | add_ln170_470  | add   | fabric  | 0       |
|    add_ln170_471_fu_6498_p2                                  | -   |        | add_ln170_471  | add   | fabric  | 0       |
|    add_ln170_472_fu_6553_p2                                  | -   |        | add_ln170_472  | add   | fabric  | 0       |
|    add_ln170_473_fu_6572_p2                                  | -   |        | add_ln170_473  | add   | fabric  | 0       |
|    add_ln170_474_fu_6627_p2                                  | -   |        | add_ln170_474  | add   | fabric  | 0       |
|    add_ln170_475_fu_6646_p2                                  | -   |        | add_ln170_475  | add   | fabric  | 0       |
|    add_ln170_476_fu_6701_p2                                  | -   |        | add_ln170_476  | add   | fabric  | 0       |
|    add_ln170_477_fu_6720_p2                                  | -   |        | add_ln170_477  | add   | fabric  | 0       |
|    add_ln170_478_fu_6780_p2                                  | -   |        | add_ln170_478  | add   | fabric  | 0       |
|    add_ln170_479_fu_6799_p2                                  | -   |        | add_ln170_479  | add   | fabric  | 0       |
|    add_ln170_480_fu_6854_p2                                  | -   |        | add_ln170_480  | add   | fabric  | 0       |
|    add_ln170_483_fu_6864_p2                                  | -   |        | add_ln170_483  | add   | fabric  | 0       |
|    add_ln170_482_fu_6873_p2                                  | -   |        | add_ln170_482  | add   | fabric  | 0       |
|    add_ln170_485_fu_6919_p2                                  | -   |        | add_ln170_485  | add   | fabric  | 0       |
|    add_ln170_484_fu_6928_p2                                  | -   |        | add_ln170_484  | add   | fabric  | 0       |
|    add_ln170_487_fu_6938_p2                                  | -   |        | add_ln170_487  | add   | fabric  | 0       |
|    add_ln170_486_fu_6947_p2                                  | -   |        | add_ln170_486  | add   | fabric  | 0       |
|    add_ln170_489_fu_6993_p2                                  | -   |        | add_ln170_489  | add   | fabric  | 0       |
|    add_ln170_488_fu_7002_p2                                  | -   |        | add_ln170_488  | add   | fabric  | 0       |
|    add_ln170_491_fu_7012_p2                                  | -   |        | add_ln170_491  | add   | fabric  | 0       |
|    add_ln170_490_fu_7021_p2                                  | -   |        | add_ln170_490  | add   | fabric  | 0       |
|    add_ln170_493_fu_7071_p2                                  | -   |        | add_ln170_493  | add   | fabric  | 0       |
|    add_ln170_492_fu_7080_p2                                  | -   |        | add_ln170_492  | add   | fabric  | 0       |
|    add_ln170_495_fu_7090_p2                                  | -   |        | add_ln170_495  | add   | fabric  | 0       |
|    add_ln170_494_fu_7099_p2                                  | -   |        | add_ln170_494  | add   | fabric  | 0       |
|    add_ln170_497_fu_7182_p2                                  | -   |        | add_ln170_497  | add   | fabric  | 0       |
|    add_ln170_496_fu_7191_p2                                  | -   |        | add_ln170_496  | add   | fabric  | 0       |
|    add_ln170_499_fu_7201_p2                                  | -   |        | add_ln170_499  | add   | fabric  | 0       |
|    add_ln170_498_fu_7210_p2                                  | -   |        | add_ln170_498  | add   | fabric  | 0       |
|    add_ln170_501_fu_7256_p2                                  | -   |        | add_ln170_501  | add   | fabric  | 0       |
|    add_ln170_500_fu_7265_p2                                  | -   |        | add_ln170_500  | add   | fabric  | 0       |
|    add_ln170_503_fu_7275_p2                                  | -   |        | add_ln170_503  | add   | fabric  | 0       |
|    add_ln170_502_fu_7284_p2                                  | -   |        | add_ln170_502  | add   | fabric  | 0       |
|    add_ln170_505_fu_7330_p2                                  | -   |        | add_ln170_505  | add   | fabric  | 0       |
|    add_ln170_504_fu_7339_p2                                  | -   |        | add_ln170_504  | add   | fabric  | 0       |
|    add_ln170_507_fu_7349_p2                                  | -   |        | add_ln170_507  | add   | fabric  | 0       |
|    add_ln170_506_fu_7358_p2                                  | -   |        | add_ln170_506  | add   | fabric  | 0       |
|    add_ln170_509_fu_7404_p2                                  | -   |        | add_ln170_509  | add   | fabric  | 0       |
|    add_ln170_508_fu_7413_p2                                  | -   |        | add_ln170_508  | add   | fabric  | 0       |
|    add_ln170_511_fu_7423_p2                                  | -   |        | add_ln170_511  | add   | fabric  | 0       |
|    add_ln170_510_fu_7432_p2                                  | -   |        | add_ln170_510  | add   | fabric  | 0       |
|    add_ln170_513_fu_7478_p2                                  | -   |        | add_ln170_513  | add   | fabric  | 0       |
|    add_ln170_512_fu_7487_p2                                  | -   |        | add_ln170_512  | add   | fabric  | 0       |
|    add_ln170_515_fu_7497_p2                                  | -   |        | add_ln170_515  | add   | fabric  | 0       |
|    add_ln170_514_fu_7506_p2                                  | -   |        | add_ln170_514  | add   | fabric  | 0       |
|    add_ln170_517_fu_7552_p2                                  | -   |        | add_ln170_517  | add   | fabric  | 0       |
|    add_ln170_516_fu_7561_p2                                  | -   |        | add_ln170_516  | add   | fabric  | 0       |
|    add_ln170_519_fu_7571_p2                                  | -   |        | add_ln170_519  | add   | fabric  | 0       |
|    add_ln170_518_fu_7580_p2                                  | -   |        | add_ln170_518  | add   | fabric  | 0       |
|    add_ln170_521_fu_7626_p2                                  | -   |        | add_ln170_521  | add   | fabric  | 0       |
|    add_ln170_520_fu_7635_p2                                  | -   |        | add_ln170_520  | add   | fabric  | 0       |
|    add_ln170_523_fu_7645_p2                                  | -   |        | add_ln170_523  | add   | fabric  | 0       |
|    add_ln170_522_fu_7654_p2                                  | -   |        | add_ln170_522  | add   | fabric  | 0       |
|    add_ln170_525_fu_7700_p2                                  | -   |        | add_ln170_525  | add   | fabric  | 0       |
|    add_ln170_524_fu_7709_p2                                  | -   |        | add_ln170_524  | add   | fabric  | 0       |
|    add_ln170_527_fu_7719_p2                                  | -   |        | add_ln170_527  | add   | fabric  | 0       |
|    add_ln170_526_fu_7728_p2                                  | -   |        | add_ln170_526  | add   | fabric  | 0       |
|    add_ln170_529_fu_7774_p2                                  | -   |        | add_ln170_529  | add   | fabric  | 0       |
|    add_ln170_528_fu_7783_p2                                  | -   |        | add_ln170_528  | add   | fabric  | 0       |
|    add_ln170_531_fu_7793_p2                                  | -   |        | add_ln170_531  | add   | fabric  | 0       |
|    add_ln170_530_fu_7802_p2                                  | -   |        | add_ln170_530  | add   | fabric  | 0       |
|    add_ln170_533_fu_7848_p2                                  | -   |        | add_ln170_533  | add   | fabric  | 0       |
|    add_ln170_532_fu_7857_p2                                  | -   |        | add_ln170_532  | add   | fabric  | 0       |
|    add_ln170_535_fu_7867_p2                                  | -   |        | add_ln170_535  | add   | fabric  | 0       |
|    add_ln170_534_fu_7876_p2                                  | -   |        | add_ln170_534  | add   | fabric  | 0       |
|    add_ln170_537_fu_7922_p2                                  | -   |        | add_ln170_537  | add   | fabric  | 0       |
|    add_ln170_536_fu_7931_p2                                  | -   |        | add_ln170_536  | add   | fabric  | 0       |
|    add_ln170_539_fu_7941_p2                                  | -   |        | add_ln170_539  | add   | fabric  | 0       |
|    add_ln170_538_fu_7950_p2                                  | -   |        | add_ln170_538  | add   | fabric  | 0       |
|    add_ln170_541_fu_7996_p2                                  | -   |        | add_ln170_541  | add   | fabric  | 0       |
|    add_ln170_540_fu_8005_p2                                  | -   |        | add_ln170_540  | add   | fabric  | 0       |
|    add_ln170_543_fu_8015_p2                                  | -   |        | add_ln170_543  | add   | fabric  | 0       |
|    add_ln170_542_fu_8024_p2                                  | -   |        | add_ln170_542  | add   | fabric  | 0       |
|    add_ln170_545_fu_8070_p2                                  | -   |        | add_ln170_545  | add   | fabric  | 0       |
|    add_ln170_544_fu_8079_p2                                  | -   |        | add_ln170_544  | add   | fabric  | 0       |
|    add_ln170_547_fu_8089_p2                                  | -   |        | add_ln170_547  | add   | fabric  | 0       |
|    add_ln170_546_fu_8098_p2                                  | -   |        | add_ln170_546  | add   | fabric  | 0       |
|    add_ln170_549_fu_8144_p2                                  | -   |        | add_ln170_549  | add   | fabric  | 0       |
|    add_ln170_548_fu_8153_p2                                  | -   |        | add_ln170_548  | add   | fabric  | 0       |
|    add_ln170_551_fu_8163_p2                                  | -   |        | add_ln170_551  | add   | fabric  | 0       |
|    add_ln170_550_fu_8172_p2                                  | -   |        | add_ln170_550  | add   | fabric  | 0       |
|    add_ln170_553_fu_8218_p2                                  | -   |        | add_ln170_553  | add   | fabric  | 0       |
|    add_ln170_552_fu_8227_p2                                  | -   |        | add_ln170_552  | add   | fabric  | 0       |
|    add_ln170_555_fu_8237_p2                                  | -   |        | add_ln170_555  | add   | fabric  | 0       |
|    add_ln170_554_fu_8246_p2                                  | -   |        | add_ln170_554  | add   | fabric  | 0       |
|    add_ln170_557_fu_8292_p2                                  | -   |        | add_ln170_557  | add   | fabric  | 0       |
|    add_ln170_556_fu_8301_p2                                  | -   |        | add_ln170_556  | add   | fabric  | 0       |
|    add_ln170_559_fu_8311_p2                                  | -   |        | add_ln170_559  | add   | fabric  | 0       |
|    add_ln170_558_fu_8320_p2                                  | -   |        | add_ln170_558  | add   | fabric  | 0       |
|    add_ln170_561_fu_8366_p2                                  | -   |        | add_ln170_561  | add   | fabric  | 0       |
|    add_ln170_560_fu_8375_p2                                  | -   |        | add_ln170_560  | add   | fabric  | 0       |
|    add_ln170_563_fu_8385_p2                                  | -   |        | add_ln170_563  | add   | fabric  | 0       |
|    add_ln170_562_fu_8394_p2                                  | -   |        | add_ln170_562  | add   | fabric  | 0       |
|    add_ln170_565_fu_8414_p2                                  | -   |        | add_ln170_565  | add   | fabric  | 0       |
|    add_ln170_564_fu_8423_p2                                  | -   |        | add_ln170_564  | add   | fabric  | 0       |
|    add_ln170_567_fu_8433_p2                                  | -   |        | add_ln170_567  | add   | fabric  | 0       |
|    add_ln170_566_fu_8442_p2                                  | -   |        | add_ln170_566  | add   | fabric  | 0       |
|    add_ln170_569_fu_8462_p2                                  | -   |        | add_ln170_569  | add   | fabric  | 0       |
|    add_ln170_568_fu_8471_p2                                  | -   |        | add_ln170_568  | add   | fabric  | 0       |
|    add_ln170_571_fu_8481_p2                                  | -   |        | add_ln170_571  | add   | fabric  | 0       |
|    add_ln170_570_fu_8490_p2                                  | -   |        | add_ln170_570  | add   | fabric  | 0       |
|    add_ln170_573_fu_8510_p2                                  | -   |        | add_ln170_573  | add   | fabric  | 0       |
|    add_ln170_572_fu_8519_p2                                  | -   |        | add_ln170_572  | add   | fabric  | 0       |
|    add_ln170_575_fu_8529_p2                                  | -   |        | add_ln170_575  | add   | fabric  | 0       |
|    add_ln170_574_fu_8538_p2                                  | -   |        | add_ln170_574  | add   | fabric  | 0       |
|    add_ln170_577_fu_8558_p2                                  | -   |        | add_ln170_577  | add   | fabric  | 0       |
|    add_ln170_576_fu_8567_p2                                  | -   |        | add_ln170_576  | add   | fabric  | 0       |
|    add_ln170_579_fu_8577_p2                                  | -   |        | add_ln170_579  | add   | fabric  | 0       |
|    add_ln170_578_fu_8586_p2                                  | -   |        | add_ln170_578  | add   | fabric  | 0       |
|    add_ln170_581_fu_8606_p2                                  | -   |        | add_ln170_581  | add   | fabric  | 0       |
|    add_ln170_580_fu_8615_p2                                  | -   |        | add_ln170_580  | add   | fabric  | 0       |
|    add_ln170_583_fu_8625_p2                                  | -   |        | add_ln170_583  | add   | fabric  | 0       |
|    add_ln170_582_fu_8634_p2                                  | -   |        | add_ln170_582  | add   | fabric  | 0       |
|    add_ln170_585_fu_8654_p2                                  | -   |        | add_ln170_585  | add   | fabric  | 0       |
|    add_ln170_584_fu_8663_p2                                  | -   |        | add_ln170_584  | add   | fabric  | 0       |
|    add_ln170_587_fu_8673_p2                                  | -   |        | add_ln170_587  | add   | fabric  | 0       |
|    add_ln170_586_fu_8682_p2                                  | -   |        | add_ln170_586  | add   | fabric  | 0       |
|    add_ln170_589_fu_8702_p2                                  | -   |        | add_ln170_589  | add   | fabric  | 0       |
|    add_ln170_588_fu_8711_p2                                  | -   |        | add_ln170_588  | add   | fabric  | 0       |
|    add_ln170_591_fu_8721_p2                                  | -   |        | add_ln170_591  | add   | fabric  | 0       |
|    add_ln170_590_fu_8730_p2                                  | -   |        | add_ln170_590  | add   | fabric  | 0       |
|    add_ln170_593_fu_8750_p2                                  | -   |        | add_ln170_593  | add   | fabric  | 0       |
|    add_ln170_592_fu_8759_p2                                  | -   |        | add_ln170_592  | add   | fabric  | 0       |
|    add_ln170_595_fu_8769_p2                                  | -   |        | add_ln170_595  | add   | fabric  | 0       |
|    add_ln170_594_fu_8778_p2                                  | -   |        | add_ln170_594  | add   | fabric  | 0       |
|    add_ln170_597_fu_8798_p2                                  | -   |        | add_ln170_597  | add   | fabric  | 0       |
|    add_ln170_596_fu_8807_p2                                  | -   |        | add_ln170_596  | add   | fabric  | 0       |
|    add_ln170_599_fu_8817_p2                                  | -   |        | add_ln170_599  | add   | fabric  | 0       |
|    add_ln170_598_fu_8826_p2                                  | -   |        | add_ln170_598  | add   | fabric  | 0       |
|    add_ln170_601_fu_8846_p2                                  | -   |        | add_ln170_601  | add   | fabric  | 0       |
|    add_ln170_600_fu_8855_p2                                  | -   |        | add_ln170_600  | add   | fabric  | 0       |
|    add_ln170_603_fu_8865_p2                                  | -   |        | add_ln170_603  | add   | fabric  | 0       |
|    add_ln170_602_fu_8874_p2                                  | -   |        | add_ln170_602  | add   | fabric  | 0       |
|    add_ln170_605_fu_8894_p2                                  | -   |        | add_ln170_605  | add   | fabric  | 0       |
|    add_ln170_604_fu_8903_p2                                  | -   |        | add_ln170_604  | add   | fabric  | 0       |
|    add_ln170_607_fu_8913_p2                                  | -   |        | add_ln170_607  | add   | fabric  | 0       |
|    add_ln170_606_fu_8922_p2                                  | -   |        | add_ln170_606  | add   | fabric  | 0       |
|    add_ln170_609_fu_8942_p2                                  | -   |        | add_ln170_609  | add   | fabric  | 0       |
|    add_ln170_608_fu_8951_p2                                  | -   |        | add_ln170_608  | add   | fabric  | 0       |
|    add_ln170_611_fu_8961_p2                                  | -   |        | add_ln170_611  | add   | fabric  | 0       |
|    add_ln170_610_fu_8970_p2                                  | -   |        | add_ln170_610  | add   | fabric  | 0       |
|    add_ln170_613_fu_8990_p2                                  | -   |        | add_ln170_613  | add   | fabric  | 0       |
|    add_ln170_612_fu_8999_p2                                  | -   |        | add_ln170_612  | add   | fabric  | 0       |
|    add_ln170_615_fu_9009_p2                                  | -   |        | add_ln170_615  | add   | fabric  | 0       |
|    add_ln170_614_fu_9018_p2                                  | -   |        | add_ln170_614  | add   | fabric  | 0       |
|    add_ln170_617_fu_9038_p2                                  | -   |        | add_ln170_617  | add   | fabric  | 0       |
|    add_ln170_616_fu_9047_p2                                  | -   |        | add_ln170_616  | add   | fabric  | 0       |
|    add_ln170_619_fu_9057_p2                                  | -   |        | add_ln170_619  | add   | fabric  | 0       |
|    add_ln170_618_fu_9066_p2                                  | -   |        | add_ln170_618  | add   | fabric  | 0       |
|    add_ln170_621_fu_9086_p2                                  | -   |        | add_ln170_621  | add   | fabric  | 0       |
|    add_ln170_620_fu_9095_p2                                  | -   |        | add_ln170_620  | add   | fabric  | 0       |
|    add_ln170_623_fu_9105_p2                                  | -   |        | add_ln170_623  | add   | fabric  | 0       |
|    add_ln170_622_fu_9114_p2                                  | -   |        | add_ln170_622  | add   | fabric  | 0       |
|    add_ln170_625_fu_9134_p2                                  | -   |        | add_ln170_625  | add   | fabric  | 0       |
|    add_ln170_624_fu_9143_p2                                  | -   |        | add_ln170_624  | add   | fabric  | 0       |
|    add_ln170_627_fu_9153_p2                                  | -   |        | add_ln170_627  | add   | fabric  | 0       |
|    add_ln170_626_fu_9162_p2                                  | -   |        | add_ln170_626  | add   | fabric  | 0       |
|    add_ln170_629_fu_9182_p2                                  | -   |        | add_ln170_629  | add   | fabric  | 0       |
|    add_ln170_628_fu_9191_p2                                  | -   |        | add_ln170_628  | add   | fabric  | 0       |
|    add_ln170_631_fu_9201_p2                                  | -   |        | add_ln170_631  | add   | fabric  | 0       |
|    add_ln170_630_fu_9210_p2                                  | -   |        | add_ln170_630  | add   | fabric  | 0       |
|    add_ln170_633_fu_9230_p2                                  | -   |        | add_ln170_633  | add   | fabric  | 0       |
|    add_ln170_632_fu_9239_p2                                  | -   |        | add_ln170_632  | add   | fabric  | 0       |
|    add_ln170_635_fu_9249_p2                                  | -   |        | add_ln170_635  | add   | fabric  | 0       |
|    add_ln170_634_fu_9258_p2                                  | -   |        | add_ln170_634  | add   | fabric  | 0       |
|    add_ln170_637_fu_9278_p2                                  | -   |        | add_ln170_637  | add   | fabric  | 0       |
|    add_ln170_636_fu_9287_p2                                  | -   |        | add_ln170_636  | add   | fabric  | 0       |
|    add_ln170_639_fu_9297_p2                                  | -   |        | add_ln170_639  | add   | fabric  | 0       |
|    add_ln170_638_fu_9306_p2                                  | -   |        | add_ln170_638  | add   | fabric  | 0       |
|    add_ln170_641_fu_9326_p2                                  | -   |        | add_ln170_641  | add   | fabric  | 0       |
|    add_ln170_640_fu_9335_p2                                  | -   |        | add_ln170_640  | add   | fabric  | 0       |
|    add_ln170_643_fu_9345_p2                                  | -   |        | add_ln170_643  | add   | fabric  | 0       |
|    add_ln170_642_fu_9354_p2                                  | -   |        | add_ln170_642  | add   | fabric  | 0       |
|    add_ln170_645_fu_9374_p2                                  | -   |        | add_ln170_645  | add   | fabric  | 0       |
|    add_ln170_644_fu_9383_p2                                  | -   |        | add_ln170_644  | add   | fabric  | 0       |
|    add_ln170_647_fu_9393_p2                                  | -   |        | add_ln170_647  | add   | fabric  | 0       |
|    add_ln170_646_fu_9402_p2                                  | -   |        | add_ln170_646  | add   | fabric  | 0       |
|    add_ln170_649_fu_9422_p2                                  | -   |        | add_ln170_649  | add   | fabric  | 0       |
|    add_ln170_648_fu_9431_p2                                  | -   |        | add_ln170_648  | add   | fabric  | 0       |
|    add_ln170_651_fu_9441_p2                                  | -   |        | add_ln170_651  | add   | fabric  | 0       |
|    add_ln170_650_fu_9450_p2                                  | -   |        | add_ln170_650  | add   | fabric  | 0       |
|    add_ln170_653_fu_9470_p2                                  | -   |        | add_ln170_653  | add   | fabric  | 0       |
|    add_ln170_652_fu_9479_p2                                  | -   |        | add_ln170_652  | add   | fabric  | 0       |
|    add_ln170_655_fu_9489_p2                                  | -   |        | add_ln170_655  | add   | fabric  | 0       |
|    add_ln170_654_fu_9498_p2                                  | -   |        | add_ln170_654  | add   | fabric  | 0       |
|    add_ln170_657_fu_9518_p2                                  | -   |        | add_ln170_657  | add   | fabric  | 0       |
|    add_ln170_656_fu_9527_p2                                  | -   |        | add_ln170_656  | add   | fabric  | 0       |
|    add_ln170_659_fu_9537_p2                                  | -   |        | add_ln170_659  | add   | fabric  | 0       |
|    add_ln170_658_fu_9546_p2                                  | -   |        | add_ln170_658  | add   | fabric  | 0       |
|    add_ln170_661_fu_9566_p2                                  | -   |        | add_ln170_661  | add   | fabric  | 0       |
|    add_ln170_660_fu_9575_p2                                  | -   |        | add_ln170_660  | add   | fabric  | 0       |
|    add_ln170_663_fu_9585_p2                                  | -   |        | add_ln170_663  | add   | fabric  | 0       |
|    add_ln170_662_fu_9594_p2                                  | -   |        | add_ln170_662  | add   | fabric  | 0       |
|    add_ln170_665_fu_9614_p2                                  | -   |        | add_ln170_665  | add   | fabric  | 0       |
|    add_ln170_664_fu_9623_p2                                  | -   |        | add_ln170_664  | add   | fabric  | 0       |
|    add_ln170_667_fu_9633_p2                                  | -   |        | add_ln170_667  | add   | fabric  | 0       |
|    add_ln170_666_fu_9642_p2                                  | -   |        | add_ln170_666  | add   | fabric  | 0       |
|    add_ln170_669_fu_9662_p2                                  | -   |        | add_ln170_669  | add   | fabric  | 0       |
|    add_ln170_668_fu_9671_p2                                  | -   |        | add_ln170_668  | add   | fabric  | 0       |
|    add_ln170_671_fu_9681_p2                                  | -   |        | add_ln170_671  | add   | fabric  | 0       |
|    add_ln170_670_fu_9690_p2                                  | -   |        | add_ln170_670  | add   | fabric  | 0       |
|    add_ln170_673_fu_9710_p2                                  | -   |        | add_ln170_673  | add   | fabric  | 0       |
|    add_ln170_672_fu_9719_p2                                  | -   |        | add_ln170_672  | add   | fabric  | 0       |
|    add_ln170_675_fu_9729_p2                                  | -   |        | add_ln170_675  | add   | fabric  | 0       |
|    add_ln170_674_fu_9738_p2                                  | -   |        | add_ln170_674  | add   | fabric  | 0       |
|    add_ln170_677_fu_9758_p2                                  | -   |        | add_ln170_677  | add   | fabric  | 0       |
|    add_ln170_676_fu_9767_p2                                  | -   |        | add_ln170_676  | add   | fabric  | 0       |
|    add_ln170_679_fu_9777_p2                                  | -   |        | add_ln170_679  | add   | fabric  | 0       |
|    add_ln170_678_fu_9786_p2                                  | -   |        | add_ln170_678  | add   | fabric  | 0       |
|    add_ln170_681_fu_9806_p2                                  | -   |        | add_ln170_681  | add   | fabric  | 0       |
|    add_ln170_680_fu_9815_p2                                  | -   |        | add_ln170_680  | add   | fabric  | 0       |
|    add_ln170_683_fu_9825_p2                                  | -   |        | add_ln170_683  | add   | fabric  | 0       |
|    add_ln170_682_fu_9834_p2                                  | -   |        | add_ln170_682  | add   | fabric  | 0       |
|    add_ln170_685_fu_9854_p2                                  | -   |        | add_ln170_685  | add   | fabric  | 0       |
|    add_ln170_684_fu_9863_p2                                  | -   |        | add_ln170_684  | add   | fabric  | 0       |
|    add_ln170_687_fu_9873_p2                                  | -   |        | add_ln170_687  | add   | fabric  | 0       |
|    add_ln170_686_fu_9882_p2                                  | -   |        | add_ln170_686  | add   | fabric  | 0       |
|    add_ln170_689_fu_9902_p2                                  | -   |        | add_ln170_689  | add   | fabric  | 0       |
|    add_ln170_688_fu_9911_p2                                  | -   |        | add_ln170_688  | add   | fabric  | 0       |
|    add_ln170_691_fu_9921_p2                                  | -   |        | add_ln170_691  | add   | fabric  | 0       |
|    add_ln170_690_fu_9930_p2                                  | -   |        | add_ln170_690  | add   | fabric  | 0       |
|    add_ln170_693_fu_9950_p2                                  | -   |        | add_ln170_693  | add   | fabric  | 0       |
|    add_ln170_692_fu_9959_p2                                  | -   |        | add_ln170_692  | add   | fabric  | 0       |
|    add_ln170_695_fu_9969_p2                                  | -   |        | add_ln170_695  | add   | fabric  | 0       |
|    add_ln170_694_fu_9978_p2                                  | -   |        | add_ln170_694  | add   | fabric  | 0       |
|    add_ln170_697_fu_9998_p2                                  | -   |        | add_ln170_697  | add   | fabric  | 0       |
|    add_ln170_696_fu_10007_p2                                 | -   |        | add_ln170_696  | add   | fabric  | 0       |
|    add_ln170_699_fu_10017_p2                                 | -   |        | add_ln170_699  | add   | fabric  | 0       |
|    add_ln170_698_fu_10026_p2                                 | -   |        | add_ln170_698  | add   | fabric  | 0       |
|    add_ln170_701_fu_10046_p2                                 | -   |        | add_ln170_701  | add   | fabric  | 0       |
|    add_ln170_700_fu_10055_p2                                 | -   |        | add_ln170_700  | add   | fabric  | 0       |
|    add_ln170_703_fu_10065_p2                                 | -   |        | add_ln170_703  | add   | fabric  | 0       |
|    add_ln170_702_fu_10074_p2                                 | -   |        | add_ln170_702  | add   | fabric  | 0       |
|    add_ln170_705_fu_10094_p2                                 | -   |        | add_ln170_705  | add   | fabric  | 0       |
|    add_ln170_704_fu_10103_p2                                 | -   |        | add_ln170_704  | add   | fabric  | 0       |
|    add_ln170_707_fu_10113_p2                                 | -   |        | add_ln170_707  | add   | fabric  | 0       |
|    add_ln170_706_fu_10122_p2                                 | -   |        | add_ln170_706  | add   | fabric  | 0       |
|    add_ln170_709_fu_10142_p2                                 | -   |        | add_ln170_709  | add   | fabric  | 0       |
|    add_ln170_708_fu_10151_p2                                 | -   |        | add_ln170_708  | add   | fabric  | 0       |
|    add_ln170_711_fu_10161_p2                                 | -   |        | add_ln170_711  | add   | fabric  | 0       |
|    add_ln170_710_fu_10170_p2                                 | -   |        | add_ln170_710  | add   | fabric  | 0       |
|    add_ln170_713_fu_10190_p2                                 | -   |        | add_ln170_713  | add   | fabric  | 0       |
|    add_ln170_712_fu_10199_p2                                 | -   |        | add_ln170_712  | add   | fabric  | 0       |
|    add_ln170_715_fu_10209_p2                                 | -   |        | add_ln170_715  | add   | fabric  | 0       |
|    add_ln170_714_fu_10218_p2                                 | -   |        | add_ln170_714  | add   | fabric  | 0       |
|    add_ln170_717_fu_10238_p2                                 | -   |        | add_ln170_717  | add   | fabric  | 0       |
|    add_ln170_716_fu_10247_p2                                 | -   |        | add_ln170_716  | add   | fabric  | 0       |
|    add_ln170_719_fu_10257_p2                                 | -   |        | add_ln170_719  | add   | fabric  | 0       |
|    add_ln170_718_fu_10266_p2                                 | -   |        | add_ln170_718  | add   | fabric  | 0       |
|    add_ln170_721_fu_10286_p2                                 | -   |        | add_ln170_721  | add   | fabric  | 0       |
|    add_ln170_720_fu_10295_p2                                 | -   |        | add_ln170_720  | add   | fabric  | 0       |
|    add_ln170_723_fu_10305_p2                                 | -   |        | add_ln170_723  | add   | fabric  | 0       |
|    add_ln170_722_fu_10314_p2                                 | -   |        | add_ln170_722  | add   | fabric  | 0       |
|    add_ln170_725_fu_10334_p2                                 | -   |        | add_ln170_725  | add   | fabric  | 0       |
|    add_ln170_724_fu_10343_p2                                 | -   |        | add_ln170_724  | add   | fabric  | 0       |
|    add_ln170_727_fu_10353_p2                                 | -   |        | add_ln170_727  | add   | fabric  | 0       |
|    add_ln170_726_fu_10362_p2                                 | -   |        | add_ln170_726  | add   | fabric  | 0       |
|    add_ln170_729_fu_10382_p2                                 | -   |        | add_ln170_729  | add   | fabric  | 0       |
|    add_ln170_728_fu_10391_p2                                 | -   |        | add_ln170_728  | add   | fabric  | 0       |
|    add_ln170_731_fu_10401_p2                                 | -   |        | add_ln170_731  | add   | fabric  | 0       |
|    add_ln170_730_fu_10410_p2                                 | -   |        | add_ln170_730  | add   | fabric  | 0       |
|    add_ln170_733_fu_10430_p2                                 | -   |        | add_ln170_733  | add   | fabric  | 0       |
|    add_ln170_732_fu_10439_p2                                 | -   |        | add_ln170_732  | add   | fabric  | 0       |
|    add_ln170_735_fu_10449_p2                                 | -   |        | add_ln170_735  | add   | fabric  | 0       |
|    add_ln170_734_fu_10458_p2                                 | -   |        | add_ln170_734  | add   | fabric  | 0       |
|    add_ln170_737_fu_10478_p2                                 | -   |        | add_ln170_737  | add   | fabric  | 0       |
|    add_ln170_736_fu_10487_p2                                 | -   |        | add_ln170_736  | add   | fabric  | 0       |
|    add_ln170_739_fu_10497_p2                                 | -   |        | add_ln170_739  | add   | fabric  | 0       |
|    add_ln170_738_fu_10506_p2                                 | -   |        | add_ln170_738  | add   | fabric  | 0       |
|    add_ln170_741_fu_10526_p2                                 | -   |        | add_ln170_741  | add   | fabric  | 0       |
|    add_ln170_740_fu_10535_p2                                 | -   |        | add_ln170_740  | add   | fabric  | 0       |
|    add_ln170_743_fu_10545_p2                                 | -   |        | add_ln170_743  | add   | fabric  | 0       |
|    add_ln170_742_fu_10554_p2                                 | -   |        | add_ln170_742  | add   | fabric  | 0       |
|    add_ln170_745_fu_10574_p2                                 | -   |        | add_ln170_745  | add   | fabric  | 0       |
|    add_ln170_744_fu_10583_p2                                 | -   |        | add_ln170_744  | add   | fabric  | 0       |
|    add_ln170_747_fu_10593_p2                                 | -   |        | add_ln170_747  | add   | fabric  | 0       |
|    add_ln170_746_fu_10602_p2                                 | -   |        | add_ln170_746  | add   | fabric  | 0       |
|    add_ln170_749_fu_10622_p2                                 | -   |        | add_ln170_749  | add   | fabric  | 0       |
|    add_ln170_748_fu_10631_p2                                 | -   |        | add_ln170_748  | add   | fabric  | 0       |
|    add_ln170_751_fu_10641_p2                                 | -   |        | add_ln170_751  | add   | fabric  | 0       |
|    add_ln170_750_fu_10650_p2                                 | -   |        | add_ln170_750  | add   | fabric  | 0       |
|    add_ln170_753_fu_10670_p2                                 | -   |        | add_ln170_753  | add   | fabric  | 0       |
|    add_ln170_752_fu_10679_p2                                 | -   |        | add_ln170_752  | add   | fabric  | 0       |
|    add_ln170_755_fu_10689_p2                                 | -   |        | add_ln170_755  | add   | fabric  | 0       |
|    add_ln170_754_fu_10698_p2                                 | -   |        | add_ln170_754  | add   | fabric  | 0       |
|    add_ln170_757_fu_10718_p2                                 | -   |        | add_ln170_757  | add   | fabric  | 0       |
|    add_ln170_756_fu_10727_p2                                 | -   |        | add_ln170_756  | add   | fabric  | 0       |
|    add_ln170_759_fu_10737_p2                                 | -   |        | add_ln170_759  | add   | fabric  | 0       |
|    add_ln170_758_fu_10746_p2                                 | -   |        | add_ln170_758  | add   | fabric  | 0       |
|    add_ln170_761_fu_10766_p2                                 | -   |        | add_ln170_761  | add   | fabric  | 0       |
|    add_ln170_760_fu_10775_p2                                 | -   |        | add_ln170_760  | add   | fabric  | 0       |
|    add_ln170_763_fu_10785_p2                                 | -   |        | add_ln170_763  | add   | fabric  | 0       |
|    add_ln170_762_fu_10794_p2                                 | -   |        | add_ln170_762  | add   | fabric  | 0       |
|    add_ln170_765_fu_10814_p2                                 | -   |        | add_ln170_765  | add   | fabric  | 0       |
|    add_ln170_764_fu_10823_p2                                 | -   |        | add_ln170_764  | add   | fabric  | 0       |
|    add_ln170_767_fu_10833_p2                                 | -   |        | add_ln170_767  | add   | fabric  | 0       |
|    add_ln170_766_fu_10842_p2                                 | -   |        | add_ln170_766  | add   | fabric  | 0       |
|    add_ln170_769_fu_10862_p2                                 | -   |        | add_ln170_769  | add   | fabric  | 0       |
|    add_ln170_768_fu_10871_p2                                 | -   |        | add_ln170_768  | add   | fabric  | 0       |
|    add_ln170_771_fu_10881_p2                                 | -   |        | add_ln170_771  | add   | fabric  | 0       |
|    add_ln170_770_fu_10890_p2                                 | -   |        | add_ln170_770  | add   | fabric  | 0       |
|    add_ln170_773_fu_10910_p2                                 | -   |        | add_ln170_773  | add   | fabric  | 0       |
|    add_ln170_772_fu_10919_p2                                 | -   |        | add_ln170_772  | add   | fabric  | 0       |
|    add_ln170_775_fu_10929_p2                                 | -   |        | add_ln170_775  | add   | fabric  | 0       |
|    add_ln170_774_fu_10938_p2                                 | -   |        | add_ln170_774  | add   | fabric  | 0       |
|    add_ln170_777_fu_10958_p2                                 | -   |        | add_ln170_777  | add   | fabric  | 0       |
|    add_ln170_776_fu_10967_p2                                 | -   |        | add_ln170_776  | add   | fabric  | 0       |
|    add_ln170_779_fu_10977_p2                                 | -   |        | add_ln170_779  | add   | fabric  | 0       |
|    add_ln170_778_fu_10986_p2                                 | -   |        | add_ln170_778  | add   | fabric  | 0       |
|    add_ln170_781_fu_11006_p2                                 | -   |        | add_ln170_781  | add   | fabric  | 0       |
|    add_ln170_780_fu_11015_p2                                 | -   |        | add_ln170_780  | add   | fabric  | 0       |
|    add_ln170_783_fu_11025_p2                                 | -   |        | add_ln170_783  | add   | fabric  | 0       |
|    add_ln170_782_fu_11034_p2                                 | -   |        | add_ln170_782  | add   | fabric  | 0       |
|    add_ln170_785_fu_11054_p2                                 | -   |        | add_ln170_785  | add   | fabric  | 0       |
|    add_ln170_784_fu_11063_p2                                 | -   |        | add_ln170_784  | add   | fabric  | 0       |
|    add_ln170_787_fu_11073_p2                                 | -   |        | add_ln170_787  | add   | fabric  | 0       |
|    add_ln170_786_fu_11082_p2                                 | -   |        | add_ln170_786  | add   | fabric  | 0       |
|    add_ln170_789_fu_11102_p2                                 | -   |        | add_ln170_789  | add   | fabric  | 0       |
|    add_ln170_788_fu_11111_p2                                 | -   |        | add_ln170_788  | add   | fabric  | 0       |
|    add_ln170_791_fu_11121_p2                                 | -   |        | add_ln170_791  | add   | fabric  | 0       |
|    add_ln170_790_fu_11130_p2                                 | -   |        | add_ln170_790  | add   | fabric  | 0       |
|    add_ln170_793_fu_11150_p2                                 | -   |        | add_ln170_793  | add   | fabric  | 0       |
|    add_ln170_792_fu_11159_p2                                 | -   |        | add_ln170_792  | add   | fabric  | 0       |
|    add_ln170_795_fu_11169_p2                                 | -   |        | add_ln170_795  | add   | fabric  | 0       |
|    add_ln170_794_fu_11178_p2                                 | -   |        | add_ln170_794  | add   | fabric  | 0       |
|    add_ln170_797_fu_11198_p2                                 | -   |        | add_ln170_797  | add   | fabric  | 0       |
|    add_ln170_796_fu_11207_p2                                 | -   |        | add_ln170_796  | add   | fabric  | 0       |
|    add_ln170_799_fu_11217_p2                                 | -   |        | add_ln170_799  | add   | fabric  | 0       |
|    add_ln170_798_fu_11226_p2                                 | -   |        | add_ln170_798  | add   | fabric  | 0       |
|    add_ln170_801_fu_11246_p2                                 | -   |        | add_ln170_801  | add   | fabric  | 0       |
|    add_ln170_800_fu_11255_p2                                 | -   |        | add_ln170_800  | add   | fabric  | 0       |
|    add_ln170_803_fu_11265_p2                                 | -   |        | add_ln170_803  | add   | fabric  | 0       |
|    add_ln170_802_fu_11274_p2                                 | -   |        | add_ln170_802  | add   | fabric  | 0       |
|    add_ln170_805_fu_11294_p2                                 | -   |        | add_ln170_805  | add   | fabric  | 0       |
|    add_ln170_804_fu_11303_p2                                 | -   |        | add_ln170_804  | add   | fabric  | 0       |
|    add_ln170_807_fu_11313_p2                                 | -   |        | add_ln170_807  | add   | fabric  | 0       |
|    add_ln170_806_fu_11322_p2                                 | -   |        | add_ln170_806  | add   | fabric  | 0       |
|    add_ln170_809_fu_11342_p2                                 | -   |        | add_ln170_809  | add   | fabric  | 0       |
|    add_ln170_808_fu_11351_p2                                 | -   |        | add_ln170_808  | add   | fabric  | 0       |
|    add_ln170_811_fu_11361_p2                                 | -   |        | add_ln170_811  | add   | fabric  | 0       |
|    add_ln170_810_fu_11370_p2                                 | -   |        | add_ln170_810  | add   | fabric  | 0       |
|    add_ln170_813_fu_11390_p2                                 | -   |        | add_ln170_813  | add   | fabric  | 0       |
|    add_ln170_812_fu_11399_p2                                 | -   |        | add_ln170_812  | add   | fabric  | 0       |
|    add_ln170_815_fu_11409_p2                                 | -   |        | add_ln170_815  | add   | fabric  | 0       |
|    add_ln170_814_fu_11418_p2                                 | -   |        | add_ln170_814  | add   | fabric  | 0       |
|    add_ln170_817_fu_11438_p2                                 | -   |        | add_ln170_817  | add   | fabric  | 0       |
|    add_ln170_816_fu_11447_p2                                 | -   |        | add_ln170_816  | add   | fabric  | 0       |
|    add_ln170_819_fu_11457_p2                                 | -   |        | add_ln170_819  | add   | fabric  | 0       |
|    add_ln170_818_fu_11466_p2                                 | -   |        | add_ln170_818  | add   | fabric  | 0       |
|    add_ln170_821_fu_11486_p2                                 | -   |        | add_ln170_821  | add   | fabric  | 0       |
|    add_ln170_820_fu_11495_p2                                 | -   |        | add_ln170_820  | add   | fabric  | 0       |
|    add_ln170_823_fu_11505_p2                                 | -   |        | add_ln170_823  | add   | fabric  | 0       |
|    add_ln170_822_fu_11514_p2                                 | -   |        | add_ln170_822  | add   | fabric  | 0       |
|    add_ln170_825_fu_11534_p2                                 | -   |        | add_ln170_825  | add   | fabric  | 0       |
|    add_ln170_824_fu_11543_p2                                 | -   |        | add_ln170_824  | add   | fabric  | 0       |
|    add_ln170_827_fu_11553_p2                                 | -   |        | add_ln170_827  | add   | fabric  | 0       |
|    add_ln170_826_fu_11562_p2                                 | -   |        | add_ln170_826  | add   | fabric  | 0       |
|    add_ln170_829_fu_11582_p2                                 | -   |        | add_ln170_829  | add   | fabric  | 0       |
|    add_ln170_828_fu_11591_p2                                 | -   |        | add_ln170_828  | add   | fabric  | 0       |
|    add_ln170_831_fu_11601_p2                                 | -   |        | add_ln170_831  | add   | fabric  | 0       |
|    add_ln170_830_fu_11610_p2                                 | -   |        | add_ln170_830  | add   | fabric  | 0       |
|    add_ln170_833_fu_11630_p2                                 | -   |        | add_ln170_833  | add   | fabric  | 0       |
|    add_ln170_832_fu_11639_p2                                 | -   |        | add_ln170_832  | add   | fabric  | 0       |
|    add_ln170_835_fu_11649_p2                                 | -   |        | add_ln170_835  | add   | fabric  | 0       |
|    add_ln170_834_fu_11658_p2                                 | -   |        | add_ln170_834  | add   | fabric  | 0       |
|    add_ln170_837_fu_11678_p2                                 | -   |        | add_ln170_837  | add   | fabric  | 0       |
|    add_ln170_836_fu_11687_p2                                 | -   |        | add_ln170_836  | add   | fabric  | 0       |
|    add_ln170_839_fu_11697_p2                                 | -   |        | add_ln170_839  | add   | fabric  | 0       |
|    add_ln170_838_fu_11706_p2                                 | -   |        | add_ln170_838  | add   | fabric  | 0       |
|    add_ln170_841_fu_11726_p2                                 | -   |        | add_ln170_841  | add   | fabric  | 0       |
|    add_ln170_840_fu_11735_p2                                 | -   |        | add_ln170_840  | add   | fabric  | 0       |
|    add_ln170_843_fu_11745_p2                                 | -   |        | add_ln170_843  | add   | fabric  | 0       |
|    add_ln170_842_fu_11754_p2                                 | -   |        | add_ln170_842  | add   | fabric  | 0       |
|    add_ln170_845_fu_11774_p2                                 | -   |        | add_ln170_845  | add   | fabric  | 0       |
|    add_ln170_844_fu_11783_p2                                 | -   |        | add_ln170_844  | add   | fabric  | 0       |
|    add_ln170_847_fu_11793_p2                                 | -   |        | add_ln170_847  | add   | fabric  | 0       |
|    add_ln170_846_fu_11802_p2                                 | -   |        | add_ln170_846  | add   | fabric  | 0       |
|    add_ln170_849_fu_11822_p2                                 | -   |        | add_ln170_849  | add   | fabric  | 0       |
|    add_ln170_848_fu_11831_p2                                 | -   |        | add_ln170_848  | add   | fabric  | 0       |
|    add_ln170_851_fu_11841_p2                                 | -   |        | add_ln170_851  | add   | fabric  | 0       |
|    add_ln170_850_fu_11850_p2                                 | -   |        | add_ln170_850  | add   | fabric  | 0       |
|    add_ln170_853_fu_11870_p2                                 | -   |        | add_ln170_853  | add   | fabric  | 0       |
|    add_ln170_852_fu_11879_p2                                 | -   |        | add_ln170_852  | add   | fabric  | 0       |
|    add_ln170_855_fu_11889_p2                                 | -   |        | add_ln170_855  | add   | fabric  | 0       |
|    add_ln170_854_fu_11898_p2                                 | -   |        | add_ln170_854  | add   | fabric  | 0       |
|    add_ln170_857_fu_11918_p2                                 | -   |        | add_ln170_857  | add   | fabric  | 0       |
|    add_ln170_856_fu_11927_p2                                 | -   |        | add_ln170_856  | add   | fabric  | 0       |
|    add_ln170_859_fu_11937_p2                                 | -   |        | add_ln170_859  | add   | fabric  | 0       |
|    add_ln170_858_fu_11946_p2                                 | -   |        | add_ln170_858  | add   | fabric  | 0       |
|    add_ln170_861_fu_11966_p2                                 | -   |        | add_ln170_861  | add   | fabric  | 0       |
|    add_ln170_860_fu_11975_p2                                 | -   |        | add_ln170_860  | add   | fabric  | 0       |
|    add_ln170_863_fu_11985_p2                                 | -   |        | add_ln170_863  | add   | fabric  | 0       |
|    add_ln170_862_fu_11994_p2                                 | -   |        | add_ln170_862  | add   | fabric  | 0       |
|    add_ln170_865_fu_12014_p2                                 | -   |        | add_ln170_865  | add   | fabric  | 0       |
|    add_ln170_864_fu_12023_p2                                 | -   |        | add_ln170_864  | add   | fabric  | 0       |
|    add_ln170_867_fu_12033_p2                                 | -   |        | add_ln170_867  | add   | fabric  | 0       |
|    add_ln170_866_fu_12042_p2                                 | -   |        | add_ln170_866  | add   | fabric  | 0       |
|    add_ln170_869_fu_12062_p2                                 | -   |        | add_ln170_869  | add   | fabric  | 0       |
|    add_ln170_868_fu_12071_p2                                 | -   |        | add_ln170_868  | add   | fabric  | 0       |
|    add_ln170_871_fu_12081_p2                                 | -   |        | add_ln170_871  | add   | fabric  | 0       |
|    add_ln170_870_fu_12090_p2                                 | -   |        | add_ln170_870  | add   | fabric  | 0       |
|    add_ln170_873_fu_12110_p2                                 | -   |        | add_ln170_873  | add   | fabric  | 0       |
|    add_ln170_872_fu_12119_p2                                 | -   |        | add_ln170_872  | add   | fabric  | 0       |
|    add_ln170_875_fu_12129_p2                                 | -   |        | add_ln170_875  | add   | fabric  | 0       |
|    add_ln170_874_fu_12138_p2                                 | -   |        | add_ln170_874  | add   | fabric  | 0       |
|    add_ln170_877_fu_12158_p2                                 | -   |        | add_ln170_877  | add   | fabric  | 0       |
|    add_ln170_876_fu_12167_p2                                 | -   |        | add_ln170_876  | add   | fabric  | 0       |
|    add_ln170_879_fu_12177_p2                                 | -   |        | add_ln170_879  | add   | fabric  | 0       |
|    add_ln170_878_fu_12186_p2                                 | -   |        | add_ln170_878  | add   | fabric  | 0       |
|    add_ln170_881_fu_12206_p2                                 | -   |        | add_ln170_881  | add   | fabric  | 0       |
|    add_ln170_880_fu_12215_p2                                 | -   |        | add_ln170_880  | add   | fabric  | 0       |
|    add_ln170_883_fu_12225_p2                                 | -   |        | add_ln170_883  | add   | fabric  | 0       |
|    add_ln170_882_fu_12234_p2                                 | -   |        | add_ln170_882  | add   | fabric  | 0       |
|    add_ln170_885_fu_12254_p2                                 | -   |        | add_ln170_885  | add   | fabric  | 0       |
|    add_ln170_884_fu_12263_p2                                 | -   |        | add_ln170_884  | add   | fabric  | 0       |
|    add_ln170_887_fu_12273_p2                                 | -   |        | add_ln170_887  | add   | fabric  | 0       |
|    add_ln170_886_fu_12282_p2                                 | -   |        | add_ln170_886  | add   | fabric  | 0       |
|    add_ln170_889_fu_12302_p2                                 | -   |        | add_ln170_889  | add   | fabric  | 0       |
|    add_ln170_888_fu_12311_p2                                 | -   |        | add_ln170_888  | add   | fabric  | 0       |
|    add_ln170_891_fu_12321_p2                                 | -   |        | add_ln170_891  | add   | fabric  | 0       |
|    add_ln170_890_fu_12330_p2                                 | -   |        | add_ln170_890  | add   | fabric  | 0       |
|    add_ln170_893_fu_12350_p2                                 | -   |        | add_ln170_893  | add   | fabric  | 0       |
|    add_ln170_892_fu_12359_p2                                 | -   |        | add_ln170_892  | add   | fabric  | 0       |
|    add_ln170_895_fu_12369_p2                                 | -   |        | add_ln170_895  | add   | fabric  | 0       |
|    add_ln170_894_fu_12378_p2                                 | -   |        | add_ln170_894  | add   | fabric  | 0       |
|    add_ln170_897_fu_12398_p2                                 | -   |        | add_ln170_897  | add   | fabric  | 0       |
|    add_ln170_896_fu_12407_p2                                 | -   |        | add_ln170_896  | add   | fabric  | 0       |
|    add_ln170_899_fu_12417_p2                                 | -   |        | add_ln170_899  | add   | fabric  | 0       |
|    add_ln170_898_fu_12426_p2                                 | -   |        | add_ln170_898  | add   | fabric  | 0       |
|    add_ln170_901_fu_12446_p2                                 | -   |        | add_ln170_901  | add   | fabric  | 0       |
|    add_ln170_900_fu_12455_p2                                 | -   |        | add_ln170_900  | add   | fabric  | 0       |
|    add_ln170_903_fu_12465_p2                                 | -   |        | add_ln170_903  | add   | fabric  | 0       |
|    add_ln170_902_fu_12474_p2                                 | -   |        | add_ln170_902  | add   | fabric  | 0       |
|    add_ln170_905_fu_12494_p2                                 | -   |        | add_ln170_905  | add   | fabric  | 0       |
|    add_ln170_904_fu_12503_p2                                 | -   |        | add_ln170_904  | add   | fabric  | 0       |
|    add_ln170_907_fu_12513_p2                                 | -   |        | add_ln170_907  | add   | fabric  | 0       |
|    add_ln170_906_fu_12522_p2                                 | -   |        | add_ln170_906  | add   | fabric  | 0       |
|    add_ln170_909_fu_12542_p2                                 | -   |        | add_ln170_909  | add   | fabric  | 0       |
|    add_ln170_908_fu_12551_p2                                 | -   |        | add_ln170_908  | add   | fabric  | 0       |
|    add_ln170_911_fu_12561_p2                                 | -   |        | add_ln170_911  | add   | fabric  | 0       |
|    add_ln170_910_fu_12570_p2                                 | -   |        | add_ln170_910  | add   | fabric  | 0       |
|    add_ln170_913_fu_12590_p2                                 | -   |        | add_ln170_913  | add   | fabric  | 0       |
|    add_ln170_912_fu_12599_p2                                 | -   |        | add_ln170_912  | add   | fabric  | 0       |
|    add_ln170_915_fu_12609_p2                                 | -   |        | add_ln170_915  | add   | fabric  | 0       |
|    add_ln170_914_fu_12618_p2                                 | -   |        | add_ln170_914  | add   | fabric  | 0       |
|    add_ln170_917_fu_12638_p2                                 | -   |        | add_ln170_917  | add   | fabric  | 0       |
|    add_ln170_916_fu_12647_p2                                 | -   |        | add_ln170_916  | add   | fabric  | 0       |
|    add_ln170_919_fu_12657_p2                                 | -   |        | add_ln170_919  | add   | fabric  | 0       |
|    add_ln170_918_fu_12666_p2                                 | -   |        | add_ln170_918  | add   | fabric  | 0       |
|    add_ln170_921_fu_12686_p2                                 | -   |        | add_ln170_921  | add   | fabric  | 0       |
|    add_ln170_920_fu_12695_p2                                 | -   |        | add_ln170_920  | add   | fabric  | 0       |
|    add_ln170_923_fu_12705_p2                                 | -   |        | add_ln170_923  | add   | fabric  | 0       |
|    add_ln170_922_fu_12714_p2                                 | -   |        | add_ln170_922  | add   | fabric  | 0       |
|    add_ln170_925_fu_12734_p2                                 | -   |        | add_ln170_925  | add   | fabric  | 0       |
|    add_ln170_924_fu_12743_p2                                 | -   |        | add_ln170_924  | add   | fabric  | 0       |
|    add_ln170_927_fu_12753_p2                                 | -   |        | add_ln170_927  | add   | fabric  | 0       |
|    add_ln170_926_fu_12762_p2                                 | -   |        | add_ln170_926  | add   | fabric  | 0       |
|    add_ln170_929_fu_12782_p2                                 | -   |        | add_ln170_929  | add   | fabric  | 0       |
|    add_ln170_928_fu_12791_p2                                 | -   |        | add_ln170_928  | add   | fabric  | 0       |
|    mul_8ns_10ns_17_1_1_U251                                  | -   |        | mul_ln172      | mul   | auto    | 0       |
|    add_ln163_fu_7128_p2                                      | -   |        | add_ln163      | add   | fabric  | 0       |
|  + transformer_blk_s4_top_Pipeline_LF_S_LF_OD2               | 0   |        |                |       |         |         |
|    empty_fu_5291_p2                                          | -   |        | empty          | sub   | fabric  | 0       |
|    sub_ln170_2_fu_5143_p2                                    | -   |        | sub_ln170_2    | sub   | fabric  | 0       |
|    add_ln162_5_fu_5155_p2                                    | -   |        | add_ln162_5    | add   | fabric  | 0       |
|    add_ln162_fu_5178_p2                                      | -   |        | add_ln162      | add   | fabric  | 0       |
|    p_mid11239_fu_5319_p2                                     | -   |        | p_mid11239     | sub   | fabric  | 0       |
|    sub_ln170_fu_5204_p2                                      | -   |        | sub_ln170      | sub   | fabric  | 0       |
|    add_ln162_506_fu_5432_p2                                  | -   |        | add_ln162_506  | add   | fabric  | 0       |
|    add_ln162_507_fu_5445_p2                                  | -   |        | add_ln162_507  | add   | fabric  | 0       |
|    add_ln162_508_fu_5496_p2                                  | -   |        | add_ln162_508  | add   | fabric  | 0       |
|    add_ln162_509_fu_5509_p2                                  | -   |        | add_ln162_509  | add   | fabric  | 0       |
|    add_ln162_510_fu_5565_p2                                  | -   |        | add_ln162_510  | add   | fabric  | 0       |
|    add_ln162_511_fu_5578_p2                                  | -   |        | add_ln162_511  | add   | fabric  | 0       |
|    add_ln162_512_fu_5639_p2                                  | -   |        | add_ln162_512  | add   | fabric  | 0       |
|    add_ln162_513_fu_5652_p2                                  | -   |        | add_ln162_513  | add   | fabric  | 0       |
|    add_ln162_514_fu_5713_p2                                  | -   |        | add_ln162_514  | add   | fabric  | 0       |
|    add_ln162_515_fu_5726_p2                                  | -   |        | add_ln162_515  | add   | fabric  | 0       |
|    add_ln162_516_fu_5787_p2                                  | -   |        | add_ln162_516  | add   | fabric  | 0       |
|    add_ln162_517_fu_5800_p2                                  | -   |        | add_ln162_517  | add   | fabric  | 0       |
|    add_ln162_518_fu_5861_p2                                  | -   |        | add_ln162_518  | add   | fabric  | 0       |
|    add_ln162_519_fu_5874_p2                                  | -   |        | add_ln162_519  | add   | fabric  | 0       |
|    add_ln162_520_fu_5940_p2                                  | -   |        | add_ln162_520  | add   | fabric  | 0       |
|    add_ln162_521_fu_5953_p2                                  | -   |        | add_ln162_521  | add   | fabric  | 0       |
|    add_ln162_522_fu_6018_p2                                  | -   |        | add_ln162_522  | add   | fabric  | 0       |
|    add_ln162_523_fu_6031_p2                                  | -   |        | add_ln162_523  | add   | fabric  | 0       |
|    add_ln162_524_fu_6092_p2                                  | -   |        | add_ln162_524  | add   | fabric  | 0       |
|    add_ln162_525_fu_6105_p2                                  | -   |        | add_ln162_525  | add   | fabric  | 0       |
|    add_ln162_526_fu_6166_p2                                  | -   |        | add_ln162_526  | add   | fabric  | 0       |
|    add_ln162_527_fu_6179_p2                                  | -   |        | add_ln162_527  | add   | fabric  | 0       |
|    add_ln162_528_fu_6240_p2                                  | -   |        | add_ln162_528  | add   | fabric  | 0       |
|    add_ln162_529_fu_6253_p2                                  | -   |        | add_ln162_529  | add   | fabric  | 0       |
|    add_ln162_530_fu_6314_p2                                  | -   |        | add_ln162_530  | add   | fabric  | 0       |
|    add_ln162_531_fu_6327_p2                                  | -   |        | add_ln162_531  | add   | fabric  | 0       |
|    add_ln162_532_fu_6388_p2                                  | -   |        | add_ln162_532  | add   | fabric  | 0       |
|    add_ln162_533_fu_6401_p2                                  | -   |        | add_ln162_533  | add   | fabric  | 0       |
|    add_ln162_534_fu_6462_p2                                  | -   |        | add_ln162_534  | add   | fabric  | 0       |
|    add_ln162_535_fu_6475_p2                                  | -   |        | add_ln162_535  | add   | fabric  | 0       |
|    add_ln162_536_fu_6536_p2                                  | -   |        | add_ln162_536  | add   | fabric  | 0       |
|    add_ln162_537_fu_6549_p2                                  | -   |        | add_ln162_537  | add   | fabric  | 0       |
|    add_ln162_538_fu_6610_p2                                  | -   |        | add_ln162_538  | add   | fabric  | 0       |
|    add_ln162_539_fu_6623_p2                                  | -   |        | add_ln162_539  | add   | fabric  | 0       |
|    add_ln162_540_fu_6684_p2                                  | -   |        | add_ln162_540  | add   | fabric  | 0       |
|    add_ln162_541_fu_6697_p2                                  | -   |        | add_ln162_541  | add   | fabric  | 0       |
|    add_ln162_542_fu_6758_p2                                  | -   |        | add_ln162_542  | add   | fabric  | 0       |
|    add_ln162_543_fu_6771_p2                                  | -   |        | add_ln162_543  | add   | fabric  | 0       |
|    add_ln162_544_fu_6832_p2                                  | -   |        | add_ln162_544  | add   | fabric  | 0       |
|    add_ln162_545_fu_6845_p2                                  | -   |        | add_ln162_545  | add   | fabric  | 0       |
|    add_ln162_546_fu_6906_p2                                  | -   |        | add_ln162_546  | add   | fabric  | 0       |
|    add_ln162_547_fu_6919_p2                                  | -   |        | add_ln162_547  | add   | fabric  | 0       |
|    add_ln162_548_fu_6980_p2                                  | -   |        | add_ln162_548  | add   | fabric  | 0       |
|    add_ln162_549_fu_6993_p2                                  | -   |        | add_ln162_549  | add   | fabric  | 0       |
|    add_ln162_550_fu_7054_p2                                  | -   |        | add_ln162_550  | add   | fabric  | 0       |
|    add_ln162_551_fu_7067_p2                                  | -   |        | add_ln162_551  | add   | fabric  | 0       |
|    add_ln162_552_fu_7128_p2                                  | -   |        | add_ln162_552  | add   | fabric  | 0       |
|    add_ln162_553_fu_7141_p2                                  | -   |        | add_ln162_553  | add   | fabric  | 0       |
|    add_ln162_554_fu_7202_p2                                  | -   |        | add_ln162_554  | add   | fabric  | 0       |
|    add_ln162_555_fu_7215_p2                                  | -   |        | add_ln162_555  | add   | fabric  | 0       |
|    add_ln162_556_fu_7276_p2                                  | -   |        | add_ln162_556  | add   | fabric  | 0       |
|    add_ln162_557_fu_7289_p2                                  | -   |        | add_ln162_557  | add   | fabric  | 0       |
|    add_ln162_558_fu_7350_p2                                  | -   |        | add_ln162_558  | add   | fabric  | 0       |
|    add_ln162_559_fu_7363_p2                                  | -   |        | add_ln162_559  | add   | fabric  | 0       |
|    add_ln162_560_fu_7424_p2                                  | -   |        | add_ln162_560  | add   | fabric  | 0       |
|    add_ln162_561_fu_7437_p2                                  | -   |        | add_ln162_561  | add   | fabric  | 0       |
|    add_ln165_3_fu_5364_p2                                    | -   |        | add_ln165_3    | add   | fabric  | 0       |
|    add_ln165_fu_5374_p2                                      | -   |        | add_ln165      | add   | fabric  | 0       |
|    sub_ln170_3_fu_5406_p2                                    | -   |        | sub_ln170_3    | sub   | fabric  | 0       |
|    add_ln170_930_fu_5416_p2                                  | -   |        | add_ln170_930  | add   | fabric  | 0       |
|    add_ln170_931_fu_5467_p2                                  | -   |        | add_ln170_931  | add   | fabric  | 0       |
|    add_ln170_932_fu_5486_p2                                  | -   |        | add_ln170_932  | add   | fabric  | 0       |
|    add_ln170_933_fu_5536_p2                                  | -   |        | add_ln170_933  | add   | fabric  | 0       |
|    add_ln170_934_fu_5555_p2                                  | -   |        | add_ln170_934  | add   | fabric  | 0       |
|    add_ln170_935_fu_5610_p2                                  | -   |        | add_ln170_935  | add   | fabric  | 0       |
|    add_ln170_936_fu_5629_p2                                  | -   |        | add_ln170_936  | add   | fabric  | 0       |
|    add_ln170_937_fu_5684_p2                                  | -   |        | add_ln170_937  | add   | fabric  | 0       |
|    add_ln170_938_fu_5703_p2                                  | -   |        | add_ln170_938  | add   | fabric  | 0       |
|    add_ln170_939_fu_5758_p2                                  | -   |        | add_ln170_939  | add   | fabric  | 0       |
|    add_ln170_940_fu_5777_p2                                  | -   |        | add_ln170_940  | add   | fabric  | 0       |
|    add_ln170_941_fu_5832_p2                                  | -   |        | add_ln170_941  | add   | fabric  | 0       |
|    add_ln170_942_fu_5851_p2                                  | -   |        | add_ln170_942  | add   | fabric  | 0       |
|    add_ln170_943_fu_5911_p2                                  | -   |        | add_ln170_943  | add   | fabric  | 0       |
|    add_ln170_944_fu_5930_p2                                  | -   |        | add_ln170_944  | add   | fabric  | 0       |
|    add_ln170_945_fu_5988_p2                                  | -   |        | add_ln170_945  | add   | fabric  | 0       |
|    add_ln170_946_fu_5998_p2                                  | -   |        | add_ln170_946  | add   | fabric  | 0       |
|    add_ln170_947_fu_6008_p2                                  | -   |        | add_ln170_947  | add   | fabric  | 0       |
|    add_ln170_948_fu_6054_p2                                  | -   |        | add_ln170_948  | add   | fabric  | 0       |
|    add_ln170_949_fu_6063_p2                                  | -   |        | add_ln170_949  | add   | fabric  | 0       |
|    add_ln170_950_fu_6073_p2                                  | -   |        | add_ln170_950  | add   | fabric  | 0       |
|    add_ln170_951_fu_6082_p2                                  | -   |        | add_ln170_951  | add   | fabric  | 0       |
|    add_ln170_952_fu_6128_p2                                  | -   |        | add_ln170_952  | add   | fabric  | 0       |
|    add_ln170_953_fu_6137_p2                                  | -   |        | add_ln170_953  | add   | fabric  | 0       |
|    add_ln170_954_fu_6147_p2                                  | -   |        | add_ln170_954  | add   | fabric  | 0       |
|    add_ln170_955_fu_6156_p2                                  | -   |        | add_ln170_955  | add   | fabric  | 0       |
|    add_ln170_956_fu_6202_p2                                  | -   |        | add_ln170_956  | add   | fabric  | 0       |
|    add_ln170_957_fu_6211_p2                                  | -   |        | add_ln170_957  | add   | fabric  | 0       |
|    add_ln170_958_fu_6221_p2                                  | -   |        | add_ln170_958  | add   | fabric  | 0       |
|    add_ln170_959_fu_6230_p2                                  | -   |        | add_ln170_959  | add   | fabric  | 0       |
|    add_ln170_960_fu_6276_p2                                  | -   |        | add_ln170_960  | add   | fabric  | 0       |
|    add_ln170_961_fu_6285_p2                                  | -   |        | add_ln170_961  | add   | fabric  | 0       |
|    add_ln170_962_fu_6295_p2                                  | -   |        | add_ln170_962  | add   | fabric  | 0       |
|    add_ln170_963_fu_6304_p2                                  | -   |        | add_ln170_963  | add   | fabric  | 0       |
|    add_ln170_964_fu_6350_p2                                  | -   |        | add_ln170_964  | add   | fabric  | 0       |
|    add_ln170_965_fu_6359_p2                                  | -   |        | add_ln170_965  | add   | fabric  | 0       |
|    add_ln170_966_fu_6369_p2                                  | -   |        | add_ln170_966  | add   | fabric  | 0       |
|    add_ln170_967_fu_6378_p2                                  | -   |        | add_ln170_967  | add   | fabric  | 0       |
|    add_ln170_968_fu_6424_p2                                  | -   |        | add_ln170_968  | add   | fabric  | 0       |
|    add_ln170_969_fu_6433_p2                                  | -   |        | add_ln170_969  | add   | fabric  | 0       |
|    add_ln170_970_fu_6443_p2                                  | -   |        | add_ln170_970  | add   | fabric  | 0       |
|    add_ln170_971_fu_6452_p2                                  | -   |        | add_ln170_971  | add   | fabric  | 0       |
|    add_ln170_972_fu_6498_p2                                  | -   |        | add_ln170_972  | add   | fabric  | 0       |
|    add_ln170_973_fu_6507_p2                                  | -   |        | add_ln170_973  | add   | fabric  | 0       |
|    add_ln170_974_fu_6517_p2                                  | -   |        | add_ln170_974  | add   | fabric  | 0       |
|    add_ln170_975_fu_6526_p2                                  | -   |        | add_ln170_975  | add   | fabric  | 0       |
|    add_ln170_976_fu_6572_p2                                  | -   |        | add_ln170_976  | add   | fabric  | 0       |
|    add_ln170_977_fu_6581_p2                                  | -   |        | add_ln170_977  | add   | fabric  | 0       |
|    add_ln170_978_fu_6591_p2                                  | -   |        | add_ln170_978  | add   | fabric  | 0       |
|    add_ln170_979_fu_6600_p2                                  | -   |        | add_ln170_979  | add   | fabric  | 0       |
|    add_ln170_980_fu_6646_p2                                  | -   |        | add_ln170_980  | add   | fabric  | 0       |
|    add_ln170_981_fu_6655_p2                                  | -   |        | add_ln170_981  | add   | fabric  | 0       |
|    add_ln170_982_fu_6665_p2                                  | -   |        | add_ln170_982  | add   | fabric  | 0       |
|    add_ln170_983_fu_6674_p2                                  | -   |        | add_ln170_983  | add   | fabric  | 0       |
|    add_ln170_984_fu_6720_p2                                  | -   |        | add_ln170_984  | add   | fabric  | 0       |
|    add_ln170_985_fu_6729_p2                                  | -   |        | add_ln170_985  | add   | fabric  | 0       |
|    add_ln170_986_fu_6739_p2                                  | -   |        | add_ln170_986  | add   | fabric  | 0       |
|    add_ln170_987_fu_6748_p2                                  | -   |        | add_ln170_987  | add   | fabric  | 0       |
|    add_ln170_988_fu_6794_p2                                  | -   |        | add_ln170_988  | add   | fabric  | 0       |
|    add_ln170_989_fu_6803_p2                                  | -   |        | add_ln170_989  | add   | fabric  | 0       |
|    add_ln170_990_fu_6813_p2                                  | -   |        | add_ln170_990  | add   | fabric  | 0       |
|    add_ln170_991_fu_6822_p2                                  | -   |        | add_ln170_991  | add   | fabric  | 0       |
|    add_ln170_992_fu_6868_p2                                  | -   |        | add_ln170_992  | add   | fabric  | 0       |
|    add_ln170_993_fu_6877_p2                                  | -   |        | add_ln170_993  | add   | fabric  | 0       |
|    add_ln170_994_fu_6887_p2                                  | -   |        | add_ln170_994  | add   | fabric  | 0       |
|    add_ln170_995_fu_6896_p2                                  | -   |        | add_ln170_995  | add   | fabric  | 0       |
|    add_ln170_996_fu_6942_p2                                  | -   |        | add_ln170_996  | add   | fabric  | 0       |
|    add_ln170_997_fu_6951_p2                                  | -   |        | add_ln170_997  | add   | fabric  | 0       |
|    add_ln170_998_fu_6961_p2                                  | -   |        | add_ln170_998  | add   | fabric  | 0       |
|    add_ln170_999_fu_6970_p2                                  | -   |        | add_ln170_999  | add   | fabric  | 0       |
|    add_ln170_1000_fu_7016_p2                                 | -   |        | add_ln170_1000 | add   | fabric  | 0       |
|    add_ln170_1001_fu_7025_p2                                 | -   |        | add_ln170_1001 | add   | fabric  | 0       |
|    add_ln170_1002_fu_7035_p2                                 | -   |        | add_ln170_1002 | add   | fabric  | 0       |
|    add_ln170_1003_fu_7044_p2                                 | -   |        | add_ln170_1003 | add   | fabric  | 0       |
|    add_ln170_1004_fu_7090_p2                                 | -   |        | add_ln170_1004 | add   | fabric  | 0       |
|    add_ln170_1005_fu_7099_p2                                 | -   |        | add_ln170_1005 | add   | fabric  | 0       |
|    add_ln170_1006_fu_7109_p2                                 | -   |        | add_ln170_1006 | add   | fabric  | 0       |
|    add_ln170_1007_fu_7118_p2                                 | -   |        | add_ln170_1007 | add   | fabric  | 0       |
|    add_ln170_1008_fu_7164_p2                                 | -   |        | add_ln170_1008 | add   | fabric  | 0       |
|    add_ln170_1009_fu_7173_p2                                 | -   |        | add_ln170_1009 | add   | fabric  | 0       |
|    add_ln170_1010_fu_7183_p2                                 | -   |        | add_ln170_1010 | add   | fabric  | 0       |
|    add_ln170_1011_fu_7192_p2                                 | -   |        | add_ln170_1011 | add   | fabric  | 0       |
|    add_ln170_1012_fu_7238_p2                                 | -   |        | add_ln170_1012 | add   | fabric  | 0       |
|    add_ln170_1013_fu_7247_p2                                 | -   |        | add_ln170_1013 | add   | fabric  | 0       |
|    add_ln170_1014_fu_7257_p2                                 | -   |        | add_ln170_1014 | add   | fabric  | 0       |
|    add_ln170_1015_fu_7266_p2                                 | -   |        | add_ln170_1015 | add   | fabric  | 0       |
|    add_ln170_1016_fu_7312_p2                                 | -   |        | add_ln170_1016 | add   | fabric  | 0       |
|    add_ln170_1017_fu_7321_p2                                 | -   |        | add_ln170_1017 | add   | fabric  | 0       |
|    add_ln170_1018_fu_7331_p2                                 | -   |        | add_ln170_1018 | add   | fabric  | 0       |
|    add_ln170_1019_fu_7340_p2                                 | -   |        | add_ln170_1019 | add   | fabric  | 0       |
|    add_ln170_1020_fu_7386_p2                                 | -   |        | add_ln170_1020 | add   | fabric  | 0       |
|    add_ln170_1021_fu_7395_p2                                 | -   |        | add_ln170_1021 | add   | fabric  | 0       |
|    add_ln170_1022_fu_7405_p2                                 | -   |        | add_ln170_1022 | add   | fabric  | 0       |
|    add_ln170_1023_fu_7414_p2                                 | -   |        | add_ln170_1023 | add   | fabric  | 0       |
|    add_ln170_1024_fu_7460_p2                                 | -   |        | add_ln170_1024 | add   | fabric  | 0       |
|    add_ln170_1025_fu_7469_p2                                 | -   |        | add_ln170_1025 | add   | fabric  | 0       |
|    add_ln170_1026_fu_7479_p2                                 | -   |        | add_ln170_1026 | add   | fabric  | 0       |
|    add_ln170_1027_fu_7488_p2                                 | -   |        | add_ln170_1027 | add   | fabric  | 0       |
|    add_ln170_1028_fu_7508_p2                                 | -   |        | add_ln170_1028 | add   | fabric  | 0       |
|    add_ln170_1029_fu_7517_p2                                 | -   |        | add_ln170_1029 | add   | fabric  | 0       |
|    add_ln170_1030_fu_7527_p2                                 | -   |        | add_ln170_1030 | add   | fabric  | 0       |
|    add_ln170_1031_fu_7536_p2                                 | -   |        | add_ln170_1031 | add   | fabric  | 0       |
|    add_ln170_1032_fu_7556_p2                                 | -   |        | add_ln170_1032 | add   | fabric  | 0       |
|    add_ln170_1033_fu_7565_p2                                 | -   |        | add_ln170_1033 | add   | fabric  | 0       |
|    add_ln170_1034_fu_7575_p2                                 | -   |        | add_ln170_1034 | add   | fabric  | 0       |
|    add_ln170_1035_fu_7584_p2                                 | -   |        | add_ln170_1035 | add   | fabric  | 0       |
|    add_ln170_1036_fu_7604_p2                                 | -   |        | add_ln170_1036 | add   | fabric  | 0       |
|    add_ln170_1037_fu_7613_p2                                 | -   |        | add_ln170_1037 | add   | fabric  | 0       |
|    add_ln170_1038_fu_7623_p2                                 | -   |        | add_ln170_1038 | add   | fabric  | 0       |
|    add_ln170_1039_fu_7632_p2                                 | -   |        | add_ln170_1039 | add   | fabric  | 0       |
|    add_ln170_1040_fu_7652_p2                                 | -   |        | add_ln170_1040 | add   | fabric  | 0       |
|    add_ln170_1041_fu_7661_p2                                 | -   |        | add_ln170_1041 | add   | fabric  | 0       |
|    add_ln170_1042_fu_7671_p2                                 | -   |        | add_ln170_1042 | add   | fabric  | 0       |
|    add_ln170_1043_fu_7680_p2                                 | -   |        | add_ln170_1043 | add   | fabric  | 0       |
|    add_ln170_1044_fu_7700_p2                                 | -   |        | add_ln170_1044 | add   | fabric  | 0       |
|    add_ln170_1045_fu_7709_p2                                 | -   |        | add_ln170_1045 | add   | fabric  | 0       |
|    add_ln170_1046_fu_7719_p2                                 | -   |        | add_ln170_1046 | add   | fabric  | 0       |
|    add_ln170_1047_fu_7728_p2                                 | -   |        | add_ln170_1047 | add   | fabric  | 0       |
|    add_ln170_1048_fu_7748_p2                                 | -   |        | add_ln170_1048 | add   | fabric  | 0       |
|    add_ln170_1049_fu_7757_p2                                 | -   |        | add_ln170_1049 | add   | fabric  | 0       |
|    add_ln170_1050_fu_7767_p2                                 | -   |        | add_ln170_1050 | add   | fabric  | 0       |
|    add_ln170_1051_fu_7776_p2                                 | -   |        | add_ln170_1051 | add   | fabric  | 0       |
|    add_ln170_1052_fu_7796_p2                                 | -   |        | add_ln170_1052 | add   | fabric  | 0       |
|    add_ln170_1053_fu_7805_p2                                 | -   |        | add_ln170_1053 | add   | fabric  | 0       |
|    add_ln170_1054_fu_7815_p2                                 | -   |        | add_ln170_1054 | add   | fabric  | 0       |
|    add_ln170_1055_fu_7824_p2                                 | -   |        | add_ln170_1055 | add   | fabric  | 0       |
|    add_ln170_1056_fu_7844_p2                                 | -   |        | add_ln170_1056 | add   | fabric  | 0       |
|    add_ln170_1057_fu_7853_p2                                 | -   |        | add_ln170_1057 | add   | fabric  | 0       |
|    add_ln170_1058_fu_7863_p2                                 | -   |        | add_ln170_1058 | add   | fabric  | 0       |
|    add_ln170_1059_fu_7872_p2                                 | -   |        | add_ln170_1059 | add   | fabric  | 0       |
|    add_ln170_1060_fu_7892_p2                                 | -   |        | add_ln170_1060 | add   | fabric  | 0       |
|    add_ln170_1061_fu_7901_p2                                 | -   |        | add_ln170_1061 | add   | fabric  | 0       |
|    add_ln170_1062_fu_7911_p2                                 | -   |        | add_ln170_1062 | add   | fabric  | 0       |
|    add_ln170_1063_fu_7920_p2                                 | -   |        | add_ln170_1063 | add   | fabric  | 0       |
|    add_ln170_1064_fu_7940_p2                                 | -   |        | add_ln170_1064 | add   | fabric  | 0       |
|    add_ln170_1065_fu_7949_p2                                 | -   |        | add_ln170_1065 | add   | fabric  | 0       |
|    add_ln170_1066_fu_7959_p2                                 | -   |        | add_ln170_1066 | add   | fabric  | 0       |
|    add_ln170_1067_fu_7968_p2                                 | -   |        | add_ln170_1067 | add   | fabric  | 0       |
|    add_ln170_1068_fu_7988_p2                                 | -   |        | add_ln170_1068 | add   | fabric  | 0       |
|    add_ln170_1069_fu_7997_p2                                 | -   |        | add_ln170_1069 | add   | fabric  | 0       |
|    add_ln170_1070_fu_8007_p2                                 | -   |        | add_ln170_1070 | add   | fabric  | 0       |
|    add_ln170_1071_fu_8016_p2                                 | -   |        | add_ln170_1071 | add   | fabric  | 0       |
|    add_ln170_1072_fu_8036_p2                                 | -   |        | add_ln170_1072 | add   | fabric  | 0       |
|    add_ln170_1073_fu_8045_p2                                 | -   |        | add_ln170_1073 | add   | fabric  | 0       |
|    add_ln170_1074_fu_8055_p2                                 | -   |        | add_ln170_1074 | add   | fabric  | 0       |
|    add_ln170_1075_fu_8064_p2                                 | -   |        | add_ln170_1075 | add   | fabric  | 0       |
|    add_ln170_1076_fu_8084_p2                                 | -   |        | add_ln170_1076 | add   | fabric  | 0       |
|    add_ln170_1077_fu_8093_p2                                 | -   |        | add_ln170_1077 | add   | fabric  | 0       |
|    add_ln170_1078_fu_8103_p2                                 | -   |        | add_ln170_1078 | add   | fabric  | 0       |
|    add_ln170_1079_fu_8112_p2                                 | -   |        | add_ln170_1079 | add   | fabric  | 0       |
|    add_ln170_1080_fu_8132_p2                                 | -   |        | add_ln170_1080 | add   | fabric  | 0       |
|    add_ln170_1081_fu_8141_p2                                 | -   |        | add_ln170_1081 | add   | fabric  | 0       |
|    add_ln170_1082_fu_8151_p2                                 | -   |        | add_ln170_1082 | add   | fabric  | 0       |
|    add_ln170_1083_fu_8160_p2                                 | -   |        | add_ln170_1083 | add   | fabric  | 0       |
|    add_ln170_1084_fu_8180_p2                                 | -   |        | add_ln170_1084 | add   | fabric  | 0       |
|    add_ln170_1085_fu_8189_p2                                 | -   |        | add_ln170_1085 | add   | fabric  | 0       |
|    add_ln170_1086_fu_8199_p2                                 | -   |        | add_ln170_1086 | add   | fabric  | 0       |
|    add_ln170_1087_fu_8208_p2                                 | -   |        | add_ln170_1087 | add   | fabric  | 0       |
|    add_ln170_1088_fu_8228_p2                                 | -   |        | add_ln170_1088 | add   | fabric  | 0       |
|    add_ln170_1089_fu_8237_p2                                 | -   |        | add_ln170_1089 | add   | fabric  | 0       |
|    add_ln170_1090_fu_8247_p2                                 | -   |        | add_ln170_1090 | add   | fabric  | 0       |
|    add_ln170_1091_fu_8256_p2                                 | -   |        | add_ln170_1091 | add   | fabric  | 0       |
|    add_ln170_1092_fu_8276_p2                                 | -   |        | add_ln170_1092 | add   | fabric  | 0       |
|    add_ln170_1093_fu_8285_p2                                 | -   |        | add_ln170_1093 | add   | fabric  | 0       |
|    add_ln170_1094_fu_8295_p2                                 | -   |        | add_ln170_1094 | add   | fabric  | 0       |
|    add_ln170_1095_fu_8304_p2                                 | -   |        | add_ln170_1095 | add   | fabric  | 0       |
|    add_ln170_1096_fu_8324_p2                                 | -   |        | add_ln170_1096 | add   | fabric  | 0       |
|    add_ln170_1097_fu_8333_p2                                 | -   |        | add_ln170_1097 | add   | fabric  | 0       |
|    add_ln170_1098_fu_8343_p2                                 | -   |        | add_ln170_1098 | add   | fabric  | 0       |
|    add_ln170_1099_fu_8352_p2                                 | -   |        | add_ln170_1099 | add   | fabric  | 0       |
|    add_ln170_1100_fu_8372_p2                                 | -   |        | add_ln170_1100 | add   | fabric  | 0       |
|    add_ln170_1101_fu_8381_p2                                 | -   |        | add_ln170_1101 | add   | fabric  | 0       |
|    add_ln170_1102_fu_8391_p2                                 | -   |        | add_ln170_1102 | add   | fabric  | 0       |
|    add_ln170_1103_fu_8400_p2                                 | -   |        | add_ln170_1103 | add   | fabric  | 0       |
|    add_ln170_1104_fu_8420_p2                                 | -   |        | add_ln170_1104 | add   | fabric  | 0       |
|    add_ln170_1105_fu_8429_p2                                 | -   |        | add_ln170_1105 | add   | fabric  | 0       |
|    add_ln170_1106_fu_8439_p2                                 | -   |        | add_ln170_1106 | add   | fabric  | 0       |
|    add_ln170_1107_fu_8448_p2                                 | -   |        | add_ln170_1107 | add   | fabric  | 0       |
|    add_ln170_1108_fu_8468_p2                                 | -   |        | add_ln170_1108 | add   | fabric  | 0       |
|    add_ln170_1109_fu_8477_p2                                 | -   |        | add_ln170_1109 | add   | fabric  | 0       |
|    add_ln170_1110_fu_8487_p2                                 | -   |        | add_ln170_1110 | add   | fabric  | 0       |
|    add_ln170_1111_fu_8496_p2                                 | -   |        | add_ln170_1111 | add   | fabric  | 0       |
|    add_ln170_1112_fu_8516_p2                                 | -   |        | add_ln170_1112 | add   | fabric  | 0       |
|    add_ln170_1113_fu_8525_p2                                 | -   |        | add_ln170_1113 | add   | fabric  | 0       |
|    add_ln170_1114_fu_8535_p2                                 | -   |        | add_ln170_1114 | add   | fabric  | 0       |
|    add_ln170_1115_fu_8544_p2                                 | -   |        | add_ln170_1115 | add   | fabric  | 0       |
|    add_ln170_1116_fu_8564_p2                                 | -   |        | add_ln170_1116 | add   | fabric  | 0       |
|    add_ln170_1117_fu_8573_p2                                 | -   |        | add_ln170_1117 | add   | fabric  | 0       |
|    add_ln170_1118_fu_8583_p2                                 | -   |        | add_ln170_1118 | add   | fabric  | 0       |
|    add_ln170_1119_fu_8592_p2                                 | -   |        | add_ln170_1119 | add   | fabric  | 0       |
|    add_ln170_1120_fu_8612_p2                                 | -   |        | add_ln170_1120 | add   | fabric  | 0       |
|    add_ln170_1121_fu_8621_p2                                 | -   |        | add_ln170_1121 | add   | fabric  | 0       |
|    add_ln170_1122_fu_8631_p2                                 | -   |        | add_ln170_1122 | add   | fabric  | 0       |
|    add_ln170_1123_fu_8640_p2                                 | -   |        | add_ln170_1123 | add   | fabric  | 0       |
|    add_ln170_1124_fu_8660_p2                                 | -   |        | add_ln170_1124 | add   | fabric  | 0       |
|    add_ln170_1125_fu_8669_p2                                 | -   |        | add_ln170_1125 | add   | fabric  | 0       |
|    add_ln170_1126_fu_8679_p2                                 | -   |        | add_ln170_1126 | add   | fabric  | 0       |
|    add_ln170_1127_fu_8688_p2                                 | -   |        | add_ln170_1127 | add   | fabric  | 0       |
|    add_ln170_1128_fu_8708_p2                                 | -   |        | add_ln170_1128 | add   | fabric  | 0       |
|    add_ln170_1129_fu_8717_p2                                 | -   |        | add_ln170_1129 | add   | fabric  | 0       |
|    add_ln170_1130_fu_8727_p2                                 | -   |        | add_ln170_1130 | add   | fabric  | 0       |
|    add_ln170_1131_fu_8736_p2                                 | -   |        | add_ln170_1131 | add   | fabric  | 0       |
|    add_ln170_1132_fu_8756_p2                                 | -   |        | add_ln170_1132 | add   | fabric  | 0       |
|    add_ln170_1133_fu_8765_p2                                 | -   |        | add_ln170_1133 | add   | fabric  | 0       |
|    add_ln170_1134_fu_8775_p2                                 | -   |        | add_ln170_1134 | add   | fabric  | 0       |
|    add_ln170_1135_fu_8784_p2                                 | -   |        | add_ln170_1135 | add   | fabric  | 0       |
|    add_ln170_1136_fu_8804_p2                                 | -   |        | add_ln170_1136 | add   | fabric  | 0       |
|    add_ln170_1137_fu_8813_p2                                 | -   |        | add_ln170_1137 | add   | fabric  | 0       |
|    add_ln170_1138_fu_8823_p2                                 | -   |        | add_ln170_1138 | add   | fabric  | 0       |
|    add_ln170_1139_fu_8832_p2                                 | -   |        | add_ln170_1139 | add   | fabric  | 0       |
|    add_ln170_1140_fu_8852_p2                                 | -   |        | add_ln170_1140 | add   | fabric  | 0       |
|    add_ln170_1141_fu_8861_p2                                 | -   |        | add_ln170_1141 | add   | fabric  | 0       |
|    add_ln170_1142_fu_8871_p2                                 | -   |        | add_ln170_1142 | add   | fabric  | 0       |
|    add_ln170_1143_fu_8880_p2                                 | -   |        | add_ln170_1143 | add   | fabric  | 0       |
|    add_ln170_1144_fu_8900_p2                                 | -   |        | add_ln170_1144 | add   | fabric  | 0       |
|    add_ln170_1145_fu_8909_p2                                 | -   |        | add_ln170_1145 | add   | fabric  | 0       |
|    add_ln170_1146_fu_8919_p2                                 | -   |        | add_ln170_1146 | add   | fabric  | 0       |
|    add_ln170_1147_fu_8928_p2                                 | -   |        | add_ln170_1147 | add   | fabric  | 0       |
|    add_ln170_1148_fu_8948_p2                                 | -   |        | add_ln170_1148 | add   | fabric  | 0       |
|    add_ln170_1149_fu_8957_p2                                 | -   |        | add_ln170_1149 | add   | fabric  | 0       |
|    add_ln170_1150_fu_8967_p2                                 | -   |        | add_ln170_1150 | add   | fabric  | 0       |
|    add_ln170_1151_fu_8976_p2                                 | -   |        | add_ln170_1151 | add   | fabric  | 0       |
|    add_ln170_1152_fu_8996_p2                                 | -   |        | add_ln170_1152 | add   | fabric  | 0       |
|    add_ln170_1153_fu_9005_p2                                 | -   |        | add_ln170_1153 | add   | fabric  | 0       |
|    add_ln170_1154_fu_9015_p2                                 | -   |        | add_ln170_1154 | add   | fabric  | 0       |
|    add_ln170_1155_fu_9024_p2                                 | -   |        | add_ln170_1155 | add   | fabric  | 0       |
|    add_ln170_1156_fu_9044_p2                                 | -   |        | add_ln170_1156 | add   | fabric  | 0       |
|    add_ln170_1157_fu_9053_p2                                 | -   |        | add_ln170_1157 | add   | fabric  | 0       |
|    add_ln170_1158_fu_9063_p2                                 | -   |        | add_ln170_1158 | add   | fabric  | 0       |
|    add_ln170_1159_fu_9072_p2                                 | -   |        | add_ln170_1159 | add   | fabric  | 0       |
|    add_ln170_1160_fu_9092_p2                                 | -   |        | add_ln170_1160 | add   | fabric  | 0       |
|    add_ln170_1161_fu_9101_p2                                 | -   |        | add_ln170_1161 | add   | fabric  | 0       |
|    add_ln170_1162_fu_9111_p2                                 | -   |        | add_ln170_1162 | add   | fabric  | 0       |
|    add_ln170_1163_fu_9120_p2                                 | -   |        | add_ln170_1163 | add   | fabric  | 0       |
|    add_ln170_1164_fu_9140_p2                                 | -   |        | add_ln170_1164 | add   | fabric  | 0       |
|    add_ln170_1165_fu_9149_p2                                 | -   |        | add_ln170_1165 | add   | fabric  | 0       |
|    add_ln170_1166_fu_9159_p2                                 | -   |        | add_ln170_1166 | add   | fabric  | 0       |
|    add_ln170_1167_fu_9168_p2                                 | -   |        | add_ln170_1167 | add   | fabric  | 0       |
|    add_ln170_1168_fu_9188_p2                                 | -   |        | add_ln170_1168 | add   | fabric  | 0       |
|    add_ln170_1169_fu_9197_p2                                 | -   |        | add_ln170_1169 | add   | fabric  | 0       |
|    add_ln170_1170_fu_9207_p2                                 | -   |        | add_ln170_1170 | add   | fabric  | 0       |
|    add_ln170_1171_fu_9216_p2                                 | -   |        | add_ln170_1171 | add   | fabric  | 0       |
|    add_ln170_1172_fu_9236_p2                                 | -   |        | add_ln170_1172 | add   | fabric  | 0       |
|    add_ln170_1173_fu_9245_p2                                 | -   |        | add_ln170_1173 | add   | fabric  | 0       |
|    add_ln170_1174_fu_9255_p2                                 | -   |        | add_ln170_1174 | add   | fabric  | 0       |
|    add_ln170_1175_fu_9264_p2                                 | -   |        | add_ln170_1175 | add   | fabric  | 0       |
|    add_ln170_1176_fu_9284_p2                                 | -   |        | add_ln170_1176 | add   | fabric  | 0       |
|    add_ln170_1177_fu_9293_p2                                 | -   |        | add_ln170_1177 | add   | fabric  | 0       |
|    add_ln170_1178_fu_9303_p2                                 | -   |        | add_ln170_1178 | add   | fabric  | 0       |
|    add_ln170_1179_fu_9312_p2                                 | -   |        | add_ln170_1179 | add   | fabric  | 0       |
|    add_ln170_1180_fu_9332_p2                                 | -   |        | add_ln170_1180 | add   | fabric  | 0       |
|    add_ln170_1181_fu_9341_p2                                 | -   |        | add_ln170_1181 | add   | fabric  | 0       |
|    add_ln170_1182_fu_9351_p2                                 | -   |        | add_ln170_1182 | add   | fabric  | 0       |
|    add_ln170_1183_fu_9360_p2                                 | -   |        | add_ln170_1183 | add   | fabric  | 0       |
|    add_ln170_1184_fu_9380_p2                                 | -   |        | add_ln170_1184 | add   | fabric  | 0       |
|    add_ln170_1185_fu_9389_p2                                 | -   |        | add_ln170_1185 | add   | fabric  | 0       |
|    add_ln170_1186_fu_9399_p2                                 | -   |        | add_ln170_1186 | add   | fabric  | 0       |
|    add_ln170_1187_fu_9408_p2                                 | -   |        | add_ln170_1187 | add   | fabric  | 0       |
|    add_ln170_1188_fu_9428_p2                                 | -   |        | add_ln170_1188 | add   | fabric  | 0       |
|    add_ln170_1189_fu_9437_p2                                 | -   |        | add_ln170_1189 | add   | fabric  | 0       |
|    add_ln170_1190_fu_9447_p2                                 | -   |        | add_ln170_1190 | add   | fabric  | 0       |
|    add_ln170_1191_fu_9456_p2                                 | -   |        | add_ln170_1191 | add   | fabric  | 0       |
|    add_ln170_1192_fu_9476_p2                                 | -   |        | add_ln170_1192 | add   | fabric  | 0       |
|    add_ln170_1193_fu_9485_p2                                 | -   |        | add_ln170_1193 | add   | fabric  | 0       |
|    add_ln170_1194_fu_9495_p2                                 | -   |        | add_ln170_1194 | add   | fabric  | 0       |
|    add_ln170_1195_fu_9504_p2                                 | -   |        | add_ln170_1195 | add   | fabric  | 0       |
|    add_ln170_1196_fu_9524_p2                                 | -   |        | add_ln170_1196 | add   | fabric  | 0       |
|    add_ln170_1197_fu_9533_p2                                 | -   |        | add_ln170_1197 | add   | fabric  | 0       |
|    add_ln170_1198_fu_9543_p2                                 | -   |        | add_ln170_1198 | add   | fabric  | 0       |
|    add_ln170_1199_fu_9552_p2                                 | -   |        | add_ln170_1199 | add   | fabric  | 0       |
|    add_ln170_1200_fu_9572_p2                                 | -   |        | add_ln170_1200 | add   | fabric  | 0       |
|    add_ln170_1201_fu_9581_p2                                 | -   |        | add_ln170_1201 | add   | fabric  | 0       |
|    add_ln170_1202_fu_9591_p2                                 | -   |        | add_ln170_1202 | add   | fabric  | 0       |
|    add_ln170_1203_fu_9600_p2                                 | -   |        | add_ln170_1203 | add   | fabric  | 0       |
|    add_ln170_1204_fu_9620_p2                                 | -   |        | add_ln170_1204 | add   | fabric  | 0       |
|    add_ln170_1205_fu_9629_p2                                 | -   |        | add_ln170_1205 | add   | fabric  | 0       |
|    add_ln170_1206_fu_9639_p2                                 | -   |        | add_ln170_1206 | add   | fabric  | 0       |
|    add_ln170_1207_fu_9648_p2                                 | -   |        | add_ln170_1207 | add   | fabric  | 0       |
|    add_ln170_1208_fu_9668_p2                                 | -   |        | add_ln170_1208 | add   | fabric  | 0       |
|    add_ln170_1209_fu_9677_p2                                 | -   |        | add_ln170_1209 | add   | fabric  | 0       |
|    add_ln170_1210_fu_9687_p2                                 | -   |        | add_ln170_1210 | add   | fabric  | 0       |
|    add_ln170_1211_fu_9696_p2                                 | -   |        | add_ln170_1211 | add   | fabric  | 0       |
|    add_ln170_1212_fu_9716_p2                                 | -   |        | add_ln170_1212 | add   | fabric  | 0       |
|    add_ln170_1213_fu_9725_p2                                 | -   |        | add_ln170_1213 | add   | fabric  | 0       |
|    add_ln170_1214_fu_9735_p2                                 | -   |        | add_ln170_1214 | add   | fabric  | 0       |
|    add_ln170_1215_fu_9744_p2                                 | -   |        | add_ln170_1215 | add   | fabric  | 0       |
|    add_ln170_1216_fu_9764_p2                                 | -   |        | add_ln170_1216 | add   | fabric  | 0       |
|    add_ln170_1217_fu_9773_p2                                 | -   |        | add_ln170_1217 | add   | fabric  | 0       |
|    add_ln170_1218_fu_9783_p2                                 | -   |        | add_ln170_1218 | add   | fabric  | 0       |
|    add_ln170_1219_fu_9792_p2                                 | -   |        | add_ln170_1219 | add   | fabric  | 0       |
|    add_ln170_1220_fu_9812_p2                                 | -   |        | add_ln170_1220 | add   | fabric  | 0       |
|    add_ln170_1221_fu_9821_p2                                 | -   |        | add_ln170_1221 | add   | fabric  | 0       |
|    add_ln170_1222_fu_9831_p2                                 | -   |        | add_ln170_1222 | add   | fabric  | 0       |
|    add_ln170_1223_fu_9840_p2                                 | -   |        | add_ln170_1223 | add   | fabric  | 0       |
|    add_ln170_1224_fu_9860_p2                                 | -   |        | add_ln170_1224 | add   | fabric  | 0       |
|    add_ln170_1225_fu_9869_p2                                 | -   |        | add_ln170_1225 | add   | fabric  | 0       |
|    add_ln170_1226_fu_9879_p2                                 | -   |        | add_ln170_1226 | add   | fabric  | 0       |
|    add_ln170_1227_fu_9888_p2                                 | -   |        | add_ln170_1227 | add   | fabric  | 0       |
|    add_ln170_1228_fu_9908_p2                                 | -   |        | add_ln170_1228 | add   | fabric  | 0       |
|    add_ln170_1229_fu_9917_p2                                 | -   |        | add_ln170_1229 | add   | fabric  | 0       |
|    add_ln170_1230_fu_9927_p2                                 | -   |        | add_ln170_1230 | add   | fabric  | 0       |
|    add_ln170_1231_fu_9936_p2                                 | -   |        | add_ln170_1231 | add   | fabric  | 0       |
|    add_ln170_1232_fu_9956_p2                                 | -   |        | add_ln170_1232 | add   | fabric  | 0       |
|    add_ln170_1233_fu_9965_p2                                 | -   |        | add_ln170_1233 | add   | fabric  | 0       |
|    add_ln170_1234_fu_9975_p2                                 | -   |        | add_ln170_1234 | add   | fabric  | 0       |
|    add_ln170_1235_fu_9984_p2                                 | -   |        | add_ln170_1235 | add   | fabric  | 0       |
|    add_ln170_1236_fu_10004_p2                                | -   |        | add_ln170_1236 | add   | fabric  | 0       |
|    add_ln170_1237_fu_10013_p2                                | -   |        | add_ln170_1237 | add   | fabric  | 0       |
|    add_ln170_1238_fu_10023_p2                                | -   |        | add_ln170_1238 | add   | fabric  | 0       |
|    add_ln170_1239_fu_10032_p2                                | -   |        | add_ln170_1239 | add   | fabric  | 0       |
|    add_ln170_1240_fu_10052_p2                                | -   |        | add_ln170_1240 | add   | fabric  | 0       |
|    add_ln170_1241_fu_10061_p2                                | -   |        | add_ln170_1241 | add   | fabric  | 0       |
|    add_ln170_1242_fu_10071_p2                                | -   |        | add_ln170_1242 | add   | fabric  | 0       |
|    add_ln170_1243_fu_10080_p2                                | -   |        | add_ln170_1243 | add   | fabric  | 0       |
|    add_ln170_1244_fu_10100_p2                                | -   |        | add_ln170_1244 | add   | fabric  | 0       |
|    add_ln170_1245_fu_10109_p2                                | -   |        | add_ln170_1245 | add   | fabric  | 0       |
|    add_ln170_1246_fu_10119_p2                                | -   |        | add_ln170_1246 | add   | fabric  | 0       |
|    add_ln170_1247_fu_10128_p2                                | -   |        | add_ln170_1247 | add   | fabric  | 0       |
|    add_ln170_1248_fu_10148_p2                                | -   |        | add_ln170_1248 | add   | fabric  | 0       |
|    add_ln170_1249_fu_10157_p2                                | -   |        | add_ln170_1249 | add   | fabric  | 0       |
|    add_ln170_1250_fu_10167_p2                                | -   |        | add_ln170_1250 | add   | fabric  | 0       |
|    add_ln170_1251_fu_10176_p2                                | -   |        | add_ln170_1251 | add   | fabric  | 0       |
|    add_ln170_1252_fu_10196_p2                                | -   |        | add_ln170_1252 | add   | fabric  | 0       |
|    add_ln170_1253_fu_10205_p2                                | -   |        | add_ln170_1253 | add   | fabric  | 0       |
|    add_ln170_1254_fu_10215_p2                                | -   |        | add_ln170_1254 | add   | fabric  | 0       |
|    add_ln170_1255_fu_10224_p2                                | -   |        | add_ln170_1255 | add   | fabric  | 0       |
|    add_ln170_1256_fu_10244_p2                                | -   |        | add_ln170_1256 | add   | fabric  | 0       |
|    add_ln170_1257_fu_10253_p2                                | -   |        | add_ln170_1257 | add   | fabric  | 0       |
|    add_ln170_1258_fu_10263_p2                                | -   |        | add_ln170_1258 | add   | fabric  | 0       |
|    add_ln170_1259_fu_10272_p2                                | -   |        | add_ln170_1259 | add   | fabric  | 0       |
|    add_ln170_1260_fu_10292_p2                                | -   |        | add_ln170_1260 | add   | fabric  | 0       |
|    add_ln170_1261_fu_10301_p2                                | -   |        | add_ln170_1261 | add   | fabric  | 0       |
|    add_ln170_1262_fu_10311_p2                                | -   |        | add_ln170_1262 | add   | fabric  | 0       |
|    add_ln170_1263_fu_10320_p2                                | -   |        | add_ln170_1263 | add   | fabric  | 0       |
|    add_ln170_1264_fu_10340_p2                                | -   |        | add_ln170_1264 | add   | fabric  | 0       |
|    add_ln170_1265_fu_10349_p2                                | -   |        | add_ln170_1265 | add   | fabric  | 0       |
|    add_ln170_1266_fu_10359_p2                                | -   |        | add_ln170_1266 | add   | fabric  | 0       |
|    add_ln170_1267_fu_10368_p2                                | -   |        | add_ln170_1267 | add   | fabric  | 0       |
|    add_ln170_1268_fu_10388_p2                                | -   |        | add_ln170_1268 | add   | fabric  | 0       |
|    add_ln170_1269_fu_10397_p2                                | -   |        | add_ln170_1269 | add   | fabric  | 0       |
|    add_ln170_1270_fu_10407_p2                                | -   |        | add_ln170_1270 | add   | fabric  | 0       |
|    add_ln170_1271_fu_10416_p2                                | -   |        | add_ln170_1271 | add   | fabric  | 0       |
|    add_ln170_1272_fu_10436_p2                                | -   |        | add_ln170_1272 | add   | fabric  | 0       |
|    add_ln170_1273_fu_10445_p2                                | -   |        | add_ln170_1273 | add   | fabric  | 0       |
|    add_ln170_1274_fu_10455_p2                                | -   |        | add_ln170_1274 | add   | fabric  | 0       |
|    add_ln170_1275_fu_10464_p2                                | -   |        | add_ln170_1275 | add   | fabric  | 0       |
|    add_ln170_1276_fu_10484_p2                                | -   |        | add_ln170_1276 | add   | fabric  | 0       |
|    add_ln170_1277_fu_10493_p2                                | -   |        | add_ln170_1277 | add   | fabric  | 0       |
|    add_ln170_1278_fu_10503_p2                                | -   |        | add_ln170_1278 | add   | fabric  | 0       |
|    add_ln170_1279_fu_10512_p2                                | -   |        | add_ln170_1279 | add   | fabric  | 0       |
|    add_ln170_1280_fu_10532_p2                                | -   |        | add_ln170_1280 | add   | fabric  | 0       |
|    add_ln170_1281_fu_10541_p2                                | -   |        | add_ln170_1281 | add   | fabric  | 0       |
|    add_ln170_1282_fu_10551_p2                                | -   |        | add_ln170_1282 | add   | fabric  | 0       |
|    add_ln170_1283_fu_10560_p2                                | -   |        | add_ln170_1283 | add   | fabric  | 0       |
|    add_ln170_1284_fu_10580_p2                                | -   |        | add_ln170_1284 | add   | fabric  | 0       |
|    add_ln170_1285_fu_10589_p2                                | -   |        | add_ln170_1285 | add   | fabric  | 0       |
|    add_ln170_1286_fu_10599_p2                                | -   |        | add_ln170_1286 | add   | fabric  | 0       |
|    add_ln170_1287_fu_10608_p2                                | -   |        | add_ln170_1287 | add   | fabric  | 0       |
|    add_ln170_1288_fu_10628_p2                                | -   |        | add_ln170_1288 | add   | fabric  | 0       |
|    add_ln170_1289_fu_10637_p2                                | -   |        | add_ln170_1289 | add   | fabric  | 0       |
|    add_ln170_1290_fu_10647_p2                                | -   |        | add_ln170_1290 | add   | fabric  | 0       |
|    add_ln170_1291_fu_10656_p2                                | -   |        | add_ln170_1291 | add   | fabric  | 0       |
|    add_ln170_1292_fu_10676_p2                                | -   |        | add_ln170_1292 | add   | fabric  | 0       |
|    add_ln170_1293_fu_10685_p2                                | -   |        | add_ln170_1293 | add   | fabric  | 0       |
|    add_ln170_1294_fu_10695_p2                                | -   |        | add_ln170_1294 | add   | fabric  | 0       |
|    add_ln170_1295_fu_10704_p2                                | -   |        | add_ln170_1295 | add   | fabric  | 0       |
|    add_ln170_1296_fu_10724_p2                                | -   |        | add_ln170_1296 | add   | fabric  | 0       |
|    add_ln170_1297_fu_10733_p2                                | -   |        | add_ln170_1297 | add   | fabric  | 0       |
|    add_ln170_1298_fu_10743_p2                                | -   |        | add_ln170_1298 | add   | fabric  | 0       |
|    add_ln170_1299_fu_10752_p2                                | -   |        | add_ln170_1299 | add   | fabric  | 0       |
|    add_ln170_1300_fu_10772_p2                                | -   |        | add_ln170_1300 | add   | fabric  | 0       |
|    add_ln170_1301_fu_10781_p2                                | -   |        | add_ln170_1301 | add   | fabric  | 0       |
|    add_ln170_1302_fu_10791_p2                                | -   |        | add_ln170_1302 | add   | fabric  | 0       |
|    add_ln170_1303_fu_10800_p2                                | -   |        | add_ln170_1303 | add   | fabric  | 0       |
|    add_ln170_1304_fu_10820_p2                                | -   |        | add_ln170_1304 | add   | fabric  | 0       |
|    add_ln170_1305_fu_10829_p2                                | -   |        | add_ln170_1305 | add   | fabric  | 0       |
|    add_ln170_1306_fu_10839_p2                                | -   |        | add_ln170_1306 | add   | fabric  | 0       |
|    add_ln170_1307_fu_10848_p2                                | -   |        | add_ln170_1307 | add   | fabric  | 0       |
|    add_ln170_1308_fu_10868_p2                                | -   |        | add_ln170_1308 | add   | fabric  | 0       |
|    add_ln170_1309_fu_10877_p2                                | -   |        | add_ln170_1309 | add   | fabric  | 0       |
|    add_ln170_1310_fu_10887_p2                                | -   |        | add_ln170_1310 | add   | fabric  | 0       |
|    add_ln170_1311_fu_10896_p2                                | -   |        | add_ln170_1311 | add   | fabric  | 0       |
|    add_ln170_1312_fu_10916_p2                                | -   |        | add_ln170_1312 | add   | fabric  | 0       |
|    add_ln170_1313_fu_10925_p2                                | -   |        | add_ln170_1313 | add   | fabric  | 0       |
|    add_ln170_1314_fu_10935_p2                                | -   |        | add_ln170_1314 | add   | fabric  | 0       |
|    add_ln170_1315_fu_10944_p2                                | -   |        | add_ln170_1315 | add   | fabric  | 0       |
|    add_ln170_1316_fu_10964_p2                                | -   |        | add_ln170_1316 | add   | fabric  | 0       |
|    add_ln170_1317_fu_10973_p2                                | -   |        | add_ln170_1317 | add   | fabric  | 0       |
|    add_ln170_1318_fu_10983_p2                                | -   |        | add_ln170_1318 | add   | fabric  | 0       |
|    add_ln170_1319_fu_10992_p2                                | -   |        | add_ln170_1319 | add   | fabric  | 0       |
|    add_ln170_1320_fu_11012_p2                                | -   |        | add_ln170_1320 | add   | fabric  | 0       |
|    add_ln170_1321_fu_11021_p2                                | -   |        | add_ln170_1321 | add   | fabric  | 0       |
|    add_ln170_1322_fu_11031_p2                                | -   |        | add_ln170_1322 | add   | fabric  | 0       |
|    add_ln170_1323_fu_11040_p2                                | -   |        | add_ln170_1323 | add   | fabric  | 0       |
|    add_ln170_1324_fu_11060_p2                                | -   |        | add_ln170_1324 | add   | fabric  | 0       |
|    add_ln170_1325_fu_11069_p2                                | -   |        | add_ln170_1325 | add   | fabric  | 0       |
|    add_ln170_1326_fu_11079_p2                                | -   |        | add_ln170_1326 | add   | fabric  | 0       |
|    add_ln170_1327_fu_11088_p2                                | -   |        | add_ln170_1327 | add   | fabric  | 0       |
|    add_ln170_1328_fu_11108_p2                                | -   |        | add_ln170_1328 | add   | fabric  | 0       |
|    add_ln170_1329_fu_11117_p2                                | -   |        | add_ln170_1329 | add   | fabric  | 0       |
|    add_ln170_1330_fu_11127_p2                                | -   |        | add_ln170_1330 | add   | fabric  | 0       |
|    add_ln170_1331_fu_11136_p2                                | -   |        | add_ln170_1331 | add   | fabric  | 0       |
|    add_ln170_1332_fu_11156_p2                                | -   |        | add_ln170_1332 | add   | fabric  | 0       |
|    add_ln170_1333_fu_11165_p2                                | -   |        | add_ln170_1333 | add   | fabric  | 0       |
|    add_ln170_1334_fu_11175_p2                                | -   |        | add_ln170_1334 | add   | fabric  | 0       |
|    add_ln170_1335_fu_11184_p2                                | -   |        | add_ln170_1335 | add   | fabric  | 0       |
|    add_ln170_1336_fu_11204_p2                                | -   |        | add_ln170_1336 | add   | fabric  | 0       |
|    add_ln170_1337_fu_11213_p2                                | -   |        | add_ln170_1337 | add   | fabric  | 0       |
|    add_ln170_1338_fu_11223_p2                                | -   |        | add_ln170_1338 | add   | fabric  | 0       |
|    add_ln170_1339_fu_11232_p2                                | -   |        | add_ln170_1339 | add   | fabric  | 0       |
|    add_ln170_1340_fu_11252_p2                                | -   |        | add_ln170_1340 | add   | fabric  | 0       |
|    add_ln170_1341_fu_11261_p2                                | -   |        | add_ln170_1341 | add   | fabric  | 0       |
|    add_ln170_1342_fu_11271_p2                                | -   |        | add_ln170_1342 | add   | fabric  | 0       |
|    add_ln170_1343_fu_11280_p2                                | -   |        | add_ln170_1343 | add   | fabric  | 0       |
|    add_ln170_1344_fu_11300_p2                                | -   |        | add_ln170_1344 | add   | fabric  | 0       |
|    add_ln170_1345_fu_11309_p2                                | -   |        | add_ln170_1345 | add   | fabric  | 0       |
|    add_ln170_1346_fu_11319_p2                                | -   |        | add_ln170_1346 | add   | fabric  | 0       |
|    add_ln170_1347_fu_11328_p2                                | -   |        | add_ln170_1347 | add   | fabric  | 0       |
|    add_ln170_1348_fu_11348_p2                                | -   |        | add_ln170_1348 | add   | fabric  | 0       |
|    add_ln170_1349_fu_11357_p2                                | -   |        | add_ln170_1349 | add   | fabric  | 0       |
|    add_ln170_1350_fu_11367_p2                                | -   |        | add_ln170_1350 | add   | fabric  | 0       |
|    add_ln170_1351_fu_11376_p2                                | -   |        | add_ln170_1351 | add   | fabric  | 0       |
|    add_ln170_1352_fu_11396_p2                                | -   |        | add_ln170_1352 | add   | fabric  | 0       |
|    add_ln170_1353_fu_11405_p2                                | -   |        | add_ln170_1353 | add   | fabric  | 0       |
|    add_ln170_1354_fu_11415_p2                                | -   |        | add_ln170_1354 | add   | fabric  | 0       |
|    add_ln170_1355_fu_11424_p2                                | -   |        | add_ln170_1355 | add   | fabric  | 0       |
|    add_ln170_1356_fu_11444_p2                                | -   |        | add_ln170_1356 | add   | fabric  | 0       |
|    add_ln170_1357_fu_11453_p2                                | -   |        | add_ln170_1357 | add   | fabric  | 0       |
|    add_ln170_1358_fu_11463_p2                                | -   |        | add_ln170_1358 | add   | fabric  | 0       |
|    add_ln170_1359_fu_11472_p2                                | -   |        | add_ln170_1359 | add   | fabric  | 0       |
|    add_ln170_1360_fu_11492_p2                                | -   |        | add_ln170_1360 | add   | fabric  | 0       |
|    add_ln170_1361_fu_11501_p2                                | -   |        | add_ln170_1361 | add   | fabric  | 0       |
|    add_ln170_1362_fu_11511_p2                                | -   |        | add_ln170_1362 | add   | fabric  | 0       |
|    add_ln170_1363_fu_11520_p2                                | -   |        | add_ln170_1363 | add   | fabric  | 0       |
|    add_ln170_1364_fu_11540_p2                                | -   |        | add_ln170_1364 | add   | fabric  | 0       |
|    add_ln170_1365_fu_11549_p2                                | -   |        | add_ln170_1365 | add   | fabric  | 0       |
|    add_ln170_1366_fu_11559_p2                                | -   |        | add_ln170_1366 | add   | fabric  | 0       |
|    add_ln170_1367_fu_11568_p2                                | -   |        | add_ln170_1367 | add   | fabric  | 0       |
|    add_ln170_1368_fu_11588_p2                                | -   |        | add_ln170_1368 | add   | fabric  | 0       |
|    add_ln170_1369_fu_11597_p2                                | -   |        | add_ln170_1369 | add   | fabric  | 0       |
|    add_ln170_1370_fu_11607_p2                                | -   |        | add_ln170_1370 | add   | fabric  | 0       |
|    add_ln170_1371_fu_11616_p2                                | -   |        | add_ln170_1371 | add   | fabric  | 0       |
|    add_ln170_1372_fu_11636_p2                                | -   |        | add_ln170_1372 | add   | fabric  | 0       |
|    add_ln170_1373_fu_11645_p2                                | -   |        | add_ln170_1373 | add   | fabric  | 0       |
|    add_ln170_1374_fu_11655_p2                                | -   |        | add_ln170_1374 | add   | fabric  | 0       |
|    add_ln170_1375_fu_11664_p2                                | -   |        | add_ln170_1375 | add   | fabric  | 0       |
|    add_ln170_1376_fu_11684_p2                                | -   |        | add_ln170_1376 | add   | fabric  | 0       |
|    add_ln170_1377_fu_11693_p2                                | -   |        | add_ln170_1377 | add   | fabric  | 0       |
|    add_ln170_1378_fu_11703_p2                                | -   |        | add_ln170_1378 | add   | fabric  | 0       |
|    add_ln170_1379_fu_11712_p2                                | -   |        | add_ln170_1379 | add   | fabric  | 0       |
|    add_ln170_1380_fu_11732_p2                                | -   |        | add_ln170_1380 | add   | fabric  | 0       |
|    add_ln170_1381_fu_11741_p2                                | -   |        | add_ln170_1381 | add   | fabric  | 0       |
|    add_ln170_1382_fu_11751_p2                                | -   |        | add_ln170_1382 | add   | fabric  | 0       |
|    add_ln170_1383_fu_11760_p2                                | -   |        | add_ln170_1383 | add   | fabric  | 0       |
|    add_ln170_1384_fu_11780_p2                                | -   |        | add_ln170_1384 | add   | fabric  | 0       |
|    add_ln170_1385_fu_11789_p2                                | -   |        | add_ln170_1385 | add   | fabric  | 0       |
|    add_ln170_1386_fu_11799_p2                                | -   |        | add_ln170_1386 | add   | fabric  | 0       |
|    add_ln170_1387_fu_11808_p2                                | -   |        | add_ln170_1387 | add   | fabric  | 0       |
|    add_ln170_1388_fu_11828_p2                                | -   |        | add_ln170_1388 | add   | fabric  | 0       |
|    add_ln170_1389_fu_11837_p2                                | -   |        | add_ln170_1389 | add   | fabric  | 0       |
|    add_ln170_1390_fu_11847_p2                                | -   |        | add_ln170_1390 | add   | fabric  | 0       |
|    add_ln170_1391_fu_11856_p2                                | -   |        | add_ln170_1391 | add   | fabric  | 0       |
|    add_ln170_1392_fu_11876_p2                                | -   |        | add_ln170_1392 | add   | fabric  | 0       |
|    add_ln170_1393_fu_11885_p2                                | -   |        | add_ln170_1393 | add   | fabric  | 0       |
|    add_ln172_fu_5426_p2                                      | -   |        | add_ln172      | add   | fabric  | 0       |
|    add_ln163_fu_5248_p2                                      | -   |        | add_ln163      | add   | fabric  | 0       |
|  + transformer_blk_s4_top_Pipeline_MHSA_QI_MHSA_KI           | 269 |        |                |       |         |         |
|    add_ln265_fu_2482_p2                                      | -   |        | add_ln265      | add   | fabric  | 0       |
|    add_ln265_1_fu_2505_p2                                    | -   |        | add_ln265_1    | add   | fabric  | 0       |
|    fmul_32ns_32ns_32_5_max_dsp_1_U403                        | 3   |        | mul21_i_i_4    | fmul  | maxdsp  | 4       |
|    fmul_32ns_32ns_32_5_max_dsp_1_U404                        | 3   |        | mul21_i_i_5    | fmul  | maxdsp  | 4       |
|    fmul_32ns_32ns_32_5_max_dsp_1_U405                        | 3   |        | mul21_i_i_6    | fmul  | maxdsp  | 4       |
|    fmul_32ns_32ns_32_5_max_dsp_1_U406                        | 3   |        | mul21_i_i_7    | fmul  | maxdsp  | 4       |
|    fmul_32ns_32ns_32_5_max_dsp_1_U407                        | 3   |        | mul21_i_i_8    | fmul  | maxdsp  | 4       |
|    fmul_32ns_32ns_32_5_max_dsp_1_U408                        | 3   |        | mul21_i_i_9    | fmul  | maxdsp  | 4       |
|    fmul_32ns_32ns_32_5_max_dsp_1_U409                        | 3   |        | mul21_i_i_s    | fmul  | maxdsp  | 4       |
|    fmul_32ns_32ns_32_5_max_dsp_1_U410                        | 3   |        | mul21_i_i_10   | fmul  | maxdsp  | 4       |
|    fadd_32ns_32ns_32_8_full_dsp_1_U350                       | 2   |        | dot_11         | fadd  | fulldsp | 7       |
|    fmul_32ns_32ns_32_5_max_dsp_1_U411                        | 3   |        | mul21_i_i_11   | fmul  | maxdsp  | 4       |
|    fadd_32ns_32ns_32_8_full_dsp_1_U351                       | 2   |        | dot_12         | fadd  | fulldsp | 7       |
|    fmul_32ns_32ns_32_5_max_dsp_1_U412                        | 3   |        | mul21_i_i_12   | fmul  | maxdsp  | 4       |
|    fadd_32ns_32ns_32_8_full_dsp_1_U352                       | 2   |        | dot_13         | fadd  | fulldsp | 7       |
|    fmul_32ns_32ns_32_5_max_dsp_1_U413                        | 3   |        | mul21_i_i_13   | fmul  | maxdsp  | 4       |
|    fadd_32ns_32ns_32_8_full_dsp_1_U353                       | 2   |        | dot_14         | fadd  | fulldsp | 7       |
|    fmul_32ns_32ns_32_5_max_dsp_1_U414                        | 3   |        | mul21_i_i_14   | fmul  | maxdsp  | 4       |
|    fadd_32ns_32ns_32_8_full_dsp_1_U354                       | 2   |        | dot_15         | fadd  | fulldsp | 7       |
|    fmul_32ns_32ns_32_5_max_dsp_1_U415                        | 3   |        | mul21_i_i_15   | fmul  | maxdsp  | 4       |
|    fadd_32ns_32ns_32_8_full_dsp_1_U355                       | 2   |        | dot_16         | fadd  | fulldsp | 7       |
|    fmul_32ns_32ns_32_5_max_dsp_1_U416                        | 3   |        | mul21_i_i_16   | fmul  | maxdsp  | 4       |
|    fadd_32ns_32ns_32_8_full_dsp_1_U356                       | 2   |        | dot_17         | fadd  | fulldsp | 7       |
|    fmul_32ns_32ns_32_5_max_dsp_1_U417                        | 3   |        | mul21_i_i_17   | fmul  | maxdsp  | 4       |
|    fadd_32ns_32ns_32_8_full_dsp_1_U357                       | 2   |        | dot_18         | fadd  | fulldsp | 7       |
|    fmul_32ns_32ns_32_5_max_dsp_1_U418                        | 3   |        | mul21_i_i_18   | fmul  | maxdsp  | 4       |
|    fadd_32ns_32ns_32_8_full_dsp_1_U358                       | 2   |        | dot_19         | fadd  | fulldsp | 7       |
|    fmul_32ns_32ns_32_5_max_dsp_1_U419                        | 3   |        | mul21_i_i_19   | fmul  | maxdsp  | 4       |
|    fadd_32ns_32ns_32_8_full_dsp_1_U359                       | 2   |        | dot_20         | fadd  | fulldsp | 7       |
|    fmul_32ns_32ns_32_5_max_dsp_1_U420                        | 3   |        | mul21_i_i_20   | fmul  | maxdsp  | 4       |
|    fadd_32ns_32ns_32_8_full_dsp_1_U360                       | 2   |        | dot_21         | fadd  | fulldsp | 7       |
|    fmul_32ns_32ns_32_5_max_dsp_1_U421                        | 3   |        | mul21_i_i_21   | fmul  | maxdsp  | 4       |
|    fadd_32ns_32ns_32_8_full_dsp_1_U361                       | 2   |        | dot_22         | fadd  | fulldsp | 7       |
|    fmul_32ns_32ns_32_5_max_dsp_1_U422                        | 3   |        | mul21_i_i_22   | fmul  | maxdsp  | 4       |
|    fadd_32ns_32ns_32_8_full_dsp_1_U362                       | 2   |        | dot_23         | fadd  | fulldsp | 7       |
|    fmul_32ns_32ns_32_5_max_dsp_1_U423                        | 3   |        | mul21_i_i_23   | fmul  | maxdsp  | 4       |
|    fadd_32ns_32ns_32_8_full_dsp_1_U363                       | 2   |        | dot_24         | fadd  | fulldsp | 7       |
|    fmul_32ns_32ns_32_5_max_dsp_1_U424                        | 3   |        | mul21_i_i_24   | fmul  | maxdsp  | 4       |
|    fadd_32ns_32ns_32_8_full_dsp_1_U364                       | 2   |        | dot_25         | fadd  | fulldsp | 7       |
|    fmul_32ns_32ns_32_5_max_dsp_1_U425                        | 3   |        | mul21_i_i_25   | fmul  | maxdsp  | 4       |
|    fadd_32ns_32ns_32_8_full_dsp_1_U365                       | 2   |        | dot_26         | fadd  | fulldsp | 7       |
|    fmul_32ns_32ns_32_5_max_dsp_1_U426                        | 3   |        | mul21_i_i_26   | fmul  | maxdsp  | 4       |
|    fadd_32ns_32ns_32_8_full_dsp_1_U366                       | 2   |        | dot_27         | fadd  | fulldsp | 7       |
|    fmul_32ns_32ns_32_5_max_dsp_1_U427                        | 3   |        | mul21_i_i_27   | fmul  | maxdsp  | 4       |
|    fadd_32ns_32ns_32_8_full_dsp_1_U367                       | 2   |        | dot_28         | fadd  | fulldsp | 7       |
|    fmul_32ns_32ns_32_5_max_dsp_1_U428                        | 3   |        | mul21_i_i_28   | fmul  | maxdsp  | 4       |
|    fadd_32ns_32ns_32_8_full_dsp_1_U368                       | 2   |        | dot_29         | fadd  | fulldsp | 7       |
|    fmul_32ns_32ns_32_5_max_dsp_1_U429                        | 3   |        | mul21_i_i_29   | fmul  | maxdsp  | 4       |
|    fadd_32ns_32ns_32_8_full_dsp_1_U369                       | 2   |        | dot_30         | fadd  | fulldsp | 7       |
|    fmul_32ns_32ns_32_5_max_dsp_1_U430                        | 3   |        | mul21_i_i_30   | fmul  | maxdsp  | 4       |
|    fadd_32ns_32ns_32_8_full_dsp_1_U370                       | 2   |        | dot_31         | fadd  | fulldsp | 7       |
|    fmul_32ns_32ns_32_5_max_dsp_1_U431                        | 3   |        | mul21_i_i_31   | fmul  | maxdsp  | 4       |
|    fadd_32ns_32ns_32_8_full_dsp_1_U371                       | 2   |        | dot_32         | fadd  | fulldsp | 7       |
|    fmul_32ns_32ns_32_5_max_dsp_1_U432                        | 3   |        | mul21_i_i_32   | fmul  | maxdsp  | 4       |
|    fadd_32ns_32ns_32_8_full_dsp_1_U372                       | 2   |        | dot_33         | fadd  | fulldsp | 7       |
|    fmul_32ns_32ns_32_5_max_dsp_1_U433                        | 3   |        | mul21_i_i_33   | fmul  | maxdsp  | 4       |
|    fadd_32ns_32ns_32_8_full_dsp_1_U373                       | 2   |        | dot_34         | fadd  | fulldsp | 7       |
|    fmul_32ns_32ns_32_5_max_dsp_1_U434                        | 3   |        | mul21_i_i_34   | fmul  | maxdsp  | 4       |
|    fadd_32ns_32ns_32_8_full_dsp_1_U374                       | 2   |        | dot_35         | fadd  | fulldsp | 7       |
|    fmul_32ns_32ns_32_5_max_dsp_1_U435                        | 3   |        | mul21_i_i_35   | fmul  | maxdsp  | 4       |
|    fadd_32ns_32ns_32_8_full_dsp_1_U375                       | 2   |        | dot_36         | fadd  | fulldsp | 7       |
|    fmul_32ns_32ns_32_5_max_dsp_1_U436                        | 3   |        | mul21_i_i_36   | fmul  | maxdsp  | 4       |
|    fadd_32ns_32ns_32_8_full_dsp_1_U376                       | 2   |        | dot_37         | fadd  | fulldsp | 7       |
|    fmul_32ns_32ns_32_5_max_dsp_1_U437                        | 3   |        | mul21_i_i_37   | fmul  | maxdsp  | 4       |
|    fadd_32ns_32ns_32_8_full_dsp_1_U377                       | 2   |        | dot_38         | fadd  | fulldsp | 7       |
|    fmul_32ns_32ns_32_5_max_dsp_1_U438                        | 3   |        | mul21_i_i_38   | fmul  | maxdsp  | 4       |
|    fadd_32ns_32ns_32_8_full_dsp_1_U378                       | 2   |        | dot_39         | fadd  | fulldsp | 7       |
|    fmul_32ns_32ns_32_5_max_dsp_1_U439                        | 3   |        | mul21_i_i_39   | fmul  | maxdsp  | 4       |
|    fadd_32ns_32ns_32_8_full_dsp_1_U379                       | 2   |        | dot_40         | fadd  | fulldsp | 7       |
|    fmul_32ns_32ns_32_5_max_dsp_1_U440                        | 3   |        | mul21_i_i_40   | fmul  | maxdsp  | 4       |
|    fadd_32ns_32ns_32_8_full_dsp_1_U380                       | 2   |        | dot_41         | fadd  | fulldsp | 7       |
|    fmul_32ns_32ns_32_5_max_dsp_1_U441                        | 3   |        | mul21_i_i_41   | fmul  | maxdsp  | 4       |
|    fadd_32ns_32ns_32_8_full_dsp_1_U381                       | 2   |        | dot_42         | fadd  | fulldsp | 7       |
|    fmul_32ns_32ns_32_5_max_dsp_1_U442                        | 3   |        | mul21_i_i_42   | fmul  | maxdsp  | 4       |
|    fadd_32ns_32ns_32_8_full_dsp_1_U382                       | 2   |        | dot_43         | fadd  | fulldsp | 7       |
|    fmul_32ns_32ns_32_5_max_dsp_1_U443                        | 3   |        | mul21_i_i_43   | fmul  | maxdsp  | 4       |
|    fadd_32ns_32ns_32_8_full_dsp_1_U383                       | 2   |        | dot_44         | fadd  | fulldsp | 7       |
|    fmul_32ns_32ns_32_5_max_dsp_1_U444                        | 3   |        | mul21_i_i_44   | fmul  | maxdsp  | 4       |
|    fadd_32ns_32ns_32_8_full_dsp_1_U384                       | 2   |        | dot_45         | fadd  | fulldsp | 7       |
|    fmul_32ns_32ns_32_5_max_dsp_1_U445                        | 3   |        | mul21_i_i_45   | fmul  | maxdsp  | 4       |
|    fadd_32ns_32ns_32_8_full_dsp_1_U385                       | 2   |        | dot_46         | fadd  | fulldsp | 7       |
|    fmul_32ns_32ns_32_5_max_dsp_1_U446                        | 3   |        | mul21_i_i_46   | fmul  | maxdsp  | 4       |
|    fadd_32ns_32ns_32_8_full_dsp_1_U386                       | 2   |        | dot_47         | fadd  | fulldsp | 7       |
|    fmul_32ns_32ns_32_5_max_dsp_1_U447                        | 3   |        | mul21_i_i_47   | fmul  | maxdsp  | 4       |
|    fadd_32ns_32ns_32_8_full_dsp_1_U387                       | 2   |        | dot_48         | fadd  | fulldsp | 7       |
|    fmul_32ns_32ns_32_5_max_dsp_1_U448                        | 3   |        | mul21_i_i_48   | fmul  | maxdsp  | 4       |
|    fadd_32ns_32ns_32_8_full_dsp_1_U388                       | 2   |        | dot_49         | fadd  | fulldsp | 7       |
|    fmul_32ns_32ns_32_5_max_dsp_1_U449                        | 3   |        | mul21_i_i_49   | fmul  | maxdsp  | 4       |
|    fadd_32ns_32ns_32_8_full_dsp_1_U389                       | 2   |        | dot_50         | fadd  | fulldsp | 7       |
|    fmul_32ns_32ns_32_5_max_dsp_1_U450                        | 3   |        | mul21_i_i_50   | fmul  | maxdsp  | 4       |
|    fadd_32ns_32ns_32_8_full_dsp_1_U390                       | 2   |        | dot_51         | fadd  | fulldsp | 7       |
|    fmul_32ns_32ns_32_5_max_dsp_1_U451                        | 3   |        | mul21_i_i_51   | fmul  | maxdsp  | 4       |
|    fadd_32ns_32ns_32_8_full_dsp_1_U391                       | 2   |        | dot_52         | fadd  | fulldsp | 7       |
|    fmul_32ns_32ns_32_5_max_dsp_1_U452                        | 3   |        | mul21_i_i_52   | fmul  | maxdsp  | 4       |
|    fadd_32ns_32ns_32_8_full_dsp_1_U392                       | 2   |        | dot_53         | fadd  | fulldsp | 7       |
|    fmul_32ns_32ns_32_5_max_dsp_1_U453                        | 3   |        | mul21_i_i_53   | fmul  | maxdsp  | 4       |
|    fadd_32ns_32ns_32_8_full_dsp_1_U393                       | 2   |        | dot_54         | fadd  | fulldsp | 7       |
|    fmul_32ns_32ns_32_5_max_dsp_1_U454                        | 3   |        | mul21_i_i_54   | fmul  | maxdsp  | 4       |
|    fadd_32ns_32ns_32_8_full_dsp_1_U394                       | 2   |        | dot_55         | fadd  | fulldsp | 7       |
|    fmul_32ns_32ns_32_5_max_dsp_1_U455                        | 3   |        | mul21_i_i_55   | fmul  | maxdsp  | 4       |
|    fadd_32ns_32ns_32_8_full_dsp_1_U395                       | 2   |        | dot_56         | fadd  | fulldsp | 7       |
|    fmul_32ns_32ns_32_5_max_dsp_1_U456                        | 3   |        | mul21_i_i_56   | fmul  | maxdsp  | 4       |
|    fadd_32ns_32ns_32_8_full_dsp_1_U396                       | 2   |        | dot_57         | fadd  | fulldsp | 7       |
|    fmul_32ns_32ns_32_5_max_dsp_1_U457                        | 3   |        | mul21_i_i_57   | fmul  | maxdsp  | 4       |
|    fadd_32ns_32ns_32_8_full_dsp_1_U397                       | 2   |        | dot_58         | fadd  | fulldsp | 7       |
|    fmul_32ns_32ns_32_5_max_dsp_1_U458                        | 3   |        | mul21_i_i_58   | fmul  | maxdsp  | 4       |
|    fadd_32ns_32ns_32_8_full_dsp_1_U398                       | 2   |        | dot_59         | fadd  | fulldsp | 7       |
|    fmul_32ns_32ns_32_5_max_dsp_1_U459                        | 3   |        | mul23_i_i      | fmul  | maxdsp  | 4       |
|    mul_5ns_7ns_11_1_1_U461                                   | -   |        | mul_ln274      | mul   | auto    | 0       |
|    add_ln274_1_fu_2601_p2                                    | -   |        | add_ln274_1    | add   | fabric  | 0       |
|    add_ln274_fu_2631_p2                                      | -   |        | add_ln274      | add   | fabric  | 0       |
|    add_ln266_fu_2607_p2                                      | -   |        | add_ln266      | add   | fabric  | 0       |
|  + transformer_blk_s4_top_Pipeline_MHSA_CPY                  | 0   |        |                |       |         |         |
|    add_ln326_fu_1176_p2                                      | -   |        | add_ln326      | add   | fabric  | 0       |
|    add_ln328_fu_1224_p2                                      | -   |        | add_ln328      | add   | fabric  | 0       |
|    add_ln326_1_fu_1191_p2                                    | -   |        | add_ln326_1    | add   | fabric  | 0       |
|  + transformer_blk_s4_top_Pipeline_MHSA_SM                   | 35  |        |                |       |         |         |
|    add_ln288_fu_455_p2                                       | -   |        | add_ln288      | add   | fabric  | 0       |
|    add_ln291_fu_473_p2                                       | -   |        | add_ln291      | add   | fabric  | 0       |
|    add_ln202_fu_669_p2                                       | -   |        | add_ln202      | add   | fabric  | 0       |
|    add_ln202_1_fu_1123_p2                                    | -   |        | add_ln202_1    | add   | fabric  | 0       |
|    add_ln202_2_fu_1577_p2                                    | -   |        | add_ln202_2    | add   | fabric  | 0       |
|    add_ln202_3_fu_2119_p2                                    | -   |        | add_ln202_3    | add   | fabric  | 0       |
|    fexp_32ns_32ns_32_13_full_dsp_1_U612                      | 7   |        | tmp_3          | fexp  | fulldsp | 12      |
|    fexp_32ns_32ns_32_13_full_dsp_1_U613                      | 7   |        | tmp_4          | fexp  | fulldsp | 12      |
|    fexp_32ns_32ns_32_13_full_dsp_1_U614                      | 7   |        | tmp_5          | fexp  | fulldsp | 12      |
|    fexp_32ns_32ns_32_13_full_dsp_1_U612                      | 7   |        | tmp_6          | fexp  | fulldsp | 12      |
|    fexp_32ns_32ns_32_13_full_dsp_1_U612                      | 7   |        | tmp_7          | fexp  | fulldsp | 12      |
|    fexp_32ns_32ns_32_13_full_dsp_1_U615                      | 7   |        | tmp_8          | fexp  | fulldsp | 12      |
|    fexp_32ns_32ns_32_13_full_dsp_1_U616                      | 7   |        | tmp_9          | fexp  | fulldsp | 12      |
|    fexp_32ns_32ns_32_13_full_dsp_1_U613                      | 7   |        | tmp_s          | fexp  | fulldsp | 12      |
|    fexp_32ns_32ns_32_13_full_dsp_1_U613                      | 7   |        | tmp_10         | fexp  | fulldsp | 12      |
|    fexp_32ns_32ns_32_13_full_dsp_1_U612                      | 7   |        | tmp_11         | fexp  | fulldsp | 12      |
|    fexp_32ns_32ns_32_13_full_dsp_1_U614                      | 7   |        | tmp_12         | fexp  | fulldsp | 12      |
|    fexp_32ns_32ns_32_13_full_dsp_1_U615                      | 7   |        | tmp_13         | fexp  | fulldsp | 12      |
|    fexp_32ns_32ns_32_13_full_dsp_1_U614                      | 7   |        | tmp_14         | fexp  | fulldsp | 12      |
|    fexp_32ns_32ns_32_13_full_dsp_1_U613                      | 7   |        | tmp_15         | fexp  | fulldsp | 12      |
|    fexp_32ns_32ns_32_13_full_dsp_1_U614                      | 7   |        | tmp_16         | fexp  | fulldsp | 12      |
|    fexp_32ns_32ns_32_13_full_dsp_1_U616                      | 7   |        | tmp_17         | fexp  | fulldsp | 12      |
|    fexp_32ns_32ns_32_13_full_dsp_1_U615                      | 7   |        | tmp_18         | fexp  | fulldsp | 12      |
|    fexp_32ns_32ns_32_13_full_dsp_1_U615                      | 7   |        | tmp_19         | fexp  | fulldsp | 12      |
|    fexp_32ns_32ns_32_13_full_dsp_1_U612                      | 7   |        | tmp_20         | fexp  | fulldsp | 12      |
|    fexp_32ns_32ns_32_13_full_dsp_1_U613                      | 7   |        | tmp_21         | fexp  | fulldsp | 12      |
|    fexp_32ns_32ns_32_13_full_dsp_1_U616                      | 7   |        | tmp_22         | fexp  | fulldsp | 12      |
|    fexp_32ns_32ns_32_13_full_dsp_1_U616                      | 7   |        | tmp_23         | fexp  | fulldsp | 12      |
|    fexp_32ns_32ns_32_13_full_dsp_1_U614                      | 7   |        | tmp_24         | fexp  | fulldsp | 12      |
|    fexp_32ns_32ns_32_13_full_dsp_1_U615                      | 7   |        | tmp_25         | fexp  | fulldsp | 12      |
|    fexp_32ns_32ns_32_13_full_dsp_1_U616                      | 7   |        | tmp_26         | fexp  | fulldsp | 12      |
|    fdiv_32ns_32ns_32_16_no_dsp_1_U603                        | -   |        | div_i_i_i_1    | fdiv  | fabric  | 15      |
|    fdiv_32ns_32ns_32_16_no_dsp_1_U604                        | -   |        | div_i_i_i_2    | fdiv  | fabric  | 15      |
|    fdiv_32ns_32ns_32_16_no_dsp_1_U605                        | -   |        | div_i_i_i_3    | fdiv  | fabric  | 15      |
|    fdiv_32ns_32ns_32_16_no_dsp_1_U606                        | -   |        | div_i_i_i_4    | fdiv  | fabric  | 15      |
|    fdiv_32ns_32ns_32_16_no_dsp_1_U603                        | -   |        | div_i_i_i_6    | fdiv  | fabric  | 15      |
|    fdiv_32ns_32ns_32_16_no_dsp_1_U604                        | -   |        | div_i_i_i_7    | fdiv  | fabric  | 15      |
|    fdiv_32ns_32ns_32_16_no_dsp_1_U605                        | -   |        | div_i_i_i_8    | fdiv  | fabric  | 15      |
|    fdiv_32ns_32ns_32_16_no_dsp_1_U606                        | -   |        | div_i_i_i_9    | fdiv  | fabric  | 15      |
|    fdiv_32ns_32ns_32_16_no_dsp_1_U603                        | -   |        | div_i_i_i_10   | fdiv  | fabric  | 15      |
|    fdiv_32ns_32ns_32_16_no_dsp_1_U604                        | -   |        | div_i_i_i_11   | fdiv  | fabric  | 15      |
|    fdiv_32ns_32ns_32_16_no_dsp_1_U605                        | -   |        | div_i_i_i_12   | fdiv  | fabric  | 15      |
|    fdiv_32ns_32ns_32_16_no_dsp_1_U606                        | -   |        | div_i_i_i_13   | fdiv  | fabric  | 15      |
|    fdiv_32ns_32ns_32_16_no_dsp_1_U603                        | -   |        | div_i_i_i_15   | fdiv  | fabric  | 15      |
|    fdiv_32ns_32ns_32_16_no_dsp_1_U604                        | -   |        | div_i_i_i_16   | fdiv  | fabric  | 15      |
|    fdiv_32ns_32ns_32_16_no_dsp_1_U605                        | -   |        | div_i_i_i_17   | fdiv  | fabric  | 15      |
|    fdiv_32ns_32ns_32_16_no_dsp_1_U606                        | -   |        | div_i_i_i_18   | fdiv  | fabric  | 15      |
|    fdiv_32ns_32ns_32_16_no_dsp_1_U603                        | -   |        | div_i_i_i_20   | fdiv  | fabric  | 15      |
|    fdiv_32ns_32ns_32_16_no_dsp_1_U604                        | -   |        | div_i_i_i_21   | fdiv  | fabric  | 15      |
|    fdiv_32ns_32ns_32_16_no_dsp_1_U605                        | -   |        | div_i_i_i_22   | fdiv  | fabric  | 15      |
|    fdiv_32ns_32ns_32_16_no_dsp_1_U606                        | -   |        | div_i_i_i_23   | fdiv  | fabric  | 15      |
|  + transformer_blk_s4_top_Pipeline_MHSA_OQ_MHSA_OD_MHSA_OK_T | 4   |        |                |       |         |         |
|    empty_97_fu_1008_p2                                       | -   |        | empty_97       | sub   | fabric  | 0       |
|    add_ln311_2_fu_716_p2                                     | -   |        | add_ln311_2    | add   | fabric  | 0       |
|    add_ln300_fu_728_p2                                       | -   |        | add_ln300      | add   | fabric  | 0       |
|    add_ln300_1_fu_1014_p2                                    | -   |        | add_ln300_1    | add   | fabric  | 0       |
|    p_mid11449_fu_1040_p2                                     | -   |        | p_mid11449     | sub   | fabric  | 0       |
|    add_ln301_fu_777_p2                                       | -   |        | add_ln301      | add   | fabric  | 0       |
|    add_ln311_5_fu_809_p2                                     | -   |        | add_ln311_5    | add   | fabric  | 0       |
|    add_ln310_1_fu_1074_p2                                    | -   |        | add_ln310_1    | add   | fabric  | 0       |
|    add_ln310_fu_1084_p2                                      | -   |        | add_ln310      | add   | fabric  | 0       |
|    mul_3ns_12ns_14_1_1_U631                                  | -   |        | mul_ln311      | mul   | auto    | 0       |
|    mul_mul_13ns_14ns_27_4_1_U643                             | 1   |        | mul_ln311_2    | mul   | dsp48   | 3       |
|    mul_mul_13ns_14ns_27_4_1_U644                             | 1   |        | mul_ln311_3    | mul   | dsp48   | 3       |
|    mul_mul_13ns_14ns_27_4_1_U645                             | 1   |        | mul_ln311_4    | mul   | dsp48   | 3       |
|    mul_mul_13ns_14ns_27_4_1_U646                             | 1   |        | mul_ln311_5    | mul   | dsp48   | 3       |
|    add_ln304_fu_837_p2                                       | -   |        | add_ln304      | add   | fabric  | 0       |
|    add_ln320_1_fu_1090_p2                                    | -   |        | add_ln320_1    | add   | fabric  | 0       |
|    add_ln320_fu_1099_p2                                      | -   |        | add_ln320      | add   | fabric  | 0       |
|    add_ln301_1_fu_849_p2                                     | -   |        | add_ln301_1    | add   | fabric  | 0       |
|  + transformer_blk_s4_top_Pipeline_LF_S_LF_OD3               | 0   |        |                |       |         |         |
|    empty_fu_5492_p2                                          | -   |        | empty          | sub   | fabric  | 0       |
|    add_ln162_7_fu_5266_p2                                    | -   |        | add_ln162_7    | add   | fabric  | 0       |
|    add_ln162_fu_5289_p2                                      | -   |        | add_ln162      | add   | fabric  | 0       |
|    p_mid11724_fu_5516_p2                                     | -   |        | p_mid11724     | sub   | fabric  | 0       |
|    add_ln165_fu_5673_p2                                      | -   |        | add_ln165      | add   | fabric  | 0       |
|    add_ln165_3_fu_5687_p2                                    | -   |        | add_ln165_3    | add   | fabric  | 0       |
|    sub_ln170_fu_5719_p2                                      | -   |        | sub_ln170      | sub   | fabric  | 0       |
|    add_ln170_fu_5729_p2                                      | -   |        | add_ln170      | add   | fabric  | 0       |
|    add_ln170_1391_fu_5754_p2                                 | -   |        | add_ln170_1391 | add   | fabric  | 0       |
|    add_ln170_1392_fu_5773_p2                                 | -   |        | add_ln170_1392 | add   | fabric  | 0       |
|    add_ln170_1393_fu_5797_p2                                 | -   |        | add_ln170_1393 | add   | fabric  | 0       |
|    add_ln170_1395_fu_5816_p2                                 | -   |        | add_ln170_1395 | add   | fabric  | 0       |
|    add_ln170_1396_fu_5845_p2                                 | -   |        | add_ln170_1396 | add   | fabric  | 0       |
|    add_ln170_1397_fu_5864_p2                                 | -   |        | add_ln170_1397 | add   | fabric  | 0       |
|    add_ln170_1398_fu_5893_p2                                 | -   |        | add_ln170_1398 | add   | fabric  | 0       |
|    add_ln170_1399_fu_5912_p2                                 | -   |        | add_ln170_1399 | add   | fabric  | 0       |
|    add_ln170_1400_fu_5941_p2                                 | -   |        | add_ln170_1400 | add   | fabric  | 0       |
|    add_ln170_1401_fu_5960_p2                                 | -   |        | add_ln170_1401 | add   | fabric  | 0       |
|    add_ln170_1402_fu_5989_p2                                 | -   |        | add_ln170_1402 | add   | fabric  | 0       |
|    add_ln170_1403_fu_6008_p2                                 | -   |        | add_ln170_1403 | add   | fabric  | 0       |
|    add_ln170_1404_fu_6042_p2                                 | -   |        | add_ln170_1404 | add   | fabric  | 0       |
|    add_ln170_1405_fu_6061_p2                                 | -   |        | add_ln170_1405 | add   | fabric  | 0       |
|    add_ln170_1406_fu_6093_p2                                 | -   |        | add_ln170_1406 | add   | fabric  | 0       |
|    add_ln170_1407_fu_6103_p2                                 | -   |        | add_ln170_1407 | add   | fabric  | 0       |
|    add_ln170_1408_fu_6113_p2                                 | -   |        | add_ln170_1408 | add   | fabric  | 0       |
|    add_ln170_1409_fu_6133_p2                                 | -   |        | add_ln170_1409 | add   | fabric  | 0       |
|    add_ln170_1410_fu_6142_p2                                 | -   |        | add_ln170_1410 | add   | fabric  | 0       |
|    add_ln170_1411_fu_6152_p2                                 | -   |        | add_ln170_1411 | add   | fabric  | 0       |
|    add_ln170_1412_fu_6161_p2                                 | -   |        | add_ln170_1412 | add   | fabric  | 0       |
|    add_ln170_1413_fu_6181_p2                                 | -   |        | add_ln170_1413 | add   | fabric  | 0       |
|    add_ln170_1414_fu_6190_p2                                 | -   |        | add_ln170_1414 | add   | fabric  | 0       |
|    add_ln170_1415_fu_6200_p2                                 | -   |        | add_ln170_1415 | add   | fabric  | 0       |
|    add_ln170_1416_fu_6209_p2                                 | -   |        | add_ln170_1416 | add   | fabric  | 0       |
|    add_ln170_1417_fu_6229_p2                                 | -   |        | add_ln170_1417 | add   | fabric  | 0       |
|    add_ln170_1418_fu_6238_p2                                 | -   |        | add_ln170_1418 | add   | fabric  | 0       |
|    add_ln170_1419_fu_6248_p2                                 | -   |        | add_ln170_1419 | add   | fabric  | 0       |
|    add_ln170_1420_fu_6257_p2                                 | -   |        | add_ln170_1420 | add   | fabric  | 0       |
|    add_ln170_1421_fu_6277_p2                                 | -   |        | add_ln170_1421 | add   | fabric  | 0       |
|    add_ln170_1422_fu_6286_p2                                 | -   |        | add_ln170_1422 | add   | fabric  | 0       |
|    add_ln170_1423_fu_6296_p2                                 | -   |        | add_ln170_1423 | add   | fabric  | 0       |
|    add_ln170_1424_fu_6305_p2                                 | -   |        | add_ln170_1424 | add   | fabric  | 0       |
|    add_ln170_1425_fu_6325_p2                                 | -   |        | add_ln170_1425 | add   | fabric  | 0       |
|    add_ln170_1426_fu_6334_p2                                 | -   |        | add_ln170_1426 | add   | fabric  | 0       |
|    add_ln170_1427_fu_6344_p2                                 | -   |        | add_ln170_1427 | add   | fabric  | 0       |
|    add_ln170_1428_fu_6353_p2                                 | -   |        | add_ln170_1428 | add   | fabric  | 0       |
|    add_ln170_1429_fu_6373_p2                                 | -   |        | add_ln170_1429 | add   | fabric  | 0       |
|    add_ln170_1430_fu_6382_p2                                 | -   |        | add_ln170_1430 | add   | fabric  | 0       |
|    add_ln170_1431_fu_6392_p2                                 | -   |        | add_ln170_1431 | add   | fabric  | 0       |
|    add_ln170_1432_fu_6401_p2                                 | -   |        | add_ln170_1432 | add   | fabric  | 0       |
|    add_ln170_1433_fu_6421_p2                                 | -   |        | add_ln170_1433 | add   | fabric  | 0       |
|    add_ln170_1434_fu_6430_p2                                 | -   |        | add_ln170_1434 | add   | fabric  | 0       |
|    add_ln170_1435_fu_6440_p2                                 | -   |        | add_ln170_1435 | add   | fabric  | 0       |
|    add_ln170_1436_fu_6449_p2                                 | -   |        | add_ln170_1436 | add   | fabric  | 0       |
|    add_ln170_1437_fu_6469_p2                                 | -   |        | add_ln170_1437 | add   | fabric  | 0       |
|    add_ln170_1438_fu_6478_p2                                 | -   |        | add_ln170_1438 | add   | fabric  | 0       |
|    add_ln170_1439_fu_6488_p2                                 | -   |        | add_ln170_1439 | add   | fabric  | 0       |
|    add_ln170_1440_fu_6497_p2                                 | -   |        | add_ln170_1440 | add   | fabric  | 0       |
|    add_ln170_1441_fu_6517_p2                                 | -   |        | add_ln170_1441 | add   | fabric  | 0       |
|    add_ln170_1442_fu_6526_p2                                 | -   |        | add_ln170_1442 | add   | fabric  | 0       |
|    add_ln170_1443_fu_6536_p2                                 | -   |        | add_ln170_1443 | add   | fabric  | 0       |
|    add_ln170_1444_fu_6545_p2                                 | -   |        | add_ln170_1444 | add   | fabric  | 0       |
|    add_ln170_1445_fu_6565_p2                                 | -   |        | add_ln170_1445 | add   | fabric  | 0       |
|    add_ln170_1446_fu_6574_p2                                 | -   |        | add_ln170_1446 | add   | fabric  | 0       |
|    add_ln170_1447_fu_6584_p2                                 | -   |        | add_ln170_1447 | add   | fabric  | 0       |
|    add_ln170_1448_fu_6593_p2                                 | -   |        | add_ln170_1448 | add   | fabric  | 0       |
|    add_ln170_1449_fu_6613_p2                                 | -   |        | add_ln170_1449 | add   | fabric  | 0       |
|    add_ln170_1450_fu_6622_p2                                 | -   |        | add_ln170_1450 | add   | fabric  | 0       |
|    add_ln170_1451_fu_6632_p2                                 | -   |        | add_ln170_1451 | add   | fabric  | 0       |
|    add_ln170_1452_fu_6641_p2                                 | -   |        | add_ln170_1452 | add   | fabric  | 0       |
|    add_ln170_1453_fu_6661_p2                                 | -   |        | add_ln170_1453 | add   | fabric  | 0       |
|    add_ln170_1454_fu_6670_p2                                 | -   |        | add_ln170_1454 | add   | fabric  | 0       |
|    add_ln170_1455_fu_6680_p2                                 | -   |        | add_ln170_1455 | add   | fabric  | 0       |
|    add_ln170_1456_fu_6689_p2                                 | -   |        | add_ln170_1456 | add   | fabric  | 0       |
|    add_ln170_1457_fu_6709_p2                                 | -   |        | add_ln170_1457 | add   | fabric  | 0       |
|    add_ln170_1458_fu_6718_p2                                 | -   |        | add_ln170_1458 | add   | fabric  | 0       |
|    add_ln170_1459_fu_6728_p2                                 | -   |        | add_ln170_1459 | add   | fabric  | 0       |
|    add_ln170_1460_fu_6737_p2                                 | -   |        | add_ln170_1460 | add   | fabric  | 0       |
|    add_ln170_1461_fu_6757_p2                                 | -   |        | add_ln170_1461 | add   | fabric  | 0       |
|    add_ln170_1462_fu_6766_p2                                 | -   |        | add_ln170_1462 | add   | fabric  | 0       |
|    add_ln170_1463_fu_6776_p2                                 | -   |        | add_ln170_1463 | add   | fabric  | 0       |
|    add_ln170_1464_fu_6785_p2                                 | -   |        | add_ln170_1464 | add   | fabric  | 0       |
|    add_ln170_1465_fu_6805_p2                                 | -   |        | add_ln170_1465 | add   | fabric  | 0       |
|    add_ln170_1466_fu_6814_p2                                 | -   |        | add_ln170_1466 | add   | fabric  | 0       |
|    add_ln170_1467_fu_6824_p2                                 | -   |        | add_ln170_1467 | add   | fabric  | 0       |
|    add_ln170_1468_fu_6833_p2                                 | -   |        | add_ln170_1468 | add   | fabric  | 0       |
|    add_ln170_1469_fu_6853_p2                                 | -   |        | add_ln170_1469 | add   | fabric  | 0       |
|    add_ln170_1470_fu_6862_p2                                 | -   |        | add_ln170_1470 | add   | fabric  | 0       |
|    add_ln170_1471_fu_6872_p2                                 | -   |        | add_ln170_1471 | add   | fabric  | 0       |
|    add_ln170_1472_fu_6881_p2                                 | -   |        | add_ln170_1472 | add   | fabric  | 0       |
|    add_ln170_1473_fu_6901_p2                                 | -   |        | add_ln170_1473 | add   | fabric  | 0       |
|    add_ln170_1474_fu_6910_p2                                 | -   |        | add_ln170_1474 | add   | fabric  | 0       |
|    add_ln170_1475_fu_6920_p2                                 | -   |        | add_ln170_1475 | add   | fabric  | 0       |
|    add_ln170_1476_fu_6929_p2                                 | -   |        | add_ln170_1476 | add   | fabric  | 0       |
|    add_ln170_1477_fu_6949_p2                                 | -   |        | add_ln170_1477 | add   | fabric  | 0       |
|    add_ln170_1478_fu_6958_p2                                 | -   |        | add_ln170_1478 | add   | fabric  | 0       |
|    add_ln170_1479_fu_6968_p2                                 | -   |        | add_ln170_1479 | add   | fabric  | 0       |
|    add_ln170_1480_fu_6977_p2                                 | -   |        | add_ln170_1480 | add   | fabric  | 0       |
|    add_ln170_1481_fu_6997_p2                                 | -   |        | add_ln170_1481 | add   | fabric  | 0       |
|    add_ln170_1482_fu_7006_p2                                 | -   |        | add_ln170_1482 | add   | fabric  | 0       |
|    add_ln170_1483_fu_7016_p2                                 | -   |        | add_ln170_1483 | add   | fabric  | 0       |
|    add_ln170_1484_fu_7025_p2                                 | -   |        | add_ln170_1484 | add   | fabric  | 0       |
|    add_ln170_1485_fu_7045_p2                                 | -   |        | add_ln170_1485 | add   | fabric  | 0       |
|    add_ln170_1486_fu_7054_p2                                 | -   |        | add_ln170_1486 | add   | fabric  | 0       |
|    add_ln170_1487_fu_7064_p2                                 | -   |        | add_ln170_1487 | add   | fabric  | 0       |
|    add_ln170_1488_fu_7073_p2                                 | -   |        | add_ln170_1488 | add   | fabric  | 0       |
|    add_ln170_1489_fu_7093_p2                                 | -   |        | add_ln170_1489 | add   | fabric  | 0       |
|    add_ln170_1490_fu_7102_p2                                 | -   |        | add_ln170_1490 | add   | fabric  | 0       |
|    add_ln170_1491_fu_7112_p2                                 | -   |        | add_ln170_1491 | add   | fabric  | 0       |
|    add_ln170_1492_fu_7121_p2                                 | -   |        | add_ln170_1492 | add   | fabric  | 0       |
|    add_ln170_1493_fu_7141_p2                                 | -   |        | add_ln170_1493 | add   | fabric  | 0       |
|    add_ln170_1494_fu_7150_p2                                 | -   |        | add_ln170_1494 | add   | fabric  | 0       |
|    add_ln170_1495_fu_7160_p2                                 | -   |        | add_ln170_1495 | add   | fabric  | 0       |
|    add_ln170_1496_fu_7169_p2                                 | -   |        | add_ln170_1496 | add   | fabric  | 0       |
|    add_ln170_1497_fu_7189_p2                                 | -   |        | add_ln170_1497 | add   | fabric  | 0       |
|    add_ln170_1498_fu_7198_p2                                 | -   |        | add_ln170_1498 | add   | fabric  | 0       |
|    add_ln170_1499_fu_7208_p2                                 | -   |        | add_ln170_1499 | add   | fabric  | 0       |
|    add_ln170_1500_fu_7217_p2                                 | -   |        | add_ln170_1500 | add   | fabric  | 0       |
|    add_ln170_1501_fu_7237_p2                                 | -   |        | add_ln170_1501 | add   | fabric  | 0       |
|    add_ln170_1502_fu_7246_p2                                 | -   |        | add_ln170_1502 | add   | fabric  | 0       |
|    add_ln170_1503_fu_7256_p2                                 | -   |        | add_ln170_1503 | add   | fabric  | 0       |
|    add_ln170_1504_fu_7265_p2                                 | -   |        | add_ln170_1504 | add   | fabric  | 0       |
|    add_ln170_1505_fu_7285_p2                                 | -   |        | add_ln170_1505 | add   | fabric  | 0       |
|    add_ln170_1506_fu_7294_p2                                 | -   |        | add_ln170_1506 | add   | fabric  | 0       |
|    add_ln170_1507_fu_7304_p2                                 | -   |        | add_ln170_1507 | add   | fabric  | 0       |
|    add_ln170_1508_fu_7313_p2                                 | -   |        | add_ln170_1508 | add   | fabric  | 0       |
|    add_ln170_1509_fu_7333_p2                                 | -   |        | add_ln170_1509 | add   | fabric  | 0       |
|    add_ln170_1510_fu_7342_p2                                 | -   |        | add_ln170_1510 | add   | fabric  | 0       |
|    add_ln170_1511_fu_7352_p2                                 | -   |        | add_ln170_1511 | add   | fabric  | 0       |
|    add_ln170_1512_fu_7361_p2                                 | -   |        | add_ln170_1512 | add   | fabric  | 0       |
|    add_ln170_1513_fu_7381_p2                                 | -   |        | add_ln170_1513 | add   | fabric  | 0       |
|    add_ln170_1514_fu_7390_p2                                 | -   |        | add_ln170_1514 | add   | fabric  | 0       |
|    add_ln170_1515_fu_7400_p2                                 | -   |        | add_ln170_1515 | add   | fabric  | 0       |
|    add_ln170_1516_fu_7409_p2                                 | -   |        | add_ln170_1516 | add   | fabric  | 0       |
|    add_ln170_1517_fu_7429_p2                                 | -   |        | add_ln170_1517 | add   | fabric  | 0       |
|    add_ln170_1518_fu_7438_p2                                 | -   |        | add_ln170_1518 | add   | fabric  | 0       |
|    add_ln170_1519_fu_7448_p2                                 | -   |        | add_ln170_1519 | add   | fabric  | 0       |
|    add_ln170_1520_fu_7457_p2                                 | -   |        | add_ln170_1520 | add   | fabric  | 0       |
|    add_ln170_1521_fu_7477_p2                                 | -   |        | add_ln170_1521 | add   | fabric  | 0       |
|    add_ln170_1522_fu_7486_p2                                 | -   |        | add_ln170_1522 | add   | fabric  | 0       |
|    add_ln170_1523_fu_7496_p2                                 | -   |        | add_ln170_1523 | add   | fabric  | 0       |
|    add_ln170_1524_fu_7505_p2                                 | -   |        | add_ln170_1524 | add   | fabric  | 0       |
|    add_ln170_1525_fu_7525_p2                                 | -   |        | add_ln170_1525 | add   | fabric  | 0       |
|    add_ln170_1526_fu_7534_p2                                 | -   |        | add_ln170_1526 | add   | fabric  | 0       |
|    add_ln170_1527_fu_7544_p2                                 | -   |        | add_ln170_1527 | add   | fabric  | 0       |
|    add_ln170_1528_fu_7553_p2                                 | -   |        | add_ln170_1528 | add   | fabric  | 0       |
|    add_ln170_1529_fu_7573_p2                                 | -   |        | add_ln170_1529 | add   | fabric  | 0       |
|    add_ln170_1530_fu_7582_p2                                 | -   |        | add_ln170_1530 | add   | fabric  | 0       |
|    add_ln170_1531_fu_7592_p2                                 | -   |        | add_ln170_1531 | add   | fabric  | 0       |
|    add_ln170_1532_fu_7601_p2                                 | -   |        | add_ln170_1532 | add   | fabric  | 0       |
|    add_ln170_1533_fu_7621_p2                                 | -   |        | add_ln170_1533 | add   | fabric  | 0       |
|    add_ln170_1534_fu_7630_p2                                 | -   |        | add_ln170_1534 | add   | fabric  | 0       |
|    add_ln170_1535_fu_7640_p2                                 | -   |        | add_ln170_1535 | add   | fabric  | 0       |
|    add_ln170_1536_fu_7649_p2                                 | -   |        | add_ln170_1536 | add   | fabric  | 0       |
|    add_ln170_1537_fu_7669_p2                                 | -   |        | add_ln170_1537 | add   | fabric  | 0       |
|    add_ln170_1538_fu_7678_p2                                 | -   |        | add_ln170_1538 | add   | fabric  | 0       |
|    add_ln170_1539_fu_7688_p2                                 | -   |        | add_ln170_1539 | add   | fabric  | 0       |
|    add_ln170_1540_fu_7697_p2                                 | -   |        | add_ln170_1540 | add   | fabric  | 0       |
|    add_ln170_1541_fu_7717_p2                                 | -   |        | add_ln170_1541 | add   | fabric  | 0       |
|    add_ln170_1542_fu_7726_p2                                 | -   |        | add_ln170_1542 | add   | fabric  | 0       |
|    add_ln170_1543_fu_7736_p2                                 | -   |        | add_ln170_1543 | add   | fabric  | 0       |
|    add_ln170_1544_fu_7745_p2                                 | -   |        | add_ln170_1544 | add   | fabric  | 0       |
|    add_ln170_1545_fu_7765_p2                                 | -   |        | add_ln170_1545 | add   | fabric  | 0       |
|    add_ln170_1546_fu_7774_p2                                 | -   |        | add_ln170_1546 | add   | fabric  | 0       |
|    add_ln170_1547_fu_7784_p2                                 | -   |        | add_ln170_1547 | add   | fabric  | 0       |
|    add_ln170_1548_fu_7793_p2                                 | -   |        | add_ln170_1548 | add   | fabric  | 0       |
|    add_ln170_1549_fu_7813_p2                                 | -   |        | add_ln170_1549 | add   | fabric  | 0       |
|    add_ln170_1550_fu_7822_p2                                 | -   |        | add_ln170_1550 | add   | fabric  | 0       |
|    add_ln170_1551_fu_7832_p2                                 | -   |        | add_ln170_1551 | add   | fabric  | 0       |
|    add_ln170_1552_fu_7841_p2                                 | -   |        | add_ln170_1552 | add   | fabric  | 0       |
|    add_ln170_1553_fu_7861_p2                                 | -   |        | add_ln170_1553 | add   | fabric  | 0       |
|    add_ln170_1554_fu_7870_p2                                 | -   |        | add_ln170_1554 | add   | fabric  | 0       |
|    add_ln170_1555_fu_7880_p2                                 | -   |        | add_ln170_1555 | add   | fabric  | 0       |
|    add_ln170_1556_fu_7889_p2                                 | -   |        | add_ln170_1556 | add   | fabric  | 0       |
|    add_ln170_1557_fu_7909_p2                                 | -   |        | add_ln170_1557 | add   | fabric  | 0       |
|    add_ln170_1558_fu_7918_p2                                 | -   |        | add_ln170_1558 | add   | fabric  | 0       |
|    add_ln170_1559_fu_7928_p2                                 | -   |        | add_ln170_1559 | add   | fabric  | 0       |
|    add_ln170_1560_fu_7937_p2                                 | -   |        | add_ln170_1560 | add   | fabric  | 0       |
|    add_ln170_1561_fu_7957_p2                                 | -   |        | add_ln170_1561 | add   | fabric  | 0       |
|    add_ln170_1562_fu_7966_p2                                 | -   |        | add_ln170_1562 | add   | fabric  | 0       |
|    add_ln170_1563_fu_7976_p2                                 | -   |        | add_ln170_1563 | add   | fabric  | 0       |
|    add_ln170_1564_fu_7985_p2                                 | -   |        | add_ln170_1564 | add   | fabric  | 0       |
|    add_ln170_1565_fu_8005_p2                                 | -   |        | add_ln170_1565 | add   | fabric  | 0       |
|    add_ln170_1566_fu_8014_p2                                 | -   |        | add_ln170_1566 | add   | fabric  | 0       |
|    add_ln170_1567_fu_8024_p2                                 | -   |        | add_ln170_1567 | add   | fabric  | 0       |
|    add_ln170_1568_fu_8033_p2                                 | -   |        | add_ln170_1568 | add   | fabric  | 0       |
|    add_ln170_1569_fu_8053_p2                                 | -   |        | add_ln170_1569 | add   | fabric  | 0       |
|    add_ln170_1570_fu_8062_p2                                 | -   |        | add_ln170_1570 | add   | fabric  | 0       |
|    add_ln170_1571_fu_8072_p2                                 | -   |        | add_ln170_1571 | add   | fabric  | 0       |
|    add_ln170_1572_fu_8081_p2                                 | -   |        | add_ln170_1572 | add   | fabric  | 0       |
|    add_ln170_1573_fu_8101_p2                                 | -   |        | add_ln170_1573 | add   | fabric  | 0       |
|    add_ln170_1574_fu_8110_p2                                 | -   |        | add_ln170_1574 | add   | fabric  | 0       |
|    add_ln170_1575_fu_8120_p2                                 | -   |        | add_ln170_1575 | add   | fabric  | 0       |
|    add_ln170_1576_fu_8129_p2                                 | -   |        | add_ln170_1576 | add   | fabric  | 0       |
|    add_ln170_1577_fu_8149_p2                                 | -   |        | add_ln170_1577 | add   | fabric  | 0       |
|    add_ln170_1578_fu_8158_p2                                 | -   |        | add_ln170_1578 | add   | fabric  | 0       |
|    add_ln170_1579_fu_8168_p2                                 | -   |        | add_ln170_1579 | add   | fabric  | 0       |
|    add_ln170_1580_fu_8177_p2                                 | -   |        | add_ln170_1580 | add   | fabric  | 0       |
|    add_ln170_1581_fu_8197_p2                                 | -   |        | add_ln170_1581 | add   | fabric  | 0       |
|    add_ln170_1582_fu_8206_p2                                 | -   |        | add_ln170_1582 | add   | fabric  | 0       |
|    add_ln170_1583_fu_8216_p2                                 | -   |        | add_ln170_1583 | add   | fabric  | 0       |
|    add_ln170_1584_fu_8225_p2                                 | -   |        | add_ln170_1584 | add   | fabric  | 0       |
|    add_ln170_1585_fu_8245_p2                                 | -   |        | add_ln170_1585 | add   | fabric  | 0       |
|    add_ln170_1586_fu_8254_p2                                 | -   |        | add_ln170_1586 | add   | fabric  | 0       |
|    add_ln170_1587_fu_8264_p2                                 | -   |        | add_ln170_1587 | add   | fabric  | 0       |
|    add_ln170_1588_fu_8273_p2                                 | -   |        | add_ln170_1588 | add   | fabric  | 0       |
|    add_ln170_1589_fu_8293_p2                                 | -   |        | add_ln170_1589 | add   | fabric  | 0       |
|    add_ln170_1590_fu_8302_p2                                 | -   |        | add_ln170_1590 | add   | fabric  | 0       |
|    add_ln170_1591_fu_8312_p2                                 | -   |        | add_ln170_1591 | add   | fabric  | 0       |
|    add_ln170_1592_fu_8321_p2                                 | -   |        | add_ln170_1592 | add   | fabric  | 0       |
|    add_ln170_1593_fu_8341_p2                                 | -   |        | add_ln170_1593 | add   | fabric  | 0       |
|    add_ln170_1594_fu_8350_p2                                 | -   |        | add_ln170_1594 | add   | fabric  | 0       |
|    add_ln170_1595_fu_8360_p2                                 | -   |        | add_ln170_1595 | add   | fabric  | 0       |
|    add_ln170_1596_fu_8369_p2                                 | -   |        | add_ln170_1596 | add   | fabric  | 0       |
|    add_ln170_1597_fu_8389_p2                                 | -   |        | add_ln170_1597 | add   | fabric  | 0       |
|    add_ln170_1598_fu_8398_p2                                 | -   |        | add_ln170_1598 | add   | fabric  | 0       |
|    add_ln170_1599_fu_8408_p2                                 | -   |        | add_ln170_1599 | add   | fabric  | 0       |
|    add_ln170_1600_fu_8417_p2                                 | -   |        | add_ln170_1600 | add   | fabric  | 0       |
|    add_ln170_1601_fu_8437_p2                                 | -   |        | add_ln170_1601 | add   | fabric  | 0       |
|    add_ln170_1602_fu_8446_p2                                 | -   |        | add_ln170_1602 | add   | fabric  | 0       |
|    add_ln170_1603_fu_8456_p2                                 | -   |        | add_ln170_1603 | add   | fabric  | 0       |
|    add_ln170_1604_fu_8465_p2                                 | -   |        | add_ln170_1604 | add   | fabric  | 0       |
|    add_ln170_1605_fu_8485_p2                                 | -   |        | add_ln170_1605 | add   | fabric  | 0       |
|    add_ln170_1606_fu_8494_p2                                 | -   |        | add_ln170_1606 | add   | fabric  | 0       |
|    add_ln170_1607_fu_8504_p2                                 | -   |        | add_ln170_1607 | add   | fabric  | 0       |
|    add_ln170_1608_fu_8513_p2                                 | -   |        | add_ln170_1608 | add   | fabric  | 0       |
|    add_ln170_1609_fu_8533_p2                                 | -   |        | add_ln170_1609 | add   | fabric  | 0       |
|    add_ln170_1610_fu_8542_p2                                 | -   |        | add_ln170_1610 | add   | fabric  | 0       |
|    add_ln170_1611_fu_8552_p2                                 | -   |        | add_ln170_1611 | add   | fabric  | 0       |
|    add_ln170_1612_fu_8561_p2                                 | -   |        | add_ln170_1612 | add   | fabric  | 0       |
|    add_ln170_1613_fu_8581_p2                                 | -   |        | add_ln170_1613 | add   | fabric  | 0       |
|    add_ln170_1614_fu_8590_p2                                 | -   |        | add_ln170_1614 | add   | fabric  | 0       |
|    add_ln170_1615_fu_8600_p2                                 | -   |        | add_ln170_1615 | add   | fabric  | 0       |
|    add_ln170_1616_fu_8609_p2                                 | -   |        | add_ln170_1616 | add   | fabric  | 0       |
|    add_ln170_1617_fu_8629_p2                                 | -   |        | add_ln170_1617 | add   | fabric  | 0       |
|    add_ln170_1618_fu_8638_p2                                 | -   |        | add_ln170_1618 | add   | fabric  | 0       |
|    add_ln170_1619_fu_8648_p2                                 | -   |        | add_ln170_1619 | add   | fabric  | 0       |
|    add_ln170_1620_fu_8657_p2                                 | -   |        | add_ln170_1620 | add   | fabric  | 0       |
|    add_ln170_1621_fu_8677_p2                                 | -   |        | add_ln170_1621 | add   | fabric  | 0       |
|    add_ln170_1622_fu_8686_p2                                 | -   |        | add_ln170_1622 | add   | fabric  | 0       |
|    add_ln170_1623_fu_8696_p2                                 | -   |        | add_ln170_1623 | add   | fabric  | 0       |
|    add_ln170_1624_fu_8705_p2                                 | -   |        | add_ln170_1624 | add   | fabric  | 0       |
|    add_ln170_1625_fu_8725_p2                                 | -   |        | add_ln170_1625 | add   | fabric  | 0       |
|    add_ln170_1626_fu_8734_p2                                 | -   |        | add_ln170_1626 | add   | fabric  | 0       |
|    add_ln170_1627_fu_8744_p2                                 | -   |        | add_ln170_1627 | add   | fabric  | 0       |
|    add_ln170_1628_fu_8753_p2                                 | -   |        | add_ln170_1628 | add   | fabric  | 0       |
|    add_ln170_1629_fu_8773_p2                                 | -   |        | add_ln170_1629 | add   | fabric  | 0       |
|    add_ln170_1630_fu_8782_p2                                 | -   |        | add_ln170_1630 | add   | fabric  | 0       |
|    add_ln170_1631_fu_8792_p2                                 | -   |        | add_ln170_1631 | add   | fabric  | 0       |
|    add_ln170_1632_fu_8801_p2                                 | -   |        | add_ln170_1632 | add   | fabric  | 0       |
|    add_ln170_1633_fu_8821_p2                                 | -   |        | add_ln170_1633 | add   | fabric  | 0       |
|    add_ln170_1634_fu_8830_p2                                 | -   |        | add_ln170_1634 | add   | fabric  | 0       |
|    add_ln170_1635_fu_8840_p2                                 | -   |        | add_ln170_1635 | add   | fabric  | 0       |
|    add_ln170_1636_fu_8849_p2                                 | -   |        | add_ln170_1636 | add   | fabric  | 0       |
|    add_ln170_1637_fu_8869_p2                                 | -   |        | add_ln170_1637 | add   | fabric  | 0       |
|    add_ln170_1638_fu_8878_p2                                 | -   |        | add_ln170_1638 | add   | fabric  | 0       |
|    add_ln170_1639_fu_8888_p2                                 | -   |        | add_ln170_1639 | add   | fabric  | 0       |
|    add_ln170_1640_fu_8897_p2                                 | -   |        | add_ln170_1640 | add   | fabric  | 0       |
|    add_ln170_1641_fu_8917_p2                                 | -   |        | add_ln170_1641 | add   | fabric  | 0       |
|    add_ln170_1642_fu_8926_p2                                 | -   |        | add_ln170_1642 | add   | fabric  | 0       |
|    add_ln170_1643_fu_8936_p2                                 | -   |        | add_ln170_1643 | add   | fabric  | 0       |
|    add_ln170_1644_fu_8945_p2                                 | -   |        | add_ln170_1644 | add   | fabric  | 0       |
|    add_ln170_1645_fu_8965_p2                                 | -   |        | add_ln170_1645 | add   | fabric  | 0       |
|    add_ln170_1646_fu_8974_p2                                 | -   |        | add_ln170_1646 | add   | fabric  | 0       |
|    add_ln170_1647_fu_8984_p2                                 | -   |        | add_ln170_1647 | add   | fabric  | 0       |
|    add_ln170_1648_fu_8993_p2                                 | -   |        | add_ln170_1648 | add   | fabric  | 0       |
|    add_ln170_1649_fu_9013_p2                                 | -   |        | add_ln170_1649 | add   | fabric  | 0       |
|    add_ln170_1650_fu_9022_p2                                 | -   |        | add_ln170_1650 | add   | fabric  | 0       |
|    add_ln170_1651_fu_9032_p2                                 | -   |        | add_ln170_1651 | add   | fabric  | 0       |
|    add_ln170_1652_fu_9041_p2                                 | -   |        | add_ln170_1652 | add   | fabric  | 0       |
|    add_ln170_1653_fu_9061_p2                                 | -   |        | add_ln170_1653 | add   | fabric  | 0       |
|    add_ln170_1654_fu_9070_p2                                 | -   |        | add_ln170_1654 | add   | fabric  | 0       |
|    add_ln170_1655_fu_9080_p2                                 | -   |        | add_ln170_1655 | add   | fabric  | 0       |
|    add_ln170_1656_fu_9089_p2                                 | -   |        | add_ln170_1656 | add   | fabric  | 0       |
|    add_ln170_1657_fu_9109_p2                                 | -   |        | add_ln170_1657 | add   | fabric  | 0       |
|    add_ln170_1658_fu_9118_p2                                 | -   |        | add_ln170_1658 | add   | fabric  | 0       |
|    add_ln170_1659_fu_9128_p2                                 | -   |        | add_ln170_1659 | add   | fabric  | 0       |
|    add_ln170_1660_fu_9137_p2                                 | -   |        | add_ln170_1660 | add   | fabric  | 0       |
|    add_ln170_1661_fu_9157_p2                                 | -   |        | add_ln170_1661 | add   | fabric  | 0       |
|    add_ln170_1662_fu_9166_p2                                 | -   |        | add_ln170_1662 | add   | fabric  | 0       |
|    add_ln170_1663_fu_9176_p2                                 | -   |        | add_ln170_1663 | add   | fabric  | 0       |
|    add_ln170_1664_fu_9185_p2                                 | -   |        | add_ln170_1664 | add   | fabric  | 0       |
|    add_ln170_1665_fu_9205_p2                                 | -   |        | add_ln170_1665 | add   | fabric  | 0       |
|    add_ln170_1666_fu_9214_p2                                 | -   |        | add_ln170_1666 | add   | fabric  | 0       |
|    add_ln170_1667_fu_9224_p2                                 | -   |        | add_ln170_1667 | add   | fabric  | 0       |
|    add_ln170_1668_fu_9233_p2                                 | -   |        | add_ln170_1668 | add   | fabric  | 0       |
|    add_ln170_1669_fu_9253_p2                                 | -   |        | add_ln170_1669 | add   | fabric  | 0       |
|    add_ln170_1670_fu_9262_p2                                 | -   |        | add_ln170_1670 | add   | fabric  | 0       |
|    add_ln170_1671_fu_9272_p2                                 | -   |        | add_ln170_1671 | add   | fabric  | 0       |
|    add_ln170_1672_fu_9281_p2                                 | -   |        | add_ln170_1672 | add   | fabric  | 0       |
|    add_ln170_1673_fu_9301_p2                                 | -   |        | add_ln170_1673 | add   | fabric  | 0       |
|    add_ln170_1674_fu_9310_p2                                 | -   |        | add_ln170_1674 | add   | fabric  | 0       |
|    add_ln170_1675_fu_9320_p2                                 | -   |        | add_ln170_1675 | add   | fabric  | 0       |
|    add_ln170_1676_fu_9329_p2                                 | -   |        | add_ln170_1676 | add   | fabric  | 0       |
|    add_ln170_1677_fu_9349_p2                                 | -   |        | add_ln170_1677 | add   | fabric  | 0       |
|    add_ln170_1678_fu_9358_p2                                 | -   |        | add_ln170_1678 | add   | fabric  | 0       |
|    add_ln170_1679_fu_9368_p2                                 | -   |        | add_ln170_1679 | add   | fabric  | 0       |
|    add_ln170_1680_fu_9377_p2                                 | -   |        | add_ln170_1680 | add   | fabric  | 0       |
|    add_ln170_1681_fu_9397_p2                                 | -   |        | add_ln170_1681 | add   | fabric  | 0       |
|    add_ln170_1682_fu_9406_p2                                 | -   |        | add_ln170_1682 | add   | fabric  | 0       |
|    add_ln170_1683_fu_9416_p2                                 | -   |        | add_ln170_1683 | add   | fabric  | 0       |
|    add_ln170_1684_fu_9425_p2                                 | -   |        | add_ln170_1684 | add   | fabric  | 0       |
|    add_ln170_1685_fu_9445_p2                                 | -   |        | add_ln170_1685 | add   | fabric  | 0       |
|    add_ln170_1686_fu_9454_p2                                 | -   |        | add_ln170_1686 | add   | fabric  | 0       |
|    add_ln170_1687_fu_9464_p2                                 | -   |        | add_ln170_1687 | add   | fabric  | 0       |
|    add_ln170_1688_fu_9473_p2                                 | -   |        | add_ln170_1688 | add   | fabric  | 0       |
|    add_ln170_1689_fu_9493_p2                                 | -   |        | add_ln170_1689 | add   | fabric  | 0       |
|    add_ln170_1690_fu_9502_p2                                 | -   |        | add_ln170_1690 | add   | fabric  | 0       |
|    add_ln170_1691_fu_9512_p2                                 | -   |        | add_ln170_1691 | add   | fabric  | 0       |
|    add_ln170_1692_fu_9521_p2                                 | -   |        | add_ln170_1692 | add   | fabric  | 0       |
|    add_ln170_1693_fu_9541_p2                                 | -   |        | add_ln170_1693 | add   | fabric  | 0       |
|    add_ln170_1694_fu_9550_p2                                 | -   |        | add_ln170_1694 | add   | fabric  | 0       |
|    add_ln170_1695_fu_9560_p2                                 | -   |        | add_ln170_1695 | add   | fabric  | 0       |
|    add_ln170_1696_fu_9569_p2                                 | -   |        | add_ln170_1696 | add   | fabric  | 0       |
|    add_ln170_1697_fu_9589_p2                                 | -   |        | add_ln170_1697 | add   | fabric  | 0       |
|    add_ln170_1698_fu_9598_p2                                 | -   |        | add_ln170_1698 | add   | fabric  | 0       |
|    add_ln170_1699_fu_9608_p2                                 | -   |        | add_ln170_1699 | add   | fabric  | 0       |
|    add_ln170_1700_fu_9617_p2                                 | -   |        | add_ln170_1700 | add   | fabric  | 0       |
|    add_ln170_1701_fu_9637_p2                                 | -   |        | add_ln170_1701 | add   | fabric  | 0       |
|    add_ln170_1702_fu_9646_p2                                 | -   |        | add_ln170_1702 | add   | fabric  | 0       |
|    add_ln170_1703_fu_9656_p2                                 | -   |        | add_ln170_1703 | add   | fabric  | 0       |
|    add_ln170_1704_fu_9665_p2                                 | -   |        | add_ln170_1704 | add   | fabric  | 0       |
|    add_ln170_1705_fu_9685_p2                                 | -   |        | add_ln170_1705 | add   | fabric  | 0       |
|    add_ln170_1706_fu_9694_p2                                 | -   |        | add_ln170_1706 | add   | fabric  | 0       |
|    add_ln170_1707_fu_9704_p2                                 | -   |        | add_ln170_1707 | add   | fabric  | 0       |
|    add_ln170_1708_fu_9713_p2                                 | -   |        | add_ln170_1708 | add   | fabric  | 0       |
|    add_ln170_1709_fu_9733_p2                                 | -   |        | add_ln170_1709 | add   | fabric  | 0       |
|    add_ln170_1710_fu_9742_p2                                 | -   |        | add_ln170_1710 | add   | fabric  | 0       |
|    add_ln170_1711_fu_9752_p2                                 | -   |        | add_ln170_1711 | add   | fabric  | 0       |
|    add_ln170_1712_fu_9761_p2                                 | -   |        | add_ln170_1712 | add   | fabric  | 0       |
|    add_ln170_1713_fu_9781_p2                                 | -   |        | add_ln170_1713 | add   | fabric  | 0       |
|    add_ln170_1714_fu_9790_p2                                 | -   |        | add_ln170_1714 | add   | fabric  | 0       |
|    add_ln170_1715_fu_9800_p2                                 | -   |        | add_ln170_1715 | add   | fabric  | 0       |
|    add_ln170_1716_fu_9809_p2                                 | -   |        | add_ln170_1716 | add   | fabric  | 0       |
|    add_ln170_1717_fu_9829_p2                                 | -   |        | add_ln170_1717 | add   | fabric  | 0       |
|    add_ln170_1718_fu_9838_p2                                 | -   |        | add_ln170_1718 | add   | fabric  | 0       |
|    add_ln170_1719_fu_9848_p2                                 | -   |        | add_ln170_1719 | add   | fabric  | 0       |
|    add_ln170_1720_fu_9857_p2                                 | -   |        | add_ln170_1720 | add   | fabric  | 0       |
|    add_ln170_1721_fu_9877_p2                                 | -   |        | add_ln170_1721 | add   | fabric  | 0       |
|    add_ln170_1722_fu_9886_p2                                 | -   |        | add_ln170_1722 | add   | fabric  | 0       |
|    add_ln170_1723_fu_9896_p2                                 | -   |        | add_ln170_1723 | add   | fabric  | 0       |
|    add_ln170_1724_fu_9905_p2                                 | -   |        | add_ln170_1724 | add   | fabric  | 0       |
|    add_ln170_1725_fu_9925_p2                                 | -   |        | add_ln170_1725 | add   | fabric  | 0       |
|    add_ln170_1726_fu_9934_p2                                 | -   |        | add_ln170_1726 | add   | fabric  | 0       |
|    add_ln170_1727_fu_9944_p2                                 | -   |        | add_ln170_1727 | add   | fabric  | 0       |
|    add_ln170_1728_fu_9953_p2                                 | -   |        | add_ln170_1728 | add   | fabric  | 0       |
|    add_ln170_1729_fu_9973_p2                                 | -   |        | add_ln170_1729 | add   | fabric  | 0       |
|    add_ln170_1730_fu_9982_p2                                 | -   |        | add_ln170_1730 | add   | fabric  | 0       |
|    add_ln170_1731_fu_9992_p2                                 | -   |        | add_ln170_1731 | add   | fabric  | 0       |
|    add_ln170_1732_fu_10001_p2                                | -   |        | add_ln170_1732 | add   | fabric  | 0       |
|    add_ln170_1733_fu_10021_p2                                | -   |        | add_ln170_1733 | add   | fabric  | 0       |
|    add_ln170_1734_fu_10030_p2                                | -   |        | add_ln170_1734 | add   | fabric  | 0       |
|    add_ln170_1735_fu_10040_p2                                | -   |        | add_ln170_1735 | add   | fabric  | 0       |
|    add_ln170_1736_fu_10049_p2                                | -   |        | add_ln170_1736 | add   | fabric  | 0       |
|    add_ln170_1737_fu_10069_p2                                | -   |        | add_ln170_1737 | add   | fabric  | 0       |
|    add_ln170_1738_fu_10078_p2                                | -   |        | add_ln170_1738 | add   | fabric  | 0       |
|    add_ln170_1739_fu_10088_p2                                | -   |        | add_ln170_1739 | add   | fabric  | 0       |
|    add_ln170_1740_fu_10097_p2                                | -   |        | add_ln170_1740 | add   | fabric  | 0       |
|    add_ln170_1741_fu_10117_p2                                | -   |        | add_ln170_1741 | add   | fabric  | 0       |
|    add_ln170_1742_fu_10126_p2                                | -   |        | add_ln170_1742 | add   | fabric  | 0       |
|    add_ln170_1743_fu_10136_p2                                | -   |        | add_ln170_1743 | add   | fabric  | 0       |
|    add_ln170_1744_fu_10145_p2                                | -   |        | add_ln170_1744 | add   | fabric  | 0       |
|    add_ln170_1745_fu_10165_p2                                | -   |        | add_ln170_1745 | add   | fabric  | 0       |
|    add_ln170_1746_fu_10174_p2                                | -   |        | add_ln170_1746 | add   | fabric  | 0       |
|    add_ln170_1747_fu_10184_p2                                | -   |        | add_ln170_1747 | add   | fabric  | 0       |
|    add_ln170_1748_fu_10193_p2                                | -   |        | add_ln170_1748 | add   | fabric  | 0       |
|    add_ln170_1749_fu_10213_p2                                | -   |        | add_ln170_1749 | add   | fabric  | 0       |
|    add_ln170_1750_fu_10222_p2                                | -   |        | add_ln170_1750 | add   | fabric  | 0       |
|    add_ln170_1751_fu_10232_p2                                | -   |        | add_ln170_1751 | add   | fabric  | 0       |
|    add_ln170_1752_fu_10241_p2                                | -   |        | add_ln170_1752 | add   | fabric  | 0       |
|    add_ln170_1753_fu_10261_p2                                | -   |        | add_ln170_1753 | add   | fabric  | 0       |
|    add_ln170_1754_fu_10270_p2                                | -   |        | add_ln170_1754 | add   | fabric  | 0       |
|    add_ln170_1755_fu_10280_p2                                | -   |        | add_ln170_1755 | add   | fabric  | 0       |
|    add_ln170_1756_fu_10289_p2                                | -   |        | add_ln170_1756 | add   | fabric  | 0       |
|    add_ln170_1757_fu_10309_p2                                | -   |        | add_ln170_1757 | add   | fabric  | 0       |
|    add_ln170_1758_fu_10318_p2                                | -   |        | add_ln170_1758 | add   | fabric  | 0       |
|    add_ln170_1759_fu_10328_p2                                | -   |        | add_ln170_1759 | add   | fabric  | 0       |
|    add_ln170_1760_fu_10337_p2                                | -   |        | add_ln170_1760 | add   | fabric  | 0       |
|    add_ln170_1761_fu_10357_p2                                | -   |        | add_ln170_1761 | add   | fabric  | 0       |
|    add_ln170_1762_fu_10366_p2                                | -   |        | add_ln170_1762 | add   | fabric  | 0       |
|    add_ln170_1763_fu_10376_p2                                | -   |        | add_ln170_1763 | add   | fabric  | 0       |
|    add_ln170_1764_fu_10385_p2                                | -   |        | add_ln170_1764 | add   | fabric  | 0       |
|    add_ln170_1765_fu_10405_p2                                | -   |        | add_ln170_1765 | add   | fabric  | 0       |
|    add_ln170_1766_fu_10414_p2                                | -   |        | add_ln170_1766 | add   | fabric  | 0       |
|    add_ln170_1767_fu_10424_p2                                | -   |        | add_ln170_1767 | add   | fabric  | 0       |
|    add_ln170_1768_fu_10433_p2                                | -   |        | add_ln170_1768 | add   | fabric  | 0       |
|    add_ln170_1769_fu_10453_p2                                | -   |        | add_ln170_1769 | add   | fabric  | 0       |
|    add_ln170_1770_fu_10462_p2                                | -   |        | add_ln170_1770 | add   | fabric  | 0       |
|    add_ln170_1771_fu_10472_p2                                | -   |        | add_ln170_1771 | add   | fabric  | 0       |
|    add_ln170_1772_fu_10481_p2                                | -   |        | add_ln170_1772 | add   | fabric  | 0       |
|    add_ln170_1773_fu_10501_p2                                | -   |        | add_ln170_1773 | add   | fabric  | 0       |
|    add_ln170_1774_fu_10510_p2                                | -   |        | add_ln170_1774 | add   | fabric  | 0       |
|    add_ln170_1775_fu_10520_p2                                | -   |        | add_ln170_1775 | add   | fabric  | 0       |
|    add_ln170_1776_fu_10529_p2                                | -   |        | add_ln170_1776 | add   | fabric  | 0       |
|    add_ln170_1777_fu_10549_p2                                | -   |        | add_ln170_1777 | add   | fabric  | 0       |
|    add_ln170_1778_fu_10558_p2                                | -   |        | add_ln170_1778 | add   | fabric  | 0       |
|    add_ln170_1779_fu_10568_p2                                | -   |        | add_ln170_1779 | add   | fabric  | 0       |
|    add_ln170_1780_fu_10577_p2                                | -   |        | add_ln170_1780 | add   | fabric  | 0       |
|    add_ln170_1781_fu_10597_p2                                | -   |        | add_ln170_1781 | add   | fabric  | 0       |
|    add_ln170_1782_fu_10606_p2                                | -   |        | add_ln170_1782 | add   | fabric  | 0       |
|    add_ln170_1783_fu_10616_p2                                | -   |        | add_ln170_1783 | add   | fabric  | 0       |
|    add_ln170_1784_fu_10625_p2                                | -   |        | add_ln170_1784 | add   | fabric  | 0       |
|    add_ln170_1785_fu_10645_p2                                | -   |        | add_ln170_1785 | add   | fabric  | 0       |
|    add_ln170_1786_fu_10654_p2                                | -   |        | add_ln170_1786 | add   | fabric  | 0       |
|    add_ln170_1787_fu_10664_p2                                | -   |        | add_ln170_1787 | add   | fabric  | 0       |
|    add_ln170_1788_fu_10673_p2                                | -   |        | add_ln170_1788 | add   | fabric  | 0       |
|    add_ln170_1789_fu_10693_p2                                | -   |        | add_ln170_1789 | add   | fabric  | 0       |
|    add_ln170_1790_fu_10702_p2                                | -   |        | add_ln170_1790 | add   | fabric  | 0       |
|    add_ln170_1791_fu_10712_p2                                | -   |        | add_ln170_1791 | add   | fabric  | 0       |
|    add_ln170_1792_fu_10721_p2                                | -   |        | add_ln170_1792 | add   | fabric  | 0       |
|    add_ln170_1793_fu_10741_p2                                | -   |        | add_ln170_1793 | add   | fabric  | 0       |
|    add_ln170_1794_fu_10750_p2                                | -   |        | add_ln170_1794 | add   | fabric  | 0       |
|    add_ln170_1795_fu_10760_p2                                | -   |        | add_ln170_1795 | add   | fabric  | 0       |
|    add_ln170_1796_fu_10769_p2                                | -   |        | add_ln170_1796 | add   | fabric  | 0       |
|    add_ln170_1797_fu_10789_p2                                | -   |        | add_ln170_1797 | add   | fabric  | 0       |
|    add_ln170_1798_fu_10798_p2                                | -   |        | add_ln170_1798 | add   | fabric  | 0       |
|    add_ln170_1799_fu_10808_p2                                | -   |        | add_ln170_1799 | add   | fabric  | 0       |
|    add_ln170_1800_fu_10817_p2                                | -   |        | add_ln170_1800 | add   | fabric  | 0       |
|    add_ln170_1801_fu_10837_p2                                | -   |        | add_ln170_1801 | add   | fabric  | 0       |
|    add_ln170_1802_fu_10846_p2                                | -   |        | add_ln170_1802 | add   | fabric  | 0       |
|    add_ln170_1803_fu_10856_p2                                | -   |        | add_ln170_1803 | add   | fabric  | 0       |
|    add_ln170_1804_fu_10865_p2                                | -   |        | add_ln170_1804 | add   | fabric  | 0       |
|    add_ln170_1805_fu_10885_p2                                | -   |        | add_ln170_1805 | add   | fabric  | 0       |
|    add_ln170_1806_fu_10894_p2                                | -   |        | add_ln170_1806 | add   | fabric  | 0       |
|    add_ln170_1807_fu_10904_p2                                | -   |        | add_ln170_1807 | add   | fabric  | 0       |
|    add_ln170_1808_fu_10913_p2                                | -   |        | add_ln170_1808 | add   | fabric  | 0       |
|    add_ln170_1809_fu_10933_p2                                | -   |        | add_ln170_1809 | add   | fabric  | 0       |
|    add_ln170_1810_fu_10942_p2                                | -   |        | add_ln170_1810 | add   | fabric  | 0       |
|    add_ln170_1811_fu_10952_p2                                | -   |        | add_ln170_1811 | add   | fabric  | 0       |
|    add_ln170_1812_fu_10961_p2                                | -   |        | add_ln170_1812 | add   | fabric  | 0       |
|    add_ln170_1813_fu_10981_p2                                | -   |        | add_ln170_1813 | add   | fabric  | 0       |
|    add_ln170_1814_fu_10990_p2                                | -   |        | add_ln170_1814 | add   | fabric  | 0       |
|    add_ln170_1815_fu_11000_p2                                | -   |        | add_ln170_1815 | add   | fabric  | 0       |
|    add_ln170_1816_fu_11009_p2                                | -   |        | add_ln170_1816 | add   | fabric  | 0       |
|    add_ln170_1817_fu_11029_p2                                | -   |        | add_ln170_1817 | add   | fabric  | 0       |
|    add_ln170_1818_fu_11038_p2                                | -   |        | add_ln170_1818 | add   | fabric  | 0       |
|    add_ln170_1819_fu_11048_p2                                | -   |        | add_ln170_1819 | add   | fabric  | 0       |
|    add_ln170_1820_fu_11057_p2                                | -   |        | add_ln170_1820 | add   | fabric  | 0       |
|    add_ln170_1821_fu_11077_p2                                | -   |        | add_ln170_1821 | add   | fabric  | 0       |
|    add_ln170_1822_fu_11086_p2                                | -   |        | add_ln170_1822 | add   | fabric  | 0       |
|    add_ln170_1823_fu_11096_p2                                | -   |        | add_ln170_1823 | add   | fabric  | 0       |
|    add_ln170_1824_fu_11105_p2                                | -   |        | add_ln170_1824 | add   | fabric  | 0       |
|    add_ln170_1825_fu_11125_p2                                | -   |        | add_ln170_1825 | add   | fabric  | 0       |
|    add_ln170_1826_fu_11134_p2                                | -   |        | add_ln170_1826 | add   | fabric  | 0       |
|    add_ln170_1827_fu_11144_p2                                | -   |        | add_ln170_1827 | add   | fabric  | 0       |
|    add_ln170_1828_fu_11153_p2                                | -   |        | add_ln170_1828 | add   | fabric  | 0       |
|    add_ln170_1829_fu_11173_p2                                | -   |        | add_ln170_1829 | add   | fabric  | 0       |
|    add_ln170_1830_fu_11182_p2                                | -   |        | add_ln170_1830 | add   | fabric  | 0       |
|    add_ln170_1831_fu_11192_p2                                | -   |        | add_ln170_1831 | add   | fabric  | 0       |
|    add_ln170_1832_fu_11201_p2                                | -   |        | add_ln170_1832 | add   | fabric  | 0       |
|    add_ln170_1833_fu_11221_p2                                | -   |        | add_ln170_1833 | add   | fabric  | 0       |
|    add_ln170_1834_fu_11230_p2                                | -   |        | add_ln170_1834 | add   | fabric  | 0       |
|    add_ln170_1835_fu_11240_p2                                | -   |        | add_ln170_1835 | add   | fabric  | 0       |
|    add_ln170_1836_fu_11249_p2                                | -   |        | add_ln170_1836 | add   | fabric  | 0       |
|    add_ln170_1837_fu_11269_p2                                | -   |        | add_ln170_1837 | add   | fabric  | 0       |
|    add_ln170_1838_fu_11278_p2                                | -   |        | add_ln170_1838 | add   | fabric  | 0       |
|    add_ln170_1839_fu_11288_p2                                | -   |        | add_ln170_1839 | add   | fabric  | 0       |
|    add_ln170_1840_fu_11297_p2                                | -   |        | add_ln170_1840 | add   | fabric  | 0       |
|    add_ln170_1841_fu_11317_p2                                | -   |        | add_ln170_1841 | add   | fabric  | 0       |
|    add_ln170_1842_fu_11326_p2                                | -   |        | add_ln170_1842 | add   | fabric  | 0       |
|    add_ln170_1843_fu_11336_p2                                | -   |        | add_ln170_1843 | add   | fabric  | 0       |
|    add_ln170_1844_fu_11345_p2                                | -   |        | add_ln170_1844 | add   | fabric  | 0       |
|    add_ln170_1845_fu_11365_p2                                | -   |        | add_ln170_1845 | add   | fabric  | 0       |
|    add_ln170_1846_fu_11374_p2                                | -   |        | add_ln170_1846 | add   | fabric  | 0       |
|    add_ln170_1847_fu_11384_p2                                | -   |        | add_ln170_1847 | add   | fabric  | 0       |
|    add_ln170_1848_fu_11393_p2                                | -   |        | add_ln170_1848 | add   | fabric  | 0       |
|    add_ln170_1849_fu_11413_p2                                | -   |        | add_ln170_1849 | add   | fabric  | 0       |
|    add_ln170_1850_fu_11422_p2                                | -   |        | add_ln170_1850 | add   | fabric  | 0       |
|    add_ln170_1851_fu_11432_p2                                | -   |        | add_ln170_1851 | add   | fabric  | 0       |
|    add_ln170_1852_fu_11441_p2                                | -   |        | add_ln170_1852 | add   | fabric  | 0       |
|    add_ln170_1853_fu_11461_p2                                | -   |        | add_ln170_1853 | add   | fabric  | 0       |
|    add_ln170_1854_fu_11470_p2                                | -   |        | add_ln170_1854 | add   | fabric  | 0       |
|    add_ln172_fu_5739_p2                                      | -   |        | add_ln172      | add   | fabric  | 0       |
|    add_ln163_fu_5453_p2                                      | -   |        | add_ln163      | add   | fabric  | 0       |
|  + transformer_blk_s4_top_Pipeline_AR                        | 0   |        |                |       |         |         |
|    add_ln338_fu_159_p2                                       | -   |        | add_ln338      | add   | fabric  | 0       |
|  + transformer_blk_s4_top_Pipeline_LN_MEAN4                  | 0   |        |                |       |         |         |
|    add_ln92_fu_1027_p2                                       | -   |        | add_ln92       | add   | fabric  | 0       |
|    add_ln97_fu_1037_p2                                       | -   |        | add_ln97       | add   | fabric  | 0       |
|  + transformer_blk_s4_top_Pipeline_LF_S_LF_OD7               | 0   |        |                |       |         |         |
|    empty_fu_5177_p2                                          | -   |        | empty          | sub   | fabric  | 0       |
|    sub_ln170_fu_5033_p2                                      | -   |        | sub_ln170      | sub   | fabric  | 0       |
|    add_ln162_9_fu_5045_p2                                    | -   |        | add_ln162_9    | add   | fabric  | 0       |
|    add_ln162_fu_5068_p2                                      | -   |        | add_ln162      | add   | fabric  | 0       |
|    p_mid12039_fu_5201_p2                                     | -   |        | p_mid12039     | sub   | fabric  | 0       |
|    sub_ln170_1_fu_5094_p2                                    | -   |        | sub_ln170_1    | sub   | fabric  | 0       |
|    add_ln162_450_fu_5314_p2                                  | -   |        | add_ln162_450  | add   | fabric  | 0       |
|    add_ln162_451_fu_5327_p2                                  | -   |        | add_ln162_451  | add   | fabric  | 0       |
|    add_ln162_452_fu_5378_p2                                  | -   |        | add_ln162_452  | add   | fabric  | 0       |
|    add_ln162_453_fu_5391_p2                                  | -   |        | add_ln162_453  | add   | fabric  | 0       |
|    add_ln162_454_fu_5447_p2                                  | -   |        | add_ln162_454  | add   | fabric  | 0       |
|    add_ln162_455_fu_5460_p2                                  | -   |        | add_ln162_455  | add   | fabric  | 0       |
|    add_ln162_456_fu_5521_p2                                  | -   |        | add_ln162_456  | add   | fabric  | 0       |
|    add_ln162_457_fu_5534_p2                                  | -   |        | add_ln162_457  | add   | fabric  | 0       |
|    add_ln162_458_fu_5595_p2                                  | -   |        | add_ln162_458  | add   | fabric  | 0       |
|    add_ln162_459_fu_5608_p2                                  | -   |        | add_ln162_459  | add   | fabric  | 0       |
|    add_ln162_460_fu_5669_p2                                  | -   |        | add_ln162_460  | add   | fabric  | 0       |
|    add_ln162_461_fu_5682_p2                                  | -   |        | add_ln162_461  | add   | fabric  | 0       |
|    add_ln162_462_fu_5743_p2                                  | -   |        | add_ln162_462  | add   | fabric  | 0       |
|    add_ln162_463_fu_5756_p2                                  | -   |        | add_ln162_463  | add   | fabric  | 0       |
|    add_ln162_464_fu_5822_p2                                  | -   |        | add_ln162_464  | add   | fabric  | 0       |
|    add_ln162_465_fu_5835_p2                                  | -   |        | add_ln162_465  | add   | fabric  | 0       |
|    add_ln162_466_fu_5900_p2                                  | -   |        | add_ln162_466  | add   | fabric  | 0       |
|    add_ln162_467_fu_5913_p2                                  | -   |        | add_ln162_467  | add   | fabric  | 0       |
|    add_ln162_468_fu_5974_p2                                  | -   |        | add_ln162_468  | add   | fabric  | 0       |
|    add_ln162_469_fu_5987_p2                                  | -   |        | add_ln162_469  | add   | fabric  | 0       |
|    add_ln162_470_fu_6048_p2                                  | -   |        | add_ln162_470  | add   | fabric  | 0       |
|    add_ln162_471_fu_6061_p2                                  | -   |        | add_ln162_471  | add   | fabric  | 0       |
|    add_ln162_472_fu_6122_p2                                  | -   |        | add_ln162_472  | add   | fabric  | 0       |
|    add_ln162_473_fu_6135_p2                                  | -   |        | add_ln162_473  | add   | fabric  | 0       |
|    add_ln162_474_fu_6196_p2                                  | -   |        | add_ln162_474  | add   | fabric  | 0       |
|    add_ln162_475_fu_6209_p2                                  | -   |        | add_ln162_475  | add   | fabric  | 0       |
|    add_ln162_476_fu_6270_p2                                  | -   |        | add_ln162_476  | add   | fabric  | 0       |
|    add_ln162_477_fu_6283_p2                                  | -   |        | add_ln162_477  | add   | fabric  | 0       |
|    add_ln162_478_fu_6344_p2                                  | -   |        | add_ln162_478  | add   | fabric  | 0       |
|    add_ln162_479_fu_6357_p2                                  | -   |        | add_ln162_479  | add   | fabric  | 0       |
|    add_ln162_480_fu_6418_p2                                  | -   |        | add_ln162_480  | add   | fabric  | 0       |
|    add_ln162_481_fu_6431_p2                                  | -   |        | add_ln162_481  | add   | fabric  | 0       |
|    add_ln162_482_fu_6492_p2                                  | -   |        | add_ln162_482  | add   | fabric  | 0       |
|    add_ln162_483_fu_6505_p2                                  | -   |        | add_ln162_483  | add   | fabric  | 0       |
|    add_ln162_484_fu_6566_p2                                  | -   |        | add_ln162_484  | add   | fabric  | 0       |
|    add_ln162_485_fu_6579_p2                                  | -   |        | add_ln162_485  | add   | fabric  | 0       |
|    add_ln162_486_fu_6640_p2                                  | -   |        | add_ln162_486  | add   | fabric  | 0       |
|    add_ln162_487_fu_6653_p2                                  | -   |        | add_ln162_487  | add   | fabric  | 0       |
|    add_ln162_488_fu_6714_p2                                  | -   |        | add_ln162_488  | add   | fabric  | 0       |
|    add_ln162_489_fu_6727_p2                                  | -   |        | add_ln162_489  | add   | fabric  | 0       |
|    add_ln162_490_fu_6788_p2                                  | -   |        | add_ln162_490  | add   | fabric  | 0       |
|    add_ln162_491_fu_6801_p2                                  | -   |        | add_ln162_491  | add   | fabric  | 0       |
|    add_ln162_492_fu_6862_p2                                  | -   |        | add_ln162_492  | add   | fabric  | 0       |
|    add_ln162_493_fu_6875_p2                                  | -   |        | add_ln162_493  | add   | fabric  | 0       |
|    add_ln162_494_fu_6936_p2                                  | -   |        | add_ln162_494  | add   | fabric  | 0       |
|    add_ln162_495_fu_6949_p2                                  | -   |        | add_ln162_495  | add   | fabric  | 0       |
|    add_ln162_496_fu_7010_p2                                  | -   |        | add_ln162_496  | add   | fabric  | 0       |
|    add_ln162_497_fu_7023_p2                                  | -   |        | add_ln162_497  | add   | fabric  | 0       |
|    add_ln162_498_fu_7084_p2                                  | -   |        | add_ln162_498  | add   | fabric  | 0       |
|    add_ln162_499_fu_7097_p2                                  | -   |        | add_ln162_499  | add   | fabric  | 0       |
|    add_ln162_500_fu_7158_p2                                  | -   |        | add_ln162_500  | add   | fabric  | 0       |
|    add_ln162_501_fu_7171_p2                                  | -   |        | add_ln162_501  | add   | fabric  | 0       |
|    add_ln162_502_fu_7232_p2                                  | -   |        | add_ln162_502  | add   | fabric  | 0       |
|    add_ln162_503_fu_7245_p2                                  | -   |        | add_ln162_503  | add   | fabric  | 0       |
|    add_ln162_504_fu_7306_p2                                  | -   |        | add_ln162_504  | add   | fabric  | 0       |
|    add_ln162_505_fu_7319_p2                                  | -   |        | add_ln162_505  | add   | fabric  | 0       |
|    add_ln165_fu_5246_p2                                      | -   |        | add_ln165      | add   | fabric  | 0       |
|    add_ln165_2_fu_5256_p2                                    | -   |        | add_ln165_2    | add   | fabric  | 0       |
|    sub_ln170_2_fu_5288_p2                                    | -   |        | sub_ln170_2    | sub   | fabric  | 0       |
|    add_ln170_fu_5298_p2                                      | -   |        | add_ln170      | add   | fabric  | 0       |
|    add_ln170_928_fu_5349_p2                                  | -   |        | add_ln170_928  | add   | fabric  | 0       |
|    add_ln170_929_fu_5368_p2                                  | -   |        | add_ln170_929  | add   | fabric  | 0       |
|    add_ln170_930_fu_5418_p2                                  | -   |        | add_ln170_930  | add   | fabric  | 0       |
|    add_ln170_931_fu_5437_p2                                  | -   |        | add_ln170_931  | add   | fabric  | 0       |
|    add_ln170_932_fu_5492_p2                                  | -   |        | add_ln170_932  | add   | fabric  | 0       |
|    add_ln170_933_fu_5511_p2                                  | -   |        | add_ln170_933  | add   | fabric  | 0       |
|    add_ln170_934_fu_5566_p2                                  | -   |        | add_ln170_934  | add   | fabric  | 0       |
|    add_ln170_935_fu_5585_p2                                  | -   |        | add_ln170_935  | add   | fabric  | 0       |
|    add_ln170_936_fu_5640_p2                                  | -   |        | add_ln170_936  | add   | fabric  | 0       |
|    add_ln170_937_fu_5659_p2                                  | -   |        | add_ln170_937  | add   | fabric  | 0       |
|    add_ln170_938_fu_5714_p2                                  | -   |        | add_ln170_938  | add   | fabric  | 0       |
|    add_ln170_939_fu_5733_p2                                  | -   |        | add_ln170_939  | add   | fabric  | 0       |
|    add_ln170_940_fu_5793_p2                                  | -   |        | add_ln170_940  | add   | fabric  | 0       |
|    add_ln170_941_fu_5812_p2                                  | -   |        | add_ln170_941  | add   | fabric  | 0       |
|    add_ln170_942_fu_5870_p2                                  | -   |        | add_ln170_942  | add   | fabric  | 0       |
|    add_ln170_943_fu_5880_p2                                  | -   |        | add_ln170_943  | add   | fabric  | 0       |
|    add_ln170_944_fu_5890_p2                                  | -   |        | add_ln170_944  | add   | fabric  | 0       |
|    add_ln170_945_fu_5936_p2                                  | -   |        | add_ln170_945  | add   | fabric  | 0       |
|    add_ln170_946_fu_5945_p2                                  | -   |        | add_ln170_946  | add   | fabric  | 0       |
|    add_ln170_947_fu_5955_p2                                  | -   |        | add_ln170_947  | add   | fabric  | 0       |
|    add_ln170_948_fu_5964_p2                                  | -   |        | add_ln170_948  | add   | fabric  | 0       |
|    add_ln170_949_fu_6010_p2                                  | -   |        | add_ln170_949  | add   | fabric  | 0       |
|    add_ln170_950_fu_6019_p2                                  | -   |        | add_ln170_950  | add   | fabric  | 0       |
|    add_ln170_951_fu_6029_p2                                  | -   |        | add_ln170_951  | add   | fabric  | 0       |
|    add_ln170_952_fu_6038_p2                                  | -   |        | add_ln170_952  | add   | fabric  | 0       |
|    add_ln170_953_fu_6084_p2                                  | -   |        | add_ln170_953  | add   | fabric  | 0       |
|    add_ln170_954_fu_6093_p2                                  | -   |        | add_ln170_954  | add   | fabric  | 0       |
|    add_ln170_955_fu_6103_p2                                  | -   |        | add_ln170_955  | add   | fabric  | 0       |
|    add_ln170_956_fu_6112_p2                                  | -   |        | add_ln170_956  | add   | fabric  | 0       |
|    add_ln170_957_fu_6158_p2                                  | -   |        | add_ln170_957  | add   | fabric  | 0       |
|    add_ln170_958_fu_6167_p2                                  | -   |        | add_ln170_958  | add   | fabric  | 0       |
|    add_ln170_959_fu_6177_p2                                  | -   |        | add_ln170_959  | add   | fabric  | 0       |
|    add_ln170_960_fu_6186_p2                                  | -   |        | add_ln170_960  | add   | fabric  | 0       |
|    add_ln170_961_fu_6232_p2                                  | -   |        | add_ln170_961  | add   | fabric  | 0       |
|    add_ln170_962_fu_6241_p2                                  | -   |        | add_ln170_962  | add   | fabric  | 0       |
|    add_ln170_963_fu_6251_p2                                  | -   |        | add_ln170_963  | add   | fabric  | 0       |
|    add_ln170_964_fu_6260_p2                                  | -   |        | add_ln170_964  | add   | fabric  | 0       |
|    add_ln170_965_fu_6306_p2                                  | -   |        | add_ln170_965  | add   | fabric  | 0       |
|    add_ln170_966_fu_6315_p2                                  | -   |        | add_ln170_966  | add   | fabric  | 0       |
|    add_ln170_967_fu_6325_p2                                  | -   |        | add_ln170_967  | add   | fabric  | 0       |
|    add_ln170_968_fu_6334_p2                                  | -   |        | add_ln170_968  | add   | fabric  | 0       |
|    add_ln170_969_fu_6380_p2                                  | -   |        | add_ln170_969  | add   | fabric  | 0       |
|    add_ln170_970_fu_6389_p2                                  | -   |        | add_ln170_970  | add   | fabric  | 0       |
|    add_ln170_971_fu_6399_p2                                  | -   |        | add_ln170_971  | add   | fabric  | 0       |
|    add_ln170_972_fu_6408_p2                                  | -   |        | add_ln170_972  | add   | fabric  | 0       |
|    add_ln170_973_fu_6454_p2                                  | -   |        | add_ln170_973  | add   | fabric  | 0       |
|    add_ln170_974_fu_6463_p2                                  | -   |        | add_ln170_974  | add   | fabric  | 0       |
|    add_ln170_975_fu_6473_p2                                  | -   |        | add_ln170_975  | add   | fabric  | 0       |
|    add_ln170_976_fu_6482_p2                                  | -   |        | add_ln170_976  | add   | fabric  | 0       |
|    add_ln170_977_fu_6528_p2                                  | -   |        | add_ln170_977  | add   | fabric  | 0       |
|    add_ln170_978_fu_6537_p2                                  | -   |        | add_ln170_978  | add   | fabric  | 0       |
|    add_ln170_979_fu_6547_p2                                  | -   |        | add_ln170_979  | add   | fabric  | 0       |
|    add_ln170_980_fu_6556_p2                                  | -   |        | add_ln170_980  | add   | fabric  | 0       |
|    add_ln170_981_fu_6602_p2                                  | -   |        | add_ln170_981  | add   | fabric  | 0       |
|    add_ln170_982_fu_6611_p2                                  | -   |        | add_ln170_982  | add   | fabric  | 0       |
|    add_ln170_983_fu_6621_p2                                  | -   |        | add_ln170_983  | add   | fabric  | 0       |
|    add_ln170_984_fu_6630_p2                                  | -   |        | add_ln170_984  | add   | fabric  | 0       |
|    add_ln170_985_fu_6676_p2                                  | -   |        | add_ln170_985  | add   | fabric  | 0       |
|    add_ln170_986_fu_6685_p2                                  | -   |        | add_ln170_986  | add   | fabric  | 0       |
|    add_ln170_987_fu_6695_p2                                  | -   |        | add_ln170_987  | add   | fabric  | 0       |
|    add_ln170_988_fu_6704_p2                                  | -   |        | add_ln170_988  | add   | fabric  | 0       |
|    add_ln170_989_fu_6750_p2                                  | -   |        | add_ln170_989  | add   | fabric  | 0       |
|    add_ln170_990_fu_6759_p2                                  | -   |        | add_ln170_990  | add   | fabric  | 0       |
|    add_ln170_991_fu_6769_p2                                  | -   |        | add_ln170_991  | add   | fabric  | 0       |
|    add_ln170_992_fu_6778_p2                                  | -   |        | add_ln170_992  | add   | fabric  | 0       |
|    add_ln170_993_fu_6824_p2                                  | -   |        | add_ln170_993  | add   | fabric  | 0       |
|    add_ln170_994_fu_6833_p2                                  | -   |        | add_ln170_994  | add   | fabric  | 0       |
|    add_ln170_995_fu_6843_p2                                  | -   |        | add_ln170_995  | add   | fabric  | 0       |
|    add_ln170_996_fu_6852_p2                                  | -   |        | add_ln170_996  | add   | fabric  | 0       |
|    add_ln170_997_fu_6898_p2                                  | -   |        | add_ln170_997  | add   | fabric  | 0       |
|    add_ln170_998_fu_6907_p2                                  | -   |        | add_ln170_998  | add   | fabric  | 0       |
|    add_ln170_999_fu_6917_p2                                  | -   |        | add_ln170_999  | add   | fabric  | 0       |
|    add_ln170_1000_fu_6926_p2                                 | -   |        | add_ln170_1000 | add   | fabric  | 0       |
|    add_ln170_1001_fu_6972_p2                                 | -   |        | add_ln170_1001 | add   | fabric  | 0       |
|    add_ln170_1002_fu_6981_p2                                 | -   |        | add_ln170_1002 | add   | fabric  | 0       |
|    add_ln170_1003_fu_6991_p2                                 | -   |        | add_ln170_1003 | add   | fabric  | 0       |
|    add_ln170_1004_fu_7000_p2                                 | -   |        | add_ln170_1004 | add   | fabric  | 0       |
|    add_ln170_1005_fu_7046_p2                                 | -   |        | add_ln170_1005 | add   | fabric  | 0       |
|    add_ln170_1006_fu_7055_p2                                 | -   |        | add_ln170_1006 | add   | fabric  | 0       |
|    add_ln170_1007_fu_7065_p2                                 | -   |        | add_ln170_1007 | add   | fabric  | 0       |
|    add_ln170_1008_fu_7074_p2                                 | -   |        | add_ln170_1008 | add   | fabric  | 0       |
|    add_ln170_1009_fu_7120_p2                                 | -   |        | add_ln170_1009 | add   | fabric  | 0       |
|    add_ln170_1010_fu_7129_p2                                 | -   |        | add_ln170_1010 | add   | fabric  | 0       |
|    add_ln170_1011_fu_7139_p2                                 | -   |        | add_ln170_1011 | add   | fabric  | 0       |
|    add_ln170_1012_fu_7148_p2                                 | -   |        | add_ln170_1012 | add   | fabric  | 0       |
|    add_ln170_1013_fu_7194_p2                                 | -   |        | add_ln170_1013 | add   | fabric  | 0       |
|    add_ln170_1014_fu_7203_p2                                 | -   |        | add_ln170_1014 | add   | fabric  | 0       |
|    add_ln170_1015_fu_7213_p2                                 | -   |        | add_ln170_1015 | add   | fabric  | 0       |
|    add_ln170_1016_fu_7222_p2                                 | -   |        | add_ln170_1016 | add   | fabric  | 0       |
|    add_ln170_1017_fu_7268_p2                                 | -   |        | add_ln170_1017 | add   | fabric  | 0       |
|    add_ln170_1018_fu_7277_p2                                 | -   |        | add_ln170_1018 | add   | fabric  | 0       |
|    add_ln170_1019_fu_7287_p2                                 | -   |        | add_ln170_1019 | add   | fabric  | 0       |
|    add_ln170_1020_fu_7296_p2                                 | -   |        | add_ln170_1020 | add   | fabric  | 0       |
|    add_ln170_1021_fu_7342_p2                                 | -   |        | add_ln170_1021 | add   | fabric  | 0       |
|    add_ln170_1022_fu_7351_p2                                 | -   |        | add_ln170_1022 | add   | fabric  | 0       |
|    add_ln170_1023_fu_7361_p2                                 | -   |        | add_ln170_1023 | add   | fabric  | 0       |
|    add_ln170_1024_fu_7370_p2                                 | -   |        | add_ln170_1024 | add   | fabric  | 0       |
|    add_ln170_1025_fu_7390_p2                                 | -   |        | add_ln170_1025 | add   | fabric  | 0       |
|    add_ln170_1026_fu_7399_p2                                 | -   |        | add_ln170_1026 | add   | fabric  | 0       |
|    add_ln170_1027_fu_7409_p2                                 | -   |        | add_ln170_1027 | add   | fabric  | 0       |
|    add_ln170_1028_fu_7418_p2                                 | -   |        | add_ln170_1028 | add   | fabric  | 0       |
|    add_ln170_1029_fu_7438_p2                                 | -   |        | add_ln170_1029 | add   | fabric  | 0       |
|    add_ln170_1030_fu_7447_p2                                 | -   |        | add_ln170_1030 | add   | fabric  | 0       |
|    add_ln170_1031_fu_7457_p2                                 | -   |        | add_ln170_1031 | add   | fabric  | 0       |
|    add_ln170_1032_fu_7466_p2                                 | -   |        | add_ln170_1032 | add   | fabric  | 0       |
|    add_ln170_1033_fu_7486_p2                                 | -   |        | add_ln170_1033 | add   | fabric  | 0       |
|    add_ln170_1034_fu_7495_p2                                 | -   |        | add_ln170_1034 | add   | fabric  | 0       |
|    add_ln170_1035_fu_7505_p2                                 | -   |        | add_ln170_1035 | add   | fabric  | 0       |
|    add_ln170_1036_fu_7514_p2                                 | -   |        | add_ln170_1036 | add   | fabric  | 0       |
|    add_ln170_1037_fu_7534_p2                                 | -   |        | add_ln170_1037 | add   | fabric  | 0       |
|    add_ln170_1038_fu_7543_p2                                 | -   |        | add_ln170_1038 | add   | fabric  | 0       |
|    add_ln170_1039_fu_7553_p2                                 | -   |        | add_ln170_1039 | add   | fabric  | 0       |
|    add_ln170_1040_fu_7562_p2                                 | -   |        | add_ln170_1040 | add   | fabric  | 0       |
|    add_ln170_1041_fu_7582_p2                                 | -   |        | add_ln170_1041 | add   | fabric  | 0       |
|    add_ln170_1042_fu_7591_p2                                 | -   |        | add_ln170_1042 | add   | fabric  | 0       |
|    add_ln170_1043_fu_7601_p2                                 | -   |        | add_ln170_1043 | add   | fabric  | 0       |
|    add_ln170_1044_fu_7610_p2                                 | -   |        | add_ln170_1044 | add   | fabric  | 0       |
|    add_ln170_1045_fu_7630_p2                                 | -   |        | add_ln170_1045 | add   | fabric  | 0       |
|    add_ln170_1046_fu_7639_p2                                 | -   |        | add_ln170_1046 | add   | fabric  | 0       |
|    add_ln170_1047_fu_7649_p2                                 | -   |        | add_ln170_1047 | add   | fabric  | 0       |
|    add_ln170_1048_fu_7658_p2                                 | -   |        | add_ln170_1048 | add   | fabric  | 0       |
|    add_ln170_1049_fu_7678_p2                                 | -   |        | add_ln170_1049 | add   | fabric  | 0       |
|    add_ln170_1050_fu_7687_p2                                 | -   |        | add_ln170_1050 | add   | fabric  | 0       |
|    add_ln170_1051_fu_7697_p2                                 | -   |        | add_ln170_1051 | add   | fabric  | 0       |
|    add_ln170_1052_fu_7706_p2                                 | -   |        | add_ln170_1052 | add   | fabric  | 0       |
|    add_ln170_1053_fu_7726_p2                                 | -   |        | add_ln170_1053 | add   | fabric  | 0       |
|    add_ln170_1054_fu_7735_p2                                 | -   |        | add_ln170_1054 | add   | fabric  | 0       |
|    add_ln170_1055_fu_7745_p2                                 | -   |        | add_ln170_1055 | add   | fabric  | 0       |
|    add_ln170_1056_fu_7754_p2                                 | -   |        | add_ln170_1056 | add   | fabric  | 0       |
|    add_ln170_1057_fu_7774_p2                                 | -   |        | add_ln170_1057 | add   | fabric  | 0       |
|    add_ln170_1058_fu_7783_p2                                 | -   |        | add_ln170_1058 | add   | fabric  | 0       |
|    add_ln170_1059_fu_7793_p2                                 | -   |        | add_ln170_1059 | add   | fabric  | 0       |
|    add_ln170_1060_fu_7802_p2                                 | -   |        | add_ln170_1060 | add   | fabric  | 0       |
|    add_ln170_1061_fu_7822_p2                                 | -   |        | add_ln170_1061 | add   | fabric  | 0       |
|    add_ln170_1062_fu_7831_p2                                 | -   |        | add_ln170_1062 | add   | fabric  | 0       |
|    add_ln170_1063_fu_7841_p2                                 | -   |        | add_ln170_1063 | add   | fabric  | 0       |
|    add_ln170_1064_fu_7850_p2                                 | -   |        | add_ln170_1064 | add   | fabric  | 0       |
|    add_ln170_1065_fu_7870_p2                                 | -   |        | add_ln170_1065 | add   | fabric  | 0       |
|    add_ln170_1066_fu_7879_p2                                 | -   |        | add_ln170_1066 | add   | fabric  | 0       |
|    add_ln170_1067_fu_7889_p2                                 | -   |        | add_ln170_1067 | add   | fabric  | 0       |
|    add_ln170_1068_fu_7898_p2                                 | -   |        | add_ln170_1068 | add   | fabric  | 0       |
|    add_ln170_1069_fu_7918_p2                                 | -   |        | add_ln170_1069 | add   | fabric  | 0       |
|    add_ln170_1070_fu_7927_p2                                 | -   |        | add_ln170_1070 | add   | fabric  | 0       |
|    add_ln170_1071_fu_7937_p2                                 | -   |        | add_ln170_1071 | add   | fabric  | 0       |
|    add_ln170_1072_fu_7946_p2                                 | -   |        | add_ln170_1072 | add   | fabric  | 0       |
|    add_ln170_1073_fu_7966_p2                                 | -   |        | add_ln170_1073 | add   | fabric  | 0       |
|    add_ln170_1074_fu_7975_p2                                 | -   |        | add_ln170_1074 | add   | fabric  | 0       |
|    add_ln170_1075_fu_7985_p2                                 | -   |        | add_ln170_1075 | add   | fabric  | 0       |
|    add_ln170_1076_fu_7994_p2                                 | -   |        | add_ln170_1076 | add   | fabric  | 0       |
|    add_ln170_1077_fu_8014_p2                                 | -   |        | add_ln170_1077 | add   | fabric  | 0       |
|    add_ln170_1078_fu_8023_p2                                 | -   |        | add_ln170_1078 | add   | fabric  | 0       |
|    add_ln170_1079_fu_8033_p2                                 | -   |        | add_ln170_1079 | add   | fabric  | 0       |
|    add_ln170_1080_fu_8042_p2                                 | -   |        | add_ln170_1080 | add   | fabric  | 0       |
|    add_ln170_1081_fu_8062_p2                                 | -   |        | add_ln170_1081 | add   | fabric  | 0       |
|    add_ln170_1082_fu_8071_p2                                 | -   |        | add_ln170_1082 | add   | fabric  | 0       |
|    add_ln170_1083_fu_8081_p2                                 | -   |        | add_ln170_1083 | add   | fabric  | 0       |
|    add_ln170_1084_fu_8090_p2                                 | -   |        | add_ln170_1084 | add   | fabric  | 0       |
|    add_ln170_1085_fu_8110_p2                                 | -   |        | add_ln170_1085 | add   | fabric  | 0       |
|    add_ln170_1086_fu_8119_p2                                 | -   |        | add_ln170_1086 | add   | fabric  | 0       |
|    add_ln170_1087_fu_8129_p2                                 | -   |        | add_ln170_1087 | add   | fabric  | 0       |
|    add_ln170_1088_fu_8138_p2                                 | -   |        | add_ln170_1088 | add   | fabric  | 0       |
|    add_ln170_1089_fu_8158_p2                                 | -   |        | add_ln170_1089 | add   | fabric  | 0       |
|    add_ln170_1090_fu_8167_p2                                 | -   |        | add_ln170_1090 | add   | fabric  | 0       |
|    add_ln170_1091_fu_8177_p2                                 | -   |        | add_ln170_1091 | add   | fabric  | 0       |
|    add_ln170_1092_fu_8186_p2                                 | -   |        | add_ln170_1092 | add   | fabric  | 0       |
|    add_ln170_1093_fu_8206_p2                                 | -   |        | add_ln170_1093 | add   | fabric  | 0       |
|    add_ln170_1094_fu_8215_p2                                 | -   |        | add_ln170_1094 | add   | fabric  | 0       |
|    add_ln170_1095_fu_8225_p2                                 | -   |        | add_ln170_1095 | add   | fabric  | 0       |
|    add_ln170_1096_fu_8234_p2                                 | -   |        | add_ln170_1096 | add   | fabric  | 0       |
|    add_ln170_1097_fu_8254_p2                                 | -   |        | add_ln170_1097 | add   | fabric  | 0       |
|    add_ln170_1098_fu_8263_p2                                 | -   |        | add_ln170_1098 | add   | fabric  | 0       |
|    add_ln170_1099_fu_8273_p2                                 | -   |        | add_ln170_1099 | add   | fabric  | 0       |
|    add_ln170_1100_fu_8282_p2                                 | -   |        | add_ln170_1100 | add   | fabric  | 0       |
|    add_ln170_1101_fu_8302_p2                                 | -   |        | add_ln170_1101 | add   | fabric  | 0       |
|    add_ln170_1102_fu_8311_p2                                 | -   |        | add_ln170_1102 | add   | fabric  | 0       |
|    add_ln170_1103_fu_8321_p2                                 | -   |        | add_ln170_1103 | add   | fabric  | 0       |
|    add_ln170_1104_fu_8330_p2                                 | -   |        | add_ln170_1104 | add   | fabric  | 0       |
|    add_ln170_1105_fu_8350_p2                                 | -   |        | add_ln170_1105 | add   | fabric  | 0       |
|    add_ln170_1106_fu_8359_p2                                 | -   |        | add_ln170_1106 | add   | fabric  | 0       |
|    add_ln170_1107_fu_8369_p2                                 | -   |        | add_ln170_1107 | add   | fabric  | 0       |
|    add_ln170_1108_fu_8378_p2                                 | -   |        | add_ln170_1108 | add   | fabric  | 0       |
|    add_ln170_1109_fu_8398_p2                                 | -   |        | add_ln170_1109 | add   | fabric  | 0       |
|    add_ln170_1110_fu_8407_p2                                 | -   |        | add_ln170_1110 | add   | fabric  | 0       |
|    add_ln170_1111_fu_8417_p2                                 | -   |        | add_ln170_1111 | add   | fabric  | 0       |
|    add_ln170_1112_fu_8426_p2                                 | -   |        | add_ln170_1112 | add   | fabric  | 0       |
|    add_ln170_1113_fu_8446_p2                                 | -   |        | add_ln170_1113 | add   | fabric  | 0       |
|    add_ln170_1114_fu_8455_p2                                 | -   |        | add_ln170_1114 | add   | fabric  | 0       |
|    add_ln170_1115_fu_8465_p2                                 | -   |        | add_ln170_1115 | add   | fabric  | 0       |
|    add_ln170_1116_fu_8474_p2                                 | -   |        | add_ln170_1116 | add   | fabric  | 0       |
|    add_ln170_1117_fu_8494_p2                                 | -   |        | add_ln170_1117 | add   | fabric  | 0       |
|    add_ln170_1118_fu_8503_p2                                 | -   |        | add_ln170_1118 | add   | fabric  | 0       |
|    add_ln170_1119_fu_8513_p2                                 | -   |        | add_ln170_1119 | add   | fabric  | 0       |
|    add_ln170_1120_fu_8522_p2                                 | -   |        | add_ln170_1120 | add   | fabric  | 0       |
|    add_ln170_1121_fu_8542_p2                                 | -   |        | add_ln170_1121 | add   | fabric  | 0       |
|    add_ln170_1122_fu_8551_p2                                 | -   |        | add_ln170_1122 | add   | fabric  | 0       |
|    add_ln170_1123_fu_8561_p2                                 | -   |        | add_ln170_1123 | add   | fabric  | 0       |
|    add_ln170_1124_fu_8570_p2                                 | -   |        | add_ln170_1124 | add   | fabric  | 0       |
|    add_ln170_1125_fu_8590_p2                                 | -   |        | add_ln170_1125 | add   | fabric  | 0       |
|    add_ln170_1126_fu_8599_p2                                 | -   |        | add_ln170_1126 | add   | fabric  | 0       |
|    add_ln170_1127_fu_8609_p2                                 | -   |        | add_ln170_1127 | add   | fabric  | 0       |
|    add_ln170_1128_fu_8618_p2                                 | -   |        | add_ln170_1128 | add   | fabric  | 0       |
|    add_ln170_1129_fu_8638_p2                                 | -   |        | add_ln170_1129 | add   | fabric  | 0       |
|    add_ln170_1130_fu_8647_p2                                 | -   |        | add_ln170_1130 | add   | fabric  | 0       |
|    add_ln170_1131_fu_8657_p2                                 | -   |        | add_ln170_1131 | add   | fabric  | 0       |
|    add_ln170_1132_fu_8666_p2                                 | -   |        | add_ln170_1132 | add   | fabric  | 0       |
|    add_ln170_1133_fu_8686_p2                                 | -   |        | add_ln170_1133 | add   | fabric  | 0       |
|    add_ln170_1134_fu_8695_p2                                 | -   |        | add_ln170_1134 | add   | fabric  | 0       |
|    add_ln170_1135_fu_8705_p2                                 | -   |        | add_ln170_1135 | add   | fabric  | 0       |
|    add_ln170_1136_fu_8714_p2                                 | -   |        | add_ln170_1136 | add   | fabric  | 0       |
|    add_ln170_1137_fu_8734_p2                                 | -   |        | add_ln170_1137 | add   | fabric  | 0       |
|    add_ln170_1138_fu_8743_p2                                 | -   |        | add_ln170_1138 | add   | fabric  | 0       |
|    add_ln170_1139_fu_8753_p2                                 | -   |        | add_ln170_1139 | add   | fabric  | 0       |
|    add_ln170_1140_fu_8762_p2                                 | -   |        | add_ln170_1140 | add   | fabric  | 0       |
|    add_ln170_1141_fu_8782_p2                                 | -   |        | add_ln170_1141 | add   | fabric  | 0       |
|    add_ln170_1142_fu_8791_p2                                 | -   |        | add_ln170_1142 | add   | fabric  | 0       |
|    add_ln170_1143_fu_8801_p2                                 | -   |        | add_ln170_1143 | add   | fabric  | 0       |
|    add_ln170_1144_fu_8810_p2                                 | -   |        | add_ln170_1144 | add   | fabric  | 0       |
|    add_ln170_1145_fu_8830_p2                                 | -   |        | add_ln170_1145 | add   | fabric  | 0       |
|    add_ln170_1146_fu_8839_p2                                 | -   |        | add_ln170_1146 | add   | fabric  | 0       |
|    add_ln170_1147_fu_8849_p2                                 | -   |        | add_ln170_1147 | add   | fabric  | 0       |
|    add_ln170_1148_fu_8858_p2                                 | -   |        | add_ln170_1148 | add   | fabric  | 0       |
|    add_ln170_1149_fu_8878_p2                                 | -   |        | add_ln170_1149 | add   | fabric  | 0       |
|    add_ln170_1150_fu_8887_p2                                 | -   |        | add_ln170_1150 | add   | fabric  | 0       |
|    add_ln170_1151_fu_8897_p2                                 | -   |        | add_ln170_1151 | add   | fabric  | 0       |
|    add_ln170_1152_fu_8906_p2                                 | -   |        | add_ln170_1152 | add   | fabric  | 0       |
|    add_ln170_1153_fu_8926_p2                                 | -   |        | add_ln170_1153 | add   | fabric  | 0       |
|    add_ln170_1154_fu_8935_p2                                 | -   |        | add_ln170_1154 | add   | fabric  | 0       |
|    add_ln170_1155_fu_8945_p2                                 | -   |        | add_ln170_1155 | add   | fabric  | 0       |
|    add_ln170_1156_fu_8954_p2                                 | -   |        | add_ln170_1156 | add   | fabric  | 0       |
|    add_ln170_1157_fu_8974_p2                                 | -   |        | add_ln170_1157 | add   | fabric  | 0       |
|    add_ln170_1158_fu_8983_p2                                 | -   |        | add_ln170_1158 | add   | fabric  | 0       |
|    add_ln170_1159_fu_8993_p2                                 | -   |        | add_ln170_1159 | add   | fabric  | 0       |
|    add_ln170_1160_fu_9002_p2                                 | -   |        | add_ln170_1160 | add   | fabric  | 0       |
|    add_ln170_1161_fu_9022_p2                                 | -   |        | add_ln170_1161 | add   | fabric  | 0       |
|    add_ln170_1162_fu_9031_p2                                 | -   |        | add_ln170_1162 | add   | fabric  | 0       |
|    add_ln170_1163_fu_9041_p2                                 | -   |        | add_ln170_1163 | add   | fabric  | 0       |
|    add_ln170_1164_fu_9050_p2                                 | -   |        | add_ln170_1164 | add   | fabric  | 0       |
|    add_ln170_1165_fu_9070_p2                                 | -   |        | add_ln170_1165 | add   | fabric  | 0       |
|    add_ln170_1166_fu_9079_p2                                 | -   |        | add_ln170_1166 | add   | fabric  | 0       |
|    add_ln170_1167_fu_9089_p2                                 | -   |        | add_ln170_1167 | add   | fabric  | 0       |
|    add_ln170_1168_fu_9098_p2                                 | -   |        | add_ln170_1168 | add   | fabric  | 0       |
|    add_ln170_1169_fu_9118_p2                                 | -   |        | add_ln170_1169 | add   | fabric  | 0       |
|    add_ln170_1170_fu_9127_p2                                 | -   |        | add_ln170_1170 | add   | fabric  | 0       |
|    add_ln170_1171_fu_9137_p2                                 | -   |        | add_ln170_1171 | add   | fabric  | 0       |
|    add_ln170_1172_fu_9146_p2                                 | -   |        | add_ln170_1172 | add   | fabric  | 0       |
|    add_ln170_1173_fu_9166_p2                                 | -   |        | add_ln170_1173 | add   | fabric  | 0       |
|    add_ln170_1174_fu_9175_p2                                 | -   |        | add_ln170_1174 | add   | fabric  | 0       |
|    add_ln170_1175_fu_9185_p2                                 | -   |        | add_ln170_1175 | add   | fabric  | 0       |
|    add_ln170_1176_fu_9194_p2                                 | -   |        | add_ln170_1176 | add   | fabric  | 0       |
|    add_ln170_1177_fu_9214_p2                                 | -   |        | add_ln170_1177 | add   | fabric  | 0       |
|    add_ln170_1178_fu_9223_p2                                 | -   |        | add_ln170_1178 | add   | fabric  | 0       |
|    add_ln170_1179_fu_9233_p2                                 | -   |        | add_ln170_1179 | add   | fabric  | 0       |
|    add_ln170_1180_fu_9242_p2                                 | -   |        | add_ln170_1180 | add   | fabric  | 0       |
|    add_ln170_1181_fu_9262_p2                                 | -   |        | add_ln170_1181 | add   | fabric  | 0       |
|    add_ln170_1182_fu_9271_p2                                 | -   |        | add_ln170_1182 | add   | fabric  | 0       |
|    add_ln170_1183_fu_9281_p2                                 | -   |        | add_ln170_1183 | add   | fabric  | 0       |
|    add_ln170_1184_fu_9290_p2                                 | -   |        | add_ln170_1184 | add   | fabric  | 0       |
|    add_ln170_1185_fu_9310_p2                                 | -   |        | add_ln170_1185 | add   | fabric  | 0       |
|    add_ln170_1186_fu_9319_p2                                 | -   |        | add_ln170_1186 | add   | fabric  | 0       |
|    add_ln170_1187_fu_9329_p2                                 | -   |        | add_ln170_1187 | add   | fabric  | 0       |
|    add_ln170_1188_fu_9338_p2                                 | -   |        | add_ln170_1188 | add   | fabric  | 0       |
|    add_ln170_1189_fu_9358_p2                                 | -   |        | add_ln170_1189 | add   | fabric  | 0       |
|    add_ln170_1190_fu_9367_p2                                 | -   |        | add_ln170_1190 | add   | fabric  | 0       |
|    add_ln170_1191_fu_9377_p2                                 | -   |        | add_ln170_1191 | add   | fabric  | 0       |
|    add_ln170_1192_fu_9386_p2                                 | -   |        | add_ln170_1192 | add   | fabric  | 0       |
|    add_ln170_1193_fu_9406_p2                                 | -   |        | add_ln170_1193 | add   | fabric  | 0       |
|    add_ln170_1194_fu_9415_p2                                 | -   |        | add_ln170_1194 | add   | fabric  | 0       |
|    add_ln170_1195_fu_9425_p2                                 | -   |        | add_ln170_1195 | add   | fabric  | 0       |
|    add_ln170_1196_fu_9434_p2                                 | -   |        | add_ln170_1196 | add   | fabric  | 0       |
|    add_ln170_1197_fu_9454_p2                                 | -   |        | add_ln170_1197 | add   | fabric  | 0       |
|    add_ln170_1198_fu_9463_p2                                 | -   |        | add_ln170_1198 | add   | fabric  | 0       |
|    add_ln170_1199_fu_9473_p2                                 | -   |        | add_ln170_1199 | add   | fabric  | 0       |
|    add_ln170_1200_fu_9482_p2                                 | -   |        | add_ln170_1200 | add   | fabric  | 0       |
|    add_ln170_1201_fu_9502_p2                                 | -   |        | add_ln170_1201 | add   | fabric  | 0       |
|    add_ln170_1202_fu_9511_p2                                 | -   |        | add_ln170_1202 | add   | fabric  | 0       |
|    add_ln170_1203_fu_9521_p2                                 | -   |        | add_ln170_1203 | add   | fabric  | 0       |
|    add_ln170_1204_fu_9530_p2                                 | -   |        | add_ln170_1204 | add   | fabric  | 0       |
|    add_ln170_1205_fu_9550_p2                                 | -   |        | add_ln170_1205 | add   | fabric  | 0       |
|    add_ln170_1206_fu_9559_p2                                 | -   |        | add_ln170_1206 | add   | fabric  | 0       |
|    add_ln170_1207_fu_9569_p2                                 | -   |        | add_ln170_1207 | add   | fabric  | 0       |
|    add_ln170_1208_fu_9578_p2                                 | -   |        | add_ln170_1208 | add   | fabric  | 0       |
|    add_ln170_1209_fu_9598_p2                                 | -   |        | add_ln170_1209 | add   | fabric  | 0       |
|    add_ln170_1210_fu_9607_p2                                 | -   |        | add_ln170_1210 | add   | fabric  | 0       |
|    add_ln170_1211_fu_9617_p2                                 | -   |        | add_ln170_1211 | add   | fabric  | 0       |
|    add_ln170_1212_fu_9626_p2                                 | -   |        | add_ln170_1212 | add   | fabric  | 0       |
|    add_ln170_1213_fu_9646_p2                                 | -   |        | add_ln170_1213 | add   | fabric  | 0       |
|    add_ln170_1214_fu_9655_p2                                 | -   |        | add_ln170_1214 | add   | fabric  | 0       |
|    add_ln170_1215_fu_9665_p2                                 | -   |        | add_ln170_1215 | add   | fabric  | 0       |
|    add_ln170_1216_fu_9674_p2                                 | -   |        | add_ln170_1216 | add   | fabric  | 0       |
|    add_ln170_1217_fu_9694_p2                                 | -   |        | add_ln170_1217 | add   | fabric  | 0       |
|    add_ln170_1218_fu_9703_p2                                 | -   |        | add_ln170_1218 | add   | fabric  | 0       |
|    add_ln170_1219_fu_9713_p2                                 | -   |        | add_ln170_1219 | add   | fabric  | 0       |
|    add_ln170_1220_fu_9722_p2                                 | -   |        | add_ln170_1220 | add   | fabric  | 0       |
|    add_ln170_1221_fu_9742_p2                                 | -   |        | add_ln170_1221 | add   | fabric  | 0       |
|    add_ln170_1222_fu_9751_p2                                 | -   |        | add_ln170_1222 | add   | fabric  | 0       |
|    add_ln170_1223_fu_9761_p2                                 | -   |        | add_ln170_1223 | add   | fabric  | 0       |
|    add_ln170_1224_fu_9770_p2                                 | -   |        | add_ln170_1224 | add   | fabric  | 0       |
|    add_ln170_1225_fu_9790_p2                                 | -   |        | add_ln170_1225 | add   | fabric  | 0       |
|    add_ln170_1226_fu_9799_p2                                 | -   |        | add_ln170_1226 | add   | fabric  | 0       |
|    add_ln170_1227_fu_9809_p2                                 | -   |        | add_ln170_1227 | add   | fabric  | 0       |
|    add_ln170_1228_fu_9818_p2                                 | -   |        | add_ln170_1228 | add   | fabric  | 0       |
|    add_ln170_1229_fu_9838_p2                                 | -   |        | add_ln170_1229 | add   | fabric  | 0       |
|    add_ln170_1230_fu_9847_p2                                 | -   |        | add_ln170_1230 | add   | fabric  | 0       |
|    add_ln170_1231_fu_9857_p2                                 | -   |        | add_ln170_1231 | add   | fabric  | 0       |
|    add_ln170_1232_fu_9866_p2                                 | -   |        | add_ln170_1232 | add   | fabric  | 0       |
|    add_ln170_1233_fu_9886_p2                                 | -   |        | add_ln170_1233 | add   | fabric  | 0       |
|    add_ln170_1234_fu_9895_p2                                 | -   |        | add_ln170_1234 | add   | fabric  | 0       |
|    add_ln170_1235_fu_9905_p2                                 | -   |        | add_ln170_1235 | add   | fabric  | 0       |
|    add_ln170_1236_fu_9914_p2                                 | -   |        | add_ln170_1236 | add   | fabric  | 0       |
|    add_ln170_1237_fu_9934_p2                                 | -   |        | add_ln170_1237 | add   | fabric  | 0       |
|    add_ln170_1238_fu_9943_p2                                 | -   |        | add_ln170_1238 | add   | fabric  | 0       |
|    add_ln170_1239_fu_9953_p2                                 | -   |        | add_ln170_1239 | add   | fabric  | 0       |
|    add_ln170_1240_fu_9962_p2                                 | -   |        | add_ln170_1240 | add   | fabric  | 0       |
|    add_ln170_1241_fu_9982_p2                                 | -   |        | add_ln170_1241 | add   | fabric  | 0       |
|    add_ln170_1242_fu_9991_p2                                 | -   |        | add_ln170_1242 | add   | fabric  | 0       |
|    add_ln170_1243_fu_10001_p2                                | -   |        | add_ln170_1243 | add   | fabric  | 0       |
|    add_ln170_1244_fu_10010_p2                                | -   |        | add_ln170_1244 | add   | fabric  | 0       |
|    add_ln170_1245_fu_10030_p2                                | -   |        | add_ln170_1245 | add   | fabric  | 0       |
|    add_ln170_1246_fu_10039_p2                                | -   |        | add_ln170_1246 | add   | fabric  | 0       |
|    add_ln170_1247_fu_10049_p2                                | -   |        | add_ln170_1247 | add   | fabric  | 0       |
|    add_ln170_1248_fu_10058_p2                                | -   |        | add_ln170_1248 | add   | fabric  | 0       |
|    add_ln170_1249_fu_10078_p2                                | -   |        | add_ln170_1249 | add   | fabric  | 0       |
|    add_ln170_1250_fu_10087_p2                                | -   |        | add_ln170_1250 | add   | fabric  | 0       |
|    add_ln170_1251_fu_10097_p2                                | -   |        | add_ln170_1251 | add   | fabric  | 0       |
|    add_ln170_1252_fu_10106_p2                                | -   |        | add_ln170_1252 | add   | fabric  | 0       |
|    add_ln170_1253_fu_10126_p2                                | -   |        | add_ln170_1253 | add   | fabric  | 0       |
|    add_ln170_1254_fu_10135_p2                                | -   |        | add_ln170_1254 | add   | fabric  | 0       |
|    add_ln170_1255_fu_10145_p2                                | -   |        | add_ln170_1255 | add   | fabric  | 0       |
|    add_ln170_1256_fu_10154_p2                                | -   |        | add_ln170_1256 | add   | fabric  | 0       |
|    add_ln170_1257_fu_10174_p2                                | -   |        | add_ln170_1257 | add   | fabric  | 0       |
|    add_ln170_1258_fu_10183_p2                                | -   |        | add_ln170_1258 | add   | fabric  | 0       |
|    add_ln170_1259_fu_10193_p2                                | -   |        | add_ln170_1259 | add   | fabric  | 0       |
|    add_ln170_1260_fu_10202_p2                                | -   |        | add_ln170_1260 | add   | fabric  | 0       |
|    add_ln170_1261_fu_10222_p2                                | -   |        | add_ln170_1261 | add   | fabric  | 0       |
|    add_ln170_1262_fu_10231_p2                                | -   |        | add_ln170_1262 | add   | fabric  | 0       |
|    add_ln170_1263_fu_10241_p2                                | -   |        | add_ln170_1263 | add   | fabric  | 0       |
|    add_ln170_1264_fu_10250_p2                                | -   |        | add_ln170_1264 | add   | fabric  | 0       |
|    add_ln170_1265_fu_10270_p2                                | -   |        | add_ln170_1265 | add   | fabric  | 0       |
|    add_ln170_1266_fu_10279_p2                                | -   |        | add_ln170_1266 | add   | fabric  | 0       |
|    add_ln170_1267_fu_10289_p2                                | -   |        | add_ln170_1267 | add   | fabric  | 0       |
|    add_ln170_1268_fu_10298_p2                                | -   |        | add_ln170_1268 | add   | fabric  | 0       |
|    add_ln170_1269_fu_10318_p2                                | -   |        | add_ln170_1269 | add   | fabric  | 0       |
|    add_ln170_1270_fu_10327_p2                                | -   |        | add_ln170_1270 | add   | fabric  | 0       |
|    add_ln170_1271_fu_10337_p2                                | -   |        | add_ln170_1271 | add   | fabric  | 0       |
|    add_ln170_1272_fu_10346_p2                                | -   |        | add_ln170_1272 | add   | fabric  | 0       |
|    add_ln170_1273_fu_10366_p2                                | -   |        | add_ln170_1273 | add   | fabric  | 0       |
|    add_ln170_1274_fu_10375_p2                                | -   |        | add_ln170_1274 | add   | fabric  | 0       |
|    add_ln170_1275_fu_10385_p2                                | -   |        | add_ln170_1275 | add   | fabric  | 0       |
|    add_ln170_1276_fu_10394_p2                                | -   |        | add_ln170_1276 | add   | fabric  | 0       |
|    add_ln170_1277_fu_10414_p2                                | -   |        | add_ln170_1277 | add   | fabric  | 0       |
|    add_ln170_1278_fu_10423_p2                                | -   |        | add_ln170_1278 | add   | fabric  | 0       |
|    add_ln170_1279_fu_10433_p2                                | -   |        | add_ln170_1279 | add   | fabric  | 0       |
|    add_ln170_1280_fu_10442_p2                                | -   |        | add_ln170_1280 | add   | fabric  | 0       |
|    add_ln170_1281_fu_10462_p2                                | -   |        | add_ln170_1281 | add   | fabric  | 0       |
|    add_ln170_1282_fu_10471_p2                                | -   |        | add_ln170_1282 | add   | fabric  | 0       |
|    add_ln170_1283_fu_10481_p2                                | -   |        | add_ln170_1283 | add   | fabric  | 0       |
|    add_ln170_1284_fu_10490_p2                                | -   |        | add_ln170_1284 | add   | fabric  | 0       |
|    add_ln170_1285_fu_10510_p2                                | -   |        | add_ln170_1285 | add   | fabric  | 0       |
|    add_ln170_1286_fu_10519_p2                                | -   |        | add_ln170_1286 | add   | fabric  | 0       |
|    add_ln170_1287_fu_10529_p2                                | -   |        | add_ln170_1287 | add   | fabric  | 0       |
|    add_ln170_1288_fu_10538_p2                                | -   |        | add_ln170_1288 | add   | fabric  | 0       |
|    add_ln170_1289_fu_10558_p2                                | -   |        | add_ln170_1289 | add   | fabric  | 0       |
|    add_ln170_1290_fu_10567_p2                                | -   |        | add_ln170_1290 | add   | fabric  | 0       |
|    add_ln170_1291_fu_10577_p2                                | -   |        | add_ln170_1291 | add   | fabric  | 0       |
|    add_ln170_1292_fu_10586_p2                                | -   |        | add_ln170_1292 | add   | fabric  | 0       |
|    add_ln170_1293_fu_10606_p2                                | -   |        | add_ln170_1293 | add   | fabric  | 0       |
|    add_ln170_1294_fu_10615_p2                                | -   |        | add_ln170_1294 | add   | fabric  | 0       |
|    add_ln170_1295_fu_10625_p2                                | -   |        | add_ln170_1295 | add   | fabric  | 0       |
|    add_ln170_1296_fu_10634_p2                                | -   |        | add_ln170_1296 | add   | fabric  | 0       |
|    add_ln170_1297_fu_10654_p2                                | -   |        | add_ln170_1297 | add   | fabric  | 0       |
|    add_ln170_1298_fu_10663_p2                                | -   |        | add_ln170_1298 | add   | fabric  | 0       |
|    add_ln170_1299_fu_10673_p2                                | -   |        | add_ln170_1299 | add   | fabric  | 0       |
|    add_ln170_1300_fu_10682_p2                                | -   |        | add_ln170_1300 | add   | fabric  | 0       |
|    add_ln170_1301_fu_10702_p2                                | -   |        | add_ln170_1301 | add   | fabric  | 0       |
|    add_ln170_1302_fu_10711_p2                                | -   |        | add_ln170_1302 | add   | fabric  | 0       |
|    add_ln170_1303_fu_10721_p2                                | -   |        | add_ln170_1303 | add   | fabric  | 0       |
|    add_ln170_1304_fu_10730_p2                                | -   |        | add_ln170_1304 | add   | fabric  | 0       |
|    add_ln170_1305_fu_10750_p2                                | -   |        | add_ln170_1305 | add   | fabric  | 0       |
|    add_ln170_1306_fu_10759_p2                                | -   |        | add_ln170_1306 | add   | fabric  | 0       |
|    add_ln170_1307_fu_10769_p2                                | -   |        | add_ln170_1307 | add   | fabric  | 0       |
|    add_ln170_1308_fu_10778_p2                                | -   |        | add_ln170_1308 | add   | fabric  | 0       |
|    add_ln170_1309_fu_10798_p2                                | -   |        | add_ln170_1309 | add   | fabric  | 0       |
|    add_ln170_1310_fu_10807_p2                                | -   |        | add_ln170_1310 | add   | fabric  | 0       |
|    add_ln170_1311_fu_10817_p2                                | -   |        | add_ln170_1311 | add   | fabric  | 0       |
|    add_ln170_1312_fu_10826_p2                                | -   |        | add_ln170_1312 | add   | fabric  | 0       |
|    add_ln170_1313_fu_10846_p2                                | -   |        | add_ln170_1313 | add   | fabric  | 0       |
|    add_ln170_1314_fu_10855_p2                                | -   |        | add_ln170_1314 | add   | fabric  | 0       |
|    add_ln170_1315_fu_10865_p2                                | -   |        | add_ln170_1315 | add   | fabric  | 0       |
|    add_ln170_1316_fu_10874_p2                                | -   |        | add_ln170_1316 | add   | fabric  | 0       |
|    add_ln170_1317_fu_10894_p2                                | -   |        | add_ln170_1317 | add   | fabric  | 0       |
|    add_ln170_1318_fu_10903_p2                                | -   |        | add_ln170_1318 | add   | fabric  | 0       |
|    add_ln170_1319_fu_10913_p2                                | -   |        | add_ln170_1319 | add   | fabric  | 0       |
|    add_ln170_1320_fu_10922_p2                                | -   |        | add_ln170_1320 | add   | fabric  | 0       |
|    add_ln170_1321_fu_10942_p2                                | -   |        | add_ln170_1321 | add   | fabric  | 0       |
|    add_ln170_1322_fu_10951_p2                                | -   |        | add_ln170_1322 | add   | fabric  | 0       |
|    add_ln170_1323_fu_10961_p2                                | -   |        | add_ln170_1323 | add   | fabric  | 0       |
|    add_ln170_1324_fu_10970_p2                                | -   |        | add_ln170_1324 | add   | fabric  | 0       |
|    add_ln170_1325_fu_10990_p2                                | -   |        | add_ln170_1325 | add   | fabric  | 0       |
|    add_ln170_1326_fu_10999_p2                                | -   |        | add_ln170_1326 | add   | fabric  | 0       |
|    add_ln170_1327_fu_11009_p2                                | -   |        | add_ln170_1327 | add   | fabric  | 0       |
|    add_ln170_1328_fu_11018_p2                                | -   |        | add_ln170_1328 | add   | fabric  | 0       |
|    add_ln170_1329_fu_11038_p2                                | -   |        | add_ln170_1329 | add   | fabric  | 0       |
|    add_ln170_1330_fu_11047_p2                                | -   |        | add_ln170_1330 | add   | fabric  | 0       |
|    add_ln170_1331_fu_11057_p2                                | -   |        | add_ln170_1331 | add   | fabric  | 0       |
|    add_ln170_1332_fu_11066_p2                                | -   |        | add_ln170_1332 | add   | fabric  | 0       |
|    add_ln170_1333_fu_11086_p2                                | -   |        | add_ln170_1333 | add   | fabric  | 0       |
|    add_ln170_1334_fu_11095_p2                                | -   |        | add_ln170_1334 | add   | fabric  | 0       |
|    add_ln170_1335_fu_11105_p2                                | -   |        | add_ln170_1335 | add   | fabric  | 0       |
|    add_ln170_1336_fu_11114_p2                                | -   |        | add_ln170_1336 | add   | fabric  | 0       |
|    add_ln170_1337_fu_11134_p2                                | -   |        | add_ln170_1337 | add   | fabric  | 0       |
|    add_ln170_1338_fu_11143_p2                                | -   |        | add_ln170_1338 | add   | fabric  | 0       |
|    add_ln170_1339_fu_11153_p2                                | -   |        | add_ln170_1339 | add   | fabric  | 0       |
|    add_ln170_1340_fu_11162_p2                                | -   |        | add_ln170_1340 | add   | fabric  | 0       |
|    add_ln170_1341_fu_11182_p2                                | -   |        | add_ln170_1341 | add   | fabric  | 0       |
|    add_ln170_1342_fu_11191_p2                                | -   |        | add_ln170_1342 | add   | fabric  | 0       |
|    add_ln170_1343_fu_11201_p2                                | -   |        | add_ln170_1343 | add   | fabric  | 0       |
|    add_ln170_1344_fu_11210_p2                                | -   |        | add_ln170_1344 | add   | fabric  | 0       |
|    add_ln170_1345_fu_11230_p2                                | -   |        | add_ln170_1345 | add   | fabric  | 0       |
|    add_ln170_1346_fu_11239_p2                                | -   |        | add_ln170_1346 | add   | fabric  | 0       |
|    add_ln170_1347_fu_11249_p2                                | -   |        | add_ln170_1347 | add   | fabric  | 0       |
|    add_ln170_1348_fu_11258_p2                                | -   |        | add_ln170_1348 | add   | fabric  | 0       |
|    add_ln170_1349_fu_11278_p2                                | -   |        | add_ln170_1349 | add   | fabric  | 0       |
|    add_ln170_1350_fu_11287_p2                                | -   |        | add_ln170_1350 | add   | fabric  | 0       |
|    add_ln170_1351_fu_11297_p2                                | -   |        | add_ln170_1351 | add   | fabric  | 0       |
|    add_ln170_1352_fu_11306_p2                                | -   |        | add_ln170_1352 | add   | fabric  | 0       |
|    add_ln170_1353_fu_11326_p2                                | -   |        | add_ln170_1353 | add   | fabric  | 0       |
|    add_ln170_1354_fu_11335_p2                                | -   |        | add_ln170_1354 | add   | fabric  | 0       |
|    add_ln170_1355_fu_11345_p2                                | -   |        | add_ln170_1355 | add   | fabric  | 0       |
|    add_ln170_1356_fu_11354_p2                                | -   |        | add_ln170_1356 | add   | fabric  | 0       |
|    add_ln170_1357_fu_11374_p2                                | -   |        | add_ln170_1357 | add   | fabric  | 0       |
|    add_ln170_1358_fu_11383_p2                                | -   |        | add_ln170_1358 | add   | fabric  | 0       |
|    add_ln170_1359_fu_11393_p2                                | -   |        | add_ln170_1359 | add   | fabric  | 0       |
|    add_ln170_1360_fu_11402_p2                                | -   |        | add_ln170_1360 | add   | fabric  | 0       |
|    add_ln170_1361_fu_11422_p2                                | -   |        | add_ln170_1361 | add   | fabric  | 0       |
|    add_ln170_1362_fu_11431_p2                                | -   |        | add_ln170_1362 | add   | fabric  | 0       |
|    add_ln170_1363_fu_11441_p2                                | -   |        | add_ln170_1363 | add   | fabric  | 0       |
|    add_ln170_1364_fu_11450_p2                                | -   |        | add_ln170_1364 | add   | fabric  | 0       |
|    add_ln170_1365_fu_11470_p2                                | -   |        | add_ln170_1365 | add   | fabric  | 0       |
|    add_ln170_1366_fu_11479_p2                                | -   |        | add_ln170_1366 | add   | fabric  | 0       |
|    add_ln170_1367_fu_11489_p2                                | -   |        | add_ln170_1367 | add   | fabric  | 0       |
|    add_ln170_1368_fu_11498_p2                                | -   |        | add_ln170_1368 | add   | fabric  | 0       |
|    add_ln170_1369_fu_11518_p2                                | -   |        | add_ln170_1369 | add   | fabric  | 0       |
|    add_ln170_1370_fu_11527_p2                                | -   |        | add_ln170_1370 | add   | fabric  | 0       |
|    add_ln170_1371_fu_11537_p2                                | -   |        | add_ln170_1371 | add   | fabric  | 0       |
|    add_ln170_1372_fu_11546_p2                                | -   |        | add_ln170_1372 | add   | fabric  | 0       |
|    add_ln170_1373_fu_11566_p2                                | -   |        | add_ln170_1373 | add   | fabric  | 0       |
|    add_ln170_1374_fu_11575_p2                                | -   |        | add_ln170_1374 | add   | fabric  | 0       |
|    add_ln170_1375_fu_11585_p2                                | -   |        | add_ln170_1375 | add   | fabric  | 0       |
|    add_ln170_1376_fu_11594_p2                                | -   |        | add_ln170_1376 | add   | fabric  | 0       |
|    add_ln170_1377_fu_11614_p2                                | -   |        | add_ln170_1377 | add   | fabric  | 0       |
|    add_ln170_1378_fu_11623_p2                                | -   |        | add_ln170_1378 | add   | fabric  | 0       |
|    add_ln170_1379_fu_11633_p2                                | -   |        | add_ln170_1379 | add   | fabric  | 0       |
|    add_ln170_1380_fu_11642_p2                                | -   |        | add_ln170_1380 | add   | fabric  | 0       |
|    add_ln170_1381_fu_11662_p2                                | -   |        | add_ln170_1381 | add   | fabric  | 0       |
|    add_ln170_1382_fu_11671_p2                                | -   |        | add_ln170_1382 | add   | fabric  | 0       |
|    add_ln170_1383_fu_11681_p2                                | -   |        | add_ln170_1383 | add   | fabric  | 0       |
|    add_ln170_1384_fu_11690_p2                                | -   |        | add_ln170_1384 | add   | fabric  | 0       |
|    add_ln170_1385_fu_11710_p2                                | -   |        | add_ln170_1385 | add   | fabric  | 0       |
|    add_ln170_1386_fu_11719_p2                                | -   |        | add_ln170_1386 | add   | fabric  | 0       |
|    add_ln170_1387_fu_11729_p2                                | -   |        | add_ln170_1387 | add   | fabric  | 0       |
|    add_ln170_1388_fu_11738_p2                                | -   |        | add_ln170_1388 | add   | fabric  | 0       |
|    add_ln170_1389_fu_11758_p2                                | -   |        | add_ln170_1389 | add   | fabric  | 0       |
|    add_ln170_1390_fu_11767_p2                                | -   |        | add_ln170_1390 | add   | fabric  | 0       |
|    add_ln172_fu_5308_p2                                      | -   |        | add_ln172      | add   | fabric  | 0       |
|    add_ln163_fu_5138_p2                                      | -   |        | add_ln163      | add   | fabric  | 0       |
|  + transformer_blk_s4_top_Pipeline_LN_VAR5                   | 0   |        |                |       |         |         |
|    add_ln113_fu_1069_p2                                      | -   |        | add_ln113      | add   | fabric  | 0       |
|    add_ln118_fu_1079_p2                                      | -   |        | add_ln118      | add   | fabric  | 0       |
|  + transformer_blk_s4_top_Pipeline_LN_NORM6                  | 0   |        |                |       |         |         |
|    add_ln131_fu_267_p2                                       | -   |        | add_ln131      | add   | fabric  | 0       |
|    add_ln133_fu_287_p2                                       | -   |        | add_ln133      | add   | fabric  | 0       |
|    add_ln134_fu_330_p2                                       | -   |        | add_ln134      | add   | fabric  | 0       |
|    add_ln134_1_fu_344_p2                                     | -   |        | add_ln134_1    | add   | fabric  | 0       |
|    add_ln134_2_fu_358_p2                                     | -   |        | add_ln134_2    | add   | fabric  | 0       |
|    add_ln134_3_fu_371_p2                                     | -   |        | add_ln134_3    | add   | fabric  | 0       |
|  + transformer_blk_s4_top_Pipeline_MLP_ACT                   | 0   |        |                |       |         |         |
|    add_ln71_fu_115_p2                                        | -   |        | add_ln71       | add   | fabric  | 0       |
|  + transformer_blk_s4_top_Pipeline_LF_S_LF_OD8               | 0   |        |                |       |         |         |
|    empty_fu_9990_p2                                          | -   |        | empty          | sub   | fabric  | 0       |
|    empty_103_fu_10128_p2                                     | -   |        | empty_103      | sub   | fabric  | 0       |
|    add_ln162_fu_10002_p2                                     | -   |        | add_ln162      | add   | fabric  | 0       |
|    add_ln162_1_fu_10025_p2                                   | -   |        | add_ln162_1    | add   | fabric  | 0       |
|    p_mid13127_fu_10051_p2                                    | -   |        | p_mid13127     | sub   | fabric  | 0       |
|    p_mid13129_fu_10152_p2                                    | -   |        | p_mid13129     | sub   | fabric  | 0       |
|    add_ln162_2_fu_11205_p2                                   | -   |        | add_ln162_2    | add   | fabric  | 0       |
|    add_ln162_3_fu_11215_p2                                   | -   |        | add_ln162_3    | add   | fabric  | 0       |
|    add_ln162_4_fu_11273_p2                                   | -   |        | add_ln162_4    | add   | fabric  | 0       |
|    add_ln162_5_fu_11283_p2                                   | -   |        | add_ln162_5    | add   | fabric  | 0       |
|    add_ln162_6_fu_11345_p2                                   | -   |        | add_ln162_6    | add   | fabric  | 0       |
|    add_ln162_7_fu_11355_p2                                   | -   |        | add_ln162_7    | add   | fabric  | 0       |
|    add_ln162_8_fu_11413_p2                                   | -   |        | add_ln162_8    | add   | fabric  | 0       |
|    add_ln162_9_fu_11423_p2                                   | -   |        | add_ln162_9    | add   | fabric  | 0       |
|    add_ln162_10_fu_11481_p2                                  | -   |        | add_ln162_10   | add   | fabric  | 0       |
|    add_ln162_11_fu_11491_p2                                  | -   |        | add_ln162_11   | add   | fabric  | 0       |
|    add_ln162_12_fu_11549_p2                                  | -   |        | add_ln162_12   | add   | fabric  | 0       |
|    add_ln162_13_fu_11559_p2                                  | -   |        | add_ln162_13   | add   | fabric  | 0       |
|    add_ln162_14_fu_11617_p2                                  | -   |        | add_ln162_14   | add   | fabric  | 0       |
|    add_ln162_15_fu_11627_p2                                  | -   |        | add_ln162_15   | add   | fabric  | 0       |
|    add_ln162_16_fu_11685_p2                                  | -   |        | add_ln162_16   | add   | fabric  | 0       |
|    add_ln162_17_fu_11695_p2                                  | -   |        | add_ln162_17   | add   | fabric  | 0       |
|    add_ln162_18_fu_11753_p2                                  | -   |        | add_ln162_18   | add   | fabric  | 0       |
|    add_ln162_19_fu_11763_p2                                  | -   |        | add_ln162_19   | add   | fabric  | 0       |
|    add_ln162_20_fu_11821_p2                                  | -   |        | add_ln162_20   | add   | fabric  | 0       |
|    add_ln162_21_fu_11831_p2                                  | -   |        | add_ln162_21   | add   | fabric  | 0       |
|    add_ln162_22_fu_11889_p2                                  | -   |        | add_ln162_22   | add   | fabric  | 0       |
|    add_ln162_23_fu_11899_p2                                  | -   |        | add_ln162_23   | add   | fabric  | 0       |
|    add_ln162_24_fu_11957_p2                                  | -   |        | add_ln162_24   | add   | fabric  | 0       |
|    add_ln162_25_fu_11967_p2                                  | -   |        | add_ln162_25   | add   | fabric  | 0       |
|    add_ln162_26_fu_12025_p2                                  | -   |        | add_ln162_26   | add   | fabric  | 0       |
|    add_ln162_27_fu_12035_p2                                  | -   |        | add_ln162_27   | add   | fabric  | 0       |
|    add_ln162_28_fu_12093_p2                                  | -   |        | add_ln162_28   | add   | fabric  | 0       |
|    add_ln162_29_fu_12103_p2                                  | -   |        | add_ln162_29   | add   | fabric  | 0       |
|    add_ln162_30_fu_12161_p2                                  | -   |        | add_ln162_30   | add   | fabric  | 0       |
|    add_ln162_31_fu_12171_p2                                  | -   |        | add_ln162_31   | add   | fabric  | 0       |
|    add_ln162_32_fu_12229_p2                                  | -   |        | add_ln162_32   | add   | fabric  | 0       |
|    add_ln162_33_fu_12239_p2                                  | -   |        | add_ln162_33   | add   | fabric  | 0       |
|    add_ln162_34_fu_12297_p2                                  | -   |        | add_ln162_34   | add   | fabric  | 0       |
|    add_ln162_35_fu_12307_p2                                  | -   |        | add_ln162_35   | add   | fabric  | 0       |
|    add_ln162_36_fu_12365_p2                                  | -   |        | add_ln162_36   | add   | fabric  | 0       |
|    add_ln162_37_fu_12375_p2                                  | -   |        | add_ln162_37   | add   | fabric  | 0       |
|    add_ln162_38_fu_12433_p2                                  | -   |        | add_ln162_38   | add   | fabric  | 0       |
|    add_ln162_39_fu_12443_p2                                  | -   |        | add_ln162_39   | add   | fabric  | 0       |
|    add_ln162_40_fu_12501_p2                                  | -   |        | add_ln162_40   | add   | fabric  | 0       |
|    add_ln162_41_fu_12511_p2                                  | -   |        | add_ln162_41   | add   | fabric  | 0       |
|    add_ln162_42_fu_12569_p2                                  | -   |        | add_ln162_42   | add   | fabric  | 0       |
|    add_ln162_43_fu_12579_p2                                  | -   |        | add_ln162_43   | add   | fabric  | 0       |
|    add_ln162_44_fu_12637_p2                                  | -   |        | add_ln162_44   | add   | fabric  | 0       |
|    add_ln162_45_fu_12647_p2                                  | -   |        | add_ln162_45   | add   | fabric  | 0       |
|    add_ln162_46_fu_12705_p2                                  | -   |        | add_ln162_46   | add   | fabric  | 0       |
|    add_ln162_47_fu_12715_p2                                  | -   |        | add_ln162_47   | add   | fabric  | 0       |
|    add_ln162_48_fu_12773_p2                                  | -   |        | add_ln162_48   | add   | fabric  | 0       |
|    add_ln162_49_fu_12783_p2                                  | -   |        | add_ln162_49   | add   | fabric  | 0       |
|    add_ln162_50_fu_12841_p2                                  | -   |        | add_ln162_50   | add   | fabric  | 0       |
|    add_ln162_51_fu_12851_p2                                  | -   |        | add_ln162_51   | add   | fabric  | 0       |
|    add_ln162_52_fu_12909_p2                                  | -   |        | add_ln162_52   | add   | fabric  | 0       |
|    add_ln162_53_fu_12919_p2                                  | -   |        | add_ln162_53   | add   | fabric  | 0       |
|    add_ln162_54_fu_12977_p2                                  | -   |        | add_ln162_54   | add   | fabric  | 0       |
|    add_ln162_55_fu_12987_p2                                  | -   |        | add_ln162_55   | add   | fabric  | 0       |
|    add_ln162_56_fu_13045_p2                                  | -   |        | add_ln162_56   | add   | fabric  | 0       |
|    add_ln162_57_fu_13055_p2                                  | -   |        | add_ln162_57   | add   | fabric  | 0       |
|    add_ln162_58_fu_13113_p2                                  | -   |        | add_ln162_58   | add   | fabric  | 0       |
|    add_ln162_59_fu_13123_p2                                  | -   |        | add_ln162_59   | add   | fabric  | 0       |
|    add_ln162_60_fu_13181_p2                                  | -   |        | add_ln162_60   | add   | fabric  | 0       |
|    add_ln162_61_fu_13191_p2                                  | -   |        | add_ln162_61   | add   | fabric  | 0       |
|    add_ln162_62_fu_13249_p2                                  | -   |        | add_ln162_62   | add   | fabric  | 0       |
|    add_ln162_63_fu_13259_p2                                  | -   |        | add_ln162_63   | add   | fabric  | 0       |
|    add_ln162_64_fu_13317_p2                                  | -   |        | add_ln162_64   | add   | fabric  | 0       |
|    add_ln162_65_fu_13327_p2                                  | -   |        | add_ln162_65   | add   | fabric  | 0       |
|    add_ln162_66_fu_13385_p2                                  | -   |        | add_ln162_66   | add   | fabric  | 0       |
|    add_ln162_67_fu_13395_p2                                  | -   |        | add_ln162_67   | add   | fabric  | 0       |
|    add_ln162_68_fu_13453_p2                                  | -   |        | add_ln162_68   | add   | fabric  | 0       |
|    add_ln162_69_fu_13463_p2                                  | -   |        | add_ln162_69   | add   | fabric  | 0       |
|    add_ln162_70_fu_13521_p2                                  | -   |        | add_ln162_70   | add   | fabric  | 0       |
|    add_ln162_71_fu_13531_p2                                  | -   |        | add_ln162_71   | add   | fabric  | 0       |
|    add_ln162_72_fu_13589_p2                                  | -   |        | add_ln162_72   | add   | fabric  | 0       |
|    add_ln162_73_fu_13599_p2                                  | -   |        | add_ln162_73   | add   | fabric  | 0       |
|    add_ln162_74_fu_13657_p2                                  | -   |        | add_ln162_74   | add   | fabric  | 0       |
|    add_ln162_75_fu_13667_p2                                  | -   |        | add_ln162_75   | add   | fabric  | 0       |
|    add_ln162_76_fu_13725_p2                                  | -   |        | add_ln162_76   | add   | fabric  | 0       |
|    add_ln162_77_fu_13735_p2                                  | -   |        | add_ln162_77   | add   | fabric  | 0       |
|    add_ln162_78_fu_13793_p2                                  | -   |        | add_ln162_78   | add   | fabric  | 0       |
|    add_ln162_79_fu_13803_p2                                  | -   |        | add_ln162_79   | add   | fabric  | 0       |
|    add_ln162_80_fu_13861_p2                                  | -   |        | add_ln162_80   | add   | fabric  | 0       |
|    add_ln162_81_fu_13871_p2                                  | -   |        | add_ln162_81   | add   | fabric  | 0       |
|    add_ln162_82_fu_13929_p2                                  | -   |        | add_ln162_82   | add   | fabric  | 0       |
|    add_ln162_83_fu_13939_p2                                  | -   |        | add_ln162_83   | add   | fabric  | 0       |
|    add_ln162_84_fu_13997_p2                                  | -   |        | add_ln162_84   | add   | fabric  | 0       |
|    add_ln162_85_fu_14007_p2                                  | -   |        | add_ln162_85   | add   | fabric  | 0       |
|    add_ln162_86_fu_14065_p2                                  | -   |        | add_ln162_86   | add   | fabric  | 0       |
|    add_ln162_87_fu_14075_p2                                  | -   |        | add_ln162_87   | add   | fabric  | 0       |
|    add_ln162_88_fu_14133_p2                                  | -   |        | add_ln162_88   | add   | fabric  | 0       |
|    add_ln162_89_fu_14143_p2                                  | -   |        | add_ln162_89   | add   | fabric  | 0       |
|    add_ln162_90_fu_14201_p2                                  | -   |        | add_ln162_90   | add   | fabric  | 0       |
|    add_ln162_91_fu_14211_p2                                  | -   |        | add_ln162_91   | add   | fabric  | 0       |
|    add_ln162_92_fu_14269_p2                                  | -   |        | add_ln162_92   | add   | fabric  | 0       |
|    add_ln162_93_fu_14279_p2                                  | -   |        | add_ln162_93   | add   | fabric  | 0       |
|    add_ln162_94_fu_14337_p2                                  | -   |        | add_ln162_94   | add   | fabric  | 0       |
|    add_ln162_95_fu_14347_p2                                  | -   |        | add_ln162_95   | add   | fabric  | 0       |
|    add_ln162_96_fu_14405_p2                                  | -   |        | add_ln162_96   | add   | fabric  | 0       |
|    add_ln162_97_fu_14415_p2                                  | -   |        | add_ln162_97   | add   | fabric  | 0       |
|    add_ln162_98_fu_14473_p2                                  | -   |        | add_ln162_98   | add   | fabric  | 0       |
|    add_ln162_99_fu_14483_p2                                  | -   |        | add_ln162_99   | add   | fabric  | 0       |
|    add_ln162_100_fu_14541_p2                                 | -   |        | add_ln162_100  | add   | fabric  | 0       |
|    add_ln162_101_fu_14551_p2                                 | -   |        | add_ln162_101  | add   | fabric  | 0       |
|    add_ln162_102_fu_14609_p2                                 | -   |        | add_ln162_102  | add   | fabric  | 0       |
|    add_ln162_103_fu_14619_p2                                 | -   |        | add_ln162_103  | add   | fabric  | 0       |
|    add_ln162_104_fu_14677_p2                                 | -   |        | add_ln162_104  | add   | fabric  | 0       |
|    add_ln162_105_fu_14687_p2                                 | -   |        | add_ln162_105  | add   | fabric  | 0       |
|    add_ln162_106_fu_14745_p2                                 | -   |        | add_ln162_106  | add   | fabric  | 0       |
|    add_ln162_107_fu_14755_p2                                 | -   |        | add_ln162_107  | add   | fabric  | 0       |
|    add_ln162_108_fu_14813_p2                                 | -   |        | add_ln162_108  | add   | fabric  | 0       |
|    add_ln162_109_fu_14823_p2                                 | -   |        | add_ln162_109  | add   | fabric  | 0       |
|    add_ln162_110_fu_14881_p2                                 | -   |        | add_ln162_110  | add   | fabric  | 0       |
|    add_ln162_111_fu_14891_p2                                 | -   |        | add_ln162_111  | add   | fabric  | 0       |
|    add_ln162_112_fu_14949_p2                                 | -   |        | add_ln162_112  | add   | fabric  | 0       |
|    add_ln162_113_fu_14959_p2                                 | -   |        | add_ln162_113  | add   | fabric  | 0       |
|    add_ln162_114_fu_15017_p2                                 | -   |        | add_ln162_114  | add   | fabric  | 0       |
|    add_ln162_115_fu_15027_p2                                 | -   |        | add_ln162_115  | add   | fabric  | 0       |
|    add_ln162_116_fu_15085_p2                                 | -   |        | add_ln162_116  | add   | fabric  | 0       |
|    add_ln162_117_fu_15095_p2                                 | -   |        | add_ln162_117  | add   | fabric  | 0       |
|    add_ln162_118_fu_15153_p2                                 | -   |        | add_ln162_118  | add   | fabric  | 0       |
|    add_ln162_119_fu_15163_p2                                 | -   |        | add_ln162_119  | add   | fabric  | 0       |
|    add_ln162_120_fu_15221_p2                                 | -   |        | add_ln162_120  | add   | fabric  | 0       |
|    add_ln162_121_fu_15231_p2                                 | -   |        | add_ln162_121  | add   | fabric  | 0       |
|    add_ln162_122_fu_15289_p2                                 | -   |        | add_ln162_122  | add   | fabric  | 0       |
|    add_ln162_123_fu_15299_p2                                 | -   |        | add_ln162_123  | add   | fabric  | 0       |
|    add_ln162_124_fu_15357_p2                                 | -   |        | add_ln162_124  | add   | fabric  | 0       |
|    add_ln162_125_fu_15367_p2                                 | -   |        | add_ln162_125  | add   | fabric  | 0       |
|    add_ln162_126_fu_15425_p2                                 | -   |        | add_ln162_126  | add   | fabric  | 0       |
|    add_ln162_127_fu_15435_p2                                 | -   |        | add_ln162_127  | add   | fabric  | 0       |
|    add_ln162_128_fu_15493_p2                                 | -   |        | add_ln162_128  | add   | fabric  | 0       |
|    add_ln162_129_fu_15503_p2                                 | -   |        | add_ln162_129  | add   | fabric  | 0       |
|    add_ln162_130_fu_15561_p2                                 | -   |        | add_ln162_130  | add   | fabric  | 0       |
|    add_ln162_131_fu_15571_p2                                 | -   |        | add_ln162_131  | add   | fabric  | 0       |
|    add_ln162_132_fu_15629_p2                                 | -   |        | add_ln162_132  | add   | fabric  | 0       |
|    add_ln162_133_fu_15639_p2                                 | -   |        | add_ln162_133  | add   | fabric  | 0       |
|    add_ln162_134_fu_15697_p2                                 | -   |        | add_ln162_134  | add   | fabric  | 0       |
|    add_ln162_135_fu_15707_p2                                 | -   |        | add_ln162_135  | add   | fabric  | 0       |
|    add_ln162_136_fu_15765_p2                                 | -   |        | add_ln162_136  | add   | fabric  | 0       |
|    add_ln162_137_fu_15775_p2                                 | -   |        | add_ln162_137  | add   | fabric  | 0       |
|    add_ln162_138_fu_15833_p2                                 | -   |        | add_ln162_138  | add   | fabric  | 0       |
|    add_ln162_139_fu_15843_p2                                 | -   |        | add_ln162_139  | add   | fabric  | 0       |
|    add_ln162_140_fu_15901_p2                                 | -   |        | add_ln162_140  | add   | fabric  | 0       |
|    add_ln162_141_fu_15911_p2                                 | -   |        | add_ln162_141  | add   | fabric  | 0       |
|    add_ln162_142_fu_15969_p2                                 | -   |        | add_ln162_142  | add   | fabric  | 0       |
|    add_ln162_143_fu_15979_p2                                 | -   |        | add_ln162_143  | add   | fabric  | 0       |
|    add_ln162_144_fu_16037_p2                                 | -   |        | add_ln162_144  | add   | fabric  | 0       |
|    add_ln162_145_fu_16047_p2                                 | -   |        | add_ln162_145  | add   | fabric  | 0       |
|    add_ln162_146_fu_16105_p2                                 | -   |        | add_ln162_146  | add   | fabric  | 0       |
|    add_ln162_147_fu_16115_p2                                 | -   |        | add_ln162_147  | add   | fabric  | 0       |
|    add_ln162_148_fu_16173_p2                                 | -   |        | add_ln162_148  | add   | fabric  | 0       |
|    add_ln162_149_fu_16183_p2                                 | -   |        | add_ln162_149  | add   | fabric  | 0       |
|    add_ln162_150_fu_16241_p2                                 | -   |        | add_ln162_150  | add   | fabric  | 0       |
|    add_ln162_151_fu_16251_p2                                 | -   |        | add_ln162_151  | add   | fabric  | 0       |
|    add_ln162_152_fu_16309_p2                                 | -   |        | add_ln162_152  | add   | fabric  | 0       |
|    add_ln162_153_fu_16319_p2                                 | -   |        | add_ln162_153  | add   | fabric  | 0       |
|    add_ln162_154_fu_16377_p2                                 | -   |        | add_ln162_154  | add   | fabric  | 0       |
|    add_ln162_155_fu_16387_p2                                 | -   |        | add_ln162_155  | add   | fabric  | 0       |
|    add_ln162_156_fu_16445_p2                                 | -   |        | add_ln162_156  | add   | fabric  | 0       |
|    add_ln162_157_fu_16455_p2                                 | -   |        | add_ln162_157  | add   | fabric  | 0       |
|    add_ln162_158_fu_16513_p2                                 | -   |        | add_ln162_158  | add   | fabric  | 0       |
|    add_ln162_159_fu_16523_p2                                 | -   |        | add_ln162_159  | add   | fabric  | 0       |
|    add_ln162_160_fu_16581_p2                                 | -   |        | add_ln162_160  | add   | fabric  | 0       |
|    add_ln162_161_fu_16591_p2                                 | -   |        | add_ln162_161  | add   | fabric  | 0       |
|    add_ln162_162_fu_16649_p2                                 | -   |        | add_ln162_162  | add   | fabric  | 0       |
|    add_ln162_163_fu_16659_p2                                 | -   |        | add_ln162_163  | add   | fabric  | 0       |
|    add_ln162_164_fu_16717_p2                                 | -   |        | add_ln162_164  | add   | fabric  | 0       |
|    add_ln162_165_fu_16727_p2                                 | -   |        | add_ln162_165  | add   | fabric  | 0       |
|    add_ln162_166_fu_16785_p2                                 | -   |        | add_ln162_166  | add   | fabric  | 0       |
|    add_ln162_167_fu_16795_p2                                 | -   |        | add_ln162_167  | add   | fabric  | 0       |
|    add_ln162_168_fu_16853_p2                                 | -   |        | add_ln162_168  | add   | fabric  | 0       |
|    add_ln162_169_fu_16863_p2                                 | -   |        | add_ln162_169  | add   | fabric  | 0       |
|    add_ln162_170_fu_16921_p2                                 | -   |        | add_ln162_170  | add   | fabric  | 0       |
|    add_ln162_171_fu_16931_p2                                 | -   |        | add_ln162_171  | add   | fabric  | 0       |
|    add_ln162_172_fu_16989_p2                                 | -   |        | add_ln162_172  | add   | fabric  | 0       |
|    add_ln162_173_fu_16999_p2                                 | -   |        | add_ln162_173  | add   | fabric  | 0       |
|    add_ln162_174_fu_17057_p2                                 | -   |        | add_ln162_174  | add   | fabric  | 0       |
|    add_ln162_175_fu_17067_p2                                 | -   |        | add_ln162_175  | add   | fabric  | 0       |
|    add_ln162_176_fu_17125_p2                                 | -   |        | add_ln162_176  | add   | fabric  | 0       |
|    add_ln162_177_fu_17135_p2                                 | -   |        | add_ln162_177  | add   | fabric  | 0       |
|    add_ln162_178_fu_17193_p2                                 | -   |        | add_ln162_178  | add   | fabric  | 0       |
|    add_ln162_179_fu_17203_p2                                 | -   |        | add_ln162_179  | add   | fabric  | 0       |
|    add_ln162_180_fu_17261_p2                                 | -   |        | add_ln162_180  | add   | fabric  | 0       |
|    add_ln162_181_fu_17271_p2                                 | -   |        | add_ln162_181  | add   | fabric  | 0       |
|    add_ln162_182_fu_17329_p2                                 | -   |        | add_ln162_182  | add   | fabric  | 0       |
|    add_ln162_183_fu_17339_p2                                 | -   |        | add_ln162_183  | add   | fabric  | 0       |
|    add_ln162_184_fu_17397_p2                                 | -   |        | add_ln162_184  | add   | fabric  | 0       |
|    add_ln162_185_fu_17407_p2                                 | -   |        | add_ln162_185  | add   | fabric  | 0       |
|    add_ln162_186_fu_17465_p2                                 | -   |        | add_ln162_186  | add   | fabric  | 0       |
|    add_ln162_187_fu_17475_p2                                 | -   |        | add_ln162_187  | add   | fabric  | 0       |
|    add_ln162_188_fu_17533_p2                                 | -   |        | add_ln162_188  | add   | fabric  | 0       |
|    add_ln162_189_fu_17543_p2                                 | -   |        | add_ln162_189  | add   | fabric  | 0       |
|    add_ln162_190_fu_17601_p2                                 | -   |        | add_ln162_190  | add   | fabric  | 0       |
|    add_ln162_191_fu_17611_p2                                 | -   |        | add_ln162_191  | add   | fabric  | 0       |
|    add_ln162_192_fu_17669_p2                                 | -   |        | add_ln162_192  | add   | fabric  | 0       |
|    add_ln162_193_fu_17679_p2                                 | -   |        | add_ln162_193  | add   | fabric  | 0       |
|    add_ln162_194_fu_17737_p2                                 | -   |        | add_ln162_194  | add   | fabric  | 0       |
|    add_ln162_195_fu_17747_p2                                 | -   |        | add_ln162_195  | add   | fabric  | 0       |
|    add_ln162_196_fu_17805_p2                                 | -   |        | add_ln162_196  | add   | fabric  | 0       |
|    add_ln162_197_fu_17815_p2                                 | -   |        | add_ln162_197  | add   | fabric  | 0       |
|    add_ln162_198_fu_17873_p2                                 | -   |        | add_ln162_198  | add   | fabric  | 0       |
|    add_ln162_199_fu_17883_p2                                 | -   |        | add_ln162_199  | add   | fabric  | 0       |
|    add_ln162_200_fu_17941_p2                                 | -   |        | add_ln162_200  | add   | fabric  | 0       |
|    add_ln162_201_fu_17951_p2                                 | -   |        | add_ln162_201  | add   | fabric  | 0       |
|    add_ln162_202_fu_18009_p2                                 | -   |        | add_ln162_202  | add   | fabric  | 0       |
|    add_ln162_203_fu_18019_p2                                 | -   |        | add_ln162_203  | add   | fabric  | 0       |
|    add_ln162_204_fu_18077_p2                                 | -   |        | add_ln162_204  | add   | fabric  | 0       |
|    add_ln162_205_fu_18087_p2                                 | -   |        | add_ln162_205  | add   | fabric  | 0       |
|    add_ln162_206_fu_18145_p2                                 | -   |        | add_ln162_206  | add   | fabric  | 0       |
|    add_ln162_207_fu_18155_p2                                 | -   |        | add_ln162_207  | add   | fabric  | 0       |
|    add_ln162_208_fu_18213_p2                                 | -   |        | add_ln162_208  | add   | fabric  | 0       |
|    add_ln162_209_fu_18223_p2                                 | -   |        | add_ln162_209  | add   | fabric  | 0       |
|    add_ln162_210_fu_18281_p2                                 | -   |        | add_ln162_210  | add   | fabric  | 0       |
|    add_ln162_211_fu_18291_p2                                 | -   |        | add_ln162_211  | add   | fabric  | 0       |
|    add_ln162_212_fu_18349_p2                                 | -   |        | add_ln162_212  | add   | fabric  | 0       |
|    add_ln162_213_fu_18359_p2                                 | -   |        | add_ln162_213  | add   | fabric  | 0       |
|    add_ln162_214_fu_18417_p2                                 | -   |        | add_ln162_214  | add   | fabric  | 0       |
|    add_ln162_215_fu_18427_p2                                 | -   |        | add_ln162_215  | add   | fabric  | 0       |
|    add_ln162_216_fu_18485_p2                                 | -   |        | add_ln162_216  | add   | fabric  | 0       |
|    add_ln162_217_fu_18495_p2                                 | -   |        | add_ln162_217  | add   | fabric  | 0       |
|    add_ln162_218_fu_18553_p2                                 | -   |        | add_ln162_218  | add   | fabric  | 0       |
|    add_ln162_219_fu_18563_p2                                 | -   |        | add_ln162_219  | add   | fabric  | 0       |
|    add_ln162_220_fu_18621_p2                                 | -   |        | add_ln162_220  | add   | fabric  | 0       |
|    add_ln162_221_fu_18631_p2                                 | -   |        | add_ln162_221  | add   | fabric  | 0       |
|    add_ln162_222_fu_18689_p2                                 | -   |        | add_ln162_222  | add   | fabric  | 0       |
|    add_ln162_223_fu_18699_p2                                 | -   |        | add_ln162_223  | add   | fabric  | 0       |
|    add_ln162_224_fu_18757_p2                                 | -   |        | add_ln162_224  | add   | fabric  | 0       |
|    add_ln162_225_fu_18767_p2                                 | -   |        | add_ln162_225  | add   | fabric  | 0       |
|    add_ln162_226_fu_18825_p2                                 | -   |        | add_ln162_226  | add   | fabric  | 0       |
|    add_ln162_227_fu_18835_p2                                 | -   |        | add_ln162_227  | add   | fabric  | 0       |
|    add_ln162_228_fu_18893_p2                                 | -   |        | add_ln162_228  | add   | fabric  | 0       |
|    add_ln162_229_fu_18903_p2                                 | -   |        | add_ln162_229  | add   | fabric  | 0       |
|    add_ln162_230_fu_18961_p2                                 | -   |        | add_ln162_230  | add   | fabric  | 0       |
|    add_ln162_231_fu_18971_p2                                 | -   |        | add_ln162_231  | add   | fabric  | 0       |
|    add_ln162_232_fu_19029_p2                                 | -   |        | add_ln162_232  | add   | fabric  | 0       |
|    add_ln162_233_fu_19039_p2                                 | -   |        | add_ln162_233  | add   | fabric  | 0       |
|    add_ln162_234_fu_19097_p2                                 | -   |        | add_ln162_234  | add   | fabric  | 0       |
|    add_ln162_235_fu_19107_p2                                 | -   |        | add_ln162_235  | add   | fabric  | 0       |
|    add_ln162_236_fu_19165_p2                                 | -   |        | add_ln162_236  | add   | fabric  | 0       |
|    add_ln162_237_fu_19175_p2                                 | -   |        | add_ln162_237  | add   | fabric  | 0       |
|    add_ln162_238_fu_19233_p2                                 | -   |        | add_ln162_238  | add   | fabric  | 0       |
|    add_ln162_239_fu_19243_p2                                 | -   |        | add_ln162_239  | add   | fabric  | 0       |
|    add_ln162_240_fu_19301_p2                                 | -   |        | add_ln162_240  | add   | fabric  | 0       |
|    add_ln162_241_fu_19311_p2                                 | -   |        | add_ln162_241  | add   | fabric  | 0       |
|    add_ln162_242_fu_19369_p2                                 | -   |        | add_ln162_242  | add   | fabric  | 0       |
|    add_ln162_243_fu_19379_p2                                 | -   |        | add_ln162_243  | add   | fabric  | 0       |
|    add_ln162_244_fu_19437_p2                                 | -   |        | add_ln162_244  | add   | fabric  | 0       |
|    add_ln162_245_fu_19447_p2                                 | -   |        | add_ln162_245  | add   | fabric  | 0       |
|    add_ln162_246_fu_19505_p2                                 | -   |        | add_ln162_246  | add   | fabric  | 0       |
|    add_ln162_247_fu_19515_p2                                 | -   |        | add_ln162_247  | add   | fabric  | 0       |
|    add_ln162_248_fu_19573_p2                                 | -   |        | add_ln162_248  | add   | fabric  | 0       |
|    add_ln162_249_fu_19583_p2                                 | -   |        | add_ln162_249  | add   | fabric  | 0       |
|    add_ln162_250_fu_19641_p2                                 | -   |        | add_ln162_250  | add   | fabric  | 0       |
|    add_ln162_251_fu_19651_p2                                 | -   |        | add_ln162_251  | add   | fabric  | 0       |
|    add_ln162_252_fu_19709_p2                                 | -   |        | add_ln162_252  | add   | fabric  | 0       |
|    add_ln162_253_fu_19719_p2                                 | -   |        | add_ln162_253  | add   | fabric  | 0       |
|    add_ln162_254_fu_19777_p2                                 | -   |        | add_ln162_254  | add   | fabric  | 0       |
|    add_ln162_255_fu_19787_p2                                 | -   |        | add_ln162_255  | add   | fabric  | 0       |
|    add_ln162_256_fu_19845_p2                                 | -   |        | add_ln162_256  | add   | fabric  | 0       |
|    add_ln162_257_fu_19855_p2                                 | -   |        | add_ln162_257  | add   | fabric  | 0       |
|    add_ln162_258_fu_19913_p2                                 | -   |        | add_ln162_258  | add   | fabric  | 0       |
|    add_ln162_259_fu_19923_p2                                 | -   |        | add_ln162_259  | add   | fabric  | 0       |
|    add_ln162_260_fu_19981_p2                                 | -   |        | add_ln162_260  | add   | fabric  | 0       |
|    add_ln162_261_fu_19991_p2                                 | -   |        | add_ln162_261  | add   | fabric  | 0       |
|    add_ln162_262_fu_20049_p2                                 | -   |        | add_ln162_262  | add   | fabric  | 0       |
|    add_ln162_263_fu_20059_p2                                 | -   |        | add_ln162_263  | add   | fabric  | 0       |
|    add_ln162_264_fu_20117_p2                                 | -   |        | add_ln162_264  | add   | fabric  | 0       |
|    add_ln162_265_fu_20127_p2                                 | -   |        | add_ln162_265  | add   | fabric  | 0       |
|    add_ln162_266_fu_20185_p2                                 | -   |        | add_ln162_266  | add   | fabric  | 0       |
|    add_ln162_267_fu_20195_p2                                 | -   |        | add_ln162_267  | add   | fabric  | 0       |
|    add_ln162_268_fu_20253_p2                                 | -   |        | add_ln162_268  | add   | fabric  | 0       |
|    add_ln162_269_fu_20263_p2                                 | -   |        | add_ln162_269  | add   | fabric  | 0       |
|    add_ln162_270_fu_20321_p2                                 | -   |        | add_ln162_270  | add   | fabric  | 0       |
|    add_ln162_271_fu_20331_p2                                 | -   |        | add_ln162_271  | add   | fabric  | 0       |
|    add_ln162_272_fu_20389_p2                                 | -   |        | add_ln162_272  | add   | fabric  | 0       |
|    add_ln162_273_fu_20399_p2                                 | -   |        | add_ln162_273  | add   | fabric  | 0       |
|    add_ln162_274_fu_20457_p2                                 | -   |        | add_ln162_274  | add   | fabric  | 0       |
|    add_ln162_275_fu_20467_p2                                 | -   |        | add_ln162_275  | add   | fabric  | 0       |
|    add_ln162_276_fu_20525_p2                                 | -   |        | add_ln162_276  | add   | fabric  | 0       |
|    add_ln162_277_fu_20535_p2                                 | -   |        | add_ln162_277  | add   | fabric  | 0       |
|    add_ln162_278_fu_20593_p2                                 | -   |        | add_ln162_278  | add   | fabric  | 0       |
|    add_ln162_279_fu_20603_p2                                 | -   |        | add_ln162_279  | add   | fabric  | 0       |
|    add_ln162_280_fu_20661_p2                                 | -   |        | add_ln162_280  | add   | fabric  | 0       |
|    add_ln162_281_fu_20671_p2                                 | -   |        | add_ln162_281  | add   | fabric  | 0       |
|    add_ln162_282_fu_20729_p2                                 | -   |        | add_ln162_282  | add   | fabric  | 0       |
|    add_ln162_283_fu_20739_p2                                 | -   |        | add_ln162_283  | add   | fabric  | 0       |
|    add_ln162_284_fu_20797_p2                                 | -   |        | add_ln162_284  | add   | fabric  | 0       |
|    add_ln162_285_fu_20807_p2                                 | -   |        | add_ln162_285  | add   | fabric  | 0       |
|    add_ln162_286_fu_20865_p2                                 | -   |        | add_ln162_286  | add   | fabric  | 0       |
|    add_ln162_287_fu_20875_p2                                 | -   |        | add_ln162_287  | add   | fabric  | 0       |
|    add_ln162_288_fu_20933_p2                                 | -   |        | add_ln162_288  | add   | fabric  | 0       |
|    add_ln162_289_fu_20943_p2                                 | -   |        | add_ln162_289  | add   | fabric  | 0       |
|    add_ln162_290_fu_21001_p2                                 | -   |        | add_ln162_290  | add   | fabric  | 0       |
|    add_ln162_291_fu_21011_p2                                 | -   |        | add_ln162_291  | add   | fabric  | 0       |
|    add_ln162_292_fu_21069_p2                                 | -   |        | add_ln162_292  | add   | fabric  | 0       |
|    add_ln162_293_fu_21079_p2                                 | -   |        | add_ln162_293  | add   | fabric  | 0       |
|    add_ln162_294_fu_21137_p2                                 | -   |        | add_ln162_294  | add   | fabric  | 0       |
|    add_ln162_295_fu_21147_p2                                 | -   |        | add_ln162_295  | add   | fabric  | 0       |
|    add_ln162_296_fu_21205_p2                                 | -   |        | add_ln162_296  | add   | fabric  | 0       |
|    add_ln162_297_fu_21215_p2                                 | -   |        | add_ln162_297  | add   | fabric  | 0       |
|    add_ln162_298_fu_21273_p2                                 | -   |        | add_ln162_298  | add   | fabric  | 0       |
|    add_ln162_299_fu_21283_p2                                 | -   |        | add_ln162_299  | add   | fabric  | 0       |
|    add_ln162_300_fu_21341_p2                                 | -   |        | add_ln162_300  | add   | fabric  | 0       |
|    add_ln162_301_fu_21351_p2                                 | -   |        | add_ln162_301  | add   | fabric  | 0       |
|    add_ln162_302_fu_21409_p2                                 | -   |        | add_ln162_302  | add   | fabric  | 0       |
|    add_ln162_303_fu_21419_p2                                 | -   |        | add_ln162_303  | add   | fabric  | 0       |
|    add_ln162_304_fu_21477_p2                                 | -   |        | add_ln162_304  | add   | fabric  | 0       |
|    add_ln162_305_fu_21487_p2                                 | -   |        | add_ln162_305  | add   | fabric  | 0       |
|    add_ln162_306_fu_21545_p2                                 | -   |        | add_ln162_306  | add   | fabric  | 0       |
|    add_ln162_307_fu_21555_p2                                 | -   |        | add_ln162_307  | add   | fabric  | 0       |
|    add_ln162_308_fu_21613_p2                                 | -   |        | add_ln162_308  | add   | fabric  | 0       |
|    add_ln162_309_fu_21623_p2                                 | -   |        | add_ln162_309  | add   | fabric  | 0       |
|    add_ln162_310_fu_21681_p2                                 | -   |        | add_ln162_310  | add   | fabric  | 0       |
|    add_ln162_311_fu_21691_p2                                 | -   |        | add_ln162_311  | add   | fabric  | 0       |
|    add_ln162_312_fu_21749_p2                                 | -   |        | add_ln162_312  | add   | fabric  | 0       |
|    add_ln162_313_fu_21759_p2                                 | -   |        | add_ln162_313  | add   | fabric  | 0       |
|    add_ln162_314_fu_21817_p2                                 | -   |        | add_ln162_314  | add   | fabric  | 0       |
|    add_ln162_315_fu_21827_p2                                 | -   |        | add_ln162_315  | add   | fabric  | 0       |
|    add_ln162_316_fu_21885_p2                                 | -   |        | add_ln162_316  | add   | fabric  | 0       |
|    add_ln162_317_fu_21895_p2                                 | -   |        | add_ln162_317  | add   | fabric  | 0       |
|    add_ln162_318_fu_21953_p2                                 | -   |        | add_ln162_318  | add   | fabric  | 0       |
|    add_ln162_319_fu_21963_p2                                 | -   |        | add_ln162_319  | add   | fabric  | 0       |
|    add_ln162_320_fu_22021_p2                                 | -   |        | add_ln162_320  | add   | fabric  | 0       |
|    add_ln162_321_fu_22031_p2                                 | -   |        | add_ln162_321  | add   | fabric  | 0       |
|    add_ln162_322_fu_22089_p2                                 | -   |        | add_ln162_322  | add   | fabric  | 0       |
|    add_ln162_323_fu_22099_p2                                 | -   |        | add_ln162_323  | add   | fabric  | 0       |
|    add_ln162_324_fu_22157_p2                                 | -   |        | add_ln162_324  | add   | fabric  | 0       |
|    add_ln162_325_fu_22167_p2                                 | -   |        | add_ln162_325  | add   | fabric  | 0       |
|    add_ln162_326_fu_22225_p2                                 | -   |        | add_ln162_326  | add   | fabric  | 0       |
|    add_ln162_327_fu_22235_p2                                 | -   |        | add_ln162_327  | add   | fabric  | 0       |
|    add_ln162_328_fu_22293_p2                                 | -   |        | add_ln162_328  | add   | fabric  | 0       |
|    add_ln162_329_fu_22303_p2                                 | -   |        | add_ln162_329  | add   | fabric  | 0       |
|    add_ln162_330_fu_22361_p2                                 | -   |        | add_ln162_330  | add   | fabric  | 0       |
|    add_ln162_331_fu_22371_p2                                 | -   |        | add_ln162_331  | add   | fabric  | 0       |
|    add_ln162_332_fu_22429_p2                                 | -   |        | add_ln162_332  | add   | fabric  | 0       |
|    add_ln162_333_fu_22439_p2                                 | -   |        | add_ln162_333  | add   | fabric  | 0       |
|    add_ln162_334_fu_22497_p2                                 | -   |        | add_ln162_334  | add   | fabric  | 0       |
|    add_ln162_335_fu_22507_p2                                 | -   |        | add_ln162_335  | add   | fabric  | 0       |
|    add_ln162_336_fu_22565_p2                                 | -   |        | add_ln162_336  | add   | fabric  | 0       |
|    add_ln162_337_fu_22575_p2                                 | -   |        | add_ln162_337  | add   | fabric  | 0       |
|    add_ln162_338_fu_22633_p2                                 | -   |        | add_ln162_338  | add   | fabric  | 0       |
|    add_ln162_339_fu_22643_p2                                 | -   |        | add_ln162_339  | add   | fabric  | 0       |
|    add_ln162_340_fu_22701_p2                                 | -   |        | add_ln162_340  | add   | fabric  | 0       |
|    add_ln162_341_fu_22711_p2                                 | -   |        | add_ln162_341  | add   | fabric  | 0       |
|    add_ln162_342_fu_22769_p2                                 | -   |        | add_ln162_342  | add   | fabric  | 0       |
|    add_ln162_343_fu_22779_p2                                 | -   |        | add_ln162_343  | add   | fabric  | 0       |
|    add_ln162_344_fu_22837_p2                                 | -   |        | add_ln162_344  | add   | fabric  | 0       |
|    add_ln162_345_fu_22847_p2                                 | -   |        | add_ln162_345  | add   | fabric  | 0       |
|    add_ln162_346_fu_22905_p2                                 | -   |        | add_ln162_346  | add   | fabric  | 0       |
|    add_ln162_347_fu_22915_p2                                 | -   |        | add_ln162_347  | add   | fabric  | 0       |
|    add_ln162_348_fu_22973_p2                                 | -   |        | add_ln162_348  | add   | fabric  | 0       |
|    add_ln162_349_fu_22983_p2                                 | -   |        | add_ln162_349  | add   | fabric  | 0       |
|    add_ln162_350_fu_23041_p2                                 | -   |        | add_ln162_350  | add   | fabric  | 0       |
|    add_ln162_351_fu_23051_p2                                 | -   |        | add_ln162_351  | add   | fabric  | 0       |
|    add_ln162_352_fu_23109_p2                                 | -   |        | add_ln162_352  | add   | fabric  | 0       |
|    add_ln162_353_fu_23119_p2                                 | -   |        | add_ln162_353  | add   | fabric  | 0       |
|    add_ln162_354_fu_23177_p2                                 | -   |        | add_ln162_354  | add   | fabric  | 0       |
|    add_ln162_355_fu_23187_p2                                 | -   |        | add_ln162_355  | add   | fabric  | 0       |
|    add_ln162_356_fu_23245_p2                                 | -   |        | add_ln162_356  | add   | fabric  | 0       |
|    add_ln162_357_fu_23255_p2                                 | -   |        | add_ln162_357  | add   | fabric  | 0       |
|    add_ln162_358_fu_23313_p2                                 | -   |        | add_ln162_358  | add   | fabric  | 0       |
|    add_ln162_359_fu_23323_p2                                 | -   |        | add_ln162_359  | add   | fabric  | 0       |
|    add_ln162_360_fu_23381_p2                                 | -   |        | add_ln162_360  | add   | fabric  | 0       |
|    add_ln162_361_fu_23391_p2                                 | -   |        | add_ln162_361  | add   | fabric  | 0       |
|    add_ln162_362_fu_23449_p2                                 | -   |        | add_ln162_362  | add   | fabric  | 0       |
|    add_ln162_363_fu_23459_p2                                 | -   |        | add_ln162_363  | add   | fabric  | 0       |
|    add_ln162_364_fu_23517_p2                                 | -   |        | add_ln162_364  | add   | fabric  | 0       |
|    add_ln162_365_fu_23527_p2                                 | -   |        | add_ln162_365  | add   | fabric  | 0       |
|    add_ln162_366_fu_23585_p2                                 | -   |        | add_ln162_366  | add   | fabric  | 0       |
|    add_ln162_367_fu_23595_p2                                 | -   |        | add_ln162_367  | add   | fabric  | 0       |
|    add_ln162_368_fu_23653_p2                                 | -   |        | add_ln162_368  | add   | fabric  | 0       |
|    add_ln162_369_fu_23663_p2                                 | -   |        | add_ln162_369  | add   | fabric  | 0       |
|    add_ln162_370_fu_23721_p2                                 | -   |        | add_ln162_370  | add   | fabric  | 0       |
|    add_ln162_371_fu_23731_p2                                 | -   |        | add_ln162_371  | add   | fabric  | 0       |
|    add_ln162_372_fu_23789_p2                                 | -   |        | add_ln162_372  | add   | fabric  | 0       |
|    add_ln162_373_fu_23799_p2                                 | -   |        | add_ln162_373  | add   | fabric  | 0       |
|    add_ln162_374_fu_23857_p2                                 | -   |        | add_ln162_374  | add   | fabric  | 0       |
|    add_ln162_375_fu_23867_p2                                 | -   |        | add_ln162_375  | add   | fabric  | 0       |
|    add_ln162_376_fu_23925_p2                                 | -   |        | add_ln162_376  | add   | fabric  | 0       |
|    add_ln162_377_fu_23935_p2                                 | -   |        | add_ln162_377  | add   | fabric  | 0       |
|    add_ln162_378_fu_23993_p2                                 | -   |        | add_ln162_378  | add   | fabric  | 0       |
|    add_ln162_379_fu_24003_p2                                 | -   |        | add_ln162_379  | add   | fabric  | 0       |
|    add_ln162_380_fu_24061_p2                                 | -   |        | add_ln162_380  | add   | fabric  | 0       |
|    add_ln162_381_fu_24071_p2                                 | -   |        | add_ln162_381  | add   | fabric  | 0       |
|    add_ln162_382_fu_24129_p2                                 | -   |        | add_ln162_382  | add   | fabric  | 0       |
|    add_ln162_383_fu_24139_p2                                 | -   |        | add_ln162_383  | add   | fabric  | 0       |
|    add_ln162_384_fu_24197_p2                                 | -   |        | add_ln162_384  | add   | fabric  | 0       |
|    add_ln162_385_fu_24207_p2                                 | -   |        | add_ln162_385  | add   | fabric  | 0       |
|    add_ln162_386_fu_24265_p2                                 | -   |        | add_ln162_386  | add   | fabric  | 0       |
|    add_ln162_387_fu_24275_p2                                 | -   |        | add_ln162_387  | add   | fabric  | 0       |
|    add_ln162_388_fu_24333_p2                                 | -   |        | add_ln162_388  | add   | fabric  | 0       |
|    add_ln162_389_fu_24343_p2                                 | -   |        | add_ln162_389  | add   | fabric  | 0       |
|    add_ln162_390_fu_24401_p2                                 | -   |        | add_ln162_390  | add   | fabric  | 0       |
|    add_ln162_391_fu_24411_p2                                 | -   |        | add_ln162_391  | add   | fabric  | 0       |
|    add_ln162_392_fu_24469_p2                                 | -   |        | add_ln162_392  | add   | fabric  | 0       |
|    add_ln162_393_fu_24479_p2                                 | -   |        | add_ln162_393  | add   | fabric  | 0       |
|    add_ln162_394_fu_24537_p2                                 | -   |        | add_ln162_394  | add   | fabric  | 0       |
|    add_ln162_395_fu_24547_p2                                 | -   |        | add_ln162_395  | add   | fabric  | 0       |
|    add_ln162_396_fu_24605_p2                                 | -   |        | add_ln162_396  | add   | fabric  | 0       |
|    add_ln162_397_fu_24615_p2                                 | -   |        | add_ln162_397  | add   | fabric  | 0       |
|    add_ln162_398_fu_24673_p2                                 | -   |        | add_ln162_398  | add   | fabric  | 0       |
|    add_ln162_399_fu_24683_p2                                 | -   |        | add_ln162_399  | add   | fabric  | 0       |
|    add_ln162_400_fu_24741_p2                                 | -   |        | add_ln162_400  | add   | fabric  | 0       |
|    add_ln162_401_fu_24751_p2                                 | -   |        | add_ln162_401  | add   | fabric  | 0       |
|    add_ln162_402_fu_24809_p2                                 | -   |        | add_ln162_402  | add   | fabric  | 0       |
|    add_ln162_403_fu_24819_p2                                 | -   |        | add_ln162_403  | add   | fabric  | 0       |
|    add_ln162_404_fu_24877_p2                                 | -   |        | add_ln162_404  | add   | fabric  | 0       |
|    add_ln162_405_fu_24887_p2                                 | -   |        | add_ln162_405  | add   | fabric  | 0       |
|    add_ln162_406_fu_24945_p2                                 | -   |        | add_ln162_406  | add   | fabric  | 0       |
|    add_ln162_407_fu_24955_p2                                 | -   |        | add_ln162_407  | add   | fabric  | 0       |
|    add_ln162_408_fu_25013_p2                                 | -   |        | add_ln162_408  | add   | fabric  | 0       |
|    add_ln162_409_fu_25023_p2                                 | -   |        | add_ln162_409  | add   | fabric  | 0       |
|    add_ln162_410_fu_25081_p2                                 | -   |        | add_ln162_410  | add   | fabric  | 0       |
|    add_ln162_411_fu_25091_p2                                 | -   |        | add_ln162_411  | add   | fabric  | 0       |
|    add_ln162_412_fu_25149_p2                                 | -   |        | add_ln162_412  | add   | fabric  | 0       |
|    add_ln162_413_fu_25159_p2                                 | -   |        | add_ln162_413  | add   | fabric  | 0       |
|    add_ln162_414_fu_25217_p2                                 | -   |        | add_ln162_414  | add   | fabric  | 0       |
|    add_ln162_415_fu_25227_p2                                 | -   |        | add_ln162_415  | add   | fabric  | 0       |
|    add_ln162_416_fu_25285_p2                                 | -   |        | add_ln162_416  | add   | fabric  | 0       |
|    add_ln162_417_fu_25295_p2                                 | -   |        | add_ln162_417  | add   | fabric  | 0       |
|    add_ln162_418_fu_25353_p2                                 | -   |        | add_ln162_418  | add   | fabric  | 0       |
|    add_ln162_419_fu_25363_p2                                 | -   |        | add_ln162_419  | add   | fabric  | 0       |
|    add_ln162_420_fu_25421_p2                                 | -   |        | add_ln162_420  | add   | fabric  | 0       |
|    add_ln162_421_fu_25431_p2                                 | -   |        | add_ln162_421  | add   | fabric  | 0       |
|    add_ln162_422_fu_25489_p2                                 | -   |        | add_ln162_422  | add   | fabric  | 0       |
|    add_ln162_423_fu_25499_p2                                 | -   |        | add_ln162_423  | add   | fabric  | 0       |
|    add_ln162_424_fu_25557_p2                                 | -   |        | add_ln162_424  | add   | fabric  | 0       |
|    add_ln162_425_fu_25567_p2                                 | -   |        | add_ln162_425  | add   | fabric  | 0       |
|    add_ln162_426_fu_25625_p2                                 | -   |        | add_ln162_426  | add   | fabric  | 0       |
|    add_ln162_427_fu_25635_p2                                 | -   |        | add_ln162_427  | add   | fabric  | 0       |
|    add_ln162_428_fu_25693_p2                                 | -   |        | add_ln162_428  | add   | fabric  | 0       |
|    add_ln162_429_fu_25703_p2                                 | -   |        | add_ln162_429  | add   | fabric  | 0       |
|    add_ln162_430_fu_25761_p2                                 | -   |        | add_ln162_430  | add   | fabric  | 0       |
|    add_ln162_431_fu_25771_p2                                 | -   |        | add_ln162_431  | add   | fabric  | 0       |
|    add_ln162_432_fu_25829_p2                                 | -   |        | add_ln162_432  | add   | fabric  | 0       |
|    add_ln162_433_fu_25839_p2                                 | -   |        | add_ln162_433  | add   | fabric  | 0       |
|    add_ln162_434_fu_25897_p2                                 | -   |        | add_ln162_434  | add   | fabric  | 0       |
|    add_ln162_435_fu_25907_p2                                 | -   |        | add_ln162_435  | add   | fabric  | 0       |
|    add_ln162_436_fu_25965_p2                                 | -   |        | add_ln162_436  | add   | fabric  | 0       |
|    add_ln162_437_fu_25975_p2                                 | -   |        | add_ln162_437  | add   | fabric  | 0       |
|    add_ln162_438_fu_26033_p2                                 | -   |        | add_ln162_438  | add   | fabric  | 0       |
|    add_ln162_439_fu_26043_p2                                 | -   |        | add_ln162_439  | add   | fabric  | 0       |
|    add_ln162_440_fu_26101_p2                                 | -   |        | add_ln162_440  | add   | fabric  | 0       |
|    add_ln162_441_fu_26111_p2                                 | -   |        | add_ln162_441  | add   | fabric  | 0       |
|    add_ln162_442_fu_26169_p2                                 | -   |        | add_ln162_442  | add   | fabric  | 0       |
|    add_ln162_443_fu_26179_p2                                 | -   |        | add_ln162_443  | add   | fabric  | 0       |
|    add_ln162_444_fu_26237_p2                                 | -   |        | add_ln162_444  | add   | fabric  | 0       |
|    add_ln162_445_fu_26247_p2                                 | -   |        | add_ln162_445  | add   | fabric  | 0       |
|    add_ln162_446_fu_26305_p2                                 | -   |        | add_ln162_446  | add   | fabric  | 0       |
|    add_ln162_447_fu_26315_p2                                 | -   |        | add_ln162_447  | add   | fabric  | 0       |
|    add_ln162_448_fu_26373_p2                                 | -   |        | add_ln162_448  | add   | fabric  | 0       |
|    add_ln162_449_fu_26383_p2                                 | -   |        | add_ln162_449  | add   | fabric  | 0       |
|    add_ln165_fu_10191_p2                                     | -   |        | add_ln165      | add   | fabric  | 0       |
|    add_ln165_1_fu_10205_p2                                   | -   |        | add_ln165_1    | add   | fabric  | 0       |
|    sub_ln170_fu_10237_p2                                     | -   |        | sub_ln170      | sub   | fabric  | 0       |
|    add_ln170_fu_10247_p2                                     | -   |        | add_ln170      | add   | fabric  | 0       |
|    add_ln170_1_fu_10292_p2                                   | -   |        | add_ln170_1    | add   | fabric  | 0       |
|    add_ln170_2_fu_10311_p2                                   | -   |        | add_ln170_2    | add   | fabric  | 0       |
|    add_ln170_3_fu_10355_p2                                   | -   |        | add_ln170_3    | add   | fabric  | 0       |
|    add_ln170_4_fu_10374_p2                                   | -   |        | add_ln170_4    | add   | fabric  | 0       |
|    add_ln170_5_fu_10423_p2                                   | -   |        | add_ln170_5    | add   | fabric  | 0       |
|    add_ln170_6_fu_10442_p2                                   | -   |        | add_ln170_6    | add   | fabric  | 0       |
|    add_ln170_7_fu_10491_p2                                   | -   |        | add_ln170_7    | add   | fabric  | 0       |
|    add_ln170_8_fu_10510_p2                                   | -   |        | add_ln170_8    | add   | fabric  | 0       |
|    add_ln170_9_fu_10559_p2                                   | -   |        | add_ln170_9    | add   | fabric  | 0       |
|    add_ln170_10_fu_10578_p2                                  | -   |        | add_ln170_10   | add   | fabric  | 0       |
|    add_ln170_11_fu_10627_p2                                  | -   |        | add_ln170_11   | add   | fabric  | 0       |
|    add_ln170_12_fu_10646_p2                                  | -   |        | add_ln170_12   | add   | fabric  | 0       |
|    add_ln170_13_fu_10700_p2                                  | -   |        | add_ln170_13   | add   | fabric  | 0       |
|    add_ln170_14_fu_10719_p2                                  | -   |        | add_ln170_14   | add   | fabric  | 0       |
|    add_ln170_15_fu_10768_p2                                  | -   |        | add_ln170_15   | add   | fabric  | 0       |
|    add_ln170_16_fu_10787_p2                                  | -   |        | add_ln170_16   | add   | fabric  | 0       |
|    add_ln170_17_fu_10836_p2                                  | -   |        | add_ln170_17   | add   | fabric  | 0       |
|    add_ln170_18_fu_10855_p2                                  | -   |        | add_ln170_18   | add   | fabric  | 0       |
|    add_ln170_19_fu_10904_p2                                  | -   |        | add_ln170_19   | add   | fabric  | 0       |
|    add_ln170_20_fu_10923_p2                                  | -   |        | add_ln170_20   | add   | fabric  | 0       |
|    add_ln170_21_fu_10972_p2                                  | -   |        | add_ln170_21   | add   | fabric  | 0       |
|    add_ln170_22_fu_10991_p2                                  | -   |        | add_ln170_22   | add   | fabric  | 0       |
|    add_ln170_23_fu_11040_p2                                  | -   |        | add_ln170_23   | add   | fabric  | 0       |
|    add_ln170_24_fu_11059_p2                                  | -   |        | add_ln170_24   | add   | fabric  | 0       |
|    add_ln170_25_fu_11108_p2                                  | -   |        | add_ln170_25   | add   | fabric  | 0       |
|    add_ln170_26_fu_11127_p2                                  | -   |        | add_ln170_26   | add   | fabric  | 0       |
|    add_ln170_27_fu_11176_p2                                  | -   |        | add_ln170_27   | add   | fabric  | 0       |
|    add_ln170_28_fu_11195_p2                                  | -   |        | add_ln170_28   | add   | fabric  | 0       |
|    add_ln170_29_fu_11244_p2                                  | -   |        | add_ln170_29   | add   | fabric  | 0       |
|    add_ln170_30_fu_11263_p2                                  | -   |        | add_ln170_30   | add   | fabric  | 0       |
|    add_ln170_31_fu_11315_p2                                  | -   |        | add_ln170_31   | add   | fabric  | 0       |
|    add_ln170_32_fu_11325_p2                                  | -   |        | add_ln170_32   | add   | fabric  | 0       |
|    add_ln170_33_fu_11335_p2                                  | -   |        | add_ln170_33   | add   | fabric  | 0       |
|    add_ln170_34_fu_11375_p2                                  | -   |        | add_ln170_34   | add   | fabric  | 0       |
|    add_ln170_35_fu_11384_p2                                  | -   |        | add_ln170_35   | add   | fabric  | 0       |
|    add_ln170_36_fu_11394_p2                                  | -   |        | add_ln170_36   | add   | fabric  | 0       |
|    add_ln170_37_fu_11403_p2                                  | -   |        | add_ln170_37   | add   | fabric  | 0       |
|    add_ln170_38_fu_11443_p2                                  | -   |        | add_ln170_38   | add   | fabric  | 0       |
|    add_ln170_39_fu_11452_p2                                  | -   |        | add_ln170_39   | add   | fabric  | 0       |
|    add_ln170_40_fu_11462_p2                                  | -   |        | add_ln170_40   | add   | fabric  | 0       |
|    add_ln170_41_fu_11471_p2                                  | -   |        | add_ln170_41   | add   | fabric  | 0       |
|    add_ln170_42_fu_11511_p2                                  | -   |        | add_ln170_42   | add   | fabric  | 0       |
|    add_ln170_43_fu_11520_p2                                  | -   |        | add_ln170_43   | add   | fabric  | 0       |
|    add_ln170_44_fu_11530_p2                                  | -   |        | add_ln170_44   | add   | fabric  | 0       |
|    add_ln170_45_fu_11539_p2                                  | -   |        | add_ln170_45   | add   | fabric  | 0       |
|    add_ln170_46_fu_11579_p2                                  | -   |        | add_ln170_46   | add   | fabric  | 0       |
|    add_ln170_47_fu_11588_p2                                  | -   |        | add_ln170_47   | add   | fabric  | 0       |
|    add_ln170_48_fu_11598_p2                                  | -   |        | add_ln170_48   | add   | fabric  | 0       |
|    add_ln170_49_fu_11607_p2                                  | -   |        | add_ln170_49   | add   | fabric  | 0       |
|    add_ln170_50_fu_11647_p2                                  | -   |        | add_ln170_50   | add   | fabric  | 0       |
|    add_ln170_51_fu_11656_p2                                  | -   |        | add_ln170_51   | add   | fabric  | 0       |
|    add_ln170_52_fu_11666_p2                                  | -   |        | add_ln170_52   | add   | fabric  | 0       |
|    add_ln170_53_fu_11675_p2                                  | -   |        | add_ln170_53   | add   | fabric  | 0       |
|    add_ln170_54_fu_11715_p2                                  | -   |        | add_ln170_54   | add   | fabric  | 0       |
|    add_ln170_55_fu_11724_p2                                  | -   |        | add_ln170_55   | add   | fabric  | 0       |
|    add_ln170_56_fu_11734_p2                                  | -   |        | add_ln170_56   | add   | fabric  | 0       |
|    add_ln170_57_fu_11743_p2                                  | -   |        | add_ln170_57   | add   | fabric  | 0       |
|    add_ln170_58_fu_11783_p2                                  | -   |        | add_ln170_58   | add   | fabric  | 0       |
|    add_ln170_59_fu_11792_p2                                  | -   |        | add_ln170_59   | add   | fabric  | 0       |
|    add_ln170_60_fu_11802_p2                                  | -   |        | add_ln170_60   | add   | fabric  | 0       |
|    add_ln170_61_fu_11811_p2                                  | -   |        | add_ln170_61   | add   | fabric  | 0       |
|    add_ln170_62_fu_11851_p2                                  | -   |        | add_ln170_62   | add   | fabric  | 0       |
|    add_ln170_63_fu_11860_p2                                  | -   |        | add_ln170_63   | add   | fabric  | 0       |
|    add_ln170_64_fu_11870_p2                                  | -   |        | add_ln170_64   | add   | fabric  | 0       |
|    add_ln170_65_fu_11879_p2                                  | -   |        | add_ln170_65   | add   | fabric  | 0       |
|    add_ln170_66_fu_11919_p2                                  | -   |        | add_ln170_66   | add   | fabric  | 0       |
|    add_ln170_67_fu_11928_p2                                  | -   |        | add_ln170_67   | add   | fabric  | 0       |
|    add_ln170_68_fu_11938_p2                                  | -   |        | add_ln170_68   | add   | fabric  | 0       |
|    add_ln170_69_fu_11947_p2                                  | -   |        | add_ln170_69   | add   | fabric  | 0       |
|    add_ln170_70_fu_11987_p2                                  | -   |        | add_ln170_70   | add   | fabric  | 0       |
|    add_ln170_71_fu_11996_p2                                  | -   |        | add_ln170_71   | add   | fabric  | 0       |
|    add_ln170_72_fu_12006_p2                                  | -   |        | add_ln170_72   | add   | fabric  | 0       |
|    add_ln170_73_fu_12015_p2                                  | -   |        | add_ln170_73   | add   | fabric  | 0       |
|    add_ln170_74_fu_12055_p2                                  | -   |        | add_ln170_74   | add   | fabric  | 0       |
|    add_ln170_75_fu_12064_p2                                  | -   |        | add_ln170_75   | add   | fabric  | 0       |
|    add_ln170_76_fu_12074_p2                                  | -   |        | add_ln170_76   | add   | fabric  | 0       |
|    add_ln170_77_fu_12083_p2                                  | -   |        | add_ln170_77   | add   | fabric  | 0       |
|    add_ln170_78_fu_12123_p2                                  | -   |        | add_ln170_78   | add   | fabric  | 0       |
|    add_ln170_79_fu_12132_p2                                  | -   |        | add_ln170_79   | add   | fabric  | 0       |
|    add_ln170_80_fu_12142_p2                                  | -   |        | add_ln170_80   | add   | fabric  | 0       |
|    add_ln170_81_fu_12151_p2                                  | -   |        | add_ln170_81   | add   | fabric  | 0       |
|    add_ln170_82_fu_12191_p2                                  | -   |        | add_ln170_82   | add   | fabric  | 0       |
|    add_ln170_83_fu_12200_p2                                  | -   |        | add_ln170_83   | add   | fabric  | 0       |
|    add_ln170_84_fu_12210_p2                                  | -   |        | add_ln170_84   | add   | fabric  | 0       |
|    add_ln170_85_fu_12219_p2                                  | -   |        | add_ln170_85   | add   | fabric  | 0       |
|    add_ln170_86_fu_12259_p2                                  | -   |        | add_ln170_86   | add   | fabric  | 0       |
|    add_ln170_87_fu_12268_p2                                  | -   |        | add_ln170_87   | add   | fabric  | 0       |
|    add_ln170_88_fu_12278_p2                                  | -   |        | add_ln170_88   | add   | fabric  | 0       |
|    add_ln170_89_fu_12287_p2                                  | -   |        | add_ln170_89   | add   | fabric  | 0       |
|    add_ln170_90_fu_12327_p2                                  | -   |        | add_ln170_90   | add   | fabric  | 0       |
|    add_ln170_91_fu_12336_p2                                  | -   |        | add_ln170_91   | add   | fabric  | 0       |
|    add_ln170_92_fu_12346_p2                                  | -   |        | add_ln170_92   | add   | fabric  | 0       |
|    add_ln170_93_fu_12355_p2                                  | -   |        | add_ln170_93   | add   | fabric  | 0       |
|    add_ln170_94_fu_12395_p2                                  | -   |        | add_ln170_94   | add   | fabric  | 0       |
|    add_ln170_95_fu_12404_p2                                  | -   |        | add_ln170_95   | add   | fabric  | 0       |
|    add_ln170_96_fu_12414_p2                                  | -   |        | add_ln170_96   | add   | fabric  | 0       |
|    add_ln170_97_fu_12423_p2                                  | -   |        | add_ln170_97   | add   | fabric  | 0       |
|    add_ln170_98_fu_12463_p2                                  | -   |        | add_ln170_98   | add   | fabric  | 0       |
|    add_ln170_99_fu_12472_p2                                  | -   |        | add_ln170_99   | add   | fabric  | 0       |
|    add_ln170_100_fu_12482_p2                                 | -   |        | add_ln170_100  | add   | fabric  | 0       |
|    add_ln170_101_fu_12491_p2                                 | -   |        | add_ln170_101  | add   | fabric  | 0       |
|    add_ln170_102_fu_12531_p2                                 | -   |        | add_ln170_102  | add   | fabric  | 0       |
|    add_ln170_103_fu_12540_p2                                 | -   |        | add_ln170_103  | add   | fabric  | 0       |
|    add_ln170_104_fu_12550_p2                                 | -   |        | add_ln170_104  | add   | fabric  | 0       |
|    add_ln170_105_fu_12559_p2                                 | -   |        | add_ln170_105  | add   | fabric  | 0       |
|    add_ln170_106_fu_12599_p2                                 | -   |        | add_ln170_106  | add   | fabric  | 0       |
|    add_ln170_107_fu_12608_p2                                 | -   |        | add_ln170_107  | add   | fabric  | 0       |
|    add_ln170_108_fu_12618_p2                                 | -   |        | add_ln170_108  | add   | fabric  | 0       |
|    add_ln170_109_fu_12627_p2                                 | -   |        | add_ln170_109  | add   | fabric  | 0       |
|    add_ln170_110_fu_12667_p2                                 | -   |        | add_ln170_110  | add   | fabric  | 0       |
|    add_ln170_111_fu_12676_p2                                 | -   |        | add_ln170_111  | add   | fabric  | 0       |
|    add_ln170_112_fu_12686_p2                                 | -   |        | add_ln170_112  | add   | fabric  | 0       |
|    add_ln170_113_fu_12695_p2                                 | -   |        | add_ln170_113  | add   | fabric  | 0       |
|    add_ln170_114_fu_12735_p2                                 | -   |        | add_ln170_114  | add   | fabric  | 0       |
|    add_ln170_115_fu_12744_p2                                 | -   |        | add_ln170_115  | add   | fabric  | 0       |
|    add_ln170_116_fu_12754_p2                                 | -   |        | add_ln170_116  | add   | fabric  | 0       |
|    add_ln170_117_fu_12763_p2                                 | -   |        | add_ln170_117  | add   | fabric  | 0       |
|    add_ln170_118_fu_12803_p2                                 | -   |        | add_ln170_118  | add   | fabric  | 0       |
|    add_ln170_119_fu_12812_p2                                 | -   |        | add_ln170_119  | add   | fabric  | 0       |
|    add_ln170_120_fu_12822_p2                                 | -   |        | add_ln170_120  | add   | fabric  | 0       |
|    add_ln170_121_fu_12831_p2                                 | -   |        | add_ln170_121  | add   | fabric  | 0       |
|    add_ln170_122_fu_12871_p2                                 | -   |        | add_ln170_122  | add   | fabric  | 0       |
|    add_ln170_123_fu_12880_p2                                 | -   |        | add_ln170_123  | add   | fabric  | 0       |
|    add_ln170_124_fu_12890_p2                                 | -   |        | add_ln170_124  | add   | fabric  | 0       |
|    add_ln170_125_fu_12899_p2                                 | -   |        | add_ln170_125  | add   | fabric  | 0       |
|    add_ln170_126_fu_12939_p2                                 | -   |        | add_ln170_126  | add   | fabric  | 0       |
|    add_ln170_127_fu_12948_p2                                 | -   |        | add_ln170_127  | add   | fabric  | 0       |
|    add_ln170_128_fu_12958_p2                                 | -   |        | add_ln170_128  | add   | fabric  | 0       |
|    add_ln170_129_fu_12967_p2                                 | -   |        | add_ln170_129  | add   | fabric  | 0       |
|    add_ln170_130_fu_13007_p2                                 | -   |        | add_ln170_130  | add   | fabric  | 0       |
|    add_ln170_131_fu_13016_p2                                 | -   |        | add_ln170_131  | add   | fabric  | 0       |
|    add_ln170_132_fu_13026_p2                                 | -   |        | add_ln170_132  | add   | fabric  | 0       |
|    add_ln170_133_fu_13035_p2                                 | -   |        | add_ln170_133  | add   | fabric  | 0       |
|    add_ln170_134_fu_13075_p2                                 | -   |        | add_ln170_134  | add   | fabric  | 0       |
|    add_ln170_135_fu_13084_p2                                 | -   |        | add_ln170_135  | add   | fabric  | 0       |
|    add_ln170_136_fu_13094_p2                                 | -   |        | add_ln170_136  | add   | fabric  | 0       |
|    add_ln170_137_fu_13103_p2                                 | -   |        | add_ln170_137  | add   | fabric  | 0       |
|    add_ln170_138_fu_13143_p2                                 | -   |        | add_ln170_138  | add   | fabric  | 0       |
|    add_ln170_139_fu_13152_p2                                 | -   |        | add_ln170_139  | add   | fabric  | 0       |
|    add_ln170_140_fu_13162_p2                                 | -   |        | add_ln170_140  | add   | fabric  | 0       |
|    add_ln170_141_fu_13171_p2                                 | -   |        | add_ln170_141  | add   | fabric  | 0       |
|    add_ln170_142_fu_13211_p2                                 | -   |        | add_ln170_142  | add   | fabric  | 0       |
|    add_ln170_143_fu_13220_p2                                 | -   |        | add_ln170_143  | add   | fabric  | 0       |
|    add_ln170_144_fu_13230_p2                                 | -   |        | add_ln170_144  | add   | fabric  | 0       |
|    add_ln170_145_fu_13239_p2                                 | -   |        | add_ln170_145  | add   | fabric  | 0       |
|    add_ln170_146_fu_13279_p2                                 | -   |        | add_ln170_146  | add   | fabric  | 0       |
|    add_ln170_147_fu_13288_p2                                 | -   |        | add_ln170_147  | add   | fabric  | 0       |
|    add_ln170_148_fu_13298_p2                                 | -   |        | add_ln170_148  | add   | fabric  | 0       |
|    add_ln170_149_fu_13307_p2                                 | -   |        | add_ln170_149  | add   | fabric  | 0       |
|    add_ln170_150_fu_13347_p2                                 | -   |        | add_ln170_150  | add   | fabric  | 0       |
|    add_ln170_151_fu_13356_p2                                 | -   |        | add_ln170_151  | add   | fabric  | 0       |
|    add_ln170_152_fu_13366_p2                                 | -   |        | add_ln170_152  | add   | fabric  | 0       |
|    add_ln170_153_fu_13375_p2                                 | -   |        | add_ln170_153  | add   | fabric  | 0       |
|    add_ln170_154_fu_13415_p2                                 | -   |        | add_ln170_154  | add   | fabric  | 0       |
|    add_ln170_155_fu_13424_p2                                 | -   |        | add_ln170_155  | add   | fabric  | 0       |
|    add_ln170_156_fu_13434_p2                                 | -   |        | add_ln170_156  | add   | fabric  | 0       |
|    add_ln170_157_fu_13443_p2                                 | -   |        | add_ln170_157  | add   | fabric  | 0       |
|    add_ln170_158_fu_13483_p2                                 | -   |        | add_ln170_158  | add   | fabric  | 0       |
|    add_ln170_159_fu_13492_p2                                 | -   |        | add_ln170_159  | add   | fabric  | 0       |
|    add_ln170_160_fu_13502_p2                                 | -   |        | add_ln170_160  | add   | fabric  | 0       |
|    add_ln170_161_fu_13511_p2                                 | -   |        | add_ln170_161  | add   | fabric  | 0       |
|    add_ln170_162_fu_13551_p2                                 | -   |        | add_ln170_162  | add   | fabric  | 0       |
|    add_ln170_163_fu_13560_p2                                 | -   |        | add_ln170_163  | add   | fabric  | 0       |
|    add_ln170_164_fu_13570_p2                                 | -   |        | add_ln170_164  | add   | fabric  | 0       |
|    add_ln170_165_fu_13579_p2                                 | -   |        | add_ln170_165  | add   | fabric  | 0       |
|    add_ln170_166_fu_13619_p2                                 | -   |        | add_ln170_166  | add   | fabric  | 0       |
|    add_ln170_167_fu_13628_p2                                 | -   |        | add_ln170_167  | add   | fabric  | 0       |
|    add_ln170_168_fu_13638_p2                                 | -   |        | add_ln170_168  | add   | fabric  | 0       |
|    add_ln170_169_fu_13647_p2                                 | -   |        | add_ln170_169  | add   | fabric  | 0       |
|    add_ln170_170_fu_13687_p2                                 | -   |        | add_ln170_170  | add   | fabric  | 0       |
|    add_ln170_171_fu_13696_p2                                 | -   |        | add_ln170_171  | add   | fabric  | 0       |
|    add_ln170_172_fu_13706_p2                                 | -   |        | add_ln170_172  | add   | fabric  | 0       |
|    add_ln170_173_fu_13715_p2                                 | -   |        | add_ln170_173  | add   | fabric  | 0       |
|    add_ln170_174_fu_13755_p2                                 | -   |        | add_ln170_174  | add   | fabric  | 0       |
|    add_ln170_175_fu_13764_p2                                 | -   |        | add_ln170_175  | add   | fabric  | 0       |
|    add_ln170_176_fu_13774_p2                                 | -   |        | add_ln170_176  | add   | fabric  | 0       |
|    add_ln170_177_fu_13783_p2                                 | -   |        | add_ln170_177  | add   | fabric  | 0       |
|    add_ln170_178_fu_13823_p2                                 | -   |        | add_ln170_178  | add   | fabric  | 0       |
|    add_ln170_179_fu_13832_p2                                 | -   |        | add_ln170_179  | add   | fabric  | 0       |
|    add_ln170_180_fu_13842_p2                                 | -   |        | add_ln170_180  | add   | fabric  | 0       |
|    add_ln170_181_fu_13851_p2                                 | -   |        | add_ln170_181  | add   | fabric  | 0       |
|    add_ln170_182_fu_13891_p2                                 | -   |        | add_ln170_182  | add   | fabric  | 0       |
|    add_ln170_183_fu_13900_p2                                 | -   |        | add_ln170_183  | add   | fabric  | 0       |
|    add_ln170_184_fu_13910_p2                                 | -   |        | add_ln170_184  | add   | fabric  | 0       |
|    add_ln170_185_fu_13919_p2                                 | -   |        | add_ln170_185  | add   | fabric  | 0       |
|    add_ln170_186_fu_13959_p2                                 | -   |        | add_ln170_186  | add   | fabric  | 0       |
|    add_ln170_187_fu_13968_p2                                 | -   |        | add_ln170_187  | add   | fabric  | 0       |
|    add_ln170_188_fu_13978_p2                                 | -   |        | add_ln170_188  | add   | fabric  | 0       |
|    add_ln170_189_fu_13987_p2                                 | -   |        | add_ln170_189  | add   | fabric  | 0       |
|    add_ln170_190_fu_14027_p2                                 | -   |        | add_ln170_190  | add   | fabric  | 0       |
|    add_ln170_191_fu_14036_p2                                 | -   |        | add_ln170_191  | add   | fabric  | 0       |
|    add_ln170_192_fu_14046_p2                                 | -   |        | add_ln170_192  | add   | fabric  | 0       |
|    add_ln170_193_fu_14055_p2                                 | -   |        | add_ln170_193  | add   | fabric  | 0       |
|    add_ln170_194_fu_14095_p2                                 | -   |        | add_ln170_194  | add   | fabric  | 0       |
|    add_ln170_195_fu_14104_p2                                 | -   |        | add_ln170_195  | add   | fabric  | 0       |
|    add_ln170_196_fu_14114_p2                                 | -   |        | add_ln170_196  | add   | fabric  | 0       |
|    add_ln170_197_fu_14123_p2                                 | -   |        | add_ln170_197  | add   | fabric  | 0       |
|    add_ln170_198_fu_14163_p2                                 | -   |        | add_ln170_198  | add   | fabric  | 0       |
|    add_ln170_199_fu_14172_p2                                 | -   |        | add_ln170_199  | add   | fabric  | 0       |
|    add_ln170_200_fu_14182_p2                                 | -   |        | add_ln170_200  | add   | fabric  | 0       |
|    add_ln170_201_fu_14191_p2                                 | -   |        | add_ln170_201  | add   | fabric  | 0       |
|    add_ln170_202_fu_14231_p2                                 | -   |        | add_ln170_202  | add   | fabric  | 0       |
|    add_ln170_203_fu_14240_p2                                 | -   |        | add_ln170_203  | add   | fabric  | 0       |
|    add_ln170_204_fu_14250_p2                                 | -   |        | add_ln170_204  | add   | fabric  | 0       |
|    add_ln170_205_fu_14259_p2                                 | -   |        | add_ln170_205  | add   | fabric  | 0       |
|    add_ln170_206_fu_14299_p2                                 | -   |        | add_ln170_206  | add   | fabric  | 0       |
|    add_ln170_207_fu_14308_p2                                 | -   |        | add_ln170_207  | add   | fabric  | 0       |
|    add_ln170_208_fu_14318_p2                                 | -   |        | add_ln170_208  | add   | fabric  | 0       |
|    add_ln170_209_fu_14327_p2                                 | -   |        | add_ln170_209  | add   | fabric  | 0       |
|    add_ln170_210_fu_14367_p2                                 | -   |        | add_ln170_210  | add   | fabric  | 0       |
|    add_ln170_211_fu_14376_p2                                 | -   |        | add_ln170_211  | add   | fabric  | 0       |
|    add_ln170_212_fu_14386_p2                                 | -   |        | add_ln170_212  | add   | fabric  | 0       |
|    add_ln170_213_fu_14395_p2                                 | -   |        | add_ln170_213  | add   | fabric  | 0       |
|    add_ln170_214_fu_14435_p2                                 | -   |        | add_ln170_214  | add   | fabric  | 0       |
|    add_ln170_215_fu_14444_p2                                 | -   |        | add_ln170_215  | add   | fabric  | 0       |
|    add_ln170_216_fu_14454_p2                                 | -   |        | add_ln170_216  | add   | fabric  | 0       |
|    add_ln170_217_fu_14463_p2                                 | -   |        | add_ln170_217  | add   | fabric  | 0       |
|    add_ln170_218_fu_14503_p2                                 | -   |        | add_ln170_218  | add   | fabric  | 0       |
|    add_ln170_219_fu_14512_p2                                 | -   |        | add_ln170_219  | add   | fabric  | 0       |
|    add_ln170_220_fu_14522_p2                                 | -   |        | add_ln170_220  | add   | fabric  | 0       |
|    add_ln170_221_fu_14531_p2                                 | -   |        | add_ln170_221  | add   | fabric  | 0       |
|    add_ln170_222_fu_14571_p2                                 | -   |        | add_ln170_222  | add   | fabric  | 0       |
|    add_ln170_223_fu_14580_p2                                 | -   |        | add_ln170_223  | add   | fabric  | 0       |
|    add_ln170_224_fu_14590_p2                                 | -   |        | add_ln170_224  | add   | fabric  | 0       |
|    add_ln170_225_fu_14599_p2                                 | -   |        | add_ln170_225  | add   | fabric  | 0       |
|    add_ln170_226_fu_14639_p2                                 | -   |        | add_ln170_226  | add   | fabric  | 0       |
|    add_ln170_227_fu_14648_p2                                 | -   |        | add_ln170_227  | add   | fabric  | 0       |
|    add_ln170_228_fu_14658_p2                                 | -   |        | add_ln170_228  | add   | fabric  | 0       |
|    add_ln170_229_fu_14667_p2                                 | -   |        | add_ln170_229  | add   | fabric  | 0       |
|    add_ln170_230_fu_14707_p2                                 | -   |        | add_ln170_230  | add   | fabric  | 0       |
|    add_ln170_231_fu_14716_p2                                 | -   |        | add_ln170_231  | add   | fabric  | 0       |
|    add_ln170_232_fu_14726_p2                                 | -   |        | add_ln170_232  | add   | fabric  | 0       |
|    add_ln170_233_fu_14735_p2                                 | -   |        | add_ln170_233  | add   | fabric  | 0       |
|    add_ln170_234_fu_14775_p2                                 | -   |        | add_ln170_234  | add   | fabric  | 0       |
|    add_ln170_235_fu_14784_p2                                 | -   |        | add_ln170_235  | add   | fabric  | 0       |
|    add_ln170_236_fu_14794_p2                                 | -   |        | add_ln170_236  | add   | fabric  | 0       |
|    add_ln170_237_fu_14803_p2                                 | -   |        | add_ln170_237  | add   | fabric  | 0       |
|    add_ln170_238_fu_14843_p2                                 | -   |        | add_ln170_238  | add   | fabric  | 0       |
|    add_ln170_239_fu_14852_p2                                 | -   |        | add_ln170_239  | add   | fabric  | 0       |
|    add_ln170_240_fu_14862_p2                                 | -   |        | add_ln170_240  | add   | fabric  | 0       |
|    add_ln170_241_fu_14871_p2                                 | -   |        | add_ln170_241  | add   | fabric  | 0       |
|    add_ln170_242_fu_14911_p2                                 | -   |        | add_ln170_242  | add   | fabric  | 0       |
|    add_ln170_243_fu_14920_p2                                 | -   |        | add_ln170_243  | add   | fabric  | 0       |
|    add_ln170_244_fu_14930_p2                                 | -   |        | add_ln170_244  | add   | fabric  | 0       |
|    add_ln170_245_fu_14939_p2                                 | -   |        | add_ln170_245  | add   | fabric  | 0       |
|    add_ln170_246_fu_14979_p2                                 | -   |        | add_ln170_246  | add   | fabric  | 0       |
|    add_ln170_247_fu_14988_p2                                 | -   |        | add_ln170_247  | add   | fabric  | 0       |
|    add_ln170_248_fu_14998_p2                                 | -   |        | add_ln170_248  | add   | fabric  | 0       |
|    add_ln170_249_fu_15007_p2                                 | -   |        | add_ln170_249  | add   | fabric  | 0       |
|    add_ln170_250_fu_15047_p2                                 | -   |        | add_ln170_250  | add   | fabric  | 0       |
|    add_ln170_251_fu_15056_p2                                 | -   |        | add_ln170_251  | add   | fabric  | 0       |
|    add_ln170_252_fu_15066_p2                                 | -   |        | add_ln170_252  | add   | fabric  | 0       |
|    add_ln170_253_fu_15075_p2                                 | -   |        | add_ln170_253  | add   | fabric  | 0       |
|    add_ln170_254_fu_15115_p2                                 | -   |        | add_ln170_254  | add   | fabric  | 0       |
|    add_ln170_255_fu_15124_p2                                 | -   |        | add_ln170_255  | add   | fabric  | 0       |
|    add_ln170_256_fu_15134_p2                                 | -   |        | add_ln170_256  | add   | fabric  | 0       |
|    add_ln170_257_fu_15143_p2                                 | -   |        | add_ln170_257  | add   | fabric  | 0       |
|    add_ln170_258_fu_15183_p2                                 | -   |        | add_ln170_258  | add   | fabric  | 0       |
|    add_ln170_259_fu_15192_p2                                 | -   |        | add_ln170_259  | add   | fabric  | 0       |
|    add_ln170_260_fu_15202_p2                                 | -   |        | add_ln170_260  | add   | fabric  | 0       |
|    add_ln170_261_fu_15211_p2                                 | -   |        | add_ln170_261  | add   | fabric  | 0       |
|    add_ln170_262_fu_15251_p2                                 | -   |        | add_ln170_262  | add   | fabric  | 0       |
|    add_ln170_263_fu_15260_p2                                 | -   |        | add_ln170_263  | add   | fabric  | 0       |
|    add_ln170_264_fu_15270_p2                                 | -   |        | add_ln170_264  | add   | fabric  | 0       |
|    add_ln170_265_fu_15279_p2                                 | -   |        | add_ln170_265  | add   | fabric  | 0       |
|    add_ln170_266_fu_15319_p2                                 | -   |        | add_ln170_266  | add   | fabric  | 0       |
|    add_ln170_267_fu_15328_p2                                 | -   |        | add_ln170_267  | add   | fabric  | 0       |
|    add_ln170_268_fu_15338_p2                                 | -   |        | add_ln170_268  | add   | fabric  | 0       |
|    add_ln170_269_fu_15347_p2                                 | -   |        | add_ln170_269  | add   | fabric  | 0       |
|    add_ln170_270_fu_15387_p2                                 | -   |        | add_ln170_270  | add   | fabric  | 0       |
|    add_ln170_271_fu_15396_p2                                 | -   |        | add_ln170_271  | add   | fabric  | 0       |
|    add_ln170_272_fu_15406_p2                                 | -   |        | add_ln170_272  | add   | fabric  | 0       |
|    add_ln170_273_fu_15415_p2                                 | -   |        | add_ln170_273  | add   | fabric  | 0       |
|    add_ln170_274_fu_15455_p2                                 | -   |        | add_ln170_274  | add   | fabric  | 0       |
|    add_ln170_275_fu_15464_p2                                 | -   |        | add_ln170_275  | add   | fabric  | 0       |
|    add_ln170_276_fu_15474_p2                                 | -   |        | add_ln170_276  | add   | fabric  | 0       |
|    add_ln170_277_fu_15483_p2                                 | -   |        | add_ln170_277  | add   | fabric  | 0       |
|    add_ln170_278_fu_15523_p2                                 | -   |        | add_ln170_278  | add   | fabric  | 0       |
|    add_ln170_279_fu_15532_p2                                 | -   |        | add_ln170_279  | add   | fabric  | 0       |
|    add_ln170_280_fu_15542_p2                                 | -   |        | add_ln170_280  | add   | fabric  | 0       |
|    add_ln170_281_fu_15551_p2                                 | -   |        | add_ln170_281  | add   | fabric  | 0       |
|    add_ln170_282_fu_15591_p2                                 | -   |        | add_ln170_282  | add   | fabric  | 0       |
|    add_ln170_283_fu_15600_p2                                 | -   |        | add_ln170_283  | add   | fabric  | 0       |
|    add_ln170_284_fu_15610_p2                                 | -   |        | add_ln170_284  | add   | fabric  | 0       |
|    add_ln170_285_fu_15619_p2                                 | -   |        | add_ln170_285  | add   | fabric  | 0       |
|    add_ln170_286_fu_15659_p2                                 | -   |        | add_ln170_286  | add   | fabric  | 0       |
|    add_ln170_287_fu_15668_p2                                 | -   |        | add_ln170_287  | add   | fabric  | 0       |
|    add_ln170_288_fu_15678_p2                                 | -   |        | add_ln170_288  | add   | fabric  | 0       |
|    add_ln170_289_fu_15687_p2                                 | -   |        | add_ln170_289  | add   | fabric  | 0       |
|    add_ln170_290_fu_15727_p2                                 | -   |        | add_ln170_290  | add   | fabric  | 0       |
|    add_ln170_291_fu_15736_p2                                 | -   |        | add_ln170_291  | add   | fabric  | 0       |
|    add_ln170_292_fu_15746_p2                                 | -   |        | add_ln170_292  | add   | fabric  | 0       |
|    add_ln170_293_fu_15755_p2                                 | -   |        | add_ln170_293  | add   | fabric  | 0       |
|    add_ln170_294_fu_15795_p2                                 | -   |        | add_ln170_294  | add   | fabric  | 0       |
|    add_ln170_295_fu_15804_p2                                 | -   |        | add_ln170_295  | add   | fabric  | 0       |
|    add_ln170_296_fu_15814_p2                                 | -   |        | add_ln170_296  | add   | fabric  | 0       |
|    add_ln170_297_fu_15823_p2                                 | -   |        | add_ln170_297  | add   | fabric  | 0       |
|    add_ln170_298_fu_15863_p2                                 | -   |        | add_ln170_298  | add   | fabric  | 0       |
|    add_ln170_299_fu_15872_p2                                 | -   |        | add_ln170_299  | add   | fabric  | 0       |
|    add_ln170_300_fu_15882_p2                                 | -   |        | add_ln170_300  | add   | fabric  | 0       |
|    add_ln170_301_fu_15891_p2                                 | -   |        | add_ln170_301  | add   | fabric  | 0       |
|    add_ln170_302_fu_15931_p2                                 | -   |        | add_ln170_302  | add   | fabric  | 0       |
|    add_ln170_303_fu_15940_p2                                 | -   |        | add_ln170_303  | add   | fabric  | 0       |
|    add_ln170_304_fu_15950_p2                                 | -   |        | add_ln170_304  | add   | fabric  | 0       |
|    add_ln170_305_fu_15959_p2                                 | -   |        | add_ln170_305  | add   | fabric  | 0       |
|    add_ln170_306_fu_15999_p2                                 | -   |        | add_ln170_306  | add   | fabric  | 0       |
|    add_ln170_307_fu_16008_p2                                 | -   |        | add_ln170_307  | add   | fabric  | 0       |
|    add_ln170_308_fu_16018_p2                                 | -   |        | add_ln170_308  | add   | fabric  | 0       |
|    add_ln170_309_fu_16027_p2                                 | -   |        | add_ln170_309  | add   | fabric  | 0       |
|    add_ln170_310_fu_16067_p2                                 | -   |        | add_ln170_310  | add   | fabric  | 0       |
|    add_ln170_311_fu_16076_p2                                 | -   |        | add_ln170_311  | add   | fabric  | 0       |
|    add_ln170_312_fu_16086_p2                                 | -   |        | add_ln170_312  | add   | fabric  | 0       |
|    add_ln170_313_fu_16095_p2                                 | -   |        | add_ln170_313  | add   | fabric  | 0       |
|    add_ln170_314_fu_16135_p2                                 | -   |        | add_ln170_314  | add   | fabric  | 0       |
|    add_ln170_315_fu_16144_p2                                 | -   |        | add_ln170_315  | add   | fabric  | 0       |
|    add_ln170_316_fu_16154_p2                                 | -   |        | add_ln170_316  | add   | fabric  | 0       |
|    add_ln170_317_fu_16163_p2                                 | -   |        | add_ln170_317  | add   | fabric  | 0       |
|    add_ln170_318_fu_16203_p2                                 | -   |        | add_ln170_318  | add   | fabric  | 0       |
|    add_ln170_319_fu_16212_p2                                 | -   |        | add_ln170_319  | add   | fabric  | 0       |
|    add_ln170_320_fu_16222_p2                                 | -   |        | add_ln170_320  | add   | fabric  | 0       |
|    add_ln170_321_fu_16231_p2                                 | -   |        | add_ln170_321  | add   | fabric  | 0       |
|    add_ln170_322_fu_16271_p2                                 | -   |        | add_ln170_322  | add   | fabric  | 0       |
|    add_ln170_323_fu_16280_p2                                 | -   |        | add_ln170_323  | add   | fabric  | 0       |
|    add_ln170_324_fu_16290_p2                                 | -   |        | add_ln170_324  | add   | fabric  | 0       |
|    add_ln170_325_fu_16299_p2                                 | -   |        | add_ln170_325  | add   | fabric  | 0       |
|    add_ln170_326_fu_16339_p2                                 | -   |        | add_ln170_326  | add   | fabric  | 0       |
|    add_ln170_327_fu_16348_p2                                 | -   |        | add_ln170_327  | add   | fabric  | 0       |
|    add_ln170_328_fu_16358_p2                                 | -   |        | add_ln170_328  | add   | fabric  | 0       |
|    add_ln170_329_fu_16367_p2                                 | -   |        | add_ln170_329  | add   | fabric  | 0       |
|    add_ln170_330_fu_16407_p2                                 | -   |        | add_ln170_330  | add   | fabric  | 0       |
|    add_ln170_331_fu_16416_p2                                 | -   |        | add_ln170_331  | add   | fabric  | 0       |
|    add_ln170_332_fu_16426_p2                                 | -   |        | add_ln170_332  | add   | fabric  | 0       |
|    add_ln170_333_fu_16435_p2                                 | -   |        | add_ln170_333  | add   | fabric  | 0       |
|    add_ln170_334_fu_16475_p2                                 | -   |        | add_ln170_334  | add   | fabric  | 0       |
|    add_ln170_335_fu_16484_p2                                 | -   |        | add_ln170_335  | add   | fabric  | 0       |
|    add_ln170_336_fu_16494_p2                                 | -   |        | add_ln170_336  | add   | fabric  | 0       |
|    add_ln170_337_fu_16503_p2                                 | -   |        | add_ln170_337  | add   | fabric  | 0       |
|    add_ln170_338_fu_16543_p2                                 | -   |        | add_ln170_338  | add   | fabric  | 0       |
|    add_ln170_339_fu_16552_p2                                 | -   |        | add_ln170_339  | add   | fabric  | 0       |
|    add_ln170_340_fu_16562_p2                                 | -   |        | add_ln170_340  | add   | fabric  | 0       |
|    add_ln170_341_fu_16571_p2                                 | -   |        | add_ln170_341  | add   | fabric  | 0       |
|    add_ln170_342_fu_16611_p2                                 | -   |        | add_ln170_342  | add   | fabric  | 0       |
|    add_ln170_343_fu_16620_p2                                 | -   |        | add_ln170_343  | add   | fabric  | 0       |
|    add_ln170_344_fu_16630_p2                                 | -   |        | add_ln170_344  | add   | fabric  | 0       |
|    add_ln170_345_fu_16639_p2                                 | -   |        | add_ln170_345  | add   | fabric  | 0       |
|    add_ln170_346_fu_16679_p2                                 | -   |        | add_ln170_346  | add   | fabric  | 0       |
|    add_ln170_347_fu_16688_p2                                 | -   |        | add_ln170_347  | add   | fabric  | 0       |
|    add_ln170_348_fu_16698_p2                                 | -   |        | add_ln170_348  | add   | fabric  | 0       |
|    add_ln170_349_fu_16707_p2                                 | -   |        | add_ln170_349  | add   | fabric  | 0       |
|    add_ln170_350_fu_16747_p2                                 | -   |        | add_ln170_350  | add   | fabric  | 0       |
|    add_ln170_351_fu_16756_p2                                 | -   |        | add_ln170_351  | add   | fabric  | 0       |
|    add_ln170_352_fu_16766_p2                                 | -   |        | add_ln170_352  | add   | fabric  | 0       |
|    add_ln170_353_fu_16775_p2                                 | -   |        | add_ln170_353  | add   | fabric  | 0       |
|    add_ln170_354_fu_16815_p2                                 | -   |        | add_ln170_354  | add   | fabric  | 0       |
|    add_ln170_355_fu_16824_p2                                 | -   |        | add_ln170_355  | add   | fabric  | 0       |
|    add_ln170_356_fu_16834_p2                                 | -   |        | add_ln170_356  | add   | fabric  | 0       |
|    add_ln170_357_fu_16843_p2                                 | -   |        | add_ln170_357  | add   | fabric  | 0       |
|    add_ln170_358_fu_16883_p2                                 | -   |        | add_ln170_358  | add   | fabric  | 0       |
|    add_ln170_359_fu_16892_p2                                 | -   |        | add_ln170_359  | add   | fabric  | 0       |
|    add_ln170_360_fu_16902_p2                                 | -   |        | add_ln170_360  | add   | fabric  | 0       |
|    add_ln170_361_fu_16911_p2                                 | -   |        | add_ln170_361  | add   | fabric  | 0       |
|    add_ln170_362_fu_16951_p2                                 | -   |        | add_ln170_362  | add   | fabric  | 0       |
|    add_ln170_363_fu_16960_p2                                 | -   |        | add_ln170_363  | add   | fabric  | 0       |
|    add_ln170_364_fu_16970_p2                                 | -   |        | add_ln170_364  | add   | fabric  | 0       |
|    add_ln170_365_fu_16979_p2                                 | -   |        | add_ln170_365  | add   | fabric  | 0       |
|    add_ln170_366_fu_17019_p2                                 | -   |        | add_ln170_366  | add   | fabric  | 0       |
|    add_ln170_367_fu_17028_p2                                 | -   |        | add_ln170_367  | add   | fabric  | 0       |
|    add_ln170_368_fu_17038_p2                                 | -   |        | add_ln170_368  | add   | fabric  | 0       |
|    add_ln170_369_fu_17047_p2                                 | -   |        | add_ln170_369  | add   | fabric  | 0       |
|    add_ln170_370_fu_17087_p2                                 | -   |        | add_ln170_370  | add   | fabric  | 0       |
|    add_ln170_371_fu_17096_p2                                 | -   |        | add_ln170_371  | add   | fabric  | 0       |
|    add_ln170_372_fu_17106_p2                                 | -   |        | add_ln170_372  | add   | fabric  | 0       |
|    add_ln170_373_fu_17115_p2                                 | -   |        | add_ln170_373  | add   | fabric  | 0       |
|    add_ln170_374_fu_17155_p2                                 | -   |        | add_ln170_374  | add   | fabric  | 0       |
|    add_ln170_375_fu_17164_p2                                 | -   |        | add_ln170_375  | add   | fabric  | 0       |
|    add_ln170_376_fu_17174_p2                                 | -   |        | add_ln170_376  | add   | fabric  | 0       |
|    add_ln170_377_fu_17183_p2                                 | -   |        | add_ln170_377  | add   | fabric  | 0       |
|    add_ln170_378_fu_17223_p2                                 | -   |        | add_ln170_378  | add   | fabric  | 0       |
|    add_ln170_379_fu_17232_p2                                 | -   |        | add_ln170_379  | add   | fabric  | 0       |
|    add_ln170_380_fu_17242_p2                                 | -   |        | add_ln170_380  | add   | fabric  | 0       |
|    add_ln170_381_fu_17251_p2                                 | -   |        | add_ln170_381  | add   | fabric  | 0       |
|    add_ln170_382_fu_17291_p2                                 | -   |        | add_ln170_382  | add   | fabric  | 0       |
|    add_ln170_383_fu_17300_p2                                 | -   |        | add_ln170_383  | add   | fabric  | 0       |
|    add_ln170_384_fu_17310_p2                                 | -   |        | add_ln170_384  | add   | fabric  | 0       |
|    add_ln170_385_fu_17319_p2                                 | -   |        | add_ln170_385  | add   | fabric  | 0       |
|    add_ln170_386_fu_17359_p2                                 | -   |        | add_ln170_386  | add   | fabric  | 0       |
|    add_ln170_387_fu_17368_p2                                 | -   |        | add_ln170_387  | add   | fabric  | 0       |
|    add_ln170_388_fu_17378_p2                                 | -   |        | add_ln170_388  | add   | fabric  | 0       |
|    add_ln170_389_fu_17387_p2                                 | -   |        | add_ln170_389  | add   | fabric  | 0       |
|    add_ln170_390_fu_17427_p2                                 | -   |        | add_ln170_390  | add   | fabric  | 0       |
|    add_ln170_391_fu_17436_p2                                 | -   |        | add_ln170_391  | add   | fabric  | 0       |
|    add_ln170_392_fu_17446_p2                                 | -   |        | add_ln170_392  | add   | fabric  | 0       |
|    add_ln170_393_fu_17455_p2                                 | -   |        | add_ln170_393  | add   | fabric  | 0       |
|    add_ln170_394_fu_17495_p2                                 | -   |        | add_ln170_394  | add   | fabric  | 0       |
|    add_ln170_395_fu_17504_p2                                 | -   |        | add_ln170_395  | add   | fabric  | 0       |
|    add_ln170_396_fu_17514_p2                                 | -   |        | add_ln170_396  | add   | fabric  | 0       |
|    add_ln170_397_fu_17523_p2                                 | -   |        | add_ln170_397  | add   | fabric  | 0       |
|    add_ln170_398_fu_17563_p2                                 | -   |        | add_ln170_398  | add   | fabric  | 0       |
|    add_ln170_399_fu_17572_p2                                 | -   |        | add_ln170_399  | add   | fabric  | 0       |
|    add_ln170_400_fu_17582_p2                                 | -   |        | add_ln170_400  | add   | fabric  | 0       |
|    add_ln170_401_fu_17591_p2                                 | -   |        | add_ln170_401  | add   | fabric  | 0       |
|    add_ln170_402_fu_17631_p2                                 | -   |        | add_ln170_402  | add   | fabric  | 0       |
|    add_ln170_403_fu_17640_p2                                 | -   |        | add_ln170_403  | add   | fabric  | 0       |
|    add_ln170_404_fu_17650_p2                                 | -   |        | add_ln170_404  | add   | fabric  | 0       |
|    add_ln170_405_fu_17659_p2                                 | -   |        | add_ln170_405  | add   | fabric  | 0       |
|    add_ln170_406_fu_17699_p2                                 | -   |        | add_ln170_406  | add   | fabric  | 0       |
|    add_ln170_407_fu_17708_p2                                 | -   |        | add_ln170_407  | add   | fabric  | 0       |
|    add_ln170_408_fu_17718_p2                                 | -   |        | add_ln170_408  | add   | fabric  | 0       |
|    add_ln170_409_fu_17727_p2                                 | -   |        | add_ln170_409  | add   | fabric  | 0       |
|    add_ln170_410_fu_17767_p2                                 | -   |        | add_ln170_410  | add   | fabric  | 0       |
|    add_ln170_411_fu_17776_p2                                 | -   |        | add_ln170_411  | add   | fabric  | 0       |
|    add_ln170_412_fu_17786_p2                                 | -   |        | add_ln170_412  | add   | fabric  | 0       |
|    add_ln170_413_fu_17795_p2                                 | -   |        | add_ln170_413  | add   | fabric  | 0       |
|    add_ln170_414_fu_17835_p2                                 | -   |        | add_ln170_414  | add   | fabric  | 0       |
|    add_ln170_415_fu_17844_p2                                 | -   |        | add_ln170_415  | add   | fabric  | 0       |
|    add_ln170_416_fu_17854_p2                                 | -   |        | add_ln170_416  | add   | fabric  | 0       |
|    add_ln170_417_fu_17863_p2                                 | -   |        | add_ln170_417  | add   | fabric  | 0       |
|    add_ln170_418_fu_17903_p2                                 | -   |        | add_ln170_418  | add   | fabric  | 0       |
|    add_ln170_419_fu_17912_p2                                 | -   |        | add_ln170_419  | add   | fabric  | 0       |
|    add_ln170_420_fu_17922_p2                                 | -   |        | add_ln170_420  | add   | fabric  | 0       |
|    add_ln170_421_fu_17931_p2                                 | -   |        | add_ln170_421  | add   | fabric  | 0       |
|    add_ln170_422_fu_17971_p2                                 | -   |        | add_ln170_422  | add   | fabric  | 0       |
|    add_ln170_423_fu_17980_p2                                 | -   |        | add_ln170_423  | add   | fabric  | 0       |
|    add_ln170_424_fu_17990_p2                                 | -   |        | add_ln170_424  | add   | fabric  | 0       |
|    add_ln170_425_fu_17999_p2                                 | -   |        | add_ln170_425  | add   | fabric  | 0       |
|    add_ln170_426_fu_18039_p2                                 | -   |        | add_ln170_426  | add   | fabric  | 0       |
|    add_ln170_427_fu_18048_p2                                 | -   |        | add_ln170_427  | add   | fabric  | 0       |
|    add_ln170_428_fu_18058_p2                                 | -   |        | add_ln170_428  | add   | fabric  | 0       |
|    add_ln170_429_fu_18067_p2                                 | -   |        | add_ln170_429  | add   | fabric  | 0       |
|    add_ln170_430_fu_18107_p2                                 | -   |        | add_ln170_430  | add   | fabric  | 0       |
|    add_ln170_431_fu_18116_p2                                 | -   |        | add_ln170_431  | add   | fabric  | 0       |
|    add_ln170_432_fu_18126_p2                                 | -   |        | add_ln170_432  | add   | fabric  | 0       |
|    add_ln170_433_fu_18135_p2                                 | -   |        | add_ln170_433  | add   | fabric  | 0       |
|    add_ln170_434_fu_18175_p2                                 | -   |        | add_ln170_434  | add   | fabric  | 0       |
|    add_ln170_435_fu_18184_p2                                 | -   |        | add_ln170_435  | add   | fabric  | 0       |
|    add_ln170_436_fu_18194_p2                                 | -   |        | add_ln170_436  | add   | fabric  | 0       |
|    add_ln170_437_fu_18203_p2                                 | -   |        | add_ln170_437  | add   | fabric  | 0       |
|    add_ln170_438_fu_18243_p2                                 | -   |        | add_ln170_438  | add   | fabric  | 0       |
|    add_ln170_439_fu_18252_p2                                 | -   |        | add_ln170_439  | add   | fabric  | 0       |
|    add_ln170_440_fu_18262_p2                                 | -   |        | add_ln170_440  | add   | fabric  | 0       |
|    add_ln170_441_fu_18271_p2                                 | -   |        | add_ln170_441  | add   | fabric  | 0       |
|    add_ln170_442_fu_18311_p2                                 | -   |        | add_ln170_442  | add   | fabric  | 0       |
|    add_ln170_443_fu_18320_p2                                 | -   |        | add_ln170_443  | add   | fabric  | 0       |
|    add_ln170_444_fu_18330_p2                                 | -   |        | add_ln170_444  | add   | fabric  | 0       |
|    add_ln170_445_fu_18339_p2                                 | -   |        | add_ln170_445  | add   | fabric  | 0       |
|    add_ln170_446_fu_18379_p2                                 | -   |        | add_ln170_446  | add   | fabric  | 0       |
|    add_ln170_447_fu_18388_p2                                 | -   |        | add_ln170_447  | add   | fabric  | 0       |
|    add_ln170_448_fu_18398_p2                                 | -   |        | add_ln170_448  | add   | fabric  | 0       |
|    add_ln170_449_fu_18407_p2                                 | -   |        | add_ln170_449  | add   | fabric  | 0       |
|    add_ln170_450_fu_18447_p2                                 | -   |        | add_ln170_450  | add   | fabric  | 0       |
|    add_ln170_451_fu_18456_p2                                 | -   |        | add_ln170_451  | add   | fabric  | 0       |
|    add_ln170_452_fu_18466_p2                                 | -   |        | add_ln170_452  | add   | fabric  | 0       |
|    add_ln170_453_fu_18475_p2                                 | -   |        | add_ln170_453  | add   | fabric  | 0       |
|    add_ln170_454_fu_18515_p2                                 | -   |        | add_ln170_454  | add   | fabric  | 0       |
|    add_ln170_455_fu_18524_p2                                 | -   |        | add_ln170_455  | add   | fabric  | 0       |
|    add_ln170_456_fu_18534_p2                                 | -   |        | add_ln170_456  | add   | fabric  | 0       |
|    add_ln170_457_fu_18543_p2                                 | -   |        | add_ln170_457  | add   | fabric  | 0       |
|    add_ln170_458_fu_18583_p2                                 | -   |        | add_ln170_458  | add   | fabric  | 0       |
|    add_ln170_459_fu_18592_p2                                 | -   |        | add_ln170_459  | add   | fabric  | 0       |
|    add_ln170_460_fu_18602_p2                                 | -   |        | add_ln170_460  | add   | fabric  | 0       |
|    add_ln170_461_fu_18611_p2                                 | -   |        | add_ln170_461  | add   | fabric  | 0       |
|    add_ln170_462_fu_18651_p2                                 | -   |        | add_ln170_462  | add   | fabric  | 0       |
|    add_ln170_463_fu_18660_p2                                 | -   |        | add_ln170_463  | add   | fabric  | 0       |
|    add_ln170_464_fu_18670_p2                                 | -   |        | add_ln170_464  | add   | fabric  | 0       |
|    add_ln170_465_fu_18679_p2                                 | -   |        | add_ln170_465  | add   | fabric  | 0       |
|    add_ln170_466_fu_18719_p2                                 | -   |        | add_ln170_466  | add   | fabric  | 0       |
|    add_ln170_467_fu_18728_p2                                 | -   |        | add_ln170_467  | add   | fabric  | 0       |
|    add_ln170_468_fu_18738_p2                                 | -   |        | add_ln170_468  | add   | fabric  | 0       |
|    add_ln170_469_fu_18747_p2                                 | -   |        | add_ln170_469  | add   | fabric  | 0       |
|    add_ln170_470_fu_18787_p2                                 | -   |        | add_ln170_470  | add   | fabric  | 0       |
|    add_ln170_471_fu_18796_p2                                 | -   |        | add_ln170_471  | add   | fabric  | 0       |
|    add_ln170_472_fu_18806_p2                                 | -   |        | add_ln170_472  | add   | fabric  | 0       |
|    add_ln170_473_fu_18815_p2                                 | -   |        | add_ln170_473  | add   | fabric  | 0       |
|    add_ln170_474_fu_18855_p2                                 | -   |        | add_ln170_474  | add   | fabric  | 0       |
|    add_ln170_475_fu_18864_p2                                 | -   |        | add_ln170_475  | add   | fabric  | 0       |
|    add_ln170_476_fu_18874_p2                                 | -   |        | add_ln170_476  | add   | fabric  | 0       |
|    add_ln170_477_fu_18883_p2                                 | -   |        | add_ln170_477  | add   | fabric  | 0       |
|    add_ln170_478_fu_18923_p2                                 | -   |        | add_ln170_478  | add   | fabric  | 0       |
|    add_ln170_479_fu_18932_p2                                 | -   |        | add_ln170_479  | add   | fabric  | 0       |
|    add_ln170_480_fu_18942_p2                                 | -   |        | add_ln170_480  | add   | fabric  | 0       |
|    add_ln170_481_fu_18951_p2                                 | -   |        | add_ln170_481  | add   | fabric  | 0       |
|    add_ln170_482_fu_18991_p2                                 | -   |        | add_ln170_482  | add   | fabric  | 0       |
|    add_ln170_483_fu_19000_p2                                 | -   |        | add_ln170_483  | add   | fabric  | 0       |
|    add_ln170_484_fu_19010_p2                                 | -   |        | add_ln170_484  | add   | fabric  | 0       |
|    add_ln170_485_fu_19019_p2                                 | -   |        | add_ln170_485  | add   | fabric  | 0       |
|    add_ln170_486_fu_19059_p2                                 | -   |        | add_ln170_486  | add   | fabric  | 0       |
|    add_ln170_487_fu_19068_p2                                 | -   |        | add_ln170_487  | add   | fabric  | 0       |
|    add_ln170_488_fu_19078_p2                                 | -   |        | add_ln170_488  | add   | fabric  | 0       |
|    add_ln170_489_fu_19087_p2                                 | -   |        | add_ln170_489  | add   | fabric  | 0       |
|    add_ln170_490_fu_19127_p2                                 | -   |        | add_ln170_490  | add   | fabric  | 0       |
|    add_ln170_491_fu_19136_p2                                 | -   |        | add_ln170_491  | add   | fabric  | 0       |
|    add_ln170_492_fu_19146_p2                                 | -   |        | add_ln170_492  | add   | fabric  | 0       |
|    add_ln170_493_fu_19155_p2                                 | -   |        | add_ln170_493  | add   | fabric  | 0       |
|    add_ln170_494_fu_19195_p2                                 | -   |        | add_ln170_494  | add   | fabric  | 0       |
|    add_ln170_495_fu_19204_p2                                 | -   |        | add_ln170_495  | add   | fabric  | 0       |
|    add_ln170_496_fu_19214_p2                                 | -   |        | add_ln170_496  | add   | fabric  | 0       |
|    add_ln170_497_fu_19223_p2                                 | -   |        | add_ln170_497  | add   | fabric  | 0       |
|    add_ln170_498_fu_19263_p2                                 | -   |        | add_ln170_498  | add   | fabric  | 0       |
|    add_ln170_499_fu_19272_p2                                 | -   |        | add_ln170_499  | add   | fabric  | 0       |
|    add_ln170_500_fu_19282_p2                                 | -   |        | add_ln170_500  | add   | fabric  | 0       |
|    add_ln170_501_fu_19291_p2                                 | -   |        | add_ln170_501  | add   | fabric  | 0       |
|    add_ln170_502_fu_19331_p2                                 | -   |        | add_ln170_502  | add   | fabric  | 0       |
|    add_ln170_503_fu_19340_p2                                 | -   |        | add_ln170_503  | add   | fabric  | 0       |
|    add_ln170_504_fu_19350_p2                                 | -   |        | add_ln170_504  | add   | fabric  | 0       |
|    add_ln170_505_fu_19359_p2                                 | -   |        | add_ln170_505  | add   | fabric  | 0       |
|    add_ln170_506_fu_19399_p2                                 | -   |        | add_ln170_506  | add   | fabric  | 0       |
|    add_ln170_507_fu_19408_p2                                 | -   |        | add_ln170_507  | add   | fabric  | 0       |
|    add_ln170_508_fu_19418_p2                                 | -   |        | add_ln170_508  | add   | fabric  | 0       |
|    add_ln170_509_fu_19427_p2                                 | -   |        | add_ln170_509  | add   | fabric  | 0       |
|    add_ln170_510_fu_19467_p2                                 | -   |        | add_ln170_510  | add   | fabric  | 0       |
|    add_ln170_511_fu_19476_p2                                 | -   |        | add_ln170_511  | add   | fabric  | 0       |
|    add_ln170_512_fu_19486_p2                                 | -   |        | add_ln170_512  | add   | fabric  | 0       |
|    add_ln170_513_fu_19495_p2                                 | -   |        | add_ln170_513  | add   | fabric  | 0       |
|    add_ln170_514_fu_19535_p2                                 | -   |        | add_ln170_514  | add   | fabric  | 0       |
|    add_ln170_515_fu_19544_p2                                 | -   |        | add_ln170_515  | add   | fabric  | 0       |
|    add_ln170_516_fu_19554_p2                                 | -   |        | add_ln170_516  | add   | fabric  | 0       |
|    add_ln170_517_fu_19563_p2                                 | -   |        | add_ln170_517  | add   | fabric  | 0       |
|    add_ln170_518_fu_19603_p2                                 | -   |        | add_ln170_518  | add   | fabric  | 0       |
|    add_ln170_519_fu_19612_p2                                 | -   |        | add_ln170_519  | add   | fabric  | 0       |
|    add_ln170_520_fu_19622_p2                                 | -   |        | add_ln170_520  | add   | fabric  | 0       |
|    add_ln170_521_fu_19631_p2                                 | -   |        | add_ln170_521  | add   | fabric  | 0       |
|    add_ln170_522_fu_19671_p2                                 | -   |        | add_ln170_522  | add   | fabric  | 0       |
|    add_ln170_523_fu_19680_p2                                 | -   |        | add_ln170_523  | add   | fabric  | 0       |
|    add_ln170_524_fu_19690_p2                                 | -   |        | add_ln170_524  | add   | fabric  | 0       |
|    add_ln170_525_fu_19699_p2                                 | -   |        | add_ln170_525  | add   | fabric  | 0       |
|    add_ln170_526_fu_19739_p2                                 | -   |        | add_ln170_526  | add   | fabric  | 0       |
|    add_ln170_527_fu_19748_p2                                 | -   |        | add_ln170_527  | add   | fabric  | 0       |
|    add_ln170_528_fu_19758_p2                                 | -   |        | add_ln170_528  | add   | fabric  | 0       |
|    add_ln170_529_fu_19767_p2                                 | -   |        | add_ln170_529  | add   | fabric  | 0       |
|    add_ln170_530_fu_19807_p2                                 | -   |        | add_ln170_530  | add   | fabric  | 0       |
|    add_ln170_531_fu_19816_p2                                 | -   |        | add_ln170_531  | add   | fabric  | 0       |
|    add_ln170_532_fu_19826_p2                                 | -   |        | add_ln170_532  | add   | fabric  | 0       |
|    add_ln170_533_fu_19835_p2                                 | -   |        | add_ln170_533  | add   | fabric  | 0       |
|    add_ln170_534_fu_19875_p2                                 | -   |        | add_ln170_534  | add   | fabric  | 0       |
|    add_ln170_535_fu_19884_p2                                 | -   |        | add_ln170_535  | add   | fabric  | 0       |
|    add_ln170_536_fu_19894_p2                                 | -   |        | add_ln170_536  | add   | fabric  | 0       |
|    add_ln170_537_fu_19903_p2                                 | -   |        | add_ln170_537  | add   | fabric  | 0       |
|    add_ln170_538_fu_19943_p2                                 | -   |        | add_ln170_538  | add   | fabric  | 0       |
|    add_ln170_539_fu_19952_p2                                 | -   |        | add_ln170_539  | add   | fabric  | 0       |
|    add_ln170_540_fu_19962_p2                                 | -   |        | add_ln170_540  | add   | fabric  | 0       |
|    add_ln170_541_fu_19971_p2                                 | -   |        | add_ln170_541  | add   | fabric  | 0       |
|    add_ln170_542_fu_20011_p2                                 | -   |        | add_ln170_542  | add   | fabric  | 0       |
|    add_ln170_543_fu_20020_p2                                 | -   |        | add_ln170_543  | add   | fabric  | 0       |
|    add_ln170_544_fu_20030_p2                                 | -   |        | add_ln170_544  | add   | fabric  | 0       |
|    add_ln170_545_fu_20039_p2                                 | -   |        | add_ln170_545  | add   | fabric  | 0       |
|    add_ln170_546_fu_20079_p2                                 | -   |        | add_ln170_546  | add   | fabric  | 0       |
|    add_ln170_547_fu_20088_p2                                 | -   |        | add_ln170_547  | add   | fabric  | 0       |
|    add_ln170_548_fu_20098_p2                                 | -   |        | add_ln170_548  | add   | fabric  | 0       |
|    add_ln170_549_fu_20107_p2                                 | -   |        | add_ln170_549  | add   | fabric  | 0       |
|    add_ln170_550_fu_20147_p2                                 | -   |        | add_ln170_550  | add   | fabric  | 0       |
|    add_ln170_551_fu_20156_p2                                 | -   |        | add_ln170_551  | add   | fabric  | 0       |
|    add_ln170_552_fu_20166_p2                                 | -   |        | add_ln170_552  | add   | fabric  | 0       |
|    add_ln170_553_fu_20175_p2                                 | -   |        | add_ln170_553  | add   | fabric  | 0       |
|    add_ln170_554_fu_20215_p2                                 | -   |        | add_ln170_554  | add   | fabric  | 0       |
|    add_ln170_555_fu_20224_p2                                 | -   |        | add_ln170_555  | add   | fabric  | 0       |
|    add_ln170_556_fu_20234_p2                                 | -   |        | add_ln170_556  | add   | fabric  | 0       |
|    add_ln170_557_fu_20243_p2                                 | -   |        | add_ln170_557  | add   | fabric  | 0       |
|    add_ln170_558_fu_20283_p2                                 | -   |        | add_ln170_558  | add   | fabric  | 0       |
|    add_ln170_559_fu_20292_p2                                 | -   |        | add_ln170_559  | add   | fabric  | 0       |
|    add_ln170_560_fu_20302_p2                                 | -   |        | add_ln170_560  | add   | fabric  | 0       |
|    add_ln170_561_fu_20311_p2                                 | -   |        | add_ln170_561  | add   | fabric  | 0       |
|    add_ln170_562_fu_20351_p2                                 | -   |        | add_ln170_562  | add   | fabric  | 0       |
|    add_ln170_563_fu_20360_p2                                 | -   |        | add_ln170_563  | add   | fabric  | 0       |
|    add_ln170_564_fu_20370_p2                                 | -   |        | add_ln170_564  | add   | fabric  | 0       |
|    add_ln170_565_fu_20379_p2                                 | -   |        | add_ln170_565  | add   | fabric  | 0       |
|    add_ln170_566_fu_20419_p2                                 | -   |        | add_ln170_566  | add   | fabric  | 0       |
|    add_ln170_567_fu_20428_p2                                 | -   |        | add_ln170_567  | add   | fabric  | 0       |
|    add_ln170_568_fu_20438_p2                                 | -   |        | add_ln170_568  | add   | fabric  | 0       |
|    add_ln170_569_fu_20447_p2                                 | -   |        | add_ln170_569  | add   | fabric  | 0       |
|    add_ln170_570_fu_20487_p2                                 | -   |        | add_ln170_570  | add   | fabric  | 0       |
|    add_ln170_571_fu_20496_p2                                 | -   |        | add_ln170_571  | add   | fabric  | 0       |
|    add_ln170_572_fu_20506_p2                                 | -   |        | add_ln170_572  | add   | fabric  | 0       |
|    add_ln170_573_fu_20515_p2                                 | -   |        | add_ln170_573  | add   | fabric  | 0       |
|    add_ln170_574_fu_20555_p2                                 | -   |        | add_ln170_574  | add   | fabric  | 0       |
|    add_ln170_575_fu_20564_p2                                 | -   |        | add_ln170_575  | add   | fabric  | 0       |
|    add_ln170_576_fu_20574_p2                                 | -   |        | add_ln170_576  | add   | fabric  | 0       |
|    add_ln170_577_fu_20583_p2                                 | -   |        | add_ln170_577  | add   | fabric  | 0       |
|    add_ln170_578_fu_20623_p2                                 | -   |        | add_ln170_578  | add   | fabric  | 0       |
|    add_ln170_579_fu_20632_p2                                 | -   |        | add_ln170_579  | add   | fabric  | 0       |
|    add_ln170_580_fu_20642_p2                                 | -   |        | add_ln170_580  | add   | fabric  | 0       |
|    add_ln170_581_fu_20651_p2                                 | -   |        | add_ln170_581  | add   | fabric  | 0       |
|    add_ln170_582_fu_20691_p2                                 | -   |        | add_ln170_582  | add   | fabric  | 0       |
|    add_ln170_583_fu_20700_p2                                 | -   |        | add_ln170_583  | add   | fabric  | 0       |
|    add_ln170_584_fu_20710_p2                                 | -   |        | add_ln170_584  | add   | fabric  | 0       |
|    add_ln170_585_fu_20719_p2                                 | -   |        | add_ln170_585  | add   | fabric  | 0       |
|    add_ln170_586_fu_20759_p2                                 | -   |        | add_ln170_586  | add   | fabric  | 0       |
|    add_ln170_587_fu_20768_p2                                 | -   |        | add_ln170_587  | add   | fabric  | 0       |
|    add_ln170_588_fu_20778_p2                                 | -   |        | add_ln170_588  | add   | fabric  | 0       |
|    add_ln170_589_fu_20787_p2                                 | -   |        | add_ln170_589  | add   | fabric  | 0       |
|    add_ln170_590_fu_20827_p2                                 | -   |        | add_ln170_590  | add   | fabric  | 0       |
|    add_ln170_591_fu_20836_p2                                 | -   |        | add_ln170_591  | add   | fabric  | 0       |
|    add_ln170_592_fu_20846_p2                                 | -   |        | add_ln170_592  | add   | fabric  | 0       |
|    add_ln170_593_fu_20855_p2                                 | -   |        | add_ln170_593  | add   | fabric  | 0       |
|    add_ln170_594_fu_20895_p2                                 | -   |        | add_ln170_594  | add   | fabric  | 0       |
|    add_ln170_595_fu_20904_p2                                 | -   |        | add_ln170_595  | add   | fabric  | 0       |
|    add_ln170_596_fu_20914_p2                                 | -   |        | add_ln170_596  | add   | fabric  | 0       |
|    add_ln170_597_fu_20923_p2                                 | -   |        | add_ln170_597  | add   | fabric  | 0       |
|    add_ln170_598_fu_20963_p2                                 | -   |        | add_ln170_598  | add   | fabric  | 0       |
|    add_ln170_599_fu_20972_p2                                 | -   |        | add_ln170_599  | add   | fabric  | 0       |
|    add_ln170_600_fu_20982_p2                                 | -   |        | add_ln170_600  | add   | fabric  | 0       |
|    add_ln170_601_fu_20991_p2                                 | -   |        | add_ln170_601  | add   | fabric  | 0       |
|    add_ln170_602_fu_21031_p2                                 | -   |        | add_ln170_602  | add   | fabric  | 0       |
|    add_ln170_603_fu_21040_p2                                 | -   |        | add_ln170_603  | add   | fabric  | 0       |
|    add_ln170_604_fu_21050_p2                                 | -   |        | add_ln170_604  | add   | fabric  | 0       |
|    add_ln170_605_fu_21059_p2                                 | -   |        | add_ln170_605  | add   | fabric  | 0       |
|    add_ln170_606_fu_21099_p2                                 | -   |        | add_ln170_606  | add   | fabric  | 0       |
|    add_ln170_607_fu_21108_p2                                 | -   |        | add_ln170_607  | add   | fabric  | 0       |
|    add_ln170_608_fu_21118_p2                                 | -   |        | add_ln170_608  | add   | fabric  | 0       |
|    add_ln170_609_fu_21127_p2                                 | -   |        | add_ln170_609  | add   | fabric  | 0       |
|    add_ln170_610_fu_21167_p2                                 | -   |        | add_ln170_610  | add   | fabric  | 0       |
|    add_ln170_611_fu_21176_p2                                 | -   |        | add_ln170_611  | add   | fabric  | 0       |
|    add_ln170_612_fu_21186_p2                                 | -   |        | add_ln170_612  | add   | fabric  | 0       |
|    add_ln170_613_fu_21195_p2                                 | -   |        | add_ln170_613  | add   | fabric  | 0       |
|    add_ln170_614_fu_21235_p2                                 | -   |        | add_ln170_614  | add   | fabric  | 0       |
|    add_ln170_615_fu_21244_p2                                 | -   |        | add_ln170_615  | add   | fabric  | 0       |
|    add_ln170_616_fu_21254_p2                                 | -   |        | add_ln170_616  | add   | fabric  | 0       |
|    add_ln170_617_fu_21263_p2                                 | -   |        | add_ln170_617  | add   | fabric  | 0       |
|    add_ln170_618_fu_21303_p2                                 | -   |        | add_ln170_618  | add   | fabric  | 0       |
|    add_ln170_619_fu_21312_p2                                 | -   |        | add_ln170_619  | add   | fabric  | 0       |
|    add_ln170_620_fu_21322_p2                                 | -   |        | add_ln170_620  | add   | fabric  | 0       |
|    add_ln170_621_fu_21331_p2                                 | -   |        | add_ln170_621  | add   | fabric  | 0       |
|    add_ln170_622_fu_21371_p2                                 | -   |        | add_ln170_622  | add   | fabric  | 0       |
|    add_ln170_623_fu_21380_p2                                 | -   |        | add_ln170_623  | add   | fabric  | 0       |
|    add_ln170_624_fu_21390_p2                                 | -   |        | add_ln170_624  | add   | fabric  | 0       |
|    add_ln170_625_fu_21399_p2                                 | -   |        | add_ln170_625  | add   | fabric  | 0       |
|    add_ln170_626_fu_21439_p2                                 | -   |        | add_ln170_626  | add   | fabric  | 0       |
|    add_ln170_627_fu_21448_p2                                 | -   |        | add_ln170_627  | add   | fabric  | 0       |
|    add_ln170_628_fu_21458_p2                                 | -   |        | add_ln170_628  | add   | fabric  | 0       |
|    add_ln170_629_fu_21467_p2                                 | -   |        | add_ln170_629  | add   | fabric  | 0       |
|    add_ln170_630_fu_21507_p2                                 | -   |        | add_ln170_630  | add   | fabric  | 0       |
|    add_ln170_631_fu_21516_p2                                 | -   |        | add_ln170_631  | add   | fabric  | 0       |
|    add_ln170_632_fu_21526_p2                                 | -   |        | add_ln170_632  | add   | fabric  | 0       |
|    add_ln170_633_fu_21535_p2                                 | -   |        | add_ln170_633  | add   | fabric  | 0       |
|    add_ln170_634_fu_21575_p2                                 | -   |        | add_ln170_634  | add   | fabric  | 0       |
|    add_ln170_635_fu_21584_p2                                 | -   |        | add_ln170_635  | add   | fabric  | 0       |
|    add_ln170_636_fu_21594_p2                                 | -   |        | add_ln170_636  | add   | fabric  | 0       |
|    add_ln170_637_fu_21603_p2                                 | -   |        | add_ln170_637  | add   | fabric  | 0       |
|    add_ln170_638_fu_21643_p2                                 | -   |        | add_ln170_638  | add   | fabric  | 0       |
|    add_ln170_639_fu_21652_p2                                 | -   |        | add_ln170_639  | add   | fabric  | 0       |
|    add_ln170_640_fu_21662_p2                                 | -   |        | add_ln170_640  | add   | fabric  | 0       |
|    add_ln170_641_fu_21671_p2                                 | -   |        | add_ln170_641  | add   | fabric  | 0       |
|    add_ln170_642_fu_21711_p2                                 | -   |        | add_ln170_642  | add   | fabric  | 0       |
|    add_ln170_643_fu_21720_p2                                 | -   |        | add_ln170_643  | add   | fabric  | 0       |
|    add_ln170_644_fu_21730_p2                                 | -   |        | add_ln170_644  | add   | fabric  | 0       |
|    add_ln170_645_fu_21739_p2                                 | -   |        | add_ln170_645  | add   | fabric  | 0       |
|    add_ln170_646_fu_21779_p2                                 | -   |        | add_ln170_646  | add   | fabric  | 0       |
|    add_ln170_647_fu_21788_p2                                 | -   |        | add_ln170_647  | add   | fabric  | 0       |
|    add_ln170_648_fu_21798_p2                                 | -   |        | add_ln170_648  | add   | fabric  | 0       |
|    add_ln170_649_fu_21807_p2                                 | -   |        | add_ln170_649  | add   | fabric  | 0       |
|    add_ln170_650_fu_21847_p2                                 | -   |        | add_ln170_650  | add   | fabric  | 0       |
|    add_ln170_651_fu_21856_p2                                 | -   |        | add_ln170_651  | add   | fabric  | 0       |
|    add_ln170_652_fu_21866_p2                                 | -   |        | add_ln170_652  | add   | fabric  | 0       |
|    add_ln170_653_fu_21875_p2                                 | -   |        | add_ln170_653  | add   | fabric  | 0       |
|    add_ln170_654_fu_21915_p2                                 | -   |        | add_ln170_654  | add   | fabric  | 0       |
|    add_ln170_655_fu_21924_p2                                 | -   |        | add_ln170_655  | add   | fabric  | 0       |
|    add_ln170_656_fu_21934_p2                                 | -   |        | add_ln170_656  | add   | fabric  | 0       |
|    add_ln170_657_fu_21943_p2                                 | -   |        | add_ln170_657  | add   | fabric  | 0       |
|    add_ln170_658_fu_21983_p2                                 | -   |        | add_ln170_658  | add   | fabric  | 0       |
|    add_ln170_659_fu_21992_p2                                 | -   |        | add_ln170_659  | add   | fabric  | 0       |
|    add_ln170_660_fu_22002_p2                                 | -   |        | add_ln170_660  | add   | fabric  | 0       |
|    add_ln170_661_fu_22011_p2                                 | -   |        | add_ln170_661  | add   | fabric  | 0       |
|    add_ln170_662_fu_22051_p2                                 | -   |        | add_ln170_662  | add   | fabric  | 0       |
|    add_ln170_663_fu_22060_p2                                 | -   |        | add_ln170_663  | add   | fabric  | 0       |
|    add_ln170_664_fu_22070_p2                                 | -   |        | add_ln170_664  | add   | fabric  | 0       |
|    add_ln170_665_fu_22079_p2                                 | -   |        | add_ln170_665  | add   | fabric  | 0       |
|    add_ln170_666_fu_22119_p2                                 | -   |        | add_ln170_666  | add   | fabric  | 0       |
|    add_ln170_667_fu_22128_p2                                 | -   |        | add_ln170_667  | add   | fabric  | 0       |
|    add_ln170_668_fu_22138_p2                                 | -   |        | add_ln170_668  | add   | fabric  | 0       |
|    add_ln170_669_fu_22147_p2                                 | -   |        | add_ln170_669  | add   | fabric  | 0       |
|    add_ln170_670_fu_22187_p2                                 | -   |        | add_ln170_670  | add   | fabric  | 0       |
|    add_ln170_671_fu_22196_p2                                 | -   |        | add_ln170_671  | add   | fabric  | 0       |
|    add_ln170_672_fu_22206_p2                                 | -   |        | add_ln170_672  | add   | fabric  | 0       |
|    add_ln170_673_fu_22215_p2                                 | -   |        | add_ln170_673  | add   | fabric  | 0       |
|    add_ln170_674_fu_22255_p2                                 | -   |        | add_ln170_674  | add   | fabric  | 0       |
|    add_ln170_675_fu_22264_p2                                 | -   |        | add_ln170_675  | add   | fabric  | 0       |
|    add_ln170_676_fu_22274_p2                                 | -   |        | add_ln170_676  | add   | fabric  | 0       |
|    add_ln170_677_fu_22283_p2                                 | -   |        | add_ln170_677  | add   | fabric  | 0       |
|    add_ln170_678_fu_22323_p2                                 | -   |        | add_ln170_678  | add   | fabric  | 0       |
|    add_ln170_679_fu_22332_p2                                 | -   |        | add_ln170_679  | add   | fabric  | 0       |
|    add_ln170_680_fu_22342_p2                                 | -   |        | add_ln170_680  | add   | fabric  | 0       |
|    add_ln170_681_fu_22351_p2                                 | -   |        | add_ln170_681  | add   | fabric  | 0       |
|    add_ln170_682_fu_22391_p2                                 | -   |        | add_ln170_682  | add   | fabric  | 0       |
|    add_ln170_683_fu_22400_p2                                 | -   |        | add_ln170_683  | add   | fabric  | 0       |
|    add_ln170_684_fu_22410_p2                                 | -   |        | add_ln170_684  | add   | fabric  | 0       |
|    add_ln170_685_fu_22419_p2                                 | -   |        | add_ln170_685  | add   | fabric  | 0       |
|    add_ln170_686_fu_22459_p2                                 | -   |        | add_ln170_686  | add   | fabric  | 0       |
|    add_ln170_687_fu_22468_p2                                 | -   |        | add_ln170_687  | add   | fabric  | 0       |
|    add_ln170_688_fu_22478_p2                                 | -   |        | add_ln170_688  | add   | fabric  | 0       |
|    add_ln170_689_fu_22487_p2                                 | -   |        | add_ln170_689  | add   | fabric  | 0       |
|    add_ln170_690_fu_22527_p2                                 | -   |        | add_ln170_690  | add   | fabric  | 0       |
|    add_ln170_691_fu_22536_p2                                 | -   |        | add_ln170_691  | add   | fabric  | 0       |
|    add_ln170_692_fu_22546_p2                                 | -   |        | add_ln170_692  | add   | fabric  | 0       |
|    add_ln170_693_fu_22555_p2                                 | -   |        | add_ln170_693  | add   | fabric  | 0       |
|    add_ln170_694_fu_22595_p2                                 | -   |        | add_ln170_694  | add   | fabric  | 0       |
|    add_ln170_695_fu_22604_p2                                 | -   |        | add_ln170_695  | add   | fabric  | 0       |
|    add_ln170_696_fu_22614_p2                                 | -   |        | add_ln170_696  | add   | fabric  | 0       |
|    add_ln170_697_fu_22623_p2                                 | -   |        | add_ln170_697  | add   | fabric  | 0       |
|    add_ln170_698_fu_22663_p2                                 | -   |        | add_ln170_698  | add   | fabric  | 0       |
|    add_ln170_699_fu_22672_p2                                 | -   |        | add_ln170_699  | add   | fabric  | 0       |
|    add_ln170_700_fu_22682_p2                                 | -   |        | add_ln170_700  | add   | fabric  | 0       |
|    add_ln170_701_fu_22691_p2                                 | -   |        | add_ln170_701  | add   | fabric  | 0       |
|    add_ln170_702_fu_22731_p2                                 | -   |        | add_ln170_702  | add   | fabric  | 0       |
|    add_ln170_703_fu_22740_p2                                 | -   |        | add_ln170_703  | add   | fabric  | 0       |
|    add_ln170_704_fu_22750_p2                                 | -   |        | add_ln170_704  | add   | fabric  | 0       |
|    add_ln170_705_fu_22759_p2                                 | -   |        | add_ln170_705  | add   | fabric  | 0       |
|    add_ln170_706_fu_22799_p2                                 | -   |        | add_ln170_706  | add   | fabric  | 0       |
|    add_ln170_707_fu_22808_p2                                 | -   |        | add_ln170_707  | add   | fabric  | 0       |
|    add_ln170_708_fu_22818_p2                                 | -   |        | add_ln170_708  | add   | fabric  | 0       |
|    add_ln170_709_fu_22827_p2                                 | -   |        | add_ln170_709  | add   | fabric  | 0       |
|    add_ln170_710_fu_22867_p2                                 | -   |        | add_ln170_710  | add   | fabric  | 0       |
|    add_ln170_711_fu_22876_p2                                 | -   |        | add_ln170_711  | add   | fabric  | 0       |
|    add_ln170_712_fu_22886_p2                                 | -   |        | add_ln170_712  | add   | fabric  | 0       |
|    add_ln170_713_fu_22895_p2                                 | -   |        | add_ln170_713  | add   | fabric  | 0       |
|    add_ln170_714_fu_22935_p2                                 | -   |        | add_ln170_714  | add   | fabric  | 0       |
|    add_ln170_715_fu_22944_p2                                 | -   |        | add_ln170_715  | add   | fabric  | 0       |
|    add_ln170_716_fu_22954_p2                                 | -   |        | add_ln170_716  | add   | fabric  | 0       |
|    add_ln170_717_fu_22963_p2                                 | -   |        | add_ln170_717  | add   | fabric  | 0       |
|    add_ln170_718_fu_23003_p2                                 | -   |        | add_ln170_718  | add   | fabric  | 0       |
|    add_ln170_719_fu_23012_p2                                 | -   |        | add_ln170_719  | add   | fabric  | 0       |
|    add_ln170_720_fu_23022_p2                                 | -   |        | add_ln170_720  | add   | fabric  | 0       |
|    add_ln170_721_fu_23031_p2                                 | -   |        | add_ln170_721  | add   | fabric  | 0       |
|    add_ln170_722_fu_23071_p2                                 | -   |        | add_ln170_722  | add   | fabric  | 0       |
|    add_ln170_723_fu_23080_p2                                 | -   |        | add_ln170_723  | add   | fabric  | 0       |
|    add_ln170_724_fu_23090_p2                                 | -   |        | add_ln170_724  | add   | fabric  | 0       |
|    add_ln170_725_fu_23099_p2                                 | -   |        | add_ln170_725  | add   | fabric  | 0       |
|    add_ln170_726_fu_23139_p2                                 | -   |        | add_ln170_726  | add   | fabric  | 0       |
|    add_ln170_727_fu_23148_p2                                 | -   |        | add_ln170_727  | add   | fabric  | 0       |
|    add_ln170_728_fu_23158_p2                                 | -   |        | add_ln170_728  | add   | fabric  | 0       |
|    add_ln170_729_fu_23167_p2                                 | -   |        | add_ln170_729  | add   | fabric  | 0       |
|    add_ln170_730_fu_23207_p2                                 | -   |        | add_ln170_730  | add   | fabric  | 0       |
|    add_ln170_731_fu_23216_p2                                 | -   |        | add_ln170_731  | add   | fabric  | 0       |
|    add_ln170_732_fu_23226_p2                                 | -   |        | add_ln170_732  | add   | fabric  | 0       |
|    add_ln170_733_fu_23235_p2                                 | -   |        | add_ln170_733  | add   | fabric  | 0       |
|    add_ln170_734_fu_23275_p2                                 | -   |        | add_ln170_734  | add   | fabric  | 0       |
|    add_ln170_735_fu_23284_p2                                 | -   |        | add_ln170_735  | add   | fabric  | 0       |
|    add_ln170_736_fu_23294_p2                                 | -   |        | add_ln170_736  | add   | fabric  | 0       |
|    add_ln170_737_fu_23303_p2                                 | -   |        | add_ln170_737  | add   | fabric  | 0       |
|    add_ln170_738_fu_23343_p2                                 | -   |        | add_ln170_738  | add   | fabric  | 0       |
|    add_ln170_739_fu_23352_p2                                 | -   |        | add_ln170_739  | add   | fabric  | 0       |
|    add_ln170_740_fu_23362_p2                                 | -   |        | add_ln170_740  | add   | fabric  | 0       |
|    add_ln170_741_fu_23371_p2                                 | -   |        | add_ln170_741  | add   | fabric  | 0       |
|    add_ln170_742_fu_23411_p2                                 | -   |        | add_ln170_742  | add   | fabric  | 0       |
|    add_ln170_743_fu_23420_p2                                 | -   |        | add_ln170_743  | add   | fabric  | 0       |
|    add_ln170_744_fu_23430_p2                                 | -   |        | add_ln170_744  | add   | fabric  | 0       |
|    add_ln170_745_fu_23439_p2                                 | -   |        | add_ln170_745  | add   | fabric  | 0       |
|    add_ln170_746_fu_23479_p2                                 | -   |        | add_ln170_746  | add   | fabric  | 0       |
|    add_ln170_747_fu_23488_p2                                 | -   |        | add_ln170_747  | add   | fabric  | 0       |
|    add_ln170_748_fu_23498_p2                                 | -   |        | add_ln170_748  | add   | fabric  | 0       |
|    add_ln170_749_fu_23507_p2                                 | -   |        | add_ln170_749  | add   | fabric  | 0       |
|    add_ln170_750_fu_23547_p2                                 | -   |        | add_ln170_750  | add   | fabric  | 0       |
|    add_ln170_751_fu_23556_p2                                 | -   |        | add_ln170_751  | add   | fabric  | 0       |
|    add_ln170_752_fu_23566_p2                                 | -   |        | add_ln170_752  | add   | fabric  | 0       |
|    add_ln170_753_fu_23575_p2                                 | -   |        | add_ln170_753  | add   | fabric  | 0       |
|    add_ln170_754_fu_23615_p2                                 | -   |        | add_ln170_754  | add   | fabric  | 0       |
|    add_ln170_755_fu_23624_p2                                 | -   |        | add_ln170_755  | add   | fabric  | 0       |
|    add_ln170_756_fu_23634_p2                                 | -   |        | add_ln170_756  | add   | fabric  | 0       |
|    add_ln170_757_fu_23643_p2                                 | -   |        | add_ln170_757  | add   | fabric  | 0       |
|    add_ln170_758_fu_23683_p2                                 | -   |        | add_ln170_758  | add   | fabric  | 0       |
|    add_ln170_759_fu_23692_p2                                 | -   |        | add_ln170_759  | add   | fabric  | 0       |
|    add_ln170_760_fu_23702_p2                                 | -   |        | add_ln170_760  | add   | fabric  | 0       |
|    add_ln170_761_fu_23711_p2                                 | -   |        | add_ln170_761  | add   | fabric  | 0       |
|    add_ln170_762_fu_23751_p2                                 | -   |        | add_ln170_762  | add   | fabric  | 0       |
|    add_ln170_763_fu_23760_p2                                 | -   |        | add_ln170_763  | add   | fabric  | 0       |
|    add_ln170_764_fu_23770_p2                                 | -   |        | add_ln170_764  | add   | fabric  | 0       |
|    add_ln170_765_fu_23779_p2                                 | -   |        | add_ln170_765  | add   | fabric  | 0       |
|    add_ln170_766_fu_23819_p2                                 | -   |        | add_ln170_766  | add   | fabric  | 0       |
|    add_ln170_767_fu_23828_p2                                 | -   |        | add_ln170_767  | add   | fabric  | 0       |
|    add_ln170_768_fu_23838_p2                                 | -   |        | add_ln170_768  | add   | fabric  | 0       |
|    add_ln170_769_fu_23847_p2                                 | -   |        | add_ln170_769  | add   | fabric  | 0       |
|    add_ln170_770_fu_23887_p2                                 | -   |        | add_ln170_770  | add   | fabric  | 0       |
|    add_ln170_771_fu_23896_p2                                 | -   |        | add_ln170_771  | add   | fabric  | 0       |
|    add_ln170_772_fu_23906_p2                                 | -   |        | add_ln170_772  | add   | fabric  | 0       |
|    add_ln170_773_fu_23915_p2                                 | -   |        | add_ln170_773  | add   | fabric  | 0       |
|    add_ln170_774_fu_23955_p2                                 | -   |        | add_ln170_774  | add   | fabric  | 0       |
|    add_ln170_775_fu_23964_p2                                 | -   |        | add_ln170_775  | add   | fabric  | 0       |
|    add_ln170_776_fu_23974_p2                                 | -   |        | add_ln170_776  | add   | fabric  | 0       |
|    add_ln170_777_fu_23983_p2                                 | -   |        | add_ln170_777  | add   | fabric  | 0       |
|    add_ln170_778_fu_24023_p2                                 | -   |        | add_ln170_778  | add   | fabric  | 0       |
|    add_ln170_779_fu_24032_p2                                 | -   |        | add_ln170_779  | add   | fabric  | 0       |
|    add_ln170_780_fu_24042_p2                                 | -   |        | add_ln170_780  | add   | fabric  | 0       |
|    add_ln170_781_fu_24051_p2                                 | -   |        | add_ln170_781  | add   | fabric  | 0       |
|    add_ln170_782_fu_24091_p2                                 | -   |        | add_ln170_782  | add   | fabric  | 0       |
|    add_ln170_783_fu_24100_p2                                 | -   |        | add_ln170_783  | add   | fabric  | 0       |
|    add_ln170_784_fu_24110_p2                                 | -   |        | add_ln170_784  | add   | fabric  | 0       |
|    add_ln170_785_fu_24119_p2                                 | -   |        | add_ln170_785  | add   | fabric  | 0       |
|    add_ln170_786_fu_24159_p2                                 | -   |        | add_ln170_786  | add   | fabric  | 0       |
|    add_ln170_787_fu_24168_p2                                 | -   |        | add_ln170_787  | add   | fabric  | 0       |
|    add_ln170_788_fu_24178_p2                                 | -   |        | add_ln170_788  | add   | fabric  | 0       |
|    add_ln170_789_fu_24187_p2                                 | -   |        | add_ln170_789  | add   | fabric  | 0       |
|    add_ln170_790_fu_24227_p2                                 | -   |        | add_ln170_790  | add   | fabric  | 0       |
|    add_ln170_791_fu_24236_p2                                 | -   |        | add_ln170_791  | add   | fabric  | 0       |
|    add_ln170_792_fu_24246_p2                                 | -   |        | add_ln170_792  | add   | fabric  | 0       |
|    add_ln170_793_fu_24255_p2                                 | -   |        | add_ln170_793  | add   | fabric  | 0       |
|    add_ln170_794_fu_24295_p2                                 | -   |        | add_ln170_794  | add   | fabric  | 0       |
|    add_ln170_795_fu_24304_p2                                 | -   |        | add_ln170_795  | add   | fabric  | 0       |
|    add_ln170_796_fu_24314_p2                                 | -   |        | add_ln170_796  | add   | fabric  | 0       |
|    add_ln170_797_fu_24323_p2                                 | -   |        | add_ln170_797  | add   | fabric  | 0       |
|    add_ln170_798_fu_24363_p2                                 | -   |        | add_ln170_798  | add   | fabric  | 0       |
|    add_ln170_799_fu_24372_p2                                 | -   |        | add_ln170_799  | add   | fabric  | 0       |
|    add_ln170_800_fu_24382_p2                                 | -   |        | add_ln170_800  | add   | fabric  | 0       |
|    add_ln170_801_fu_24391_p2                                 | -   |        | add_ln170_801  | add   | fabric  | 0       |
|    add_ln170_802_fu_24431_p2                                 | -   |        | add_ln170_802  | add   | fabric  | 0       |
|    add_ln170_803_fu_24440_p2                                 | -   |        | add_ln170_803  | add   | fabric  | 0       |
|    add_ln170_804_fu_24450_p2                                 | -   |        | add_ln170_804  | add   | fabric  | 0       |
|    add_ln170_805_fu_24459_p2                                 | -   |        | add_ln170_805  | add   | fabric  | 0       |
|    add_ln170_806_fu_24499_p2                                 | -   |        | add_ln170_806  | add   | fabric  | 0       |
|    add_ln170_807_fu_24508_p2                                 | -   |        | add_ln170_807  | add   | fabric  | 0       |
|    add_ln170_808_fu_24518_p2                                 | -   |        | add_ln170_808  | add   | fabric  | 0       |
|    add_ln170_809_fu_24527_p2                                 | -   |        | add_ln170_809  | add   | fabric  | 0       |
|    add_ln170_810_fu_24567_p2                                 | -   |        | add_ln170_810  | add   | fabric  | 0       |
|    add_ln170_811_fu_24576_p2                                 | -   |        | add_ln170_811  | add   | fabric  | 0       |
|    add_ln170_812_fu_24586_p2                                 | -   |        | add_ln170_812  | add   | fabric  | 0       |
|    add_ln170_813_fu_24595_p2                                 | -   |        | add_ln170_813  | add   | fabric  | 0       |
|    add_ln170_814_fu_24635_p2                                 | -   |        | add_ln170_814  | add   | fabric  | 0       |
|    add_ln170_815_fu_24644_p2                                 | -   |        | add_ln170_815  | add   | fabric  | 0       |
|    add_ln170_816_fu_24654_p2                                 | -   |        | add_ln170_816  | add   | fabric  | 0       |
|    add_ln170_817_fu_24663_p2                                 | -   |        | add_ln170_817  | add   | fabric  | 0       |
|    add_ln170_818_fu_24703_p2                                 | -   |        | add_ln170_818  | add   | fabric  | 0       |
|    add_ln170_819_fu_24712_p2                                 | -   |        | add_ln170_819  | add   | fabric  | 0       |
|    add_ln170_820_fu_24722_p2                                 | -   |        | add_ln170_820  | add   | fabric  | 0       |
|    add_ln170_821_fu_24731_p2                                 | -   |        | add_ln170_821  | add   | fabric  | 0       |
|    add_ln170_822_fu_24771_p2                                 | -   |        | add_ln170_822  | add   | fabric  | 0       |
|    add_ln170_823_fu_24780_p2                                 | -   |        | add_ln170_823  | add   | fabric  | 0       |
|    add_ln170_824_fu_24790_p2                                 | -   |        | add_ln170_824  | add   | fabric  | 0       |
|    add_ln170_825_fu_24799_p2                                 | -   |        | add_ln170_825  | add   | fabric  | 0       |
|    add_ln170_826_fu_24839_p2                                 | -   |        | add_ln170_826  | add   | fabric  | 0       |
|    add_ln170_827_fu_24848_p2                                 | -   |        | add_ln170_827  | add   | fabric  | 0       |
|    add_ln170_828_fu_24858_p2                                 | -   |        | add_ln170_828  | add   | fabric  | 0       |
|    add_ln170_829_fu_24867_p2                                 | -   |        | add_ln170_829  | add   | fabric  | 0       |
|    add_ln170_830_fu_24907_p2                                 | -   |        | add_ln170_830  | add   | fabric  | 0       |
|    add_ln170_831_fu_24916_p2                                 | -   |        | add_ln170_831  | add   | fabric  | 0       |
|    add_ln170_832_fu_24926_p2                                 | -   |        | add_ln170_832  | add   | fabric  | 0       |
|    add_ln170_833_fu_24935_p2                                 | -   |        | add_ln170_833  | add   | fabric  | 0       |
|    add_ln170_834_fu_24975_p2                                 | -   |        | add_ln170_834  | add   | fabric  | 0       |
|    add_ln170_835_fu_24984_p2                                 | -   |        | add_ln170_835  | add   | fabric  | 0       |
|    add_ln170_836_fu_24994_p2                                 | -   |        | add_ln170_836  | add   | fabric  | 0       |
|    add_ln170_837_fu_25003_p2                                 | -   |        | add_ln170_837  | add   | fabric  | 0       |
|    add_ln170_838_fu_25043_p2                                 | -   |        | add_ln170_838  | add   | fabric  | 0       |
|    add_ln170_839_fu_25052_p2                                 | -   |        | add_ln170_839  | add   | fabric  | 0       |
|    add_ln170_840_fu_25062_p2                                 | -   |        | add_ln170_840  | add   | fabric  | 0       |
|    add_ln170_841_fu_25071_p2                                 | -   |        | add_ln170_841  | add   | fabric  | 0       |
|    add_ln170_842_fu_25111_p2                                 | -   |        | add_ln170_842  | add   | fabric  | 0       |
|    add_ln170_843_fu_25120_p2                                 | -   |        | add_ln170_843  | add   | fabric  | 0       |
|    add_ln170_844_fu_25130_p2                                 | -   |        | add_ln170_844  | add   | fabric  | 0       |
|    add_ln170_845_fu_25139_p2                                 | -   |        | add_ln170_845  | add   | fabric  | 0       |
|    add_ln170_846_fu_25179_p2                                 | -   |        | add_ln170_846  | add   | fabric  | 0       |
|    add_ln170_847_fu_25188_p2                                 | -   |        | add_ln170_847  | add   | fabric  | 0       |
|    add_ln170_848_fu_25198_p2                                 | -   |        | add_ln170_848  | add   | fabric  | 0       |
|    add_ln170_849_fu_25207_p2                                 | -   |        | add_ln170_849  | add   | fabric  | 0       |
|    add_ln170_850_fu_25247_p2                                 | -   |        | add_ln170_850  | add   | fabric  | 0       |
|    add_ln170_851_fu_25256_p2                                 | -   |        | add_ln170_851  | add   | fabric  | 0       |
|    add_ln170_852_fu_25266_p2                                 | -   |        | add_ln170_852  | add   | fabric  | 0       |
|    add_ln170_853_fu_25275_p2                                 | -   |        | add_ln170_853  | add   | fabric  | 0       |
|    add_ln170_854_fu_25315_p2                                 | -   |        | add_ln170_854  | add   | fabric  | 0       |
|    add_ln170_855_fu_25324_p2                                 | -   |        | add_ln170_855  | add   | fabric  | 0       |
|    add_ln170_856_fu_25334_p2                                 | -   |        | add_ln170_856  | add   | fabric  | 0       |
|    add_ln170_857_fu_25343_p2                                 | -   |        | add_ln170_857  | add   | fabric  | 0       |
|    add_ln170_858_fu_25383_p2                                 | -   |        | add_ln170_858  | add   | fabric  | 0       |
|    add_ln170_859_fu_25392_p2                                 | -   |        | add_ln170_859  | add   | fabric  | 0       |
|    add_ln170_860_fu_25402_p2                                 | -   |        | add_ln170_860  | add   | fabric  | 0       |
|    add_ln170_861_fu_25411_p2                                 | -   |        | add_ln170_861  | add   | fabric  | 0       |
|    add_ln170_862_fu_25451_p2                                 | -   |        | add_ln170_862  | add   | fabric  | 0       |
|    add_ln170_863_fu_25460_p2                                 | -   |        | add_ln170_863  | add   | fabric  | 0       |
|    add_ln170_864_fu_25470_p2                                 | -   |        | add_ln170_864  | add   | fabric  | 0       |
|    add_ln170_865_fu_25479_p2                                 | -   |        | add_ln170_865  | add   | fabric  | 0       |
|    add_ln170_866_fu_25519_p2                                 | -   |        | add_ln170_866  | add   | fabric  | 0       |
|    add_ln170_867_fu_25528_p2                                 | -   |        | add_ln170_867  | add   | fabric  | 0       |
|    add_ln170_868_fu_25538_p2                                 | -   |        | add_ln170_868  | add   | fabric  | 0       |
|    add_ln170_869_fu_25547_p2                                 | -   |        | add_ln170_869  | add   | fabric  | 0       |
|    add_ln170_870_fu_25587_p2                                 | -   |        | add_ln170_870  | add   | fabric  | 0       |
|    add_ln170_871_fu_25596_p2                                 | -   |        | add_ln170_871  | add   | fabric  | 0       |
|    add_ln170_872_fu_25606_p2                                 | -   |        | add_ln170_872  | add   | fabric  | 0       |
|    add_ln170_873_fu_25615_p2                                 | -   |        | add_ln170_873  | add   | fabric  | 0       |
|    add_ln170_874_fu_25655_p2                                 | -   |        | add_ln170_874  | add   | fabric  | 0       |
|    add_ln170_875_fu_25664_p2                                 | -   |        | add_ln170_875  | add   | fabric  | 0       |
|    add_ln170_876_fu_25674_p2                                 | -   |        | add_ln170_876  | add   | fabric  | 0       |
|    add_ln170_877_fu_25683_p2                                 | -   |        | add_ln170_877  | add   | fabric  | 0       |
|    add_ln170_878_fu_25723_p2                                 | -   |        | add_ln170_878  | add   | fabric  | 0       |
|    add_ln170_879_fu_25732_p2                                 | -   |        | add_ln170_879  | add   | fabric  | 0       |
|    add_ln170_880_fu_25742_p2                                 | -   |        | add_ln170_880  | add   | fabric  | 0       |
|    add_ln170_881_fu_25751_p2                                 | -   |        | add_ln170_881  | add   | fabric  | 0       |
|    add_ln170_882_fu_25791_p2                                 | -   |        | add_ln170_882  | add   | fabric  | 0       |
|    add_ln170_883_fu_25800_p2                                 | -   |        | add_ln170_883  | add   | fabric  | 0       |
|    add_ln170_884_fu_25810_p2                                 | -   |        | add_ln170_884  | add   | fabric  | 0       |
|    add_ln170_885_fu_25819_p2                                 | -   |        | add_ln170_885  | add   | fabric  | 0       |
|    add_ln170_886_fu_25859_p2                                 | -   |        | add_ln170_886  | add   | fabric  | 0       |
|    add_ln170_887_fu_25868_p2                                 | -   |        | add_ln170_887  | add   | fabric  | 0       |
|    add_ln170_888_fu_25878_p2                                 | -   |        | add_ln170_888  | add   | fabric  | 0       |
|    add_ln170_889_fu_25887_p2                                 | -   |        | add_ln170_889  | add   | fabric  | 0       |
|    add_ln170_890_fu_25927_p2                                 | -   |        | add_ln170_890  | add   | fabric  | 0       |
|    add_ln170_891_fu_25936_p2                                 | -   |        | add_ln170_891  | add   | fabric  | 0       |
|    add_ln170_892_fu_25946_p2                                 | -   |        | add_ln170_892  | add   | fabric  | 0       |
|    add_ln170_893_fu_25955_p2                                 | -   |        | add_ln170_893  | add   | fabric  | 0       |
|    add_ln170_894_fu_25995_p2                                 | -   |        | add_ln170_894  | add   | fabric  | 0       |
|    add_ln170_895_fu_26004_p2                                 | -   |        | add_ln170_895  | add   | fabric  | 0       |
|    add_ln170_896_fu_26014_p2                                 | -   |        | add_ln170_896  | add   | fabric  | 0       |
|    add_ln170_897_fu_26023_p2                                 | -   |        | add_ln170_897  | add   | fabric  | 0       |
|    add_ln170_898_fu_26063_p2                                 | -   |        | add_ln170_898  | add   | fabric  | 0       |
|    add_ln170_899_fu_26072_p2                                 | -   |        | add_ln170_899  | add   | fabric  | 0       |
|    add_ln170_900_fu_26082_p2                                 | -   |        | add_ln170_900  | add   | fabric  | 0       |
|    add_ln170_901_fu_26091_p2                                 | -   |        | add_ln170_901  | add   | fabric  | 0       |
|    add_ln170_902_fu_26131_p2                                 | -   |        | add_ln170_902  | add   | fabric  | 0       |
|    add_ln170_903_fu_26140_p2                                 | -   |        | add_ln170_903  | add   | fabric  | 0       |
|    add_ln170_904_fu_26150_p2                                 | -   |        | add_ln170_904  | add   | fabric  | 0       |
|    add_ln170_905_fu_26159_p2                                 | -   |        | add_ln170_905  | add   | fabric  | 0       |
|    add_ln170_906_fu_26199_p2                                 | -   |        | add_ln170_906  | add   | fabric  | 0       |
|    add_ln170_907_fu_26208_p2                                 | -   |        | add_ln170_907  | add   | fabric  | 0       |
|    add_ln170_908_fu_26218_p2                                 | -   |        | add_ln170_908  | add   | fabric  | 0       |
|    add_ln170_909_fu_26227_p2                                 | -   |        | add_ln170_909  | add   | fabric  | 0       |
|    add_ln170_910_fu_26267_p2                                 | -   |        | add_ln170_910  | add   | fabric  | 0       |
|    add_ln170_911_fu_26276_p2                                 | -   |        | add_ln170_911  | add   | fabric  | 0       |
|    add_ln170_912_fu_26286_p2                                 | -   |        | add_ln170_912  | add   | fabric  | 0       |
|    add_ln170_913_fu_26295_p2                                 | -   |        | add_ln170_913  | add   | fabric  | 0       |
|    add_ln170_914_fu_26335_p2                                 | -   |        | add_ln170_914  | add   | fabric  | 0       |
|    add_ln170_915_fu_26344_p2                                 | -   |        | add_ln170_915  | add   | fabric  | 0       |
|    add_ln170_916_fu_26354_p2                                 | -   |        | add_ln170_916  | add   | fabric  | 0       |
|    add_ln170_917_fu_26363_p2                                 | -   |        | add_ln170_917  | add   | fabric  | 0       |
|    add_ln170_918_fu_26403_p2                                 | -   |        | add_ln170_918  | add   | fabric  | 0       |
|    add_ln170_919_fu_26412_p2                                 | -   |        | add_ln170_919  | add   | fabric  | 0       |
|    add_ln170_920_fu_26422_p2                                 | -   |        | add_ln170_920  | add   | fabric  | 0       |
|    add_ln170_921_fu_26431_p2                                 | -   |        | add_ln170_921  | add   | fabric  | 0       |
|    add_ln170_922_fu_26451_p2                                 | -   |        | add_ln170_922  | add   | fabric  | 0       |
|    add_ln170_923_fu_26460_p2                                 | -   |        | add_ln170_923  | add   | fabric  | 0       |
|    add_ln170_924_fu_26470_p2                                 | -   |        | add_ln170_924  | add   | fabric  | 0       |
|    add_ln170_925_fu_26479_p2                                 | -   |        | add_ln170_925  | add   | fabric  | 0       |
|    add_ln170_926_fu_26499_p2                                 | -   |        | add_ln170_926  | add   | fabric  | 0       |
|    add_ln170_927_fu_26508_p2                                 | -   |        | add_ln170_927  | add   | fabric  | 0       |
|    add_ln172_fu_10257_p2                                     | -   |        | add_ln172      | add   | fabric  | 0       |
|    add_ln163_fu_10089_p2                                     | -   |        | add_ln163      | add   | fabric  | 0       |
|  + transformer_blk_s4_top_Pipeline_AR9                       | 0   |        |                |       |         |         |
|    add_ln338_fu_159_p2                                       | -   |        | add_ln338      | add   | fabric  | 0       |
+--------------------------------------------------------------+-----+--------+----------------+-------+---------+---------+


================================================================
== Bind Storage Report
================================================================
+--------------------------------------------------------------------+------+------+--------+----------------------------------------------------------------+---------+------+---------+
| Name                                                               | BRAM | URAM | Pragma | Variable                                                       | Storage | Impl | Latency |
+--------------------------------------------------------------------+------+------+--------+----------------------------------------------------------------+---------+------+---------+
| + transformer_blk_s4_top                                           | 274  | 0    |        |                                                                |         |      |         |
|   transformer_blk_s4_top_float_const_float_float_const_x_buf_U     | 4    | -    |        | transformer_blk_s4_top_float_const_float_float_const_x_buf     | ram_s2p | auto | 1       |
|   transformer_blk_s4_top_float_const_float_float_const_x_buf_5_U   | 4    | -    |        | transformer_blk_s4_top_float_const_float_float_const_x_buf_5   | ram_s2p | auto | 1       |
|   transformer_blk_s4_top_float_const_float_float_const_x_buf_6_U   | 4    | -    |        | transformer_blk_s4_top_float_const_float_float_const_x_buf_6   | ram_s2p | auto | 1       |
|   transformer_blk_s4_top_float_const_float_float_const_x_buf_7_U   | 4    | -    |        | transformer_blk_s4_top_float_const_float_float_const_x_buf_7   | ram_s2p | auto | 1       |
|   transformer_blk_s4_top_float_const_float_float_const_q_buf_U     | 2    | -    |        | transformer_blk_s4_top_float_const_float_float_const_q_buf     | ram_s2p | auto | 1       |
|   transformer_blk_s4_top_float_const_float_float_const_ln_buf_U    | 4    | -    |        | transformer_blk_s4_top_float_const_float_float_const_ln_buf    | ram_s2p | auto | 1       |
|   transformer_blk_s4_top_float_const_float_float_const_ln_buf_8_U  | 4    | -    |        | transformer_blk_s4_top_float_const_float_float_const_ln_buf_8  | ram_s2p | auto | 1       |
|   transformer_blk_s4_top_float_const_float_float_const_ln_buf_9_U  | 4    | -    |        | transformer_blk_s4_top_float_const_float_float_const_ln_buf_9  | ram_s2p | auto | 1       |
|   transformer_blk_s4_top_float_const_float_float_const_ln_buf_10_U | 4    | -    |        | transformer_blk_s4_top_float_const_float_float_const_ln_buf_10 | ram_s2p | auto | 1       |
|   transformer_blk_s4_top_float_const_float_float_const_q_buf_11_U  | 2    | -    |        | transformer_blk_s4_top_float_const_float_float_const_q_buf_11  | ram_s2p | auto | 1       |
|   transformer_blk_s4_top_float_const_float_float_const_q_buf_12_U  | 2    | -    |        | transformer_blk_s4_top_float_const_float_float_const_q_buf_12  | ram_s2p | auto | 1       |
|   transformer_blk_s4_top_float_const_float_float_const_q_buf_13_U  | 2    | -    |        | transformer_blk_s4_top_float_const_float_float_const_q_buf_13  | ram_s2p | auto | 1       |
|   transformer_blk_s4_top_float_const_float_float_const_q_buf_14_U  | 2    | -    |        | transformer_blk_s4_top_float_const_float_float_const_q_buf_14  | ram_s2p | auto | 1       |
|   transformer_blk_s4_top_float_const_float_float_const_q_buf_15_U  | 2    | -    |        | transformer_blk_s4_top_float_const_float_float_const_q_buf_15  | ram_s2p | auto | 1       |
|   transformer_blk_s4_top_float_const_float_float_const_q_buf_16_U  | 2    | -    |        | transformer_blk_s4_top_float_const_float_float_const_q_buf_16  | ram_s2p | auto | 1       |
|   transformer_blk_s4_top_float_const_float_float_const_q_buf_17_U  | 2    | -    |        | transformer_blk_s4_top_float_const_float_float_const_q_buf_17  | ram_s2p | auto | 1       |
|   transformer_blk_s4_top_float_const_float_float_const_q_buf_18_U  | 2    | -    |        | transformer_blk_s4_top_float_const_float_float_const_q_buf_18  | ram_s2p | auto | 1       |
|   transformer_blk_s4_top_float_const_float_float_const_q_buf_19_U  | 2    | -    |        | transformer_blk_s4_top_float_const_float_float_const_q_buf_19  | ram_s2p | auto | 1       |
|   p_ZZ22transformer_blk_s4_topPKfPfS0_E5q_buf_10_U                 | 2    | -    |        | p_ZZ22transformer_blk_s4_topPKfPfS0_E5q_buf_10                 | ram_s2p | auto | 1       |
|   p_ZZ22transformer_blk_s4_topPKfPfS0_E5q_buf_11_U                 | 2    | -    |        | p_ZZ22transformer_blk_s4_topPKfPfS0_E5q_buf_11                 | ram_s2p | auto | 1       |
|   p_ZZ22transformer_blk_s4_topPKfPfS0_E5q_buf_12_U                 | 2    | -    |        | p_ZZ22transformer_blk_s4_topPKfPfS0_E5q_buf_12                 | ram_s2p | auto | 1       |
|   p_ZZ22transformer_blk_s4_topPKfPfS0_E5q_buf_13_U                 | 2    | -    |        | p_ZZ22transformer_blk_s4_topPKfPfS0_E5q_buf_13                 | ram_s2p | auto | 1       |
|   p_ZZ22transformer_blk_s4_topPKfPfS0_E5q_buf_14_U                 | 2    | -    |        | p_ZZ22transformer_blk_s4_topPKfPfS0_E5q_buf_14                 | ram_s2p | auto | 1       |
|   p_ZZ22transformer_blk_s4_topPKfPfS0_E5q_buf_15_U                 | 2    | -    |        | p_ZZ22transformer_blk_s4_topPKfPfS0_E5q_buf_15                 | ram_s2p | auto | 1       |
|   p_ZZ22transformer_blk_s4_topPKfPfS0_E5q_buf_16_U                 | 2    | -    |        | p_ZZ22transformer_blk_s4_topPKfPfS0_E5q_buf_16                 | ram_s2p | auto | 1       |
|   p_ZZ22transformer_blk_s4_topPKfPfS0_E5q_buf_17_U                 | 2    | -    |        | p_ZZ22transformer_blk_s4_topPKfPfS0_E5q_buf_17                 | ram_s2p | auto | 1       |
|   p_ZZ22transformer_blk_s4_topPKfPfS0_E5q_buf_18_U                 | 2    | -    |        | p_ZZ22transformer_blk_s4_topPKfPfS0_E5q_buf_18                 | ram_s2p | auto | 1       |
|   p_ZZ22transformer_blk_s4_topPKfPfS0_E5q_buf_19_U                 | 2    | -    |        | p_ZZ22transformer_blk_s4_topPKfPfS0_E5q_buf_19                 | ram_s2p | auto | 1       |
|   p_ZZ22transformer_blk_s4_topPKfPfS0_E5q_buf_20_U                 | 2    | -    |        | p_ZZ22transformer_blk_s4_topPKfPfS0_E5q_buf_20                 | ram_s2p | auto | 1       |
|   p_ZZ22transformer_blk_s4_topPKfPfS0_E5q_buf_21_U                 | 2    | -    |        | p_ZZ22transformer_blk_s4_topPKfPfS0_E5q_buf_21                 | ram_s2p | auto | 1       |
|   p_ZZ22transformer_blk_s4_topPKfPfS0_E5q_buf_22_U                 | 2    | -    |        | p_ZZ22transformer_blk_s4_topPKfPfS0_E5q_buf_22                 | ram_s2p | auto | 1       |
|   p_ZZ22transformer_blk_s4_topPKfPfS0_E5q_buf_23_U                 | 2    | -    |        | p_ZZ22transformer_blk_s4_topPKfPfS0_E5q_buf_23                 | ram_s2p | auto | 1       |
|   p_ZZ22transformer_blk_s4_topPKfPfS0_E5q_buf_24_U                 | 2    | -    |        | p_ZZ22transformer_blk_s4_topPKfPfS0_E5q_buf_24                 | ram_s2p | auto | 1       |
|   p_ZZ22transformer_blk_s4_topPKfPfS0_E5q_buf_25_U                 | 2    | -    |        | p_ZZ22transformer_blk_s4_topPKfPfS0_E5q_buf_25                 | ram_s2p | auto | 1       |
|   p_ZZ22transformer_blk_s4_topPKfPfS0_E5q_buf_26_U                 | 2    | -    |        | p_ZZ22transformer_blk_s4_topPKfPfS0_E5q_buf_26                 | ram_s2p | auto | 1       |
|   p_ZZ22transformer_blk_s4_topPKfPfS0_E5q_buf_27_U                 | 2    | -    |        | p_ZZ22transformer_blk_s4_topPKfPfS0_E5q_buf_27                 | ram_s2p | auto | 1       |
|   p_ZZ22transformer_blk_s4_topPKfPfS0_E5q_buf_28_U                 | 2    | -    |        | p_ZZ22transformer_blk_s4_topPKfPfS0_E5q_buf_28                 | ram_s2p | auto | 1       |
|   p_ZZ22transformer_blk_s4_topPKfPfS0_E5q_buf_29_U                 | 2    | -    |        | p_ZZ22transformer_blk_s4_topPKfPfS0_E5q_buf_29                 | ram_s2p | auto | 1       |
|   p_ZZ22transformer_blk_s4_topPKfPfS0_E5q_buf_30_U                 | 2    | -    |        | p_ZZ22transformer_blk_s4_topPKfPfS0_E5q_buf_30                 | ram_s2p | auto | 1       |
|   p_ZZ22transformer_blk_s4_topPKfPfS0_E5q_buf_31_U                 | 2    | -    |        | p_ZZ22transformer_blk_s4_topPKfPfS0_E5q_buf_31                 | ram_s2p | auto | 1       |
|   p_ZZ22transformer_blk_s4_topPKfPfS0_E5q_buf_32_U                 | 2    | -    |        | p_ZZ22transformer_blk_s4_topPKfPfS0_E5q_buf_32                 | ram_s2p | auto | 1       |
|   p_ZZ22transformer_blk_s4_topPKfPfS0_E5q_buf_33_U                 | 2    | -    |        | p_ZZ22transformer_blk_s4_topPKfPfS0_E5q_buf_33                 | ram_s2p | auto | 1       |
|   p_ZZ22transformer_blk_s4_topPKfPfS0_E5q_buf_34_U                 | 2    | -    |        | p_ZZ22transformer_blk_s4_topPKfPfS0_E5q_buf_34                 | ram_s2p | auto | 1       |
|   p_ZZ22transformer_blk_s4_topPKfPfS0_E5q_buf_35_U                 | 2    | -    |        | p_ZZ22transformer_blk_s4_topPKfPfS0_E5q_buf_35                 | ram_s2p | auto | 1       |
|   p_ZZ22transformer_blk_s4_topPKfPfS0_E5q_buf_36_U                 | 2    | -    |        | p_ZZ22transformer_blk_s4_topPKfPfS0_E5q_buf_36                 | ram_s2p | auto | 1       |
|   p_ZZ22transformer_blk_s4_topPKfPfS0_E5q_buf_37_U                 | 2    | -    |        | p_ZZ22transformer_blk_s4_topPKfPfS0_E5q_buf_37                 | ram_s2p | auto | 1       |
|   p_ZZ22transformer_blk_s4_topPKfPfS0_E5q_buf_38_U                 | 2    | -    |        | p_ZZ22transformer_blk_s4_topPKfPfS0_E5q_buf_38                 | ram_s2p | auto | 1       |
|   p_ZZ22transformer_blk_s4_topPKfPfS0_E5q_buf_39_U                 | 2    | -    |        | p_ZZ22transformer_blk_s4_topPKfPfS0_E5q_buf_39                 | ram_s2p | auto | 1       |
|   p_ZZ22transformer_blk_s4_topPKfPfS0_E5q_buf_40_U                 | 2    | -    |        | p_ZZ22transformer_blk_s4_topPKfPfS0_E5q_buf_40                 | ram_s2p | auto | 1       |
|   p_ZZ22transformer_blk_s4_topPKfPfS0_E5q_buf_41_U                 | 2    | -    |        | p_ZZ22transformer_blk_s4_topPKfPfS0_E5q_buf_41                 | ram_s2p | auto | 1       |
|   p_ZZ22transformer_blk_s4_topPKfPfS0_E5q_buf_42_U                 | 2    | -    |        | p_ZZ22transformer_blk_s4_topPKfPfS0_E5q_buf_42                 | ram_s2p | auto | 1       |
|   p_ZZ22transformer_blk_s4_topPKfPfS0_E5q_buf_43_U                 | 2    | -    |        | p_ZZ22transformer_blk_s4_topPKfPfS0_E5q_buf_43                 | ram_s2p | auto | 1       |
|   p_ZZ22transformer_blk_s4_topPKfPfS0_E5q_buf_44_U                 | 2    | -    |        | p_ZZ22transformer_blk_s4_topPKfPfS0_E5q_buf_44                 | ram_s2p | auto | 1       |
|   p_ZZ22transformer_blk_s4_topPKfPfS0_E5q_buf_45_U                 | 2    | -    |        | p_ZZ22transformer_blk_s4_topPKfPfS0_E5q_buf_45                 | ram_s2p | auto | 1       |
|   p_ZZ22transformer_blk_s4_topPKfPfS0_E5q_buf_46_U                 | 2    | -    |        | p_ZZ22transformer_blk_s4_topPKfPfS0_E5q_buf_46                 | ram_s2p | auto | 1       |
|   p_ZZ22transformer_blk_s4_topPKfPfS0_E5q_buf_47_U                 | 2    | -    |        | p_ZZ22transformer_blk_s4_topPKfPfS0_E5q_buf_47                 | ram_s2p | auto | 1       |
|   p_ZZ22transformer_blk_s4_topPKfPfS0_E5q_buf_48_U                 | 2    | -    |        | p_ZZ22transformer_blk_s4_topPKfPfS0_E5q_buf_48                 | ram_s2p | auto | 1       |
|   p_ZZ22transformer_blk_s4_topPKfPfS0_E5q_buf_49_U                 | 2    | -    |        | p_ZZ22transformer_blk_s4_topPKfPfS0_E5q_buf_49                 | ram_s2p | auto | 1       |
|   p_ZZ22transformer_blk_s4_topPKfPfS0_E5q_buf_50_U                 | 2    | -    |        | p_ZZ22transformer_blk_s4_topPKfPfS0_E5q_buf_50                 | ram_s2p | auto | 1       |
|   p_ZZ22transformer_blk_s4_topPKfPfS0_E5q_buf_51_U                 | 2    | -    |        | p_ZZ22transformer_blk_s4_topPKfPfS0_E5q_buf_51                 | ram_s2p | auto | 1       |
|   p_ZZ22transformer_blk_s4_topPKfPfS0_E5q_buf_52_U                 | 2    | -    |        | p_ZZ22transformer_blk_s4_topPKfPfS0_E5q_buf_52                 | ram_s2p | auto | 1       |
|   p_ZZ22transformer_blk_s4_topPKfPfS0_E5q_buf_53_U                 | 2    | -    |        | p_ZZ22transformer_blk_s4_topPKfPfS0_E5q_buf_53                 | ram_s2p | auto | 1       |
|   p_ZZ22transformer_blk_s4_topPKfPfS0_E5q_buf_54_U                 | 2    | -    |        | p_ZZ22transformer_blk_s4_topPKfPfS0_E5q_buf_54                 | ram_s2p | auto | 1       |
|   p_ZZ22transformer_blk_s4_topPKfPfS0_E5q_buf_55_U                 | 2    | -    |        | p_ZZ22transformer_blk_s4_topPKfPfS0_E5q_buf_55                 | ram_s2p | auto | 1       |
|   p_ZZ22transformer_blk_s4_topPKfPfS0_E5q_buf_56_U                 | 2    | -    |        | p_ZZ22transformer_blk_s4_topPKfPfS0_E5q_buf_56                 | ram_s2p | auto | 1       |
|   p_ZZ22transformer_blk_s4_topPKfPfS0_E5q_buf_57_U                 | 2    | -    |        | p_ZZ22transformer_blk_s4_topPKfPfS0_E5q_buf_57                 | ram_s2p | auto | 1       |
|   p_ZZ22transformer_blk_s4_topPKfPfS0_E5q_buf_58_U                 | 2    | -    |        | p_ZZ22transformer_blk_s4_topPKfPfS0_E5q_buf_58                 | ram_s2p | auto | 1       |
|   p_ZZ22transformer_blk_s4_topPKfPfS0_E5q_buf_59_U                 | 2    | -    |        | p_ZZ22transformer_blk_s4_topPKfPfS0_E5q_buf_59                 | ram_s2p | auto | 1       |
|   transformer_blk_s4_top_float_const_float_float_const_k_buf_U     | 1    | -    |        | transformer_blk_s4_top_float_const_float_float_const_k_buf     | ram_1p  | auto | 1       |
|   transformer_blk_s4_top_float_const_float_float_const_k_buf_20_U  | 1    | -    |        | transformer_blk_s4_top_float_const_float_float_const_k_buf_20  | ram_1p  | auto | 1       |
|   transformer_blk_s4_top_float_const_float_float_const_k_buf_21_U  | 1    | -    |        | transformer_blk_s4_top_float_const_float_float_const_k_buf_21  | ram_1p  | auto | 1       |
|   transformer_blk_s4_top_float_const_float_float_const_k_buf_22_U  | 1    | -    |        | transformer_blk_s4_top_float_const_float_float_const_k_buf_22  | ram_1p  | auto | 1       |
|   transformer_blk_s4_top_float_const_float_float_const_k_buf_23_U  | 1    | -    |        | transformer_blk_s4_top_float_const_float_float_const_k_buf_23  | ram_1p  | auto | 1       |
|   transformer_blk_s4_top_float_const_float_float_const_k_buf_24_U  | 1    | -    |        | transformer_blk_s4_top_float_const_float_float_const_k_buf_24  | ram_1p  | auto | 1       |
|   transformer_blk_s4_top_float_const_float_float_const_k_buf_25_U  | 1    | -    |        | transformer_blk_s4_top_float_const_float_float_const_k_buf_25  | ram_1p  | auto | 1       |
|   transformer_blk_s4_top_float_const_float_float_const_k_buf_26_U  | 1    | -    |        | transformer_blk_s4_top_float_const_float_float_const_k_buf_26  | ram_1p  | auto | 1       |
|   transformer_blk_s4_top_float_const_float_float_const_k_buf_27_U  | 1    | -    |        | transformer_blk_s4_top_float_const_float_float_const_k_buf_27  | ram_1p  | auto | 1       |
|   transformer_blk_s4_top_float_const_float_float_const_k_buf_28_U  | 1    | -    |        | transformer_blk_s4_top_float_const_float_float_const_k_buf_28  | ram_1p  | auto | 1       |
|   p_ZZ22transformer_blk_s4_topPKfPfS0_E5k_buf_10_U                 | 1    | -    |        | p_ZZ22transformer_blk_s4_topPKfPfS0_E5k_buf_10                 | ram_1p  | auto | 1       |
|   p_ZZ22transformer_blk_s4_topPKfPfS0_E5k_buf_11_U                 | 1    | -    |        | p_ZZ22transformer_blk_s4_topPKfPfS0_E5k_buf_11                 | ram_1p  | auto | 1       |
|   p_ZZ22transformer_blk_s4_topPKfPfS0_E5k_buf_12_U                 | 1    | -    |        | p_ZZ22transformer_blk_s4_topPKfPfS0_E5k_buf_12                 | ram_1p  | auto | 1       |
|   p_ZZ22transformer_blk_s4_topPKfPfS0_E5k_buf_13_U                 | 1    | -    |        | p_ZZ22transformer_blk_s4_topPKfPfS0_E5k_buf_13                 | ram_1p  | auto | 1       |
|   p_ZZ22transformer_blk_s4_topPKfPfS0_E5k_buf_14_U                 | 1    | -    |        | p_ZZ22transformer_blk_s4_topPKfPfS0_E5k_buf_14                 | ram_1p  | auto | 1       |
|   p_ZZ22transformer_blk_s4_topPKfPfS0_E5k_buf_15_U                 | 1    | -    |        | p_ZZ22transformer_blk_s4_topPKfPfS0_E5k_buf_15                 | ram_1p  | auto | 1       |
|   p_ZZ22transformer_blk_s4_topPKfPfS0_E5k_buf_16_U                 | 1    | -    |        | p_ZZ22transformer_blk_s4_topPKfPfS0_E5k_buf_16                 | ram_1p  | auto | 1       |
|   p_ZZ22transformer_blk_s4_topPKfPfS0_E5k_buf_17_U                 | 1    | -    |        | p_ZZ22transformer_blk_s4_topPKfPfS0_E5k_buf_17                 | ram_1p  | auto | 1       |
|   p_ZZ22transformer_blk_s4_topPKfPfS0_E5k_buf_18_U                 | 1    | -    |        | p_ZZ22transformer_blk_s4_topPKfPfS0_E5k_buf_18                 | ram_1p  | auto | 1       |
|   p_ZZ22transformer_blk_s4_topPKfPfS0_E5k_buf_19_U                 | 1    | -    |        | p_ZZ22transformer_blk_s4_topPKfPfS0_E5k_buf_19                 | ram_1p  | auto | 1       |
|   p_ZZ22transformer_blk_s4_topPKfPfS0_E5k_buf_20_U                 | 1    | -    |        | p_ZZ22transformer_blk_s4_topPKfPfS0_E5k_buf_20                 | ram_1p  | auto | 1       |
|   p_ZZ22transformer_blk_s4_topPKfPfS0_E5k_buf_21_U                 | 1    | -    |        | p_ZZ22transformer_blk_s4_topPKfPfS0_E5k_buf_21                 | ram_1p  | auto | 1       |
|   p_ZZ22transformer_blk_s4_topPKfPfS0_E5k_buf_22_U                 | 1    | -    |        | p_ZZ22transformer_blk_s4_topPKfPfS0_E5k_buf_22                 | ram_1p  | auto | 1       |
|   p_ZZ22transformer_blk_s4_topPKfPfS0_E5k_buf_23_U                 | 1    | -    |        | p_ZZ22transformer_blk_s4_topPKfPfS0_E5k_buf_23                 | ram_1p  | auto | 1       |
|   p_ZZ22transformer_blk_s4_topPKfPfS0_E5k_buf_24_U                 | 1    | -    |        | p_ZZ22transformer_blk_s4_topPKfPfS0_E5k_buf_24                 | ram_1p  | auto | 1       |
|   p_ZZ22transformer_blk_s4_topPKfPfS0_E5k_buf_25_U                 | 1    | -    |        | p_ZZ22transformer_blk_s4_topPKfPfS0_E5k_buf_25                 | ram_1p  | auto | 1       |
|   p_ZZ22transformer_blk_s4_topPKfPfS0_E5k_buf_26_U                 | 1    | -    |        | p_ZZ22transformer_blk_s4_topPKfPfS0_E5k_buf_26                 | ram_1p  | auto | 1       |
|   p_ZZ22transformer_blk_s4_topPKfPfS0_E5k_buf_27_U                 | 1    | -    |        | p_ZZ22transformer_blk_s4_topPKfPfS0_E5k_buf_27                 | ram_1p  | auto | 1       |
|   p_ZZ22transformer_blk_s4_topPKfPfS0_E5k_buf_28_U                 | 1    | -    |        | p_ZZ22transformer_blk_s4_topPKfPfS0_E5k_buf_28                 | ram_1p  | auto | 1       |
|   p_ZZ22transformer_blk_s4_topPKfPfS0_E5k_buf_29_U                 | 1    | -    |        | p_ZZ22transformer_blk_s4_topPKfPfS0_E5k_buf_29                 | ram_1p  | auto | 1       |
|   p_ZZ22transformer_blk_s4_topPKfPfS0_E5k_buf_30_U                 | 1    | -    |        | p_ZZ22transformer_blk_s4_topPKfPfS0_E5k_buf_30                 | ram_1p  | auto | 1       |
|   p_ZZ22transformer_blk_s4_topPKfPfS0_E5k_buf_31_U                 | 1    | -    |        | p_ZZ22transformer_blk_s4_topPKfPfS0_E5k_buf_31                 | ram_1p  | auto | 1       |
|   p_ZZ22transformer_blk_s4_topPKfPfS0_E5k_buf_32_U                 | 1    | -    |        | p_ZZ22transformer_blk_s4_topPKfPfS0_E5k_buf_32                 | ram_1p  | auto | 1       |
|   p_ZZ22transformer_blk_s4_topPKfPfS0_E5k_buf_33_U                 | 1    | -    |        | p_ZZ22transformer_blk_s4_topPKfPfS0_E5k_buf_33                 | ram_1p  | auto | 1       |
|   p_ZZ22transformer_blk_s4_topPKfPfS0_E5k_buf_34_U                 | 1    | -    |        | p_ZZ22transformer_blk_s4_topPKfPfS0_E5k_buf_34                 | ram_1p  | auto | 1       |
|   p_ZZ22transformer_blk_s4_topPKfPfS0_E5k_buf_35_U                 | 1    | -    |        | p_ZZ22transformer_blk_s4_topPKfPfS0_E5k_buf_35                 | ram_1p  | auto | 1       |
|   p_ZZ22transformer_blk_s4_topPKfPfS0_E5k_buf_36_U                 | 1    | -    |        | p_ZZ22transformer_blk_s4_topPKfPfS0_E5k_buf_36                 | ram_1p  | auto | 1       |
|   p_ZZ22transformer_blk_s4_topPKfPfS0_E5k_buf_37_U                 | 1    | -    |        | p_ZZ22transformer_blk_s4_topPKfPfS0_E5k_buf_37                 | ram_1p  | auto | 1       |
|   p_ZZ22transformer_blk_s4_topPKfPfS0_E5k_buf_38_U                 | 1    | -    |        | p_ZZ22transformer_blk_s4_topPKfPfS0_E5k_buf_38                 | ram_1p  | auto | 1       |
|   p_ZZ22transformer_blk_s4_topPKfPfS0_E5k_buf_39_U                 | 1    | -    |        | p_ZZ22transformer_blk_s4_topPKfPfS0_E5k_buf_39                 | ram_1p  | auto | 1       |
|   p_ZZ22transformer_blk_s4_topPKfPfS0_E5k_buf_40_U                 | 1    | -    |        | p_ZZ22transformer_blk_s4_topPKfPfS0_E5k_buf_40                 | ram_1p  | auto | 1       |
|   p_ZZ22transformer_blk_s4_topPKfPfS0_E5k_buf_41_U                 | 1    | -    |        | p_ZZ22transformer_blk_s4_topPKfPfS0_E5k_buf_41                 | ram_1p  | auto | 1       |
|   p_ZZ22transformer_blk_s4_topPKfPfS0_E5k_buf_42_U                 | 1    | -    |        | p_ZZ22transformer_blk_s4_topPKfPfS0_E5k_buf_42                 | ram_1p  | auto | 1       |
|   p_ZZ22transformer_blk_s4_topPKfPfS0_E5k_buf_43_U                 | 1    | -    |        | p_ZZ22transformer_blk_s4_topPKfPfS0_E5k_buf_43                 | ram_1p  | auto | 1       |
|   p_ZZ22transformer_blk_s4_topPKfPfS0_E5k_buf_44_U                 | 1    | -    |        | p_ZZ22transformer_blk_s4_topPKfPfS0_E5k_buf_44                 | ram_1p  | auto | 1       |
|   p_ZZ22transformer_blk_s4_topPKfPfS0_E5k_buf_45_U                 | 1    | -    |        | p_ZZ22transformer_blk_s4_topPKfPfS0_E5k_buf_45                 | ram_1p  | auto | 1       |
|   p_ZZ22transformer_blk_s4_topPKfPfS0_E5k_buf_46_U                 | 1    | -    |        | p_ZZ22transformer_blk_s4_topPKfPfS0_E5k_buf_46                 | ram_1p  | auto | 1       |
|   p_ZZ22transformer_blk_s4_topPKfPfS0_E5k_buf_47_U                 | 1    | -    |        | p_ZZ22transformer_blk_s4_topPKfPfS0_E5k_buf_47                 | ram_1p  | auto | 1       |
|   p_ZZ22transformer_blk_s4_topPKfPfS0_E5k_buf_48_U                 | 1    | -    |        | p_ZZ22transformer_blk_s4_topPKfPfS0_E5k_buf_48                 | ram_1p  | auto | 1       |
|   p_ZZ22transformer_blk_s4_topPKfPfS0_E5k_buf_49_U                 | 1    | -    |        | p_ZZ22transformer_blk_s4_topPKfPfS0_E5k_buf_49                 | ram_1p  | auto | 1       |
|   p_ZZ22transformer_blk_s4_topPKfPfS0_E5k_buf_50_U                 | 1    | -    |        | p_ZZ22transformer_blk_s4_topPKfPfS0_E5k_buf_50                 | ram_1p  | auto | 1       |
|   p_ZZ22transformer_blk_s4_topPKfPfS0_E5k_buf_51_U                 | 1    | -    |        | p_ZZ22transformer_blk_s4_topPKfPfS0_E5k_buf_51                 | ram_1p  | auto | 1       |
|   p_ZZ22transformer_blk_s4_topPKfPfS0_E5k_buf_52_U                 | 1    | -    |        | p_ZZ22transformer_blk_s4_topPKfPfS0_E5k_buf_52                 | ram_1p  | auto | 1       |
|   p_ZZ22transformer_blk_s4_topPKfPfS0_E5k_buf_53_U                 | 1    | -    |        | p_ZZ22transformer_blk_s4_topPKfPfS0_E5k_buf_53                 | ram_1p  | auto | 1       |
|   p_ZZ22transformer_blk_s4_topPKfPfS0_E5k_buf_54_U                 | 1    | -    |        | p_ZZ22transformer_blk_s4_topPKfPfS0_E5k_buf_54                 | ram_1p  | auto | 1       |
|   p_ZZ22transformer_blk_s4_topPKfPfS0_E5k_buf_55_U                 | 1    | -    |        | p_ZZ22transformer_blk_s4_topPKfPfS0_E5k_buf_55                 | ram_1p  | auto | 1       |
|   p_ZZ22transformer_blk_s4_topPKfPfS0_E5k_buf_56_U                 | 1    | -    |        | p_ZZ22transformer_blk_s4_topPKfPfS0_E5k_buf_56                 | ram_1p  | auto | 1       |
|   p_ZZ22transformer_blk_s4_topPKfPfS0_E5k_buf_57_U                 | 1    | -    |        | p_ZZ22transformer_blk_s4_topPKfPfS0_E5k_buf_57                 | ram_1p  | auto | 1       |
|   p_ZZ22transformer_blk_s4_topPKfPfS0_E5k_buf_58_U                 | 1    | -    |        | p_ZZ22transformer_blk_s4_topPKfPfS0_E5k_buf_58                 | ram_1p  | auto | 1       |
|   p_ZZ22transformer_blk_s4_topPKfPfS0_E5k_buf_59_U                 | 1    | -    |        | p_ZZ22transformer_blk_s4_topPKfPfS0_E5k_buf_59                 | ram_1p  | auto | 1       |
|   transformer_blk_s4_top_float_const_float_float_const_v_buf_U     | 2    | -    |        | transformer_blk_s4_top_float_const_float_float_const_v_buf     | ram_s2p | auto | 1       |
|   transformer_blk_s4_top_float_const_float_float_const_v_buf_29_U  | 2    | -    |        | transformer_blk_s4_top_float_const_float_float_const_v_buf_29  | ram_s2p | auto | 1       |
|   transformer_blk_s4_top_float_const_float_float_const_v_buf_30_U  | 2    | -    |        | transformer_blk_s4_top_float_const_float_float_const_v_buf_30  | ram_s2p | auto | 1       |
|   transformer_blk_s4_top_float_const_float_float_const_v_buf_31_U  | 2    | -    |        | transformer_blk_s4_top_float_const_float_float_const_v_buf_31  | ram_s2p | auto | 1       |
|   transformer_blk_s4_top_float_const_float_float_const_v_buf_32_U  | 2    | -    |        | transformer_blk_s4_top_float_const_float_float_const_v_buf_32  | ram_s2p | auto | 1       |
|   transformer_blk_s4_top_float_const_float_float_const_v_buf_33_U  | 2    | -    |        | transformer_blk_s4_top_float_const_float_float_const_v_buf_33  | ram_s2p | auto | 1       |
|   transformer_blk_s4_top_float_const_float_float_const_v_buf_34_U  | 2    | -    |        | transformer_blk_s4_top_float_const_float_float_const_v_buf_34  | ram_s2p | auto | 1       |
|   attn_out_U                                                       | 14   | -    | pragma | attn_out                                                       | ram_t2p | bram | 1       |
|   transformer_blk_s4_top_float_const_float_float_const_a_buf_U     | 2    | -    |        | transformer_blk_s4_top_float_const_float_float_const_a_buf     | ram_t2p | auto | 1       |
|   transformer_blk_s4_top_float_const_float_float_const_a_buf_1_U   | 2    | -    |        | transformer_blk_s4_top_float_const_float_float_const_a_buf_1   | ram_t2p | auto | 1       |
|   transformer_blk_s4_top_float_const_float_float_const_a_buf_2_U   | 2    | -    |        | transformer_blk_s4_top_float_const_float_float_const_a_buf_2   | ram_t2p | auto | 1       |
|   transformer_blk_s4_top_float_const_float_float_const_a_buf_3_U   | 2    | -    |        | transformer_blk_s4_top_float_const_float_float_const_a_buf_3   | ram_t2p | auto | 1       |
|   transformer_blk_s4_top_float_const_float_float_const_a_buf_4_U   | 2    | -    |        | transformer_blk_s4_top_float_const_float_float_const_a_buf_4   | ram_t2p | auto | 1       |
|   mlp_buf_U                                                        | 24   | -    | pragma | mlp_buf                                                        | ram_t2p | bram | 1       |
+--------------------------------------------------------------------+------+------+--------+----------------------------------------------------------------+---------+------+---------+


================================================================
== Pragma Report
================================================================
* Valid Pragma Syntax
+-----------------+----------------------------------------------+-------------------------------------------------------------------------------+
| Type            | Options                                      | Location                                                                      |
+-----------------+----------------------------------------------+-------------------------------------------------------------------------------+
| inline          |                                              | s4_transformer_block/t_blk_s4_top.cpp:41 in transformer_block                 |
| pipeline        | II=1                                         | s4_transformer_block/t_blk_s4_top.cpp:72 in transformer_block                 |
| interface       | bram port=in                                 | s4_transformer_block/t_blk_s4_top.cpp:91 in transformer_blk_s4_top, in        |
| interface       | bram port=out                                | s4_transformer_block/t_blk_s4_top.cpp:92 in transformer_blk_s4_top, out       |
| interface       | bram port=w                                  | s4_transformer_block/t_blk_s4_top.cpp:93 in transformer_blk_s4_top, w         |
| interface       | ap_ctrl_hs port=return                       | s4_transformer_block/t_blk_s4_top.cpp:94 in transformer_blk_s4_top, return    |
| bind_storage    | variable=attn_out type=RAM_T2P impl=BRAM     | s4_transformer_block/t_blk_s4_top.cpp:106 in transformer_blk_s4_top, attn_out |
| bind_storage    | variable=mlp_buf type=RAM_T2P impl=BRAM      | s4_transformer_block/t_blk_s4_top.cpp:107 in transformer_blk_s4_top, mlp_buf  |
| array_partition | variable=a_buf cyclic factor=5 dim=1         | s4_transformer_block/t_blk_s4_top.cpp:118 in transformer_blk_s4_top, a_buf    |
| dependence      | variable=a_buf inter false                   | s4_transformer_block/t_blk_s4_top.cpp:119 in transformer_blk_s4_top, a_buf    |
| array_partition | variable=x_buf cyclic factor=4 dim=1         | s4_transformer_block/t_blk_s4_top.cpp:124 in transformer_blk_s4_top, x_buf    |
| array_partition | variable=ln_buf cyclic factor=4 dim=1        | s4_transformer_block/t_blk_s4_top.cpp:125 in transformer_blk_s4_top, ln_buf   |
| array_partition | variable=q_buf cyclic factor=(240 / 4) dim=1 | s4_transformer_block/t_blk_s4_top.cpp:132 in transformer_blk_s4_top, q_buf    |
| array_partition | variable=k_buf cyclic factor=(240 / 4) dim=1 | s4_transformer_block/t_blk_s4_top.cpp:133 in transformer_blk_s4_top, k_buf    |
| array_partition | variable=v_buf cyclic factor=7 dim=1         | s4_transformer_block/t_blk_s4_top.cpp:142 in transformer_blk_s4_top, v_buf    |
| pipeline        | II=1                                         | s4_transformer_block/t_blk_s4_top.cpp:146 in transformer_blk_s4_top           |
| pipeline        | II=1                                         | s4_transformer_block/t_blk_s4_top.cpp:162 in transformer_blk_s4_top           |
| inline          |                                              | s4_transformer_block/t_blk_s4_utils.h:50 in silu_f                            |
| inline          |                                              | s4_transformer_block/t_blk_s4_utils.h:81 in layer_norm                        |
| array_partition | variable=mp complete dim=1                   | s4_transformer_block/t_blk_s4_utils.h:90 in layer_norm, mp                    |
| pipeline        | II=1                                         | s4_transformer_block/t_blk_s4_utils.h:93 in layer_norm                        |
| unroll          |                                              | s4_transformer_block/t_blk_s4_utils.h:96 in layer_norm                        |
| unroll          |                                              | s4_transformer_block/t_blk_s4_utils.h:104 in layer_norm                       |
| array_partition | variable=vp complete dim=1                   | s4_transformer_block/t_blk_s4_utils.h:111 in layer_norm, vp                   |
| pipeline        | II=1                                         | s4_transformer_block/t_blk_s4_utils.h:114 in layer_norm                       |
| unroll          |                                              | s4_transformer_block/t_blk_s4_utils.h:117 in layer_norm                       |
| unroll          |                                              | s4_transformer_block/t_blk_s4_utils.h:125 in layer_norm                       |
| pipeline        | II=1                                         | s4_transformer_block/t_blk_s4_utils.h:132 in layer_norm                       |
| inline          |                                              | s4_transformer_block/t_blk_s4_utils.h:161 in linear_f                         |
| pipeline        | II=1                                         | s4_transformer_block/t_blk_s4_utils.h:164 in linear_f                         |
| unroll          | factor=2                                     | s4_transformer_block/t_blk_s4_utils.h:169 in linear_f                         |
| inline          |                                              | s4_transformer_block/t_blk_s4_utils.h:194 in softmax_vec                      |
| pipeline        | II=1                                         | s4_transformer_block/t_blk_s4_utils.h:201 in softmax_vec                      |
| array_partition | variable=ex complete dim=1                   | s4_transformer_block/t_blk_s4_utils.h:207 in softmax_vec, ex                  |
| pipeline        | II=1                                         | s4_transformer_block/t_blk_s4_utils.h:209 in softmax_vec                      |
| array_partition | variable=sp complete dim=1                   | s4_transformer_block/t_blk_s4_utils.h:216 in softmax_vec, sp                  |
| pipeline        | II=1                                         | s4_transformer_block/t_blk_s4_utils.h:218 in softmax_vec                      |
| unroll          |                                              | s4_transformer_block/t_blk_s4_utils.h:221 in softmax_vec                      |
| unroll          |                                              | s4_transformer_block/t_blk_s4_utils.h:228 in softmax_vec                      |
| pipeline        | II=1                                         | s4_transformer_block/t_blk_s4_utils.h:234 in softmax_vec                      |
| inline          |                                              | s4_transformer_block/t_blk_s4_utils.h:251 in mhsa                             |
| pipeline        | II=1                                         | s4_transformer_block/t_blk_s4_utils.h:267 in mhsa                             |
| unroll          |                                              | s4_transformer_block/t_blk_s4_utils.h:270 in mhsa                             |
| pipeline        |                                              | s4_transformer_block/t_blk_s4_utils.h:289 in mhsa                             |
| dependence      | variable=a_buf inter false direction=RAW     | s4_transformer_block/t_blk_s4_utils.h:290 in mhsa, a_buf                      |
| array_partition | variable=op complete dim=1                   | s4_transformer_block/t_blk_s4_utils.h:303 in mhsa, op                         |
| pipeline        | II=1                                         | s4_transformer_block/t_blk_s4_utils.h:305 in mhsa                             |
| unroll          |                                              | s4_transformer_block/t_blk_s4_utils.h:308 in mhsa                             |
| unroll          |                                              | s4_transformer_block/t_blk_s4_utils.h:317 in mhsa                             |
| pipeline        | II=1                                         | s4_transformer_block/t_blk_s4_utils.h:327 in mhsa                             |
| inline          |                                              | s4_transformer_block/t_blk_s4_utils.h:337 in add_residual                     |
| pipeline        | II=1                                         | s4_transformer_block/t_blk_s4_utils.h:339 in add_residual                     |
+-----------------+----------------------------------------------+-------------------------------------------------------------------------------+


