

================================================================
== Vitis HLS Report for 'transformer_blk_s4_top_Pipeline_LF_S_LF_OD8'
================================================================
* Date:           Mon Jun  1 14:26:53 2026

* Version:        2022.2 (Build 3670227 on Oct 13 2022)
* Project:        s4_transformer_block
* Solution:       solution1 (Vivado IP Flow Target)
* Product family: zynquplus
* Target device:  xczu9eg-ffvb1156-2-e


================================================================
== Performance Estimates
================================================================
+ Timing: 
    * Summary: 
    +--------+---------+----------+------------+
    |  Clock |  Target | Estimated| Uncertainty|
    +--------+---------+----------+------------+
    |ap_clk  |  5.00 ns|  4.451 ns|     1.35 ns|
    +--------+---------+----------+------------+

+ Latency: 
    * Summary: 
    +---------+---------+----------+----------+---------+---------+---------+
    |  Latency (cycles) |  Latency (absolute) |      Interval     | Pipeline|
    |   min   |   max   |    min   |    max   |   min   |   max   |   Type  |
    +---------+---------+----------+----------+---------+---------+---------+
    |  1449609|  1449609|  7.248 ms|  7.248 ms|  1449609|  1449609|       no|
    +---------+---------+----------+----------+---------+---------+---------+

    + Detail: 
        * Instance: 
        N/A

        * Loop: 
        +--------------+---------+---------+----------+-----------+-----------+------+----------+
        |              |  Latency (cycles) | Iteration|  Initiation Interval  | Trip |          |
        |   Loop Name  |   min   |   max   |  Latency |  achieved |   target  | Count| Pipelined|
        +--------------+---------+---------+----------+-----------+-----------+------+----------+
        |- LF_S_LF_OD  |  1449607|  1449607|      3849|        241|          1|  6000|       yes|
        +--------------+---------+---------+----------+-----------+-----------+------+----------+



================================================================
== Utilization Estimates
================================================================
* Summary: 
+-----------------+---------+------+--------+--------+-----+
|       Name      | BRAM_18K|  DSP |   FF   |   LUT  | URAM|
+-----------------+---------+------+--------+--------+-----+
|DSP              |        -|     -|       -|       -|    -|
|Expression       |        -|     -|       0|   35778|    -|
|FIFO             |        -|     -|       -|       -|    -|
|Instance         |        -|     -|       -|       -|    -|
|Memory           |        -|     -|       -|       -|    -|
|Multiplexer      |        -|     -|       -|   12119|    -|
|Register         |        -|     -|   44643|   13376|    -|
+-----------------+---------+------+--------+--------+-----+
|Total            |        0|     0|   44643|   61273|    0|
+-----------------+---------+------+--------+--------+-----+
|Available        |     1824|  2520|  548160|  274080|    0|
+-----------------+---------+------+--------+--------+-----+
|Utilization (%)  |        0|     0|       8|      22|    0|
+-----------------+---------+------+--------+--------+-----+

+ Detail: 
    * Instance: 
    N/A

    * DSP: 
    N/A

    * Memory: 
    N/A

    * FIFO: 
    N/A

    * Expression: 
    +----------------------------+----------+----+---+-----+------------+------------+
    |        Variable Name       | Operation| DSP| FF| LUT | Bitwidth P0| Bitwidth P1|
    +----------------------------+----------+----+---+-----+------------+------------+
    |add_ln162_100_fu_14541_p2   |         +|   0|  0|   21|          14|           8|
    |add_ln162_101_fu_14551_p2   |         +|   0|  0|   21|          14|           8|
    |add_ln162_102_fu_14609_p2   |         +|   0|  0|   21|          14|           8|
    |add_ln162_103_fu_14619_p2   |         +|   0|  0|   21|          14|           8|
    |add_ln162_104_fu_14677_p2   |         +|   0|  0|   21|          14|           8|
    |add_ln162_105_fu_14687_p2   |         +|   0|  0|   21|          14|           8|
    |add_ln162_106_fu_14745_p2   |         +|   0|  0|   21|          14|           8|
    |add_ln162_107_fu_14755_p2   |         +|   0|  0|   21|          14|           8|
    |add_ln162_108_fu_14813_p2   |         +|   0|  0|   21|          14|           8|
    |add_ln162_109_fu_14823_p2   |         +|   0|  0|   21|          14|           8|
    |add_ln162_10_fu_11481_p2    |         +|   0|  0|   21|          14|           6|
    |add_ln162_110_fu_14881_p2   |         +|   0|  0|   21|          14|           8|
    |add_ln162_111_fu_14891_p2   |         +|   0|  0|   21|          14|           8|
    |add_ln162_112_fu_14949_p2   |         +|   0|  0|   21|          14|           8|
    |add_ln162_113_fu_14959_p2   |         +|   0|  0|   21|          14|           8|
    |add_ln162_114_fu_15017_p2   |         +|   0|  0|   21|          14|           8|
    |add_ln162_115_fu_15027_p2   |         +|   0|  0|   21|          14|           8|
    |add_ln162_116_fu_15085_p2   |         +|   0|  0|   21|          14|           8|
    |add_ln162_117_fu_15095_p2   |         +|   0|  0|   21|          14|           8|
    |add_ln162_118_fu_15153_p2   |         +|   0|  0|   21|          14|           8|
    |add_ln162_119_fu_15163_p2   |         +|   0|  0|   21|          14|           8|
    |add_ln162_11_fu_11491_p2    |         +|   0|  0|   21|          14|           6|
    |add_ln162_120_fu_15221_p2   |         +|   0|  0|   21|          14|           8|
    |add_ln162_121_fu_15231_p2   |         +|   0|  0|   21|          14|           8|
    |add_ln162_122_fu_15289_p2   |         +|   0|  0|   21|          14|           8|
    |add_ln162_123_fu_15299_p2   |         +|   0|  0|   21|          14|           8|
    |add_ln162_124_fu_15357_p2   |         +|   0|  0|   21|          14|           8|
    |add_ln162_125_fu_15367_p2   |         +|   0|  0|   21|          14|           8|
    |add_ln162_126_fu_15425_p2   |         +|   0|  0|   21|          14|           8|
    |add_ln162_127_fu_15435_p2   |         +|   0|  0|   21|          14|           8|
    |add_ln162_128_fu_15493_p2   |         +|   0|  0|   21|          14|           8|
    |add_ln162_129_fu_15503_p2   |         +|   0|  0|   21|          14|           8|
    |add_ln162_12_fu_11549_p2    |         +|   0|  0|   21|          14|           6|
    |add_ln162_130_fu_15561_p2   |         +|   0|  0|   21|          14|           8|
    |add_ln162_131_fu_15571_p2   |         +|   0|  0|   21|          14|           8|
    |add_ln162_132_fu_15629_p2   |         +|   0|  0|   21|          14|           8|
    |add_ln162_133_fu_15639_p2   |         +|   0|  0|   21|          14|           8|
    |add_ln162_134_fu_15697_p2   |         +|   0|  0|   21|          14|           8|
    |add_ln162_135_fu_15707_p2   |         +|   0|  0|   21|          14|           8|
    |add_ln162_136_fu_15765_p2   |         +|   0|  0|   21|          14|           8|
    |add_ln162_137_fu_15775_p2   |         +|   0|  0|   21|          14|           8|
    |add_ln162_138_fu_15833_p2   |         +|   0|  0|   21|          14|           8|
    |add_ln162_139_fu_15843_p2   |         +|   0|  0|   21|          14|           8|
    |add_ln162_13_fu_11559_p2    |         +|   0|  0|   21|          14|           6|
    |add_ln162_140_fu_15901_p2   |         +|   0|  0|   21|          14|           8|
    |add_ln162_141_fu_15911_p2   |         +|   0|  0|   21|          14|           8|
    |add_ln162_142_fu_15969_p2   |         +|   0|  0|   21|          14|           8|
    |add_ln162_143_fu_15979_p2   |         +|   0|  0|   21|          14|           8|
    |add_ln162_144_fu_16037_p2   |         +|   0|  0|   21|          14|           8|
    |add_ln162_145_fu_16047_p2   |         +|   0|  0|   21|          14|           8|
    |add_ln162_146_fu_16105_p2   |         +|   0|  0|   21|          14|           8|
    |add_ln162_147_fu_16115_p2   |         +|   0|  0|   21|          14|           8|
    |add_ln162_148_fu_16173_p2   |         +|   0|  0|   21|          14|           8|
    |add_ln162_149_fu_16183_p2   |         +|   0|  0|   21|          14|           8|
    |add_ln162_14_fu_11617_p2    |         +|   0|  0|   21|          14|           6|
    |add_ln162_150_fu_16241_p2   |         +|   0|  0|   21|          14|           8|
    |add_ln162_151_fu_16251_p2   |         +|   0|  0|   21|          14|           8|
    |add_ln162_152_fu_16309_p2   |         +|   0|  0|   21|          14|           8|
    |add_ln162_153_fu_16319_p2   |         +|   0|  0|   21|          14|           8|
    |add_ln162_154_fu_16377_p2   |         +|   0|  0|   21|          14|           8|
    |add_ln162_155_fu_16387_p2   |         +|   0|  0|   21|          14|           8|
    |add_ln162_156_fu_16445_p2   |         +|   0|  0|   21|          14|           8|
    |add_ln162_157_fu_16455_p2   |         +|   0|  0|   21|          14|           8|
    |add_ln162_158_fu_16513_p2   |         +|   0|  0|   21|          14|           8|
    |add_ln162_159_fu_16523_p2   |         +|   0|  0|   21|          14|           8|
    |add_ln162_15_fu_11627_p2    |         +|   0|  0|   21|          14|           6|
    |add_ln162_160_fu_16581_p2   |         +|   0|  0|   21|          14|           8|
    |add_ln162_161_fu_16591_p2   |         +|   0|  0|   21|          14|           8|
    |add_ln162_162_fu_16649_p2   |         +|   0|  0|   21|          14|           8|
    |add_ln162_163_fu_16659_p2   |         +|   0|  0|   21|          14|           8|
    |add_ln162_164_fu_16717_p2   |         +|   0|  0|   21|          14|           8|
    |add_ln162_165_fu_16727_p2   |         +|   0|  0|   21|          14|           8|
    |add_ln162_166_fu_16785_p2   |         +|   0|  0|   21|          14|           8|
    |add_ln162_167_fu_16795_p2   |         +|   0|  0|   21|          14|           8|
    |add_ln162_168_fu_16853_p2   |         +|   0|  0|   21|          14|           8|
    |add_ln162_169_fu_16863_p2   |         +|   0|  0|   21|          14|           8|
    |add_ln162_16_fu_11685_p2    |         +|   0|  0|   21|          14|           6|
    |add_ln162_170_fu_16921_p2   |         +|   0|  0|   21|          14|           8|
    |add_ln162_171_fu_16931_p2   |         +|   0|  0|   21|          14|           8|
    |add_ln162_172_fu_16989_p2   |         +|   0|  0|   21|          14|           8|
    |add_ln162_173_fu_16999_p2   |         +|   0|  0|   21|          14|           8|
    |add_ln162_174_fu_17057_p2   |         +|   0|  0|   21|          14|           8|
    |add_ln162_175_fu_17067_p2   |         +|   0|  0|   21|          14|           8|
    |add_ln162_176_fu_17125_p2   |         +|   0|  0|   21|          14|           8|
    |add_ln162_177_fu_17135_p2   |         +|   0|  0|   21|          14|           8|
    |add_ln162_178_fu_17193_p2   |         +|   0|  0|   21|          14|           8|
    |add_ln162_179_fu_17203_p2   |         +|   0|  0|   21|          14|           8|
    |add_ln162_17_fu_11695_p2    |         +|   0|  0|   21|          14|           6|
    |add_ln162_180_fu_17261_p2   |         +|   0|  0|   21|          14|           8|
    |add_ln162_181_fu_17271_p2   |         +|   0|  0|   21|          14|           8|
    |add_ln162_182_fu_17329_p2   |         +|   0|  0|   21|          14|           8|
    |add_ln162_183_fu_17339_p2   |         +|   0|  0|   21|          14|           8|
    |add_ln162_184_fu_17397_p2   |         +|   0|  0|   21|          14|           8|
    |add_ln162_185_fu_17407_p2   |         +|   0|  0|   21|          14|           8|
    |add_ln162_186_fu_17465_p2   |         +|   0|  0|   21|          14|           8|
    |add_ln162_187_fu_17475_p2   |         +|   0|  0|   21|          14|           8|
    |add_ln162_188_fu_17533_p2   |         +|   0|  0|   21|          14|           8|
    |add_ln162_189_fu_17543_p2   |         +|   0|  0|   21|          14|           8|
    |add_ln162_18_fu_11753_p2    |         +|   0|  0|   21|          14|           6|
    |add_ln162_190_fu_17601_p2   |         +|   0|  0|   21|          14|           8|
    |add_ln162_191_fu_17611_p2   |         +|   0|  0|   21|          14|           8|
    |add_ln162_192_fu_17669_p2   |         +|   0|  0|   21|          14|           8|
    |add_ln162_193_fu_17679_p2   |         +|   0|  0|   21|          14|           8|
    |add_ln162_194_fu_17737_p2   |         +|   0|  0|   21|          14|           8|
    |add_ln162_195_fu_17747_p2   |         +|   0|  0|   21|          14|           8|
    |add_ln162_196_fu_17805_p2   |         +|   0|  0|   21|          14|           8|
    |add_ln162_197_fu_17815_p2   |         +|   0|  0|   21|          14|           8|
    |add_ln162_198_fu_17873_p2   |         +|   0|  0|   21|          14|           8|
    |add_ln162_199_fu_17883_p2   |         +|   0|  0|   21|          14|           8|
    |add_ln162_19_fu_11763_p2    |         +|   0|  0|   21|          14|           6|
    |add_ln162_1_fu_10025_p2     |         +|   0|  0|   12|           5|           1|
    |add_ln162_200_fu_17941_p2   |         +|   0|  0|   21|          14|           8|
    |add_ln162_201_fu_17951_p2   |         +|   0|  0|   21|          14|           8|
    |add_ln162_202_fu_18009_p2   |         +|   0|  0|   21|          14|           8|
    |add_ln162_203_fu_18019_p2   |         +|   0|  0|   21|          14|           8|
    |add_ln162_204_fu_18077_p2   |         +|   0|  0|   21|          14|           8|
    |add_ln162_205_fu_18087_p2   |         +|   0|  0|   21|          14|           8|
    |add_ln162_206_fu_18145_p2   |         +|   0|  0|   21|          14|           8|
    |add_ln162_207_fu_18155_p2   |         +|   0|  0|   21|          14|           8|
    |add_ln162_208_fu_18213_p2   |         +|   0|  0|   21|          14|           8|
    |add_ln162_209_fu_18223_p2   |         +|   0|  0|   21|          14|           8|
    |add_ln162_20_fu_11821_p2    |         +|   0|  0|   21|          14|           6|
    |add_ln162_210_fu_18281_p2   |         +|   0|  0|   21|          14|           8|
    |add_ln162_211_fu_18291_p2   |         +|   0|  0|   21|          14|           8|
    |add_ln162_212_fu_18349_p2   |         +|   0|  0|   21|          14|           8|
    |add_ln162_213_fu_18359_p2   |         +|   0|  0|   21|          14|           8|
    |add_ln162_214_fu_18417_p2   |         +|   0|  0|   21|          14|           8|
    |add_ln162_215_fu_18427_p2   |         +|   0|  0|   21|          14|           8|
    |add_ln162_216_fu_18485_p2   |         +|   0|  0|   21|          14|           8|
    |add_ln162_217_fu_18495_p2   |         +|   0|  0|   21|          14|           8|
    |add_ln162_218_fu_18553_p2   |         +|   0|  0|   21|          14|           8|
    |add_ln162_219_fu_18563_p2   |         +|   0|  0|   21|          14|           8|
    |add_ln162_21_fu_11831_p2    |         +|   0|  0|   21|          14|           6|
    |add_ln162_220_fu_18621_p2   |         +|   0|  0|   21|          14|           8|
    |add_ln162_221_fu_18631_p2   |         +|   0|  0|   21|          14|           8|
    |add_ln162_222_fu_18689_p2   |         +|   0|  0|   21|          14|           8|
    |add_ln162_223_fu_18699_p2   |         +|   0|  0|   21|          14|           8|
    |add_ln162_224_fu_18757_p2   |         +|   0|  0|   21|          14|           8|
    |add_ln162_225_fu_18767_p2   |         +|   0|  0|   21|          14|           8|
    |add_ln162_226_fu_18825_p2   |         +|   0|  0|   21|          14|           9|
    |add_ln162_227_fu_18835_p2   |         +|   0|  0|   21|          14|           9|
    |add_ln162_228_fu_18893_p2   |         +|   0|  0|   21|          14|           9|
    |add_ln162_229_fu_18903_p2   |         +|   0|  0|   21|          14|           9|
    |add_ln162_22_fu_11889_p2    |         +|   0|  0|   21|          14|           6|
    |add_ln162_230_fu_18961_p2   |         +|   0|  0|   21|          14|           9|
    |add_ln162_231_fu_18971_p2   |         +|   0|  0|   21|          14|           9|
    |add_ln162_232_fu_19029_p2   |         +|   0|  0|   21|          14|           9|
    |add_ln162_233_fu_19039_p2   |         +|   0|  0|   21|          14|           9|
    |add_ln162_234_fu_19097_p2   |         +|   0|  0|   21|          14|           9|
    |add_ln162_235_fu_19107_p2   |         +|   0|  0|   21|          14|           9|
    |add_ln162_236_fu_19165_p2   |         +|   0|  0|   21|          14|           9|
    |add_ln162_237_fu_19175_p2   |         +|   0|  0|   21|          14|           9|
    |add_ln162_238_fu_19233_p2   |         +|   0|  0|   21|          14|           9|
    |add_ln162_239_fu_19243_p2   |         +|   0|  0|   21|          14|           9|
    |add_ln162_23_fu_11899_p2    |         +|   0|  0|   21|          14|           6|
    |add_ln162_240_fu_19301_p2   |         +|   0|  0|   21|          14|           9|
    |add_ln162_241_fu_19311_p2   |         +|   0|  0|   21|          14|           9|
    |add_ln162_242_fu_19369_p2   |         +|   0|  0|   21|          14|           9|
    |add_ln162_243_fu_19379_p2   |         +|   0|  0|   21|          14|           9|
    |add_ln162_244_fu_19437_p2   |         +|   0|  0|   21|          14|           9|
    |add_ln162_245_fu_19447_p2   |         +|   0|  0|   21|          14|           9|
    |add_ln162_246_fu_19505_p2   |         +|   0|  0|   21|          14|           9|
    |add_ln162_247_fu_19515_p2   |         +|   0|  0|   21|          14|           9|
    |add_ln162_248_fu_19573_p2   |         +|   0|  0|   21|          14|           9|
    |add_ln162_249_fu_19583_p2   |         +|   0|  0|   21|          14|           9|
    |add_ln162_24_fu_11957_p2    |         +|   0|  0|   21|          14|           6|
    |add_ln162_250_fu_19641_p2   |         +|   0|  0|   21|          14|           9|
    |add_ln162_251_fu_19651_p2   |         +|   0|  0|   21|          14|           9|
    |add_ln162_252_fu_19709_p2   |         +|   0|  0|   21|          14|           9|
    |add_ln162_253_fu_19719_p2   |         +|   0|  0|   21|          14|           9|
    |add_ln162_254_fu_19777_p2   |         +|   0|  0|   21|          14|           9|
    |add_ln162_255_fu_19787_p2   |         +|   0|  0|   21|          14|           9|
    |add_ln162_256_fu_19845_p2   |         +|   0|  0|   21|          14|           9|
    |add_ln162_257_fu_19855_p2   |         +|   0|  0|   21|          14|           9|
    |add_ln162_258_fu_19913_p2   |         +|   0|  0|   21|          14|           9|
    |add_ln162_259_fu_19923_p2   |         +|   0|  0|   21|          14|           9|
    |add_ln162_25_fu_11967_p2    |         +|   0|  0|   21|          14|           6|
    |add_ln162_260_fu_19981_p2   |         +|   0|  0|   21|          14|           9|
    |add_ln162_261_fu_19991_p2   |         +|   0|  0|   21|          14|           9|
    |add_ln162_262_fu_20049_p2   |         +|   0|  0|   21|          14|           9|
    |add_ln162_263_fu_20059_p2   |         +|   0|  0|   21|          14|           9|
    |add_ln162_264_fu_20117_p2   |         +|   0|  0|   21|          14|           9|
    |add_ln162_265_fu_20127_p2   |         +|   0|  0|   21|          14|           9|
    |add_ln162_266_fu_20185_p2   |         +|   0|  0|   21|          14|           9|
    |add_ln162_267_fu_20195_p2   |         +|   0|  0|   21|          14|           9|
    |add_ln162_268_fu_20253_p2   |         +|   0|  0|   21|          14|           9|
    |add_ln162_269_fu_20263_p2   |         +|   0|  0|   21|          14|           9|
    |add_ln162_26_fu_12025_p2    |         +|   0|  0|   21|          14|           6|
    |add_ln162_270_fu_20321_p2   |         +|   0|  0|   21|          14|           9|
    |add_ln162_271_fu_20331_p2   |         +|   0|  0|   21|          14|           9|
    |add_ln162_272_fu_20389_p2   |         +|   0|  0|   21|          14|           9|
    |add_ln162_273_fu_20399_p2   |         +|   0|  0|   21|          14|           9|
    |add_ln162_274_fu_20457_p2   |         +|   0|  0|   21|          14|           9|
    |add_ln162_275_fu_20467_p2   |         +|   0|  0|   21|          14|           9|
    |add_ln162_276_fu_20525_p2   |         +|   0|  0|   21|          14|           9|
    |add_ln162_277_fu_20535_p2   |         +|   0|  0|   21|          14|           9|
    |add_ln162_278_fu_20593_p2   |         +|   0|  0|   21|          14|           9|
    |add_ln162_279_fu_20603_p2   |         +|   0|  0|   21|          14|           9|
    |add_ln162_27_fu_12035_p2    |         +|   0|  0|   21|          14|           6|
    |add_ln162_280_fu_20661_p2   |         +|   0|  0|   21|          14|           9|
    |add_ln162_281_fu_20671_p2   |         +|   0|  0|   21|          14|           9|
    |add_ln162_282_fu_20729_p2   |         +|   0|  0|   21|          14|           9|
    |add_ln162_283_fu_20739_p2   |         +|   0|  0|   21|          14|           9|
    |add_ln162_284_fu_20797_p2   |         +|   0|  0|   21|          14|           9|
    |add_ln162_285_fu_20807_p2   |         +|   0|  0|   21|          14|           9|
    |add_ln162_286_fu_20865_p2   |         +|   0|  0|   21|          14|           9|
    |add_ln162_287_fu_20875_p2   |         +|   0|  0|   21|          14|           9|
    |add_ln162_288_fu_20933_p2   |         +|   0|  0|   21|          14|           9|
    |add_ln162_289_fu_20943_p2   |         +|   0|  0|   21|          14|           9|
    |add_ln162_28_fu_12093_p2    |         +|   0|  0|   21|          14|           6|
    |add_ln162_290_fu_21001_p2   |         +|   0|  0|   21|          14|           9|
    |add_ln162_291_fu_21011_p2   |         +|   0|  0|   21|          14|           9|
    |add_ln162_292_fu_21069_p2   |         +|   0|  0|   21|          14|           9|
    |add_ln162_293_fu_21079_p2   |         +|   0|  0|   21|          14|           9|
    |add_ln162_294_fu_21137_p2   |         +|   0|  0|   21|          14|           9|
    |add_ln162_295_fu_21147_p2   |         +|   0|  0|   21|          14|           9|
    |add_ln162_296_fu_21205_p2   |         +|   0|  0|   21|          14|           9|
    |add_ln162_297_fu_21215_p2   |         +|   0|  0|   21|          14|           9|
    |add_ln162_298_fu_21273_p2   |         +|   0|  0|   21|          14|           9|
    |add_ln162_299_fu_21283_p2   |         +|   0|  0|   21|          14|           9|
    |add_ln162_29_fu_12103_p2    |         +|   0|  0|   21|          14|           6|
    |add_ln162_2_fu_11205_p2     |         +|   0|  0|   21|          14|           6|
    |add_ln162_300_fu_21341_p2   |         +|   0|  0|   21|          14|           9|
    |add_ln162_301_fu_21351_p2   |         +|   0|  0|   21|          14|           9|
    |add_ln162_302_fu_21409_p2   |         +|   0|  0|   21|          14|           9|
    |add_ln162_303_fu_21419_p2   |         +|   0|  0|   21|          14|           9|
    |add_ln162_304_fu_21477_p2   |         +|   0|  0|   21|          14|           9|
    |add_ln162_305_fu_21487_p2   |         +|   0|  0|   21|          14|           9|
    |add_ln162_306_fu_21545_p2   |         +|   0|  0|   21|          14|           9|
    |add_ln162_307_fu_21555_p2   |         +|   0|  0|   21|          14|           9|
    |add_ln162_308_fu_21613_p2   |         +|   0|  0|   21|          14|           9|
    |add_ln162_309_fu_21623_p2   |         +|   0|  0|   21|          14|           9|
    |add_ln162_30_fu_12161_p2    |         +|   0|  0|   21|          14|           6|
    |add_ln162_310_fu_21681_p2   |         +|   0|  0|   21|          14|           9|
    |add_ln162_311_fu_21691_p2   |         +|   0|  0|   21|          14|           9|
    |add_ln162_312_fu_21749_p2   |         +|   0|  0|   21|          14|           9|
    |add_ln162_313_fu_21759_p2   |         +|   0|  0|   21|          14|           9|
    |add_ln162_314_fu_21817_p2   |         +|   0|  0|   21|          14|           9|
    |add_ln162_315_fu_21827_p2   |         +|   0|  0|   21|          14|           9|
    |add_ln162_316_fu_21885_p2   |         +|   0|  0|   21|          14|           9|
    |add_ln162_317_fu_21895_p2   |         +|   0|  0|   21|          14|           9|
    |add_ln162_318_fu_21953_p2   |         +|   0|  0|   21|          14|           9|
    |add_ln162_319_fu_21963_p2   |         +|   0|  0|   21|          14|           9|
    |add_ln162_31_fu_12171_p2    |         +|   0|  0|   21|          14|           6|
    |add_ln162_320_fu_22021_p2   |         +|   0|  0|   21|          14|           9|
    |add_ln162_321_fu_22031_p2   |         +|   0|  0|   21|          14|           9|
    |add_ln162_322_fu_22089_p2   |         +|   0|  0|   21|          14|           9|
    |add_ln162_323_fu_22099_p2   |         +|   0|  0|   21|          14|           9|
    |add_ln162_324_fu_22157_p2   |         +|   0|  0|   21|          14|           9|
    |add_ln162_325_fu_22167_p2   |         +|   0|  0|   21|          14|           9|
    |add_ln162_326_fu_22225_p2   |         +|   0|  0|   21|          14|           9|
    |add_ln162_327_fu_22235_p2   |         +|   0|  0|   21|          14|           9|
    |add_ln162_328_fu_22293_p2   |         +|   0|  0|   21|          14|           9|
    |add_ln162_329_fu_22303_p2   |         +|   0|  0|   21|          14|           9|
    |add_ln162_32_fu_12229_p2    |         +|   0|  0|   21|          14|           6|
    |add_ln162_330_fu_22361_p2   |         +|   0|  0|   21|          14|           9|
    |add_ln162_331_fu_22371_p2   |         +|   0|  0|   21|          14|           9|
    |add_ln162_332_fu_22429_p2   |         +|   0|  0|   21|          14|           9|
    |add_ln162_333_fu_22439_p2   |         +|   0|  0|   21|          14|           9|
    |add_ln162_334_fu_22497_p2   |         +|   0|  0|   21|          14|           9|
    |add_ln162_335_fu_22507_p2   |         +|   0|  0|   21|          14|           9|
    |add_ln162_336_fu_22565_p2   |         +|   0|  0|   21|          14|           9|
    |add_ln162_337_fu_22575_p2   |         +|   0|  0|   21|          14|           9|
    |add_ln162_338_fu_22633_p2   |         +|   0|  0|   21|          14|           9|
    |add_ln162_339_fu_22643_p2   |         +|   0|  0|   21|          14|           9|
    |add_ln162_33_fu_12239_p2    |         +|   0|  0|   21|          14|           6|
    |add_ln162_340_fu_22701_p2   |         +|   0|  0|   21|          14|           9|
    |add_ln162_341_fu_22711_p2   |         +|   0|  0|   21|          14|           9|
    |add_ln162_342_fu_22769_p2   |         +|   0|  0|   21|          14|           9|
    |add_ln162_343_fu_22779_p2   |         +|   0|  0|   21|          14|           9|
    |add_ln162_344_fu_22837_p2   |         +|   0|  0|   21|          14|           9|
    |add_ln162_345_fu_22847_p2   |         +|   0|  0|   21|          14|           9|
    |add_ln162_346_fu_22905_p2   |         +|   0|  0|   21|          14|           9|
    |add_ln162_347_fu_22915_p2   |         +|   0|  0|   21|          14|           9|
    |add_ln162_348_fu_22973_p2   |         +|   0|  0|   21|          14|           9|
    |add_ln162_349_fu_22983_p2   |         +|   0|  0|   21|          14|           9|
    |add_ln162_34_fu_12297_p2    |         +|   0|  0|   21|          14|           7|
    |add_ln162_350_fu_23041_p2   |         +|   0|  0|   21|          14|           9|
    |add_ln162_351_fu_23051_p2   |         +|   0|  0|   21|          14|           9|
    |add_ln162_352_fu_23109_p2   |         +|   0|  0|   21|          14|           9|
    |add_ln162_353_fu_23119_p2   |         +|   0|  0|   21|          14|           9|
    |add_ln162_354_fu_23177_p2   |         +|   0|  0|   21|          14|           9|
    |add_ln162_355_fu_23187_p2   |         +|   0|  0|   21|          14|           9|
    |add_ln162_356_fu_23245_p2   |         +|   0|  0|   21|          14|           9|
    |add_ln162_357_fu_23255_p2   |         +|   0|  0|   21|          14|           9|
    |add_ln162_358_fu_23313_p2   |         +|   0|  0|   21|          14|           9|
    |add_ln162_359_fu_23323_p2   |         +|   0|  0|   21|          14|           9|
    |add_ln162_35_fu_12307_p2    |         +|   0|  0|   21|          14|           7|
    |add_ln162_360_fu_23381_p2   |         +|   0|  0|   21|          14|           9|
    |add_ln162_361_fu_23391_p2   |         +|   0|  0|   21|          14|           9|
    |add_ln162_362_fu_23449_p2   |         +|   0|  0|   21|          14|           9|
    |add_ln162_363_fu_23459_p2   |         +|   0|  0|   21|          14|           9|
    |add_ln162_364_fu_23517_p2   |         +|   0|  0|   21|          14|           9|
    |add_ln162_365_fu_23527_p2   |         +|   0|  0|   21|          14|           9|
    |add_ln162_366_fu_23585_p2   |         +|   0|  0|   21|          14|           9|
    |add_ln162_367_fu_23595_p2   |         +|   0|  0|   21|          14|           9|
    |add_ln162_368_fu_23653_p2   |         +|   0|  0|   21|          14|           9|
    |add_ln162_369_fu_23663_p2   |         +|   0|  0|   21|          14|           9|
    |add_ln162_36_fu_12365_p2    |         +|   0|  0|   21|          14|           7|
    |add_ln162_370_fu_23721_p2   |         +|   0|  0|   21|          14|           9|
    |add_ln162_371_fu_23731_p2   |         +|   0|  0|   21|          14|           9|
    |add_ln162_372_fu_23789_p2   |         +|   0|  0|   21|          14|           9|
    |add_ln162_373_fu_23799_p2   |         +|   0|  0|   21|          14|           9|
    |add_ln162_374_fu_23857_p2   |         +|   0|  0|   21|          14|           9|
    |add_ln162_375_fu_23867_p2   |         +|   0|  0|   21|          14|           9|
    |add_ln162_376_fu_23925_p2   |         +|   0|  0|   21|          14|           9|
    |add_ln162_377_fu_23935_p2   |         +|   0|  0|   21|          14|           9|
    |add_ln162_378_fu_23993_p2   |         +|   0|  0|   21|          14|           9|
    |add_ln162_379_fu_24003_p2   |         +|   0|  0|   21|          14|           9|
    |add_ln162_37_fu_12375_p2    |         +|   0|  0|   21|          14|           7|
    |add_ln162_380_fu_24061_p2   |         +|   0|  0|   21|          14|           9|
    |add_ln162_381_fu_24071_p2   |         +|   0|  0|   21|          14|           9|
    |add_ln162_382_fu_24129_p2   |         +|   0|  0|   21|          14|           9|
    |add_ln162_383_fu_24139_p2   |         +|   0|  0|   21|          14|           9|
    |add_ln162_384_fu_24197_p2   |         +|   0|  0|   21|          14|           9|
    |add_ln162_385_fu_24207_p2   |         +|   0|  0|   21|          14|           9|
    |add_ln162_386_fu_24265_p2   |         +|   0|  0|   21|          14|           9|
    |add_ln162_387_fu_24275_p2   |         +|   0|  0|   21|          14|           9|
    |add_ln162_388_fu_24333_p2   |         +|   0|  0|   21|          14|           9|
    |add_ln162_389_fu_24343_p2   |         +|   0|  0|   21|          14|           9|
    |add_ln162_38_fu_12433_p2    |         +|   0|  0|   21|          14|           7|
    |add_ln162_390_fu_24401_p2   |         +|   0|  0|   21|          14|           9|
    |add_ln162_391_fu_24411_p2   |         +|   0|  0|   21|          14|           9|
    |add_ln162_392_fu_24469_p2   |         +|   0|  0|   21|          14|           9|
    |add_ln162_393_fu_24479_p2   |         +|   0|  0|   21|          14|           9|
    |add_ln162_394_fu_24537_p2   |         +|   0|  0|   21|          14|           9|
    |add_ln162_395_fu_24547_p2   |         +|   0|  0|   21|          14|           9|
    |add_ln162_396_fu_24605_p2   |         +|   0|  0|   21|          14|           9|
    |add_ln162_397_fu_24615_p2   |         +|   0|  0|   21|          14|           9|
    |add_ln162_398_fu_24673_p2   |         +|   0|  0|   21|          14|           9|
    |add_ln162_399_fu_24683_p2   |         +|   0|  0|   21|          14|           9|
    |add_ln162_39_fu_12443_p2    |         +|   0|  0|   21|          14|           7|
    |add_ln162_3_fu_11215_p2     |         +|   0|  0|   21|          14|           6|
    |add_ln162_400_fu_24741_p2   |         +|   0|  0|   21|          14|           9|
    |add_ln162_401_fu_24751_p2   |         +|   0|  0|   21|          14|           9|
    |add_ln162_402_fu_24809_p2   |         +|   0|  0|   21|          14|           9|
    |add_ln162_403_fu_24819_p2   |         +|   0|  0|   21|          14|           9|
    |add_ln162_404_fu_24877_p2   |         +|   0|  0|   21|          14|           9|
    |add_ln162_405_fu_24887_p2   |         +|   0|  0|   21|          14|           9|
    |add_ln162_406_fu_24945_p2   |         +|   0|  0|   21|          14|           9|
    |add_ln162_407_fu_24955_p2   |         +|   0|  0|   21|          14|           9|
    |add_ln162_408_fu_25013_p2   |         +|   0|  0|   21|          14|           9|
    |add_ln162_409_fu_25023_p2   |         +|   0|  0|   21|          14|           9|
    |add_ln162_40_fu_12501_p2    |         +|   0|  0|   21|          14|           7|
    |add_ln162_410_fu_25081_p2   |         +|   0|  0|   21|          14|           9|
    |add_ln162_411_fu_25091_p2   |         +|   0|  0|   21|          14|           9|
    |add_ln162_412_fu_25149_p2   |         +|   0|  0|   21|          14|           9|
    |add_ln162_413_fu_25159_p2   |         +|   0|  0|   21|          14|           9|
    |add_ln162_414_fu_25217_p2   |         +|   0|  0|   21|          14|           9|
    |add_ln162_415_fu_25227_p2   |         +|   0|  0|   21|          14|           9|
    |add_ln162_416_fu_25285_p2   |         +|   0|  0|   21|          14|           9|
    |add_ln162_417_fu_25295_p2   |         +|   0|  0|   21|          14|           9|
    |add_ln162_418_fu_25353_p2   |         +|   0|  0|   21|          14|           9|
    |add_ln162_419_fu_25363_p2   |         +|   0|  0|   21|          14|           9|
    |add_ln162_41_fu_12511_p2    |         +|   0|  0|   21|          14|           7|
    |add_ln162_420_fu_25421_p2   |         +|   0|  0|   21|          14|           9|
    |add_ln162_421_fu_25431_p2   |         +|   0|  0|   21|          14|           9|
    |add_ln162_422_fu_25489_p2   |         +|   0|  0|   21|          14|           9|
    |add_ln162_423_fu_25499_p2   |         +|   0|  0|   21|          14|           9|
    |add_ln162_424_fu_25557_p2   |         +|   0|  0|   21|          14|           9|
    |add_ln162_425_fu_25567_p2   |         +|   0|  0|   21|          14|           9|
    |add_ln162_426_fu_25625_p2   |         +|   0|  0|   21|          14|           9|
    |add_ln162_427_fu_25635_p2   |         +|   0|  0|   21|          14|           9|
    |add_ln162_428_fu_25693_p2   |         +|   0|  0|   21|          14|           9|
    |add_ln162_429_fu_25703_p2   |         +|   0|  0|   21|          14|           9|
    |add_ln162_42_fu_12569_p2    |         +|   0|  0|   21|          14|           7|
    |add_ln162_430_fu_25761_p2   |         +|   0|  0|   21|          14|           9|
    |add_ln162_431_fu_25771_p2   |         +|   0|  0|   21|          14|           9|
    |add_ln162_432_fu_25829_p2   |         +|   0|  0|   21|          14|           9|
    |add_ln162_433_fu_25839_p2   |         +|   0|  0|   21|          14|           9|
    |add_ln162_434_fu_25897_p2   |         +|   0|  0|   21|          14|           9|
    |add_ln162_435_fu_25907_p2   |         +|   0|  0|   21|          14|           9|
    |add_ln162_436_fu_25965_p2   |         +|   0|  0|   21|          14|           9|
    |add_ln162_437_fu_25975_p2   |         +|   0|  0|   21|          14|           9|
    |add_ln162_438_fu_26033_p2   |         +|   0|  0|   21|          14|           9|
    |add_ln162_439_fu_26043_p2   |         +|   0|  0|   21|          14|           9|
    |add_ln162_43_fu_12579_p2    |         +|   0|  0|   21|          14|           7|
    |add_ln162_440_fu_26101_p2   |         +|   0|  0|   21|          14|           9|
    |add_ln162_441_fu_26111_p2   |         +|   0|  0|   21|          14|           9|
    |add_ln162_442_fu_26169_p2   |         +|   0|  0|   21|          14|           9|
    |add_ln162_443_fu_26179_p2   |         +|   0|  0|   21|          14|           9|
    |add_ln162_444_fu_26237_p2   |         +|   0|  0|   21|          14|           9|
    |add_ln162_445_fu_26247_p2   |         +|   0|  0|   21|          14|           9|
    |add_ln162_446_fu_26305_p2   |         +|   0|  0|   21|          14|           9|
    |add_ln162_447_fu_26315_p2   |         +|   0|  0|   21|          14|           9|
    |add_ln162_448_fu_26373_p2   |         +|   0|  0|   21|          14|           9|
    |add_ln162_449_fu_26383_p2   |         +|   0|  0|   21|          14|           9|
    |add_ln162_44_fu_12637_p2    |         +|   0|  0|   21|          14|           7|
    |add_ln162_45_fu_12647_p2    |         +|   0|  0|   21|          14|           7|
    |add_ln162_46_fu_12705_p2    |         +|   0|  0|   21|          14|           7|
    |add_ln162_47_fu_12715_p2    |         +|   0|  0|   21|          14|           7|
    |add_ln162_48_fu_12773_p2    |         +|   0|  0|   21|          14|           7|
    |add_ln162_49_fu_12783_p2    |         +|   0|  0|   21|          14|           7|
    |add_ln162_4_fu_11273_p2     |         +|   0|  0|   21|          14|           6|
    |add_ln162_50_fu_12841_p2    |         +|   0|  0|   21|          14|           7|
    |add_ln162_51_fu_12851_p2    |         +|   0|  0|   21|          14|           7|
    |add_ln162_52_fu_12909_p2    |         +|   0|  0|   21|          14|           7|
    |add_ln162_53_fu_12919_p2    |         +|   0|  0|   21|          14|           7|
    |add_ln162_54_fu_12977_p2    |         +|   0|  0|   21|          14|           7|
    |add_ln162_55_fu_12987_p2    |         +|   0|  0|   21|          14|           7|
    |add_ln162_56_fu_13045_p2    |         +|   0|  0|   21|          14|           7|
    |add_ln162_57_fu_13055_p2    |         +|   0|  0|   21|          14|           7|
    |add_ln162_58_fu_13113_p2    |         +|   0|  0|   21|          14|           7|
    |add_ln162_59_fu_13123_p2    |         +|   0|  0|   21|          14|           7|
    |add_ln162_5_fu_11283_p2     |         +|   0|  0|   21|          14|           6|
    |add_ln162_60_fu_13181_p2    |         +|   0|  0|   21|          14|           7|
    |add_ln162_61_fu_13191_p2    |         +|   0|  0|   21|          14|           7|
    |add_ln162_62_fu_13249_p2    |         +|   0|  0|   21|          14|           7|
    |add_ln162_63_fu_13259_p2    |         +|   0|  0|   21|          14|           7|
    |add_ln162_64_fu_13317_p2    |         +|   0|  0|   21|          14|           7|
    |add_ln162_65_fu_13327_p2    |         +|   0|  0|   21|          14|           7|
    |add_ln162_66_fu_13385_p2    |         +|   0|  0|   21|          14|           7|
    |add_ln162_67_fu_13395_p2    |         +|   0|  0|   21|          14|           7|
    |add_ln162_68_fu_13453_p2    |         +|   0|  0|   21|          14|           7|
    |add_ln162_69_fu_13463_p2    |         +|   0|  0|   21|          14|           7|
    |add_ln162_6_fu_11345_p2     |         +|   0|  0|   21|          14|           6|
    |add_ln162_70_fu_13521_p2    |         +|   0|  0|   21|          14|           7|
    |add_ln162_71_fu_13531_p2    |         +|   0|  0|   21|          14|           7|
    |add_ln162_72_fu_13589_p2    |         +|   0|  0|   21|          14|           7|
    |add_ln162_73_fu_13599_p2    |         +|   0|  0|   21|          14|           7|
    |add_ln162_74_fu_13657_p2    |         +|   0|  0|   21|          14|           7|
    |add_ln162_75_fu_13667_p2    |         +|   0|  0|   21|          14|           7|
    |add_ln162_76_fu_13725_p2    |         +|   0|  0|   21|          14|           7|
    |add_ln162_77_fu_13735_p2    |         +|   0|  0|   21|          14|           7|
    |add_ln162_78_fu_13793_p2    |         +|   0|  0|   21|          14|           7|
    |add_ln162_79_fu_13803_p2    |         +|   0|  0|   21|          14|           7|
    |add_ln162_7_fu_11355_p2     |         +|   0|  0|   21|          14|           6|
    |add_ln162_80_fu_13861_p2    |         +|   0|  0|   21|          14|           7|
    |add_ln162_81_fu_13871_p2    |         +|   0|  0|   21|          14|           7|
    |add_ln162_82_fu_13929_p2    |         +|   0|  0|   21|          14|           7|
    |add_ln162_83_fu_13939_p2    |         +|   0|  0|   21|          14|           7|
    |add_ln162_84_fu_13997_p2    |         +|   0|  0|   21|          14|           7|
    |add_ln162_85_fu_14007_p2    |         +|   0|  0|   21|          14|           7|
    |add_ln162_86_fu_14065_p2    |         +|   0|  0|   21|          14|           7|
    |add_ln162_87_fu_14075_p2    |         +|   0|  0|   21|          14|           7|
    |add_ln162_88_fu_14133_p2    |         +|   0|  0|   21|          14|           7|
    |add_ln162_89_fu_14143_p2    |         +|   0|  0|   21|          14|           7|
    |add_ln162_8_fu_11413_p2     |         +|   0|  0|   21|          14|           6|
    |add_ln162_90_fu_14201_p2    |         +|   0|  0|   21|          14|           7|
    |add_ln162_91_fu_14211_p2    |         +|   0|  0|   21|          14|           7|
    |add_ln162_92_fu_14269_p2    |         +|   0|  0|   21|          14|           7|
    |add_ln162_93_fu_14279_p2    |         +|   0|  0|   21|          14|           7|
    |add_ln162_94_fu_14337_p2    |         +|   0|  0|   21|          14|           7|
    |add_ln162_95_fu_14347_p2    |         +|   0|  0|   21|          14|           7|
    |add_ln162_96_fu_14405_p2    |         +|   0|  0|   21|          14|           7|
    |add_ln162_97_fu_14415_p2    |         +|   0|  0|   21|          14|           7|
    |add_ln162_98_fu_14473_p2    |         +|   0|  0|   21|          14|           8|
    |add_ln162_99_fu_14483_p2    |         +|   0|  0|   21|          14|           8|
    |add_ln162_9_fu_11423_p2     |         +|   0|  0|   21|          14|           6|
    |add_ln162_fu_10002_p2       |         +|   0|  0|   20|          13|           1|
    |add_ln163_fu_10089_p2       |         +|   0|  0|   15|           8|           1|
    |add_ln165_1_fu_10205_p2     |         +|   0|  0|   28|          21|          21|
    |add_ln165_fu_10191_p2       |         +|   0|  0|   24|          17|          17|
    |add_ln170_100_fu_12482_p2   |         +|   0|  0|   26|          19|          19|
    |add_ln170_101_fu_12491_p2   |         +|   0|  0|   28|          21|          21|
    |add_ln170_102_fu_12531_p2   |         +|   0|  0|   26|          19|          19|
    |add_ln170_103_fu_12540_p2   |         +|   0|  0|   28|          21|          21|
    |add_ln170_104_fu_12550_p2   |         +|   0|  0|   26|          19|          19|
    |add_ln170_105_fu_12559_p2   |         +|   0|  0|   28|          21|          21|
    |add_ln170_106_fu_12599_p2   |         +|   0|  0|   26|          19|          19|
    |add_ln170_107_fu_12608_p2   |         +|   0|  0|   28|          21|          21|
    |add_ln170_108_fu_12618_p2   |         +|   0|  0|   26|          19|          19|
    |add_ln170_109_fu_12627_p2   |         +|   0|  0|   28|          21|          21|
    |add_ln170_10_fu_10578_p2    |         +|   0|  0|   28|          21|          21|
    |add_ln170_110_fu_12667_p2   |         +|   0|  0|   26|          19|          19|
    |add_ln170_111_fu_12676_p2   |         +|   0|  0|   28|          21|          21|
    |add_ln170_112_fu_12686_p2   |         +|   0|  0|   26|          19|          19|
    |add_ln170_113_fu_12695_p2   |         +|   0|  0|   28|          21|          21|
    |add_ln170_114_fu_12735_p2   |         +|   0|  0|   26|          19|          19|
    |add_ln170_115_fu_12744_p2   |         +|   0|  0|   28|          21|          21|
    |add_ln170_116_fu_12754_p2   |         +|   0|  0|   26|          19|          19|
    |add_ln170_117_fu_12763_p2   |         +|   0|  0|   28|          21|          21|
    |add_ln170_118_fu_12803_p2   |         +|   0|  0|   26|          19|          19|
    |add_ln170_119_fu_12812_p2   |         +|   0|  0|   28|          21|          21|
    |add_ln170_11_fu_10627_p2    |         +|   0|  0|   28|          21|          21|
    |add_ln170_120_fu_12822_p2   |         +|   0|  0|   26|          19|          19|
    |add_ln170_121_fu_12831_p2   |         +|   0|  0|   28|          21|          21|
    |add_ln170_122_fu_12871_p2   |         +|   0|  0|   26|          19|          19|
    |add_ln170_123_fu_12880_p2   |         +|   0|  0|   28|          21|          21|
    |add_ln170_124_fu_12890_p2   |         +|   0|  0|   26|          19|          19|
    |add_ln170_125_fu_12899_p2   |         +|   0|  0|   28|          21|          21|
    |add_ln170_126_fu_12939_p2   |         +|   0|  0|   26|          19|          19|
    |add_ln170_127_fu_12948_p2   |         +|   0|  0|   28|          21|          21|
    |add_ln170_128_fu_12958_p2   |         +|   0|  0|   26|          19|          19|
    |add_ln170_129_fu_12967_p2   |         +|   0|  0|   28|          21|          21|
    |add_ln170_12_fu_10646_p2    |         +|   0|  0|   28|          21|          21|
    |add_ln170_130_fu_13007_p2   |         +|   0|  0|   26|          19|          19|
    |add_ln170_131_fu_13016_p2   |         +|   0|  0|   28|          21|          21|
    |add_ln170_132_fu_13026_p2   |         +|   0|  0|   26|          19|          19|
    |add_ln170_133_fu_13035_p2   |         +|   0|  0|   28|          21|          21|
    |add_ln170_134_fu_13075_p2   |         +|   0|  0|   26|          19|          19|
    |add_ln170_135_fu_13084_p2   |         +|   0|  0|   28|          21|          21|
    |add_ln170_136_fu_13094_p2   |         +|   0|  0|   26|          19|          19|
    |add_ln170_137_fu_13103_p2   |         +|   0|  0|   28|          21|          21|
    |add_ln170_138_fu_13143_p2   |         +|   0|  0|   26|          19|          19|
    |add_ln170_139_fu_13152_p2   |         +|   0|  0|   28|          21|          21|
    |add_ln170_13_fu_10700_p2    |         +|   0|  0|   28|          21|          21|
    |add_ln170_140_fu_13162_p2   |         +|   0|  0|   26|          19|          19|
    |add_ln170_141_fu_13171_p2   |         +|   0|  0|   28|          21|          21|
    |add_ln170_142_fu_13211_p2   |         +|   0|  0|   26|          19|          19|
    |add_ln170_143_fu_13220_p2   |         +|   0|  0|   28|          21|          21|
    |add_ln170_144_fu_13230_p2   |         +|   0|  0|   26|          19|          19|
    |add_ln170_145_fu_13239_p2   |         +|   0|  0|   28|          21|          21|
    |add_ln170_146_fu_13279_p2   |         +|   0|  0|   26|          19|          19|
    |add_ln170_147_fu_13288_p2   |         +|   0|  0|   28|          21|          21|
    |add_ln170_148_fu_13298_p2   |         +|   0|  0|   26|          19|          19|
    |add_ln170_149_fu_13307_p2   |         +|   0|  0|   28|          21|          21|
    |add_ln170_14_fu_10719_p2    |         +|   0|  0|   28|          21|          21|
    |add_ln170_150_fu_13347_p2   |         +|   0|  0|   26|          19|          19|
    |add_ln170_151_fu_13356_p2   |         +|   0|  0|   28|          21|          21|
    |add_ln170_152_fu_13366_p2   |         +|   0|  0|   26|          19|          19|
    |add_ln170_153_fu_13375_p2   |         +|   0|  0|   28|          21|          21|
    |add_ln170_154_fu_13415_p2   |         +|   0|  0|   26|          19|          19|
    |add_ln170_155_fu_13424_p2   |         +|   0|  0|   28|          21|          21|
    |add_ln170_156_fu_13434_p2   |         +|   0|  0|   26|          19|          19|
    |add_ln170_157_fu_13443_p2   |         +|   0|  0|   28|          21|          21|
    |add_ln170_158_fu_13483_p2   |         +|   0|  0|   26|          19|          19|
    |add_ln170_159_fu_13492_p2   |         +|   0|  0|   28|          21|          21|
    |add_ln170_15_fu_10768_p2    |         +|   0|  0|   28|          21|          21|
    |add_ln170_160_fu_13502_p2   |         +|   0|  0|   26|          19|          19|
    |add_ln170_161_fu_13511_p2   |         +|   0|  0|   28|          21|          21|
    |add_ln170_162_fu_13551_p2   |         +|   0|  0|   26|          19|          19|
    |add_ln170_163_fu_13560_p2   |         +|   0|  0|   28|          21|          21|
    |add_ln170_164_fu_13570_p2   |         +|   0|  0|   26|          19|          19|
    |add_ln170_165_fu_13579_p2   |         +|   0|  0|   28|          21|          21|
    |add_ln170_166_fu_13619_p2   |         +|   0|  0|   26|          19|          19|
    |add_ln170_167_fu_13628_p2   |         +|   0|  0|   28|          21|          21|
    |add_ln170_168_fu_13638_p2   |         +|   0|  0|   26|          19|          19|
    |add_ln170_169_fu_13647_p2   |         +|   0|  0|   28|          21|          21|
    |add_ln170_16_fu_10787_p2    |         +|   0|  0|   28|          21|          21|
    |add_ln170_170_fu_13687_p2   |         +|   0|  0|   26|          19|          19|
    |add_ln170_171_fu_13696_p2   |         +|   0|  0|   28|          21|          21|
    |add_ln170_172_fu_13706_p2   |         +|   0|  0|   26|          19|          19|
    |add_ln170_173_fu_13715_p2   |         +|   0|  0|   28|          21|          21|
    |add_ln170_174_fu_13755_p2   |         +|   0|  0|   26|          19|          19|
    |add_ln170_175_fu_13764_p2   |         +|   0|  0|   28|          21|          21|
    |add_ln170_176_fu_13774_p2   |         +|   0|  0|   26|          19|          19|
    |add_ln170_177_fu_13783_p2   |         +|   0|  0|   28|          21|          21|
    |add_ln170_178_fu_13823_p2   |         +|   0|  0|   26|          19|          19|
    |add_ln170_179_fu_13832_p2   |         +|   0|  0|   28|          21|          21|
    |add_ln170_17_fu_10836_p2    |         +|   0|  0|   28|          21|          21|
    |add_ln170_180_fu_13842_p2   |         +|   0|  0|   26|          19|          19|
    |add_ln170_181_fu_13851_p2   |         +|   0|  0|   28|          21|          21|
    |add_ln170_182_fu_13891_p2   |         +|   0|  0|   26|          19|          19|
    |add_ln170_183_fu_13900_p2   |         +|   0|  0|   28|          21|          21|
    |add_ln170_184_fu_13910_p2   |         +|   0|  0|   26|          19|          19|
    |add_ln170_185_fu_13919_p2   |         +|   0|  0|   28|          21|          21|
    |add_ln170_186_fu_13959_p2   |         +|   0|  0|   26|          19|          19|
    |add_ln170_187_fu_13968_p2   |         +|   0|  0|   28|          21|          21|
    |add_ln170_188_fu_13978_p2   |         +|   0|  0|   26|          19|          19|
    |add_ln170_189_fu_13987_p2   |         +|   0|  0|   28|          21|          21|
    |add_ln170_18_fu_10855_p2    |         +|   0|  0|   28|          21|          21|
    |add_ln170_190_fu_14027_p2   |         +|   0|  0|   26|          19|          19|
    |add_ln170_191_fu_14036_p2   |         +|   0|  0|   28|          21|          21|
    |add_ln170_192_fu_14046_p2   |         +|   0|  0|   26|          19|          19|
    |add_ln170_193_fu_14055_p2   |         +|   0|  0|   28|          21|          21|
    |add_ln170_194_fu_14095_p2   |         +|   0|  0|   26|          19|          19|
    |add_ln170_195_fu_14104_p2   |         +|   0|  0|   28|          21|          21|
    |add_ln170_196_fu_14114_p2   |         +|   0|  0|   26|          19|          19|
    |add_ln170_197_fu_14123_p2   |         +|   0|  0|   28|          21|          21|
    |add_ln170_198_fu_14163_p2   |         +|   0|  0|   26|          19|          19|
    |add_ln170_199_fu_14172_p2   |         +|   0|  0|   28|          21|          21|
    |add_ln170_19_fu_10904_p2    |         +|   0|  0|   28|          21|          21|
    |add_ln170_1_fu_10292_p2     |         +|   0|  0|   28|          21|          21|
    |add_ln170_200_fu_14182_p2   |         +|   0|  0|   26|          19|          19|
    |add_ln170_201_fu_14191_p2   |         +|   0|  0|   28|          21|          21|
    |add_ln170_202_fu_14231_p2   |         +|   0|  0|   26|          19|          19|
    |add_ln170_203_fu_14240_p2   |         +|   0|  0|   28|          21|          21|
    |add_ln170_204_fu_14250_p2   |         +|   0|  0|   26|          19|          19|
    |add_ln170_205_fu_14259_p2   |         +|   0|  0|   28|          21|          21|
    |add_ln170_206_fu_14299_p2   |         +|   0|  0|   26|          19|          19|
    |add_ln170_207_fu_14308_p2   |         +|   0|  0|   28|          21|          21|
    |add_ln170_208_fu_14318_p2   |         +|   0|  0|   26|          19|          19|
    |add_ln170_209_fu_14327_p2   |         +|   0|  0|   28|          21|          21|
    |add_ln170_20_fu_10923_p2    |         +|   0|  0|   28|          21|          21|
    |add_ln170_210_fu_14367_p2   |         +|   0|  0|   26|          19|          19|
    |add_ln170_211_fu_14376_p2   |         +|   0|  0|   28|          21|          21|
    |add_ln170_212_fu_14386_p2   |         +|   0|  0|   26|          19|          19|
    |add_ln170_213_fu_14395_p2   |         +|   0|  0|   28|          21|          21|
    |add_ln170_214_fu_14435_p2   |         +|   0|  0|   26|          19|          19|
    |add_ln170_215_fu_14444_p2   |         +|   0|  0|   28|          21|          21|
    |add_ln170_216_fu_14454_p2   |         +|   0|  0|   26|          19|          19|
    |add_ln170_217_fu_14463_p2   |         +|   0|  0|   28|          21|          21|
    |add_ln170_218_fu_14503_p2   |         +|   0|  0|   26|          19|          19|
    |add_ln170_219_fu_14512_p2   |         +|   0|  0|   28|          21|          21|
    |add_ln170_21_fu_10972_p2    |         +|   0|  0|   28|          21|          21|
    |add_ln170_220_fu_14522_p2   |         +|   0|  0|   26|          19|          19|
    |add_ln170_221_fu_14531_p2   |         +|   0|  0|   28|          21|          21|
    |add_ln170_222_fu_14571_p2   |         +|   0|  0|   26|          19|          19|
    |add_ln170_223_fu_14580_p2   |         +|   0|  0|   28|          21|          21|
    |add_ln170_224_fu_14590_p2   |         +|   0|  0|   26|          19|          19|
    |add_ln170_225_fu_14599_p2   |         +|   0|  0|   28|          21|          21|
    |add_ln170_226_fu_14639_p2   |         +|   0|  0|   26|          19|          19|
    |add_ln170_227_fu_14648_p2   |         +|   0|  0|   28|          21|          21|
    |add_ln170_228_fu_14658_p2   |         +|   0|  0|   26|          19|          19|
    |add_ln170_229_fu_14667_p2   |         +|   0|  0|   28|          21|          21|
    |add_ln170_22_fu_10991_p2    |         +|   0|  0|   28|          21|          21|
    |add_ln170_230_fu_14707_p2   |         +|   0|  0|   26|          19|          19|
    |add_ln170_231_fu_14716_p2   |         +|   0|  0|   28|          21|          21|
    |add_ln170_232_fu_14726_p2   |         +|   0|  0|   26|          19|          19|
    |add_ln170_233_fu_14735_p2   |         +|   0|  0|   28|          21|          21|
    |add_ln170_234_fu_14775_p2   |         +|   0|  0|   26|          19|          19|
    |add_ln170_235_fu_14784_p2   |         +|   0|  0|   28|          21|          21|
    |add_ln170_236_fu_14794_p2   |         +|   0|  0|   26|          19|          19|
    |add_ln170_237_fu_14803_p2   |         +|   0|  0|   28|          21|          21|
    |add_ln170_238_fu_14843_p2   |         +|   0|  0|   26|          19|          19|
    |add_ln170_239_fu_14852_p2   |         +|   0|  0|   28|          21|          21|
    |add_ln170_23_fu_11040_p2    |         +|   0|  0|   28|          21|          21|
    |add_ln170_240_fu_14862_p2   |         +|   0|  0|   26|          19|          19|
    |add_ln170_241_fu_14871_p2   |         +|   0|  0|   28|          21|          21|
    |add_ln170_242_fu_14911_p2   |         +|   0|  0|   26|          19|          19|
    |add_ln170_243_fu_14920_p2   |         +|   0|  0|   28|          21|          21|
    |add_ln170_244_fu_14930_p2   |         +|   0|  0|   26|          19|          19|
    |add_ln170_245_fu_14939_p2   |         +|   0|  0|   28|          21|          21|
    |add_ln170_246_fu_14979_p2   |         +|   0|  0|   26|          19|          19|
    |add_ln170_247_fu_14988_p2   |         +|   0|  0|   28|          21|          21|
    |add_ln170_248_fu_14998_p2   |         +|   0|  0|   26|          19|          19|
    |add_ln170_249_fu_15007_p2   |         +|   0|  0|   28|          21|          21|
    |add_ln170_24_fu_11059_p2    |         +|   0|  0|   28|          21|          21|
    |add_ln170_250_fu_15047_p2   |         +|   0|  0|   26|          19|          19|
    |add_ln170_251_fu_15056_p2   |         +|   0|  0|   28|          21|          21|
    |add_ln170_252_fu_15066_p2   |         +|   0|  0|   26|          19|          19|
    |add_ln170_253_fu_15075_p2   |         +|   0|  0|   28|          21|          21|
    |add_ln170_254_fu_15115_p2   |         +|   0|  0|   26|          19|          19|
    |add_ln170_255_fu_15124_p2   |         +|   0|  0|   28|          21|          21|
    |add_ln170_256_fu_15134_p2   |         +|   0|  0|   26|          19|          19|
    |add_ln170_257_fu_15143_p2   |         +|   0|  0|   28|          21|          21|
    |add_ln170_258_fu_15183_p2   |         +|   0|  0|   26|          19|          19|
    |add_ln170_259_fu_15192_p2   |         +|   0|  0|   28|          21|          21|
    |add_ln170_25_fu_11108_p2    |         +|   0|  0|   28|          21|          21|
    |add_ln170_260_fu_15202_p2   |         +|   0|  0|   26|          19|          19|
    |add_ln170_261_fu_15211_p2   |         +|   0|  0|   28|          21|          21|
    |add_ln170_262_fu_15251_p2   |         +|   0|  0|   26|          19|          19|
    |add_ln170_263_fu_15260_p2   |         +|   0|  0|   28|          21|          21|
    |add_ln170_264_fu_15270_p2   |         +|   0|  0|   26|          19|          19|
    |add_ln170_265_fu_15279_p2   |         +|   0|  0|   28|          21|          21|
    |add_ln170_266_fu_15319_p2   |         +|   0|  0|   26|          19|          19|
    |add_ln170_267_fu_15328_p2   |         +|   0|  0|   28|          21|          21|
    |add_ln170_268_fu_15338_p2   |         +|   0|  0|   26|          19|          19|
    |add_ln170_269_fu_15347_p2   |         +|   0|  0|   28|          21|          21|
    |add_ln170_26_fu_11127_p2    |         +|   0|  0|   28|          21|          21|
    |add_ln170_270_fu_15387_p2   |         +|   0|  0|   26|          19|          19|
    |add_ln170_271_fu_15396_p2   |         +|   0|  0|   28|          21|          21|
    |add_ln170_272_fu_15406_p2   |         +|   0|  0|   26|          19|          19|
    |add_ln170_273_fu_15415_p2   |         +|   0|  0|   28|          21|          21|
    |add_ln170_274_fu_15455_p2   |         +|   0|  0|   26|          19|          19|
    |add_ln170_275_fu_15464_p2   |         +|   0|  0|   28|          21|          21|
    |add_ln170_276_fu_15474_p2   |         +|   0|  0|   26|          19|          19|
    |add_ln170_277_fu_15483_p2   |         +|   0|  0|   28|          21|          21|
    |add_ln170_278_fu_15523_p2   |         +|   0|  0|   26|          19|          19|
    |add_ln170_279_fu_15532_p2   |         +|   0|  0|   28|          21|          21|
    |add_ln170_27_fu_11176_p2    |         +|   0|  0|   28|          21|          21|
    |add_ln170_280_fu_15542_p2   |         +|   0|  0|   26|          19|          19|
    |add_ln170_281_fu_15551_p2   |         +|   0|  0|   28|          21|          21|
    |add_ln170_282_fu_15591_p2   |         +|   0|  0|   26|          19|          19|
    |add_ln170_283_fu_15600_p2   |         +|   0|  0|   28|          21|          21|
    |add_ln170_284_fu_15610_p2   |         +|   0|  0|   26|          19|          19|
    |add_ln170_285_fu_15619_p2   |         +|   0|  0|   28|          21|          21|
    |add_ln170_286_fu_15659_p2   |         +|   0|  0|   26|          19|          19|
    |add_ln170_287_fu_15668_p2   |         +|   0|  0|   28|          21|          21|
    |add_ln170_288_fu_15678_p2   |         +|   0|  0|   26|          19|          19|
    |add_ln170_289_fu_15687_p2   |         +|   0|  0|   28|          21|          21|
    |add_ln170_28_fu_11195_p2    |         +|   0|  0|   28|          21|          21|
    |add_ln170_290_fu_15727_p2   |         +|   0|  0|   26|          19|          19|
    |add_ln170_291_fu_15736_p2   |         +|   0|  0|   28|          21|          21|
    |add_ln170_292_fu_15746_p2   |         +|   0|  0|   26|          19|          19|
    |add_ln170_293_fu_15755_p2   |         +|   0|  0|   28|          21|          21|
    |add_ln170_294_fu_15795_p2   |         +|   0|  0|   26|          19|          19|
    |add_ln170_295_fu_15804_p2   |         +|   0|  0|   28|          21|          21|
    |add_ln170_296_fu_15814_p2   |         +|   0|  0|   26|          19|          19|
    |add_ln170_297_fu_15823_p2   |         +|   0|  0|   28|          21|          21|
    |add_ln170_298_fu_15863_p2   |         +|   0|  0|   26|          19|          19|
    |add_ln170_299_fu_15872_p2   |         +|   0|  0|   28|          21|          21|
    |add_ln170_29_fu_11244_p2    |         +|   0|  0|   28|          21|          21|
    |add_ln170_2_fu_10311_p2     |         +|   0|  0|   28|          21|          21|
    |add_ln170_300_fu_15882_p2   |         +|   0|  0|   26|          19|          19|
    |add_ln170_301_fu_15891_p2   |         +|   0|  0|   28|          21|          21|
    |add_ln170_302_fu_15931_p2   |         +|   0|  0|   26|          19|          19|
    |add_ln170_303_fu_15940_p2   |         +|   0|  0|   28|          21|          21|
    |add_ln170_304_fu_15950_p2   |         +|   0|  0|   26|          19|          19|
    |add_ln170_305_fu_15959_p2   |         +|   0|  0|   28|          21|          21|
    |add_ln170_306_fu_15999_p2   |         +|   0|  0|   26|          19|          19|
    |add_ln170_307_fu_16008_p2   |         +|   0|  0|   28|          21|          21|
    |add_ln170_308_fu_16018_p2   |         +|   0|  0|   26|          19|          19|
    |add_ln170_309_fu_16027_p2   |         +|   0|  0|   28|          21|          21|
    |add_ln170_30_fu_11263_p2    |         +|   0|  0|   28|          21|          21|
    |add_ln170_310_fu_16067_p2   |         +|   0|  0|   26|          19|          19|
    |add_ln170_311_fu_16076_p2   |         +|   0|  0|   28|          21|          21|
    |add_ln170_312_fu_16086_p2   |         +|   0|  0|   26|          19|          19|
    |add_ln170_313_fu_16095_p2   |         +|   0|  0|   28|          21|          21|
    |add_ln170_314_fu_16135_p2   |         +|   0|  0|   26|          19|          19|
    |add_ln170_315_fu_16144_p2   |         +|   0|  0|   28|          21|          21|
    |add_ln170_316_fu_16154_p2   |         +|   0|  0|   26|          19|          19|
    |add_ln170_317_fu_16163_p2   |         +|   0|  0|   28|          21|          21|
    |add_ln170_318_fu_16203_p2   |         +|   0|  0|   26|          19|          19|
    |add_ln170_319_fu_16212_p2   |         +|   0|  0|   28|          21|          21|
    |add_ln170_31_fu_11315_p2    |         +|   0|  0|   28|          21|          21|
    |add_ln170_320_fu_16222_p2   |         +|   0|  0|   26|          19|          19|
    |add_ln170_321_fu_16231_p2   |         +|   0|  0|   28|          21|          21|
    |add_ln170_322_fu_16271_p2   |         +|   0|  0|   26|          19|          19|
    |add_ln170_323_fu_16280_p2   |         +|   0|  0|   28|          21|          21|
    |add_ln170_324_fu_16290_p2   |         +|   0|  0|   26|          19|          19|
    |add_ln170_325_fu_16299_p2   |         +|   0|  0|   28|          21|          21|
    |add_ln170_326_fu_16339_p2   |         +|   0|  0|   26|          19|          19|
    |add_ln170_327_fu_16348_p2   |         +|   0|  0|   28|          21|          21|
    |add_ln170_328_fu_16358_p2   |         +|   0|  0|   26|          19|          19|
    |add_ln170_329_fu_16367_p2   |         +|   0|  0|   28|          21|          21|
    |add_ln170_32_fu_11325_p2    |         +|   0|  0|   26|          19|          19|
    |add_ln170_330_fu_16407_p2   |         +|   0|  0|   26|          19|          19|
    |add_ln170_331_fu_16416_p2   |         +|   0|  0|   28|          21|          21|
    |add_ln170_332_fu_16426_p2   |         +|   0|  0|   26|          19|          19|
    |add_ln170_333_fu_16435_p2   |         +|   0|  0|   28|          21|          21|
    |add_ln170_334_fu_16475_p2   |         +|   0|  0|   26|          19|          19|
    |add_ln170_335_fu_16484_p2   |         +|   0|  0|   28|          21|          21|
    |add_ln170_336_fu_16494_p2   |         +|   0|  0|   26|          19|          19|
    |add_ln170_337_fu_16503_p2   |         +|   0|  0|   28|          21|          21|
    |add_ln170_338_fu_16543_p2   |         +|   0|  0|   26|          19|          19|
    |add_ln170_339_fu_16552_p2   |         +|   0|  0|   28|          21|          21|
    |add_ln170_33_fu_11335_p2    |         +|   0|  0|   28|          21|          21|
    |add_ln170_340_fu_16562_p2   |         +|   0|  0|   26|          19|          19|
    |add_ln170_341_fu_16571_p2   |         +|   0|  0|   28|          21|          21|
    |add_ln170_342_fu_16611_p2   |         +|   0|  0|   26|          19|          19|
    |add_ln170_343_fu_16620_p2   |         +|   0|  0|   28|          21|          21|
    |add_ln170_344_fu_16630_p2   |         +|   0|  0|   26|          19|          19|
    |add_ln170_345_fu_16639_p2   |         +|   0|  0|   28|          21|          21|
    |add_ln170_346_fu_16679_p2   |         +|   0|  0|   26|          19|          19|
    |add_ln170_347_fu_16688_p2   |         +|   0|  0|   28|          21|          21|
    |add_ln170_348_fu_16698_p2   |         +|   0|  0|   26|          19|          19|
    |add_ln170_349_fu_16707_p2   |         +|   0|  0|   28|          21|          21|
    |add_ln170_34_fu_11375_p2    |         +|   0|  0|   26|          19|          19|
    |add_ln170_350_fu_16747_p2   |         +|   0|  0|   26|          19|          19|
    |add_ln170_351_fu_16756_p2   |         +|   0|  0|   28|          21|          21|
    |add_ln170_352_fu_16766_p2   |         +|   0|  0|   26|          19|          19|
    |add_ln170_353_fu_16775_p2   |         +|   0|  0|   28|          21|          21|
    |add_ln170_354_fu_16815_p2   |         +|   0|  0|   26|          19|          19|
    |add_ln170_355_fu_16824_p2   |         +|   0|  0|   28|          21|          21|
    |add_ln170_356_fu_16834_p2   |         +|   0|  0|   26|          19|          19|
    |add_ln170_357_fu_16843_p2   |         +|   0|  0|   28|          21|          21|
    |add_ln170_358_fu_16883_p2   |         +|   0|  0|   26|          19|          19|
    |add_ln170_359_fu_16892_p2   |         +|   0|  0|   28|          21|          21|
    |add_ln170_35_fu_11384_p2    |         +|   0|  0|   28|          21|          21|
    |add_ln170_360_fu_16902_p2   |         +|   0|  0|   26|          19|          19|
    |add_ln170_361_fu_16911_p2   |         +|   0|  0|   28|          21|          21|
    |add_ln170_362_fu_16951_p2   |         +|   0|  0|   26|          19|          19|
    |add_ln170_363_fu_16960_p2   |         +|   0|  0|   28|          21|          21|
    |add_ln170_364_fu_16970_p2   |         +|   0|  0|   26|          19|          19|
    |add_ln170_365_fu_16979_p2   |         +|   0|  0|   28|          21|          21|
    |add_ln170_366_fu_17019_p2   |         +|   0|  0|   26|          19|          19|
    |add_ln170_367_fu_17028_p2   |         +|   0|  0|   28|          21|          21|
    |add_ln170_368_fu_17038_p2   |         +|   0|  0|   26|          19|          19|
    |add_ln170_369_fu_17047_p2   |         +|   0|  0|   28|          21|          21|
    |add_ln170_36_fu_11394_p2    |         +|   0|  0|   26|          19|          19|
    |add_ln170_370_fu_17087_p2   |         +|   0|  0|   26|          19|          19|
    |add_ln170_371_fu_17096_p2   |         +|   0|  0|   28|          21|          21|
    |add_ln170_372_fu_17106_p2   |         +|   0|  0|   26|          19|          19|
    |add_ln170_373_fu_17115_p2   |         +|   0|  0|   28|          21|          21|
    |add_ln170_374_fu_17155_p2   |         +|   0|  0|   26|          19|          19|
    |add_ln170_375_fu_17164_p2   |         +|   0|  0|   28|          21|          21|
    |add_ln170_376_fu_17174_p2   |         +|   0|  0|   26|          19|          19|
    |add_ln170_377_fu_17183_p2   |         +|   0|  0|   28|          21|          21|
    |add_ln170_378_fu_17223_p2   |         +|   0|  0|   26|          19|          19|
    |add_ln170_379_fu_17232_p2   |         +|   0|  0|   28|          21|          21|
    |add_ln170_37_fu_11403_p2    |         +|   0|  0|   28|          21|          21|
    |add_ln170_380_fu_17242_p2   |         +|   0|  0|   26|          19|          19|
    |add_ln170_381_fu_17251_p2   |         +|   0|  0|   28|          21|          21|
    |add_ln170_382_fu_17291_p2   |         +|   0|  0|   26|          19|          19|
    |add_ln170_383_fu_17300_p2   |         +|   0|  0|   28|          21|          21|
    |add_ln170_384_fu_17310_p2   |         +|   0|  0|   26|          19|          19|
    |add_ln170_385_fu_17319_p2   |         +|   0|  0|   28|          21|          21|
    |add_ln170_386_fu_17359_p2   |         +|   0|  0|   26|          19|          19|
    |add_ln170_387_fu_17368_p2   |         +|   0|  0|   28|          21|          21|
    |add_ln170_388_fu_17378_p2   |         +|   0|  0|   26|          19|          19|
    |add_ln170_389_fu_17387_p2   |         +|   0|  0|   28|          21|          21|
    |add_ln170_38_fu_11443_p2    |         +|   0|  0|   26|          19|          19|
    |add_ln170_390_fu_17427_p2   |         +|   0|  0|   26|          19|          19|
    |add_ln170_391_fu_17436_p2   |         +|   0|  0|   28|          21|          21|
    |add_ln170_392_fu_17446_p2   |         +|   0|  0|   26|          19|          19|
    |add_ln170_393_fu_17455_p2   |         +|   0|  0|   28|          21|          21|
    |add_ln170_394_fu_17495_p2   |         +|   0|  0|   26|          19|          19|
    |add_ln170_395_fu_17504_p2   |         +|   0|  0|   28|          21|          21|
    |add_ln170_396_fu_17514_p2   |         +|   0|  0|   26|          19|          19|
    |add_ln170_397_fu_17523_p2   |         +|   0|  0|   28|          21|          21|
    |add_ln170_398_fu_17563_p2   |         +|   0|  0|   26|          19|          19|
    |add_ln170_399_fu_17572_p2   |         +|   0|  0|   28|          21|          21|
    |add_ln170_39_fu_11452_p2    |         +|   0|  0|   28|          21|          21|
    |add_ln170_3_fu_10355_p2     |         +|   0|  0|   28|          21|          21|
    |add_ln170_400_fu_17582_p2   |         +|   0|  0|   26|          19|          19|
    |add_ln170_401_fu_17591_p2   |         +|   0|  0|   28|          21|          21|
    |add_ln170_402_fu_17631_p2   |         +|   0|  0|   26|          19|          19|
    |add_ln170_403_fu_17640_p2   |         +|   0|  0|   28|          21|          21|
    |add_ln170_404_fu_17650_p2   |         +|   0|  0|   26|          19|          19|
    |add_ln170_405_fu_17659_p2   |         +|   0|  0|   28|          21|          21|
    |add_ln170_406_fu_17699_p2   |         +|   0|  0|   26|          19|          19|
    |add_ln170_407_fu_17708_p2   |         +|   0|  0|   28|          21|          21|
    |add_ln170_408_fu_17718_p2   |         +|   0|  0|   26|          19|          19|
    |add_ln170_409_fu_17727_p2   |         +|   0|  0|   28|          21|          21|
    |add_ln170_40_fu_11462_p2    |         +|   0|  0|   26|          19|          19|
    |add_ln170_410_fu_17767_p2   |         +|   0|  0|   26|          19|          19|
    |add_ln170_411_fu_17776_p2   |         +|   0|  0|   28|          21|          21|
    |add_ln170_412_fu_17786_p2   |         +|   0|  0|   26|          19|          19|
    |add_ln170_413_fu_17795_p2   |         +|   0|  0|   28|          21|          21|
    |add_ln170_414_fu_17835_p2   |         +|   0|  0|   26|          19|          19|
    |add_ln170_415_fu_17844_p2   |         +|   0|  0|   28|          21|          21|
    |add_ln170_416_fu_17854_p2   |         +|   0|  0|   26|          19|          19|
    |add_ln170_417_fu_17863_p2   |         +|   0|  0|   28|          21|          21|
    |add_ln170_418_fu_17903_p2   |         +|   0|  0|   26|          19|          19|
    |add_ln170_419_fu_17912_p2   |         +|   0|  0|   28|          21|          21|
    |add_ln170_41_fu_11471_p2    |         +|   0|  0|   28|          21|          21|
    |add_ln170_420_fu_17922_p2   |         +|   0|  0|   26|          19|          19|
    |add_ln170_421_fu_17931_p2   |         +|   0|  0|   28|          21|          21|
    |add_ln170_422_fu_17971_p2   |         +|   0|  0|   26|          19|          19|
    |add_ln170_423_fu_17980_p2   |         +|   0|  0|   28|          21|          21|
    |add_ln170_424_fu_17990_p2   |         +|   0|  0|   26|          19|          19|
    |add_ln170_425_fu_17999_p2   |         +|   0|  0|   28|          21|          21|
    |add_ln170_426_fu_18039_p2   |         +|   0|  0|   26|          19|          19|
    |add_ln170_427_fu_18048_p2   |         +|   0|  0|   28|          21|          21|
    |add_ln170_428_fu_18058_p2   |         +|   0|  0|   26|          19|          19|
    |add_ln170_429_fu_18067_p2   |         +|   0|  0|   28|          21|          21|
    |add_ln170_42_fu_11511_p2    |         +|   0|  0|   26|          19|          19|
    |add_ln170_430_fu_18107_p2   |         +|   0|  0|   26|          19|          19|
    |add_ln170_431_fu_18116_p2   |         +|   0|  0|   28|          21|          21|
    |add_ln170_432_fu_18126_p2   |         +|   0|  0|   26|          19|          19|
    |add_ln170_433_fu_18135_p2   |         +|   0|  0|   28|          21|          21|
    |add_ln170_434_fu_18175_p2   |         +|   0|  0|   26|          19|          19|
    |add_ln170_435_fu_18184_p2   |         +|   0|  0|   28|          21|          21|
    |add_ln170_436_fu_18194_p2   |         +|   0|  0|   26|          19|          19|
    |add_ln170_437_fu_18203_p2   |         +|   0|  0|   28|          21|          21|
    |add_ln170_438_fu_18243_p2   |         +|   0|  0|   26|          19|          19|
    |add_ln170_439_fu_18252_p2   |         +|   0|  0|   28|          21|          21|
    |add_ln170_43_fu_11520_p2    |         +|   0|  0|   28|          21|          21|
    |add_ln170_440_fu_18262_p2   |         +|   0|  0|   26|          19|          19|
    |add_ln170_441_fu_18271_p2   |         +|   0|  0|   28|          21|          21|
    |add_ln170_442_fu_18311_p2   |         +|   0|  0|   26|          19|          19|
    |add_ln170_443_fu_18320_p2   |         +|   0|  0|   28|          21|          21|
    |add_ln170_444_fu_18330_p2   |         +|   0|  0|   26|          19|          19|
    |add_ln170_445_fu_18339_p2   |         +|   0|  0|   28|          21|          21|
    |add_ln170_446_fu_18379_p2   |         +|   0|  0|   26|          19|          19|
    |add_ln170_447_fu_18388_p2   |         +|   0|  0|   28|          21|          21|
    |add_ln170_448_fu_18398_p2   |         +|   0|  0|   26|          19|          19|
    |add_ln170_449_fu_18407_p2   |         +|   0|  0|   28|          21|          21|
    |add_ln170_44_fu_11530_p2    |         +|   0|  0|   26|          19|          19|
    |add_ln170_450_fu_18447_p2   |         +|   0|  0|   26|          19|          19|
    |add_ln170_451_fu_18456_p2   |         +|   0|  0|   28|          21|          21|
    |add_ln170_452_fu_18466_p2   |         +|   0|  0|   26|          19|          19|
    |add_ln170_453_fu_18475_p2   |         +|   0|  0|   28|          21|          21|
    |add_ln170_454_fu_18515_p2   |         +|   0|  0|   26|          19|          19|
    |add_ln170_455_fu_18524_p2   |         +|   0|  0|   28|          21|          21|
    |add_ln170_456_fu_18534_p2   |         +|   0|  0|   26|          19|          19|
    |add_ln170_457_fu_18543_p2   |         +|   0|  0|   28|          21|          21|
    |add_ln170_458_fu_18583_p2   |         +|   0|  0|   26|          19|          19|
    |add_ln170_459_fu_18592_p2   |         +|   0|  0|   28|          21|          21|
    |add_ln170_45_fu_11539_p2    |         +|   0|  0|   28|          21|          21|
    |add_ln170_460_fu_18602_p2   |         +|   0|  0|   26|          19|          19|
    |add_ln170_461_fu_18611_p2   |         +|   0|  0|   28|          21|          21|
    |add_ln170_462_fu_18651_p2   |         +|   0|  0|   26|          19|          19|
    |add_ln170_463_fu_18660_p2   |         +|   0|  0|   28|          21|          21|
    |add_ln170_464_fu_18670_p2   |         +|   0|  0|   26|          19|          19|
    |add_ln170_465_fu_18679_p2   |         +|   0|  0|   28|          21|          21|
    |add_ln170_466_fu_18719_p2   |         +|   0|  0|   26|          19|          19|
    |add_ln170_467_fu_18728_p2   |         +|   0|  0|   28|          21|          21|
    |add_ln170_468_fu_18738_p2   |         +|   0|  0|   26|          19|          19|
    |add_ln170_469_fu_18747_p2   |         +|   0|  0|   28|          21|          21|
    |add_ln170_46_fu_11579_p2    |         +|   0|  0|   26|          19|          19|
    |add_ln170_470_fu_18787_p2   |         +|   0|  0|   26|          19|          19|
    |add_ln170_471_fu_18796_p2   |         +|   0|  0|   28|          21|          21|
    |add_ln170_472_fu_18806_p2   |         +|   0|  0|   26|          19|          19|
    |add_ln170_473_fu_18815_p2   |         +|   0|  0|   28|          21|          21|
    |add_ln170_474_fu_18855_p2   |         +|   0|  0|   26|          19|          19|
    |add_ln170_475_fu_18864_p2   |         +|   0|  0|   28|          21|          21|
    |add_ln170_476_fu_18874_p2   |         +|   0|  0|   26|          19|          19|
    |add_ln170_477_fu_18883_p2   |         +|   0|  0|   28|          21|          21|
    |add_ln170_478_fu_18923_p2   |         +|   0|  0|   26|          19|          19|
    |add_ln170_479_fu_18932_p2   |         +|   0|  0|   28|          21|          21|
    |add_ln170_47_fu_11588_p2    |         +|   0|  0|   28|          21|          21|
    |add_ln170_480_fu_18942_p2   |         +|   0|  0|   26|          19|          19|
    |add_ln170_481_fu_18951_p2   |         +|   0|  0|   28|          21|          21|
    |add_ln170_482_fu_18991_p2   |         +|   0|  0|   26|          19|          19|
    |add_ln170_483_fu_19000_p2   |         +|   0|  0|   28|          21|          21|
    |add_ln170_484_fu_19010_p2   |         +|   0|  0|   26|          19|          19|
    |add_ln170_485_fu_19019_p2   |         +|   0|  0|   28|          21|          21|
    |add_ln170_486_fu_19059_p2   |         +|   0|  0|   26|          19|          19|
    |add_ln170_487_fu_19068_p2   |         +|   0|  0|   28|          21|          21|
    |add_ln170_488_fu_19078_p2   |         +|   0|  0|   26|          19|          19|
    |add_ln170_489_fu_19087_p2   |         +|   0|  0|   28|          21|          21|
    |add_ln170_48_fu_11598_p2    |         +|   0|  0|   26|          19|          19|
    |add_ln170_490_fu_19127_p2   |         +|   0|  0|   26|          19|          19|
    |add_ln170_491_fu_19136_p2   |         +|   0|  0|   28|          21|          21|
    |add_ln170_492_fu_19146_p2   |         +|   0|  0|   26|          19|          19|
    |add_ln170_493_fu_19155_p2   |         +|   0|  0|   28|          21|          21|
    |add_ln170_494_fu_19195_p2   |         +|   0|  0|   26|          19|          19|
    |add_ln170_495_fu_19204_p2   |         +|   0|  0|   28|          21|          21|
    |add_ln170_496_fu_19214_p2   |         +|   0|  0|   26|          19|          19|
    |add_ln170_497_fu_19223_p2   |         +|   0|  0|   28|          21|          21|
    |add_ln170_498_fu_19263_p2   |         +|   0|  0|   26|          19|          19|
    |add_ln170_499_fu_19272_p2   |         +|   0|  0|   28|          21|          21|
    |add_ln170_49_fu_11607_p2    |         +|   0|  0|   28|          21|          21|
    |add_ln170_4_fu_10374_p2     |         +|   0|  0|   28|          21|          21|
    |add_ln170_500_fu_19282_p2   |         +|   0|  0|   26|          19|          19|
    |add_ln170_501_fu_19291_p2   |         +|   0|  0|   28|          21|          21|
    |add_ln170_502_fu_19331_p2   |         +|   0|  0|   26|          19|          19|
    |add_ln170_503_fu_19340_p2   |         +|   0|  0|   28|          21|          21|
    |add_ln170_504_fu_19350_p2   |         +|   0|  0|   26|          19|          19|
    |add_ln170_505_fu_19359_p2   |         +|   0|  0|   28|          21|          21|
    |add_ln170_506_fu_19399_p2   |         +|   0|  0|   26|          19|          19|
    |add_ln170_507_fu_19408_p2   |         +|   0|  0|   28|          21|          21|
    |add_ln170_508_fu_19418_p2   |         +|   0|  0|   26|          19|          19|
    |add_ln170_509_fu_19427_p2   |         +|   0|  0|   28|          21|          21|
    |add_ln170_50_fu_11647_p2    |         +|   0|  0|   26|          19|          19|
    |add_ln170_510_fu_19467_p2   |         +|   0|  0|   26|          19|          19|
    |add_ln170_511_fu_19476_p2   |         +|   0|  0|   28|          21|          21|
    |add_ln170_512_fu_19486_p2   |         +|   0|  0|   26|          19|          19|
    |add_ln170_513_fu_19495_p2   |         +|   0|  0|   28|          21|          21|
    |add_ln170_514_fu_19535_p2   |         +|   0|  0|   26|          19|          19|
    |add_ln170_515_fu_19544_p2   |         +|   0|  0|   28|          21|          21|
    |add_ln170_516_fu_19554_p2   |         +|   0|  0|   26|          19|          19|
    |add_ln170_517_fu_19563_p2   |         +|   0|  0|   28|          21|          21|
    |add_ln170_518_fu_19603_p2   |         +|   0|  0|   26|          19|          19|
    |add_ln170_519_fu_19612_p2   |         +|   0|  0|   28|          21|          21|
    |add_ln170_51_fu_11656_p2    |         +|   0|  0|   28|          21|          21|
    |add_ln170_520_fu_19622_p2   |         +|   0|  0|   26|          19|          19|
    |add_ln170_521_fu_19631_p2   |         +|   0|  0|   28|          21|          21|
    |add_ln170_522_fu_19671_p2   |         +|   0|  0|   26|          19|          19|
    |add_ln170_523_fu_19680_p2   |         +|   0|  0|   28|          21|          21|
    |add_ln170_524_fu_19690_p2   |         +|   0|  0|   26|          19|          19|
    |add_ln170_525_fu_19699_p2   |         +|   0|  0|   28|          21|          21|
    |add_ln170_526_fu_19739_p2   |         +|   0|  0|   26|          19|          19|
    |add_ln170_527_fu_19748_p2   |         +|   0|  0|   28|          21|          21|
    |add_ln170_528_fu_19758_p2   |         +|   0|  0|   26|          19|          19|
    |add_ln170_529_fu_19767_p2   |         +|   0|  0|   28|          21|          21|
    |add_ln170_52_fu_11666_p2    |         +|   0|  0|   26|          19|          19|
    |add_ln170_530_fu_19807_p2   |         +|   0|  0|   26|          19|          19|
    |add_ln170_531_fu_19816_p2   |         +|   0|  0|   28|          21|          21|
    |add_ln170_532_fu_19826_p2   |         +|   0|  0|   26|          19|          19|
    |add_ln170_533_fu_19835_p2   |         +|   0|  0|   28|          21|          21|
    |add_ln170_534_fu_19875_p2   |         +|   0|  0|   26|          19|          19|
    |add_ln170_535_fu_19884_p2   |         +|   0|  0|   28|          21|          21|
    |add_ln170_536_fu_19894_p2   |         +|   0|  0|   26|          19|          19|
    |add_ln170_537_fu_19903_p2   |         +|   0|  0|   28|          21|          21|
    |add_ln170_538_fu_19943_p2   |         +|   0|  0|   26|          19|          19|
    |add_ln170_539_fu_19952_p2   |         +|   0|  0|   28|          21|          21|
    |add_ln170_53_fu_11675_p2    |         +|   0|  0|   28|          21|          21|
    |add_ln170_540_fu_19962_p2   |         +|   0|  0|   26|          19|          19|
    |add_ln170_541_fu_19971_p2   |         +|   0|  0|   28|          21|          21|
    |add_ln170_542_fu_20011_p2   |         +|   0|  0|   26|          19|          19|
    |add_ln170_543_fu_20020_p2   |         +|   0|  0|   28|          21|          21|
    |add_ln170_544_fu_20030_p2   |         +|   0|  0|   26|          19|          19|
    |add_ln170_545_fu_20039_p2   |         +|   0|  0|   28|          21|          21|
    |add_ln170_546_fu_20079_p2   |         +|   0|  0|   26|          19|          19|
    |add_ln170_547_fu_20088_p2   |         +|   0|  0|   28|          21|          21|
    |add_ln170_548_fu_20098_p2   |         +|   0|  0|   26|          19|          19|
    |add_ln170_549_fu_20107_p2   |         +|   0|  0|   28|          21|          21|
    |add_ln170_54_fu_11715_p2    |         +|   0|  0|   26|          19|          19|
    |add_ln170_550_fu_20147_p2   |         +|   0|  0|   26|          19|          19|
    |add_ln170_551_fu_20156_p2   |         +|   0|  0|   28|          21|          21|
    |add_ln170_552_fu_20166_p2   |         +|   0|  0|   26|          19|          19|
    |add_ln170_553_fu_20175_p2   |         +|   0|  0|   28|          21|          21|
    |add_ln170_554_fu_20215_p2   |         +|   0|  0|   26|          19|          19|
    |add_ln170_555_fu_20224_p2   |         +|   0|  0|   28|          21|          21|
    |add_ln170_556_fu_20234_p2   |         +|   0|  0|   26|          19|          19|
    |add_ln170_557_fu_20243_p2   |         +|   0|  0|   28|          21|          21|
    |add_ln170_558_fu_20283_p2   |         +|   0|  0|   26|          19|          19|
    |add_ln170_559_fu_20292_p2   |         +|   0|  0|   28|          21|          21|
    |add_ln170_55_fu_11724_p2    |         +|   0|  0|   28|          21|          21|
    |add_ln170_560_fu_20302_p2   |         +|   0|  0|   26|          19|          19|
    |add_ln170_561_fu_20311_p2   |         +|   0|  0|   28|          21|          21|
    |add_ln170_562_fu_20351_p2   |         +|   0|  0|   26|          19|          19|
    |add_ln170_563_fu_20360_p2   |         +|   0|  0|   28|          21|          21|
    |add_ln170_564_fu_20370_p2   |         +|   0|  0|   26|          19|          19|
    |add_ln170_565_fu_20379_p2   |         +|   0|  0|   28|          21|          21|
    |add_ln170_566_fu_20419_p2   |         +|   0|  0|   26|          19|          19|
    |add_ln170_567_fu_20428_p2   |         +|   0|  0|   28|          21|          21|
    |add_ln170_568_fu_20438_p2   |         +|   0|  0|   26|          19|          19|
    |add_ln170_569_fu_20447_p2   |         +|   0|  0|   28|          21|          21|
    |add_ln170_56_fu_11734_p2    |         +|   0|  0|   26|          19|          19|
    |add_ln170_570_fu_20487_p2   |         +|   0|  0|   26|          19|          19|
    |add_ln170_571_fu_20496_p2   |         +|   0|  0|   28|          21|          21|
    |add_ln170_572_fu_20506_p2   |         +|   0|  0|   26|          19|          19|
    |add_ln170_573_fu_20515_p2   |         +|   0|  0|   28|          21|          21|
    |add_ln170_574_fu_20555_p2   |         +|   0|  0|   26|          19|          19|
    |add_ln170_575_fu_20564_p2   |         +|   0|  0|   28|          21|          21|
    |add_ln170_576_fu_20574_p2   |         +|   0|  0|   26|          19|          19|
    |add_ln170_577_fu_20583_p2   |         +|   0|  0|   28|          21|          21|
    |add_ln170_578_fu_20623_p2   |         +|   0|  0|   26|          19|          19|
    |add_ln170_579_fu_20632_p2   |         +|   0|  0|   28|          21|          21|
    |add_ln170_57_fu_11743_p2    |         +|   0|  0|   28|          21|          21|
    |add_ln170_580_fu_20642_p2   |         +|   0|  0|   26|          19|          19|
    |add_ln170_581_fu_20651_p2   |         +|   0|  0|   28|          21|          21|
    |add_ln170_582_fu_20691_p2   |         +|   0|  0|   26|          19|          19|
    |add_ln170_583_fu_20700_p2   |         +|   0|  0|   28|          21|          21|
    |add_ln170_584_fu_20710_p2   |         +|   0|  0|   26|          19|          19|
    |add_ln170_585_fu_20719_p2   |         +|   0|  0|   28|          21|          21|
    |add_ln170_586_fu_20759_p2   |         +|   0|  0|   26|          19|          19|
    |add_ln170_587_fu_20768_p2   |         +|   0|  0|   28|          21|          21|
    |add_ln170_588_fu_20778_p2   |         +|   0|  0|   26|          19|          19|
    |add_ln170_589_fu_20787_p2   |         +|   0|  0|   28|          21|          21|
    |add_ln170_58_fu_11783_p2    |         +|   0|  0|   26|          19|          19|
    |add_ln170_590_fu_20827_p2   |         +|   0|  0|   26|          19|          19|
    |add_ln170_591_fu_20836_p2   |         +|   0|  0|   28|          21|          21|
    |add_ln170_592_fu_20846_p2   |         +|   0|  0|   26|          19|          19|
    |add_ln170_593_fu_20855_p2   |         +|   0|  0|   28|          21|          21|
    |add_ln170_594_fu_20895_p2   |         +|   0|  0|   26|          19|          19|
    |add_ln170_595_fu_20904_p2   |         +|   0|  0|   28|          21|          21|
    |add_ln170_596_fu_20914_p2   |         +|   0|  0|   26|          19|          19|
    |add_ln170_597_fu_20923_p2   |         +|   0|  0|   28|          21|          21|
    |add_ln170_598_fu_20963_p2   |         +|   0|  0|   26|          19|          19|
    |add_ln170_599_fu_20972_p2   |         +|   0|  0|   28|          21|          21|
    |add_ln170_59_fu_11792_p2    |         +|   0|  0|   28|          21|          21|
    |add_ln170_5_fu_10423_p2     |         +|   0|  0|   28|          21|          21|
    |add_ln170_600_fu_20982_p2   |         +|   0|  0|   26|          19|          19|
    |add_ln170_601_fu_20991_p2   |         +|   0|  0|   28|          21|          21|
    |add_ln170_602_fu_21031_p2   |         +|   0|  0|   26|          19|          19|
    |add_ln170_603_fu_21040_p2   |         +|   0|  0|   28|          21|          21|
    |add_ln170_604_fu_21050_p2   |         +|   0|  0|   26|          19|          19|
    |add_ln170_605_fu_21059_p2   |         +|   0|  0|   28|          21|          21|
    |add_ln170_606_fu_21099_p2   |         +|   0|  0|   26|          19|          19|
    |add_ln170_607_fu_21108_p2   |         +|   0|  0|   28|          21|          21|
    |add_ln170_608_fu_21118_p2   |         +|   0|  0|   26|          19|          19|
    |add_ln170_609_fu_21127_p2   |         +|   0|  0|   28|          21|          21|
    |add_ln170_60_fu_11802_p2    |         +|   0|  0|   26|          19|          19|
    |add_ln170_610_fu_21167_p2   |         +|   0|  0|   26|          19|          19|
    |add_ln170_611_fu_21176_p2   |         +|   0|  0|   28|          21|          21|
    |add_ln170_612_fu_21186_p2   |         +|   0|  0|   26|          19|          19|
    |add_ln170_613_fu_21195_p2   |         +|   0|  0|   28|          21|          21|
    |add_ln170_614_fu_21235_p2   |         +|   0|  0|   26|          19|          19|
    |add_ln170_615_fu_21244_p2   |         +|   0|  0|   28|          21|          21|
    |add_ln170_616_fu_21254_p2   |         +|   0|  0|   26|          19|          19|
    |add_ln170_617_fu_21263_p2   |         +|   0|  0|   28|          21|          21|
    |add_ln170_618_fu_21303_p2   |         +|   0|  0|   26|          19|          19|
    |add_ln170_619_fu_21312_p2   |         +|   0|  0|   28|          21|          21|
    |add_ln170_61_fu_11811_p2    |         +|   0|  0|   28|          21|          21|
    |add_ln170_620_fu_21322_p2   |         +|   0|  0|   26|          19|          19|
    |add_ln170_621_fu_21331_p2   |         +|   0|  0|   28|          21|          21|
    |add_ln170_622_fu_21371_p2   |         +|   0|  0|   26|          19|          19|
    |add_ln170_623_fu_21380_p2   |         +|   0|  0|   28|          21|          21|
    |add_ln170_624_fu_21390_p2   |         +|   0|  0|   26|          19|          19|
    |add_ln170_625_fu_21399_p2   |         +|   0|  0|   28|          21|          21|
    |add_ln170_626_fu_21439_p2   |         +|   0|  0|   26|          19|          19|
    |add_ln170_627_fu_21448_p2   |         +|   0|  0|   28|          21|          21|
    |add_ln170_628_fu_21458_p2   |         +|   0|  0|   26|          19|          19|
    |add_ln170_629_fu_21467_p2   |         +|   0|  0|   28|          21|          21|
    |add_ln170_62_fu_11851_p2    |         +|   0|  0|   26|          19|          19|
    |add_ln170_630_fu_21507_p2   |         +|   0|  0|   26|          19|          19|
    |add_ln170_631_fu_21516_p2   |         +|   0|  0|   28|          21|          21|
    |add_ln170_632_fu_21526_p2   |         +|   0|  0|   26|          19|          19|
    |add_ln170_633_fu_21535_p2   |         +|   0|  0|   28|          21|          21|
    |add_ln170_634_fu_21575_p2   |         +|   0|  0|   26|          19|          19|
    |add_ln170_635_fu_21584_p2   |         +|   0|  0|   28|          21|          21|
    |add_ln170_636_fu_21594_p2   |         +|   0|  0|   26|          19|          19|
    |add_ln170_637_fu_21603_p2   |         +|   0|  0|   28|          21|          21|
    |add_ln170_638_fu_21643_p2   |         +|   0|  0|   26|          19|          19|
    |add_ln170_639_fu_21652_p2   |         +|   0|  0|   28|          21|          21|
    |add_ln170_63_fu_11860_p2    |         +|   0|  0|   28|          21|          21|
    |add_ln170_640_fu_21662_p2   |         +|   0|  0|   26|          19|          19|
    |add_ln170_641_fu_21671_p2   |         +|   0|  0|   28|          21|          21|
    |add_ln170_642_fu_21711_p2   |         +|   0|  0|   26|          19|          19|
    |add_ln170_643_fu_21720_p2   |         +|   0|  0|   28|          21|          21|
    |add_ln170_644_fu_21730_p2   |         +|   0|  0|   26|          19|          19|
    |add_ln170_645_fu_21739_p2   |         +|   0|  0|   28|          21|          21|
    |add_ln170_646_fu_21779_p2   |         +|   0|  0|   26|          19|          19|
    |add_ln170_647_fu_21788_p2   |         +|   0|  0|   28|          21|          21|
    |add_ln170_648_fu_21798_p2   |         +|   0|  0|   26|          19|          19|
    |add_ln170_649_fu_21807_p2   |         +|   0|  0|   28|          21|          21|
    |add_ln170_64_fu_11870_p2    |         +|   0|  0|   26|          19|          19|
    |add_ln170_650_fu_21847_p2   |         +|   0|  0|   26|          19|          19|
    |add_ln170_651_fu_21856_p2   |         +|   0|  0|   28|          21|          21|
    |add_ln170_652_fu_21866_p2   |         +|   0|  0|   26|          19|          19|
    |add_ln170_653_fu_21875_p2   |         +|   0|  0|   28|          21|          21|
    |add_ln170_654_fu_21915_p2   |         +|   0|  0|   26|          19|          19|
    |add_ln170_655_fu_21924_p2   |         +|   0|  0|   28|          21|          21|
    |add_ln170_656_fu_21934_p2   |         +|   0|  0|   26|          19|          19|
    |add_ln170_657_fu_21943_p2   |         +|   0|  0|   28|          21|          21|
    |add_ln170_658_fu_21983_p2   |         +|   0|  0|   26|          19|          19|
    |add_ln170_659_fu_21992_p2   |         +|   0|  0|   28|          21|          21|
    |add_ln170_65_fu_11879_p2    |         +|   0|  0|   28|          21|          21|
    |add_ln170_660_fu_22002_p2   |         +|   0|  0|   26|          19|          19|
    |add_ln170_661_fu_22011_p2   |         +|   0|  0|   28|          21|          21|
    |add_ln170_662_fu_22051_p2   |         +|   0|  0|   26|          19|          19|
    |add_ln170_663_fu_22060_p2   |         +|   0|  0|   28|          21|          21|
    |add_ln170_664_fu_22070_p2   |         +|   0|  0|   26|          19|          19|
    |add_ln170_665_fu_22079_p2   |         +|   0|  0|   28|          21|          21|
    |add_ln170_666_fu_22119_p2   |         +|   0|  0|   26|          19|          19|
    |add_ln170_667_fu_22128_p2   |         +|   0|  0|   28|          21|          21|
    |add_ln170_668_fu_22138_p2   |         +|   0|  0|   26|          19|          19|
    |add_ln170_669_fu_22147_p2   |         +|   0|  0|   28|          21|          21|
    |add_ln170_66_fu_11919_p2    |         +|   0|  0|   26|          19|          19|
    |add_ln170_670_fu_22187_p2   |         +|   0|  0|   26|          19|          19|
    |add_ln170_671_fu_22196_p2   |         +|   0|  0|   28|          21|          21|
    |add_ln170_672_fu_22206_p2   |         +|   0|  0|   26|          19|          19|
    |add_ln170_673_fu_22215_p2   |         +|   0|  0|   28|          21|          21|
    |add_ln170_674_fu_22255_p2   |         +|   0|  0|   26|          19|          19|
    |add_ln170_675_fu_22264_p2   |         +|   0|  0|   28|          21|          21|
    |add_ln170_676_fu_22274_p2   |         +|   0|  0|   26|          19|          19|
    |add_ln170_677_fu_22283_p2   |         +|   0|  0|   28|          21|          21|
    |add_ln170_678_fu_22323_p2   |         +|   0|  0|   26|          19|          19|
    |add_ln170_679_fu_22332_p2   |         +|   0|  0|   28|          21|          21|
    |add_ln170_67_fu_11928_p2    |         +|   0|  0|   28|          21|          21|
    |add_ln170_680_fu_22342_p2   |         +|   0|  0|   26|          19|          19|
    |add_ln170_681_fu_22351_p2   |         +|   0|  0|   28|          21|          21|
    |add_ln170_682_fu_22391_p2   |         +|   0|  0|   26|          19|          19|
    |add_ln170_683_fu_22400_p2   |         +|   0|  0|   28|          21|          21|
    |add_ln170_684_fu_22410_p2   |         +|   0|  0|   26|          19|          19|
    |add_ln170_685_fu_22419_p2   |         +|   0|  0|   28|          21|          21|
    |add_ln170_686_fu_22459_p2   |         +|   0|  0|   26|          19|          19|
    |add_ln170_687_fu_22468_p2   |         +|   0|  0|   28|          21|          21|
    |add_ln170_688_fu_22478_p2   |         +|   0|  0|   26|          19|          19|
    |add_ln170_689_fu_22487_p2   |         +|   0|  0|   28|          21|          21|
    |add_ln170_68_fu_11938_p2    |         +|   0|  0|   26|          19|          19|
    |add_ln170_690_fu_22527_p2   |         +|   0|  0|   26|          19|          19|
    |add_ln170_691_fu_22536_p2   |         +|   0|  0|   28|          21|          21|
    |add_ln170_692_fu_22546_p2   |         +|   0|  0|   26|          19|          19|
    |add_ln170_693_fu_22555_p2   |         +|   0|  0|   28|          21|          21|
    |add_ln170_694_fu_22595_p2   |         +|   0|  0|   26|          19|          19|
    |add_ln170_695_fu_22604_p2   |         +|   0|  0|   28|          21|          21|
    |add_ln170_696_fu_22614_p2   |         +|   0|  0|   26|          19|          19|
    |add_ln170_697_fu_22623_p2   |         +|   0|  0|   28|          21|          21|
    |add_ln170_698_fu_22663_p2   |         +|   0|  0|   26|          19|          19|
    |add_ln170_699_fu_22672_p2   |         +|   0|  0|   28|          21|          21|
    |add_ln170_69_fu_11947_p2    |         +|   0|  0|   28|          21|          21|
    |add_ln170_6_fu_10442_p2     |         +|   0|  0|   28|          21|          21|
    |add_ln170_700_fu_22682_p2   |         +|   0|  0|   26|          19|          19|
    |add_ln170_701_fu_22691_p2   |         +|   0|  0|   28|          21|          21|
    |add_ln170_702_fu_22731_p2   |         +|   0|  0|   26|          19|          19|
    |add_ln170_703_fu_22740_p2   |         +|   0|  0|   28|          21|          21|
    |add_ln170_704_fu_22750_p2   |         +|   0|  0|   26|          19|          19|
    |add_ln170_705_fu_22759_p2   |         +|   0|  0|   28|          21|          21|
    |add_ln170_706_fu_22799_p2   |         +|   0|  0|   26|          19|          19|
    |add_ln170_707_fu_22808_p2   |         +|   0|  0|   28|          21|          21|
    |add_ln170_708_fu_22818_p2   |         +|   0|  0|   26|          19|          19|
    |add_ln170_709_fu_22827_p2   |         +|   0|  0|   28|          21|          21|
    |add_ln170_70_fu_11987_p2    |         +|   0|  0|   26|          19|          19|
    |add_ln170_710_fu_22867_p2   |         +|   0|  0|   26|          19|          19|
    |add_ln170_711_fu_22876_p2   |         +|   0|  0|   28|          21|          21|
    |add_ln170_712_fu_22886_p2   |         +|   0|  0|   26|          19|          19|
    |add_ln170_713_fu_22895_p2   |         +|   0|  0|   28|          21|          21|
    |add_ln170_714_fu_22935_p2   |         +|   0|  0|   26|          19|          19|
    |add_ln170_715_fu_22944_p2   |         +|   0|  0|   28|          21|          21|
    |add_ln170_716_fu_22954_p2   |         +|   0|  0|   26|          19|          19|
    |add_ln170_717_fu_22963_p2   |         +|   0|  0|   28|          21|          21|
    |add_ln170_718_fu_23003_p2   |         +|   0|  0|   26|          19|          19|
    |add_ln170_719_fu_23012_p2   |         +|   0|  0|   28|          21|          21|
    |add_ln170_71_fu_11996_p2    |         +|   0|  0|   28|          21|          21|
    |add_ln170_720_fu_23022_p2   |         +|   0|  0|   26|          19|          19|
    |add_ln170_721_fu_23031_p2   |         +|   0|  0|   28|          21|          21|
    |add_ln170_722_fu_23071_p2   |         +|   0|  0|   26|          19|          19|
    |add_ln170_723_fu_23080_p2   |         +|   0|  0|   28|          21|          21|
    |add_ln170_724_fu_23090_p2   |         +|   0|  0|   26|          19|          19|
    |add_ln170_725_fu_23099_p2   |         +|   0|  0|   28|          21|          21|
    |add_ln170_726_fu_23139_p2   |         +|   0|  0|   26|          19|          19|
    |add_ln170_727_fu_23148_p2   |         +|   0|  0|   28|          21|          21|
    |add_ln170_728_fu_23158_p2   |         +|   0|  0|   26|          19|          19|
    |add_ln170_729_fu_23167_p2   |         +|   0|  0|   28|          21|          21|
    |add_ln170_72_fu_12006_p2    |         +|   0|  0|   26|          19|          19|
    |add_ln170_730_fu_23207_p2   |         +|   0|  0|   26|          19|          19|
    |add_ln170_731_fu_23216_p2   |         +|   0|  0|   28|          21|          21|
    |add_ln170_732_fu_23226_p2   |         +|   0|  0|   26|          19|          19|
    |add_ln170_733_fu_23235_p2   |         +|   0|  0|   28|          21|          21|
    |add_ln170_734_fu_23275_p2   |         +|   0|  0|   26|          19|          19|
    |add_ln170_735_fu_23284_p2   |         +|   0|  0|   28|          21|          21|
    |add_ln170_736_fu_23294_p2   |         +|   0|  0|   26|          19|          19|
    |add_ln170_737_fu_23303_p2   |         +|   0|  0|   28|          21|          21|
    |add_ln170_738_fu_23343_p2   |         +|   0|  0|   26|          19|          19|
    |add_ln170_739_fu_23352_p2   |         +|   0|  0|   28|          21|          21|
    |add_ln170_73_fu_12015_p2    |         +|   0|  0|   28|          21|          21|
    |add_ln170_740_fu_23362_p2   |         +|   0|  0|   26|          19|          19|
    |add_ln170_741_fu_23371_p2   |         +|   0|  0|   28|          21|          21|
    |add_ln170_742_fu_23411_p2   |         +|   0|  0|   26|          19|          19|
    |add_ln170_743_fu_23420_p2   |         +|   0|  0|   28|          21|          21|
    |add_ln170_744_fu_23430_p2   |         +|   0|  0|   26|          19|          19|
    |add_ln170_745_fu_23439_p2   |         +|   0|  0|   28|          21|          21|
    |add_ln170_746_fu_23479_p2   |         +|   0|  0|   26|          19|          19|
    |add_ln170_747_fu_23488_p2   |         +|   0|  0|   28|          21|          21|
    |add_ln170_748_fu_23498_p2   |         +|   0|  0|   26|          19|          19|
    |add_ln170_749_fu_23507_p2   |         +|   0|  0|   28|          21|          21|
    |add_ln170_74_fu_12055_p2    |         +|   0|  0|   26|          19|          19|
    |add_ln170_750_fu_23547_p2   |         +|   0|  0|   26|          19|          19|
    |add_ln170_751_fu_23556_p2   |         +|   0|  0|   28|          21|          21|
    |add_ln170_752_fu_23566_p2   |         +|   0|  0|   26|          19|          19|
    |add_ln170_753_fu_23575_p2   |         +|   0|  0|   28|          21|          21|
    |add_ln170_754_fu_23615_p2   |         +|   0|  0|   26|          19|          19|
    |add_ln170_755_fu_23624_p2   |         +|   0|  0|   28|          21|          21|
    |add_ln170_756_fu_23634_p2   |         +|   0|  0|   26|          19|          19|
    |add_ln170_757_fu_23643_p2   |         +|   0|  0|   28|          21|          21|
    |add_ln170_758_fu_23683_p2   |         +|   0|  0|   26|          19|          19|
    |add_ln170_759_fu_23692_p2   |         +|   0|  0|   28|          21|          21|
    |add_ln170_75_fu_12064_p2    |         +|   0|  0|   28|          21|          21|
    |add_ln170_760_fu_23702_p2   |         +|   0|  0|   26|          19|          19|
    |add_ln170_761_fu_23711_p2   |         +|   0|  0|   28|          21|          21|
    |add_ln170_762_fu_23751_p2   |         +|   0|  0|   26|          19|          19|
    |add_ln170_763_fu_23760_p2   |         +|   0|  0|   28|          21|          21|
    |add_ln170_764_fu_23770_p2   |         +|   0|  0|   26|          19|          19|
    |add_ln170_765_fu_23779_p2   |         +|   0|  0|   28|          21|          21|
    |add_ln170_766_fu_23819_p2   |         +|   0|  0|   26|          19|          19|
    |add_ln170_767_fu_23828_p2   |         +|   0|  0|   28|          21|          21|
    |add_ln170_768_fu_23838_p2   |         +|   0|  0|   26|          19|          19|
    |add_ln170_769_fu_23847_p2   |         +|   0|  0|   28|          21|          21|
    |add_ln170_76_fu_12074_p2    |         +|   0|  0|   26|          19|          19|
    |add_ln170_770_fu_23887_p2   |         +|   0|  0|   26|          19|          19|
    |add_ln170_771_fu_23896_p2   |         +|   0|  0|   28|          21|          21|
    |add_ln170_772_fu_23906_p2   |         +|   0|  0|   26|          19|          19|
    |add_ln170_773_fu_23915_p2   |         +|   0|  0|   28|          21|          21|
    |add_ln170_774_fu_23955_p2   |         +|   0|  0|   26|          19|          19|
    |add_ln170_775_fu_23964_p2   |         +|   0|  0|   28|          21|          21|
    |add_ln170_776_fu_23974_p2   |         +|   0|  0|   26|          19|          19|
    |add_ln170_777_fu_23983_p2   |         +|   0|  0|   28|          21|          21|
    |add_ln170_778_fu_24023_p2   |         +|   0|  0|   26|          19|          19|
    |add_ln170_779_fu_24032_p2   |         +|   0|  0|   28|          21|          21|
    |add_ln170_77_fu_12083_p2    |         +|   0|  0|   28|          21|          21|
    |add_ln170_780_fu_24042_p2   |         +|   0|  0|   26|          19|          19|
    |add_ln170_781_fu_24051_p2   |         +|   0|  0|   28|          21|          21|
    |add_ln170_782_fu_24091_p2   |         +|   0|  0|   26|          19|          19|
    |add_ln170_783_fu_24100_p2   |         +|   0|  0|   28|          21|          21|
    |add_ln170_784_fu_24110_p2   |         +|   0|  0|   26|          19|          19|
    |add_ln170_785_fu_24119_p2   |         +|   0|  0|   28|          21|          21|
    |add_ln170_786_fu_24159_p2   |         +|   0|  0|   26|          19|          19|
    |add_ln170_787_fu_24168_p2   |         +|   0|  0|   28|          21|          21|
    |add_ln170_788_fu_24178_p2   |         +|   0|  0|   26|          19|          19|
    |add_ln170_789_fu_24187_p2   |         +|   0|  0|   28|          21|          21|
    |add_ln170_78_fu_12123_p2    |         +|   0|  0|   26|          19|          19|
    |add_ln170_790_fu_24227_p2   |         +|   0|  0|   26|          19|          19|
    |add_ln170_791_fu_24236_p2   |         +|   0|  0|   28|          21|          21|
    |add_ln170_792_fu_24246_p2   |         +|   0|  0|   26|          19|          19|
    |add_ln170_793_fu_24255_p2   |         +|   0|  0|   28|          21|          21|
    |add_ln170_794_fu_24295_p2   |         +|   0|  0|   26|          19|          19|
    |add_ln170_795_fu_24304_p2   |         +|   0|  0|   28|          21|          21|
    |add_ln170_796_fu_24314_p2   |         +|   0|  0|   26|          19|          19|
    |add_ln170_797_fu_24323_p2   |         +|   0|  0|   28|          21|          21|
    |add_ln170_798_fu_24363_p2   |         +|   0|  0|   26|          19|          19|
    |add_ln170_799_fu_24372_p2   |         +|   0|  0|   28|          21|          21|
    |add_ln170_79_fu_12132_p2    |         +|   0|  0|   28|          21|          21|
    |add_ln170_7_fu_10491_p2     |         +|   0|  0|   28|          21|          21|
    |add_ln170_800_fu_24382_p2   |         +|   0|  0|   26|          19|          19|
    |add_ln170_801_fu_24391_p2   |         +|   0|  0|   28|          21|          21|
    |add_ln170_802_fu_24431_p2   |         +|   0|  0|   26|          19|          19|
    |add_ln170_803_fu_24440_p2   |         +|   0|  0|   28|          21|          21|
    |add_ln170_804_fu_24450_p2   |         +|   0|  0|   26|          19|          19|
    |add_ln170_805_fu_24459_p2   |         +|   0|  0|   28|          21|          21|
    |add_ln170_806_fu_24499_p2   |         +|   0|  0|   26|          19|          19|
    |add_ln170_807_fu_24508_p2   |         +|   0|  0|   28|          21|          21|
    |add_ln170_808_fu_24518_p2   |         +|   0|  0|   26|          19|          19|
    |add_ln170_809_fu_24527_p2   |         +|   0|  0|   28|          21|          21|
    |add_ln170_80_fu_12142_p2    |         +|   0|  0|   26|          19|          19|
    |add_ln170_810_fu_24567_p2   |         +|   0|  0|   26|          19|          19|
    |add_ln170_811_fu_24576_p2   |         +|   0|  0|   28|          21|          21|
    |add_ln170_812_fu_24586_p2   |         +|   0|  0|   26|          19|          19|
    |add_ln170_813_fu_24595_p2   |         +|   0|  0|   28|          21|          21|
    |add_ln170_814_fu_24635_p2   |         +|   0|  0|   26|          19|          19|
    |add_ln170_815_fu_24644_p2   |         +|   0|  0|   28|          21|          21|
    |add_ln170_816_fu_24654_p2   |         +|   0|  0|   26|          19|          19|
    |add_ln170_817_fu_24663_p2   |         +|   0|  0|   28|          21|          21|
    |add_ln170_818_fu_24703_p2   |         +|   0|  0|   26|          19|          19|
    |add_ln170_819_fu_24712_p2   |         +|   0|  0|   28|          21|          21|
    |add_ln170_81_fu_12151_p2    |         +|   0|  0|   28|          21|          21|
    |add_ln170_820_fu_24722_p2   |         +|   0|  0|   26|          19|          19|
    |add_ln170_821_fu_24731_p2   |         +|   0|  0|   28|          21|          21|
    |add_ln170_822_fu_24771_p2   |         +|   0|  0|   26|          19|          19|
    |add_ln170_823_fu_24780_p2   |         +|   0|  0|   28|          21|          21|
    |add_ln170_824_fu_24790_p2   |         +|   0|  0|   26|          19|          19|
    |add_ln170_825_fu_24799_p2   |         +|   0|  0|   28|          21|          21|
    |add_ln170_826_fu_24839_p2   |         +|   0|  0|   26|          19|          19|
    |add_ln170_827_fu_24848_p2   |         +|   0|  0|   28|          21|          21|
    |add_ln170_828_fu_24858_p2   |         +|   0|  0|   26|          19|          19|
    |add_ln170_829_fu_24867_p2   |         +|   0|  0|   28|          21|          21|
    |add_ln170_82_fu_12191_p2    |         +|   0|  0|   26|          19|          19|
    |add_ln170_830_fu_24907_p2   |         +|   0|  0|   26|          19|          19|
    |add_ln170_831_fu_24916_p2   |         +|   0|  0|   28|          21|          21|
    |add_ln170_832_fu_24926_p2   |         +|   0|  0|   26|          19|          19|
    |add_ln170_833_fu_24935_p2   |         +|   0|  0|   28|          21|          21|
    |add_ln170_834_fu_24975_p2   |         +|   0|  0|   26|          19|          19|
    |add_ln170_835_fu_24984_p2   |         +|   0|  0|   28|          21|          21|
    |add_ln170_836_fu_24994_p2   |         +|   0|  0|   26|          19|          19|
    |add_ln170_837_fu_25003_p2   |         +|   0|  0|   28|          21|          21|
    |add_ln170_838_fu_25043_p2   |         +|   0|  0|   26|          19|          19|
    |add_ln170_839_fu_25052_p2   |         +|   0|  0|   28|          21|          21|
    |add_ln170_83_fu_12200_p2    |         +|   0|  0|   28|          21|          21|
    |add_ln170_840_fu_25062_p2   |         +|   0|  0|   26|          19|          19|
    |add_ln170_841_fu_25071_p2   |         +|   0|  0|   28|          21|          21|
    |add_ln170_842_fu_25111_p2   |         +|   0|  0|   26|          19|          19|
    |add_ln170_843_fu_25120_p2   |         +|   0|  0|   28|          21|          21|
    |add_ln170_844_fu_25130_p2   |         +|   0|  0|   26|          19|          19|
    |add_ln170_845_fu_25139_p2   |         +|   0|  0|   28|          21|          21|
    |add_ln170_846_fu_25179_p2   |         +|   0|  0|   26|          19|          19|
    |add_ln170_847_fu_25188_p2   |         +|   0|  0|   28|          21|          21|
    |add_ln170_848_fu_25198_p2   |         +|   0|  0|   26|          19|          19|
    |add_ln170_849_fu_25207_p2   |         +|   0|  0|   28|          21|          21|
    |add_ln170_84_fu_12210_p2    |         +|   0|  0|   26|          19|          19|
    |add_ln170_850_fu_25247_p2   |         +|   0|  0|   26|          19|          19|
    |add_ln170_851_fu_25256_p2   |         +|   0|  0|   28|          21|          21|
    |add_ln170_852_fu_25266_p2   |         +|   0|  0|   26|          19|          19|
    |add_ln170_853_fu_25275_p2   |         +|   0|  0|   28|          21|          21|
    |add_ln170_854_fu_25315_p2   |         +|   0|  0|   26|          19|          19|
    |add_ln170_855_fu_25324_p2   |         +|   0|  0|   28|          21|          21|
    |add_ln170_856_fu_25334_p2   |         +|   0|  0|   26|          19|          19|
    |add_ln170_857_fu_25343_p2   |         +|   0|  0|   28|          21|          21|
    |add_ln170_858_fu_25383_p2   |         +|   0|  0|   26|          19|          19|
    |add_ln170_859_fu_25392_p2   |         +|   0|  0|   28|          21|          21|
    |add_ln170_85_fu_12219_p2    |         +|   0|  0|   28|          21|          21|
    |add_ln170_860_fu_25402_p2   |         +|   0|  0|   26|          19|          19|
    |add_ln170_861_fu_25411_p2   |         +|   0|  0|   28|          21|          21|
    |add_ln170_862_fu_25451_p2   |         +|   0|  0|   26|          19|          19|
    |add_ln170_863_fu_25460_p2   |         +|   0|  0|   28|          21|          21|
    |add_ln170_864_fu_25470_p2   |         +|   0|  0|   26|          19|          19|
    |add_ln170_865_fu_25479_p2   |         +|   0|  0|   28|          21|          21|
    |add_ln170_866_fu_25519_p2   |         +|   0|  0|   26|          19|          19|
    |add_ln170_867_fu_25528_p2   |         +|   0|  0|   28|          21|          21|
    |add_ln170_868_fu_25538_p2   |         +|   0|  0|   26|          19|          19|
    |add_ln170_869_fu_25547_p2   |         +|   0|  0|   28|          21|          21|
    |add_ln170_86_fu_12259_p2    |         +|   0|  0|   26|          19|          19|
    |add_ln170_870_fu_25587_p2   |         +|   0|  0|   26|          19|          19|
    |add_ln170_871_fu_25596_p2   |         +|   0|  0|   28|          21|          21|
    |add_ln170_872_fu_25606_p2   |         +|   0|  0|   26|          19|          19|
    |add_ln170_873_fu_25615_p2   |         +|   0|  0|   28|          21|          21|
    |add_ln170_874_fu_25655_p2   |         +|   0|  0|   26|          19|          19|
    |add_ln170_875_fu_25664_p2   |         +|   0|  0|   28|          21|          21|
    |add_ln170_876_fu_25674_p2   |         +|   0|  0|   26|          19|          19|
    |add_ln170_877_fu_25683_p2   |         +|   0|  0|   28|          21|          21|
    |add_ln170_878_fu_25723_p2   |         +|   0|  0|   26|          19|          19|
    |add_ln170_879_fu_25732_p2   |         +|   0|  0|   28|          21|          21|
    |add_ln170_87_fu_12268_p2    |         +|   0|  0|   28|          21|          21|
    |add_ln170_880_fu_25742_p2   |         +|   0|  0|   26|          19|          19|
    |add_ln170_881_fu_25751_p2   |         +|   0|  0|   28|          21|          21|
    |add_ln170_882_fu_25791_p2   |         +|   0|  0|   26|          19|          19|
    |add_ln170_883_fu_25800_p2   |         +|   0|  0|   28|          21|          21|
    |add_ln170_884_fu_25810_p2   |         +|   0|  0|   26|          19|          19|
    |add_ln170_885_fu_25819_p2   |         +|   0|  0|   28|          21|          21|
    |add_ln170_886_fu_25859_p2   |         +|   0|  0|   26|          19|          19|
    |add_ln170_887_fu_25868_p2   |         +|   0|  0|   28|          21|          21|
    |add_ln170_888_fu_25878_p2   |         +|   0|  0|   26|          19|          19|
    |add_ln170_889_fu_25887_p2   |         +|   0|  0|   28|          21|          21|
    |add_ln170_88_fu_12278_p2    |         +|   0|  0|   26|          19|          19|
    |add_ln170_890_fu_25927_p2   |         +|   0|  0|   26|          19|          19|
    |add_ln170_891_fu_25936_p2   |         +|   0|  0|   28|          21|          21|
    |add_ln170_892_fu_25946_p2   |         +|   0|  0|   26|          19|          19|
    |add_ln170_893_fu_25955_p2   |         +|   0|  0|   28|          21|          21|
    |add_ln170_894_fu_25995_p2   |         +|   0|  0|   26|          19|          19|
    |add_ln170_895_fu_26004_p2   |         +|   0|  0|   28|          21|          21|
    |add_ln170_896_fu_26014_p2   |         +|   0|  0|   26|          19|          19|
    |add_ln170_897_fu_26023_p2   |         +|   0|  0|   28|          21|          21|
    |add_ln170_898_fu_26063_p2   |         +|   0|  0|   26|          19|          19|
    |add_ln170_899_fu_26072_p2   |         +|   0|  0|   28|          21|          21|
    |add_ln170_89_fu_12287_p2    |         +|   0|  0|   28|          21|          21|
    |add_ln170_8_fu_10510_p2     |         +|   0|  0|   28|          21|          21|
    |add_ln170_900_fu_26082_p2   |         +|   0|  0|   26|          19|          19|
    |add_ln170_901_fu_26091_p2   |         +|   0|  0|   28|          21|          21|
    |add_ln170_902_fu_26131_p2   |         +|   0|  0|   26|          19|          19|
    |add_ln170_903_fu_26140_p2   |         +|   0|  0|   28|          21|          21|
    |add_ln170_904_fu_26150_p2   |         +|   0|  0|   26|          19|          19|
    |add_ln170_905_fu_26159_p2   |         +|   0|  0|   28|          21|          21|
    |add_ln170_906_fu_26199_p2   |         +|   0|  0|   26|          19|          19|
    |add_ln170_907_fu_26208_p2   |         +|   0|  0|   28|          21|          21|
    |add_ln170_908_fu_26218_p2   |         +|   0|  0|   26|          19|          19|
    |add_ln170_909_fu_26227_p2   |         +|   0|  0|   28|          21|          21|
    |add_ln170_90_fu_12327_p2    |         +|   0|  0|   26|          19|          19|
    |add_ln170_910_fu_26267_p2   |         +|   0|  0|   26|          19|          19|
    |add_ln170_911_fu_26276_p2   |         +|   0|  0|   28|          21|          21|
    |add_ln170_912_fu_26286_p2   |         +|   0|  0|   26|          19|          19|
    |add_ln170_913_fu_26295_p2   |         +|   0|  0|   28|          21|          21|
    |add_ln170_914_fu_26335_p2   |         +|   0|  0|   26|          19|          19|
    |add_ln170_915_fu_26344_p2   |         +|   0|  0|   28|          21|          21|
    |add_ln170_916_fu_26354_p2   |         +|   0|  0|   26|          19|          19|
    |add_ln170_917_fu_26363_p2   |         +|   0|  0|   28|          21|          21|
    |add_ln170_918_fu_26403_p2   |         +|   0|  0|   26|          19|          19|
    |add_ln170_919_fu_26412_p2   |         +|   0|  0|   28|          21|          21|
    |add_ln170_91_fu_12336_p2    |         +|   0|  0|   28|          21|          21|
    |add_ln170_920_fu_26422_p2   |         +|   0|  0|   26|          19|          19|
    |add_ln170_921_fu_26431_p2   |         +|   0|  0|   28|          21|          21|
    |add_ln170_922_fu_26451_p2   |         +|   0|  0|   26|          19|          19|
    |add_ln170_923_fu_26460_p2   |         +|   0|  0|   28|          21|          21|
    |add_ln170_924_fu_26470_p2   |         +|   0|  0|   26|          19|          19|
    |add_ln170_925_fu_26479_p2   |         +|   0|  0|   28|          21|          21|
    |add_ln170_926_fu_26499_p2   |         +|   0|  0|   26|          19|          19|
    |add_ln170_927_fu_26508_p2   |         +|   0|  0|   28|          21|          21|
    |add_ln170_92_fu_12346_p2    |         +|   0|  0|   26|          19|          19|
    |add_ln170_93_fu_12355_p2    |         +|   0|  0|   28|          21|          21|
    |add_ln170_94_fu_12395_p2    |         +|   0|  0|   26|          19|          19|
    |add_ln170_95_fu_12404_p2    |         +|   0|  0|   28|          21|          21|
    |add_ln170_96_fu_12414_p2    |         +|   0|  0|   26|          19|          19|
    |add_ln170_97_fu_12423_p2    |         +|   0|  0|   28|          21|          21|
    |add_ln170_98_fu_12463_p2    |         +|   0|  0|   26|          19|          19|
    |add_ln170_99_fu_12472_p2    |         +|   0|  0|   28|          21|          21|
    |add_ln170_9_fu_10559_p2     |         +|   0|  0|   28|          21|          21|
    |add_ln170_fu_10247_p2       |         +|   0|  0|   28|          21|          21|
    |add_ln172_fu_10257_p2       |         +|   0|  0|   20|          13|          13|
    |empty_103_fu_10128_p2       |         -|   0|  0|   20|          13|          13|
    |empty_fu_9990_p2            |         -|   0|  0|   21|          14|          14|
    |p_mid13127_fu_10051_p2      |         -|   0|  0|   21|          14|          14|
    |p_mid13129_fu_10152_p2      |         -|   0|  0|   20|          13|          13|
    |sub_ln170_fu_10237_p2       |         -|   0|  0|   25|          18|          18|
    |icmp_ln162_fu_9996_p2       |      icmp|   0|  0|   12|          13|          13|
    |icmp_ln163_fu_10011_p2      |      icmp|   0|  0|   11|           8|           6|
    |or_ln162_10_fu_10462_p2     |        or|   0|  0|   14|          14|           4|
    |or_ln162_11_fu_10520_p2     |        or|   0|  0|   14|          14|           4|
    |or_ln162_12_fu_10530_p2     |        or|   0|  0|   14|          14|           4|
    |or_ln162_13_fu_10588_p2     |        or|   0|  0|   14|          14|           4|
    |or_ln162_14_fu_10598_p2     |        or|   0|  0|   14|          14|           4|
    |or_ln162_15_fu_10656_p2     |        or|   0|  0|   14|          14|           5|
    |or_ln162_16_fu_10666_p2     |        or|   0|  0|   14|          14|           5|
    |or_ln162_17_fu_10729_p2     |        or|   0|  0|   14|          14|           5|
    |or_ln162_18_fu_10739_p2     |        or|   0|  0|   14|          14|           5|
    |or_ln162_19_fu_10797_p2     |        or|   0|  0|   14|          14|           5|
    |or_ln162_1_fu_10165_p2      |        or|   0|  0|   14|          14|           2|
    |or_ln162_20_fu_10807_p2     |        or|   0|  0|   14|          14|           5|
    |or_ln162_21_fu_10865_p2     |        or|   0|  0|   14|          14|           5|
    |or_ln162_22_fu_10875_p2     |        or|   0|  0|   14|          14|           5|
    |or_ln162_23_fu_10933_p2     |        or|   0|  0|   14|          14|           5|
    |or_ln162_24_fu_10943_p2     |        or|   0|  0|   14|          14|           5|
    |or_ln162_25_fu_11001_p2     |        or|   0|  0|   14|          14|           5|
    |or_ln162_26_fu_11011_p2     |        or|   0|  0|   14|          14|           5|
    |or_ln162_27_fu_11069_p2     |        or|   0|  0|   14|          14|           5|
    |or_ln162_28_fu_11079_p2     |        or|   0|  0|   14|          14|           5|
    |or_ln162_29_fu_11137_p2     |        or|   0|  0|   14|          14|           5|
    |or_ln162_2_fu_10175_p2      |        or|   0|  0|   14|          14|           2|
    |or_ln162_30_fu_11147_p2     |        or|   0|  0|   14|          14|           5|
    |or_ln162_3_fu_10263_p2      |        or|   0|  0|   14|          14|           3|
    |or_ln162_4_fu_10273_p2      |        or|   0|  0|   14|          14|           3|
    |or_ln162_5_fu_10321_p2      |        or|   0|  0|   14|          14|           3|
    |or_ln162_6_fu_10331_p2      |        or|   0|  0|   14|          14|           3|
    |or_ln162_7_fu_10384_p2      |        or|   0|  0|   14|          14|           4|
    |or_ln162_8_fu_10394_p2      |        or|   0|  0|   14|          14|           4|
    |or_ln162_9_fu_10452_p2      |        or|   0|  0|   14|          14|           4|
    |or_ln162_fu_10070_p2        |        or|   0|  0|   14|          14|           1|
    |or_ln170_10_fu_10618_p2     |        or|   0|  0|   18|          18|           4|
    |or_ln170_11_fu_10637_p2     |        or|   0|  0|   18|          18|           4|
    |or_ln170_12_fu_10691_p2     |        or|   0|  0|   18|          18|           4|
    |or_ln170_13_fu_10710_p2     |        or|   0|  0|   18|          18|           4|
    |or_ln170_14_fu_10759_p2     |        or|   0|  0|   18|          18|           4|
    |or_ln170_15_fu_10778_p2     |        or|   0|  0|   18|          18|           5|
    |or_ln170_16_fu_10827_p2     |        or|   0|  0|   18|          18|           5|
    |or_ln170_17_fu_10846_p2     |        or|   0|  0|   18|          18|           5|
    |or_ln170_18_fu_10895_p2     |        or|   0|  0|   18|          18|           5|
    |or_ln170_19_fu_10914_p2     |        or|   0|  0|   18|          18|           5|
    |or_ln170_1_fu_10302_p2      |        or|   0|  0|   18|          18|           2|
    |or_ln170_20_fu_10963_p2     |        or|   0|  0|   18|          18|           5|
    |or_ln170_21_fu_10982_p2     |        or|   0|  0|   18|          18|           5|
    |or_ln170_22_fu_11031_p2     |        or|   0|  0|   18|          18|           5|
    |or_ln170_23_fu_11050_p2     |        or|   0|  0|   18|          18|           5|
    |or_ln170_24_fu_11099_p2     |        or|   0|  0|   18|          18|           5|
    |or_ln170_25_fu_11118_p2     |        or|   0|  0|   18|          18|           5|
    |or_ln170_26_fu_11167_p2     |        or|   0|  0|   18|          18|           5|
    |or_ln170_27_fu_11186_p2     |        or|   0|  0|   18|          18|           5|
    |or_ln170_28_fu_11235_p2     |        or|   0|  0|   18|          18|           5|
    |or_ln170_29_fu_11254_p2     |        or|   0|  0|   18|          18|           5|
    |or_ln170_2_fu_10346_p2      |        or|   0|  0|   18|          18|           2|
    |or_ln170_30_fu_11306_p2     |        or|   0|  0|   18|          18|           5|
    |or_ln170_3_fu_10365_p2      |        or|   0|  0|   18|          18|           3|
    |or_ln170_4_fu_10414_p2      |        or|   0|  0|   18|          18|           3|
    |or_ln170_5_fu_10433_p2      |        or|   0|  0|   18|          18|           3|
    |or_ln170_6_fu_10482_p2      |        or|   0|  0|   18|          18|           3|
    |or_ln170_7_fu_10501_p2      |        or|   0|  0|   18|          18|           4|
    |or_ln170_8_fu_10550_p2      |        or|   0|  0|   18|          18|           4|
    |or_ln170_9_fu_10569_p2      |        or|   0|  0|   18|          18|           4|
    |or_ln170_fu_10283_p2        |        or|   0|  0|   18|          18|           1|
    |select_ln162_1_fu_10158_p3  |    select|   0|  0|   12|           1|          13|
    |select_ln162_2_fu_10057_p3  |    select|   0|  0|   14|           1|          14|
    |select_ln162_3_fu_10081_p3  |    select|   0|  0|    5|           1|           5|
    |select_ln162_fu_10017_p3    |    select|   0|  0|    8|           1|           1|
    |ap_enable_pp0               |       xor|   0|  0|    2|           1|           2|
    +----------------------------+----------+----+---+-----+------------+------------+
    |Total                       |          |   0|  0|35778|       26031|       22710|
    +----------------------------+----------+----+---+-----+------------+------------+

    * Multiplexer: 
    +------------------------------------------+------+-----------+-----+-----------+
    |                   Name                   |  LUT | Input Size| Bits| Total Bits|
    +------------------------------------------+------+-----------+-----+-----------+
    |ap_NS_fsm                                 |  1286|        242|    1|        242|
    |ap_done_int                               |     9|          2|    1|          2|
    |ap_enable_reg_pp0_iter0                   |     9|          2|    1|          2|
    |ap_enable_reg_pp0_iter1                   |     9|          2|    1|          2|
    |ap_enable_reg_pp0_iter15                  |     9|          2|    1|          2|
    |ap_loop_exit_ready_pp0_iter10_reg         |     9|          2|    1|          2|
    |ap_loop_exit_ready_pp0_iter11_reg         |     9|          2|    1|          2|
    |ap_loop_exit_ready_pp0_iter12_reg         |     9|          2|    1|          2|
    |ap_loop_exit_ready_pp0_iter13_reg         |     9|          2|    1|          2|
    |ap_loop_exit_ready_pp0_iter14_reg         |     9|          2|    1|          2|
    |ap_loop_exit_ready_pp0_iter1_reg          |     9|          2|    1|          2|
    |ap_loop_exit_ready_pp0_iter2_reg          |     9|          2|    1|          2|
    |ap_loop_exit_ready_pp0_iter3_reg          |     9|          2|    1|          2|
    |ap_loop_exit_ready_pp0_iter4_reg          |     9|          2|    1|          2|
    |ap_loop_exit_ready_pp0_iter5_reg          |     9|          2|    1|          2|
    |ap_loop_exit_ready_pp0_iter6_reg          |     9|          2|    1|          2|
    |ap_loop_exit_ready_pp0_iter7_reg          |     9|          2|    1|          2|
    |ap_loop_exit_ready_pp0_iter8_reg          |     9|          2|    1|          2|
    |ap_loop_exit_ready_pp0_iter9_reg          |     9|          2|    1|          2|
    |ap_sig_allocacmp_indvar_flatten4089_load  |     9|          2|   13|         26|
    |ap_sig_allocacmp_od_load                  |     9|          2|    8|         16|
    |ap_sig_allocacmp_s_5                      |     9|          2|    5|         10|
    |grp_fu_9741_p0                            |    54|         10|   32|        320|
    |grp_fu_9741_p1                            |  1281|        241|   32|       7712|
    |grp_fu_9745_p0                            |    54|         10|   32|        320|
    |grp_fu_9745_p1                            |  1275|        240|   32|       7680|
    |grp_fu_9749_p0                            |    81|         17|   32|        544|
    |grp_fu_9749_p1                            |  1286|        242|   32|       7744|
    |grp_fu_9753_p0                            |    65|         14|   32|        448|
    |grp_fu_9753_p1                            |  1275|        240|   32|       7680|
    |indvar_flatten4089_fu_2006                |     9|          2|   13|         26|
    |mlp_buf_address0                          |  1281|        241|   14|       3374|
    |mlp_buf_address1                          |  1281|        241|   14|       3374|
    |od_fu_1998                                |     9|          2|    8|         16|
    |reg_9763                                  |     9|          2|   32|         64|
    |reg_9770                                  |     9|          2|   32|         64|
    |reg_9777                                  |     9|          2|   32|         64|
    |reg_9784                                  |     9|          2|   32|         64|
    |reg_9789                                  |     9|          2|   32|         64|
    |reg_9794                                  |     9|          2|   32|         64|
    |reg_9801                                  |     9|          2|   32|         64|
    |reg_9812                                  |     9|          2|   32|         64|
    |reg_9819                                  |     9|          2|   32|         64|
    |reg_9826                                  |     9|          2|   32|         64|
    |reg_9833                                  |     9|          2|   32|         64|
    |reg_9840                                  |     9|          2|   32|         64|
    |reg_9852                                  |     9|          2|   32|         64|
    |s_fu_2002                                 |     9|          2|    5|         10|
    |w_Addr_A_orig                             |  1286|        242|   32|       7744|
    |w_Addr_B_orig                             |  1281|        241|   32|       7712|
    +------------------------------------------+------+-----------+-----+-----------+
    |Total                                     | 12119|       2295|  835|      55866|
    +------------------------------------------+------+-----------+-----+-----------+

    * Register: 
    +--------------------------------------+-----+-----+-----+-----------+
    |                 Name                 |  FF | LUT | Bits| Const Bits|
    +--------------------------------------+-----+-----+-----+-----------+
    |acc_245_reg_37670                     |   32|    0|   32|          0|
    |add_ln162_1_reg_27070                 |    5|    0|    5|          0|
    |add_ln172_reg_27624                   |   13|    0|   13|          0|
    |ap_CS_fsm                             |  241|    0|  241|          0|
    |ap_done_reg                           |    1|    0|    1|          0|
    |ap_enable_reg_pp0_iter0_reg           |    1|    0|    1|          0|
    |ap_enable_reg_pp0_iter1               |    1|    0|    1|          0|
    |ap_enable_reg_pp0_iter10              |    1|    0|    1|          0|
    |ap_enable_reg_pp0_iter11              |    1|    0|    1|          0|
    |ap_enable_reg_pp0_iter12              |    1|    0|    1|          0|
    |ap_enable_reg_pp0_iter13              |    1|    0|    1|          0|
    |ap_enable_reg_pp0_iter14              |    1|    0|    1|          0|
    |ap_enable_reg_pp0_iter15              |    1|    0|    1|          0|
    |ap_enable_reg_pp0_iter2               |    1|    0|    1|          0|
    |ap_enable_reg_pp0_iter3               |    1|    0|    1|          0|
    |ap_enable_reg_pp0_iter4               |    1|    0|    1|          0|
    |ap_enable_reg_pp0_iter5               |    1|    0|    1|          0|
    |ap_enable_reg_pp0_iter6               |    1|    0|    1|          0|
    |ap_enable_reg_pp0_iter7               |    1|    0|    1|          0|
    |ap_enable_reg_pp0_iter8               |    1|    0|    1|          0|
    |ap_enable_reg_pp0_iter9               |    1|    0|    1|          0|
    |ap_loop_exit_ready_pp0_iter10_reg     |    1|    0|    1|          0|
    |ap_loop_exit_ready_pp0_iter11_reg     |    1|    0|    1|          0|
    |ap_loop_exit_ready_pp0_iter12_reg     |    1|    0|    1|          0|
    |ap_loop_exit_ready_pp0_iter13_reg     |    1|    0|    1|          0|
    |ap_loop_exit_ready_pp0_iter14_reg     |    1|    0|    1|          0|
    |ap_loop_exit_ready_pp0_iter1_reg      |    1|    0|    1|          0|
    |ap_loop_exit_ready_pp0_iter2_reg      |    1|    0|    1|          0|
    |ap_loop_exit_ready_pp0_iter3_reg      |    1|    0|    1|          0|
    |ap_loop_exit_ready_pp0_iter4_reg      |    1|    0|    1|          0|
    |ap_loop_exit_ready_pp0_iter5_reg      |    1|    0|    1|          0|
    |ap_loop_exit_ready_pp0_iter6_reg      |    1|    0|    1|          0|
    |ap_loop_exit_ready_pp0_iter7_reg      |    1|    0|    1|          0|
    |ap_loop_exit_ready_pp0_iter8_reg      |    1|    0|    1|          0|
    |ap_loop_exit_ready_pp0_iter9_reg      |    1|    0|    1|          0|
    |icmp_ln162_reg_27053                  |    1|    0|    1|          0|
    |icmp_ln163_reg_27057                  |    1|    0|    1|          0|
    |indvar_flatten4089_fu_2006            |   13|    0|   13|          0|
    |mlp_buf_load_475_reg_37445            |   32|    0|   32|          0|
    |mlp_buf_load_477_reg_37490            |   32|    0|   32|          0|
    |mlp_buf_load_478_reg_37535            |   32|    0|   32|          0|
    |mlp_buf_load_479_reg_37540            |   32|    0|   32|          0|
    |mul15_i_i_100_reg_30255               |   32|    0|   32|          0|
    |mul15_i_i_101_reg_30260               |   32|    0|   32|          0|
    |mul15_i_i_102_reg_30295               |   32|    0|   32|          0|
    |mul15_i_i_103_reg_30300               |   32|    0|   32|          0|
    |mul15_i_i_104_reg_30335               |   32|    0|   32|          0|
    |mul15_i_i_105_reg_30340               |   32|    0|   32|          0|
    |mul15_i_i_106_reg_30375               |   32|    0|   32|          0|
    |mul15_i_i_107_reg_30380               |   32|    0|   32|          0|
    |mul15_i_i_108_reg_30415               |   32|    0|   32|          0|
    |mul15_i_i_109_reg_30420               |   32|    0|   32|          0|
    |mul15_i_i_10_reg_28009                |   32|    0|   32|          0|
    |mul15_i_i_110_reg_30455               |   32|    0|   32|          0|
    |mul15_i_i_111_reg_30460               |   32|    0|   32|          0|
    |mul15_i_i_112_reg_30495               |   32|    0|   32|          0|
    |mul15_i_i_113_reg_30500               |   32|    0|   32|          0|
    |mul15_i_i_114_reg_30535               |   32|    0|   32|          0|
    |mul15_i_i_115_reg_30540               |   32|    0|   32|          0|
    |mul15_i_i_116_reg_30575               |   32|    0|   32|          0|
    |mul15_i_i_117_reg_30580               |   32|    0|   32|          0|
    |mul15_i_i_118_reg_30615               |   32|    0|   32|          0|
    |mul15_i_i_119_reg_30620               |   32|    0|   32|          0|
    |mul15_i_i_11_reg_28014                |   32|    0|   32|          0|
    |mul15_i_i_120_reg_30655               |   32|    0|   32|          0|
    |mul15_i_i_121_reg_30660               |   32|    0|   32|          0|
    |mul15_i_i_122_reg_30695               |   32|    0|   32|          0|
    |mul15_i_i_123_reg_30700               |   32|    0|   32|          0|
    |mul15_i_i_124_reg_30735               |   32|    0|   32|          0|
    |mul15_i_i_125_reg_30740               |   32|    0|   32|          0|
    |mul15_i_i_126_reg_30775               |   32|    0|   32|          0|
    |mul15_i_i_127_reg_30780               |   32|    0|   32|          0|
    |mul15_i_i_128_reg_30815               |   32|    0|   32|          0|
    |mul15_i_i_129_reg_30820               |   32|    0|   32|          0|
    |mul15_i_i_12_reg_28049                |   32|    0|   32|          0|
    |mul15_i_i_130_reg_30855               |   32|    0|   32|          0|
    |mul15_i_i_131_reg_30860               |   32|    0|   32|          0|
    |mul15_i_i_132_reg_30895               |   32|    0|   32|          0|
    |mul15_i_i_133_reg_30900               |   32|    0|   32|          0|
    |mul15_i_i_134_reg_30935               |   32|    0|   32|          0|
    |mul15_i_i_135_reg_30940               |   32|    0|   32|          0|
    |mul15_i_i_136_reg_30975               |   32|    0|   32|          0|
    |mul15_i_i_137_reg_30980               |   32|    0|   32|          0|
    |mul15_i_i_138_reg_31015               |   32|    0|   32|          0|
    |mul15_i_i_139_reg_31020               |   32|    0|   32|          0|
    |mul15_i_i_13_reg_28054                |   32|    0|   32|          0|
    |mul15_i_i_140_reg_31055               |   32|    0|   32|          0|
    |mul15_i_i_141_reg_31060               |   32|    0|   32|          0|
    |mul15_i_i_142_reg_31095               |   32|    0|   32|          0|
    |mul15_i_i_143_reg_31100               |   32|    0|   32|          0|
    |mul15_i_i_144_reg_31135               |   32|    0|   32|          0|
    |mul15_i_i_145_reg_31140               |   32|    0|   32|          0|
    |mul15_i_i_146_reg_31175               |   32|    0|   32|          0|
    |mul15_i_i_147_reg_31180               |   32|    0|   32|          0|
    |mul15_i_i_148_reg_31215               |   32|    0|   32|          0|
    |mul15_i_i_149_reg_31220               |   32|    0|   32|          0|
    |mul15_i_i_150_reg_31255               |   32|    0|   32|          0|
    |mul15_i_i_151_reg_31260               |   32|    0|   32|          0|
    |mul15_i_i_152_reg_31295               |   32|    0|   32|          0|
    |mul15_i_i_153_reg_31300               |   32|    0|   32|          0|
    |mul15_i_i_154_reg_31335               |   32|    0|   32|          0|
    |mul15_i_i_155_reg_31340               |   32|    0|   32|          0|
    |mul15_i_i_156_reg_31375               |   32|    0|   32|          0|
    |mul15_i_i_157_reg_31380               |   32|    0|   32|          0|
    |mul15_i_i_158_reg_31415               |   32|    0|   32|          0|
    |mul15_i_i_159_reg_31420               |   32|    0|   32|          0|
    |mul15_i_i_15_reg_28089                |   32|    0|   32|          0|
    |mul15_i_i_160_reg_31455               |   32|    0|   32|          0|
    |mul15_i_i_161_reg_31460               |   32|    0|   32|          0|
    |mul15_i_i_162_reg_31495               |   32|    0|   32|          0|
    |mul15_i_i_163_reg_31500               |   32|    0|   32|          0|
    |mul15_i_i_164_reg_31535               |   32|    0|   32|          0|
    |mul15_i_i_165_reg_31540               |   32|    0|   32|          0|
    |mul15_i_i_166_reg_31575               |   32|    0|   32|          0|
    |mul15_i_i_167_reg_31580               |   32|    0|   32|          0|
    |mul15_i_i_168_reg_31615               |   32|    0|   32|          0|
    |mul15_i_i_169_reg_31620               |   32|    0|   32|          0|
    |mul15_i_i_16_reg_28124                |   32|    0|   32|          0|
    |mul15_i_i_170_reg_31655               |   32|    0|   32|          0|
    |mul15_i_i_171_reg_31660               |   32|    0|   32|          0|
    |mul15_i_i_172_reg_31695               |   32|    0|   32|          0|
    |mul15_i_i_173_reg_31700               |   32|    0|   32|          0|
    |mul15_i_i_174_reg_31735               |   32|    0|   32|          0|
    |mul15_i_i_175_reg_31740               |   32|    0|   32|          0|
    |mul15_i_i_176_reg_31775               |   32|    0|   32|          0|
    |mul15_i_i_177_reg_31780               |   32|    0|   32|          0|
    |mul15_i_i_178_reg_31815               |   32|    0|   32|          0|
    |mul15_i_i_179_reg_31820               |   32|    0|   32|          0|
    |mul15_i_i_17_reg_28129                |   32|    0|   32|          0|
    |mul15_i_i_180_reg_31855               |   32|    0|   32|          0|
    |mul15_i_i_181_reg_31860               |   32|    0|   32|          0|
    |mul15_i_i_182_reg_31895               |   32|    0|   32|          0|
    |mul15_i_i_183_reg_31900               |   32|    0|   32|          0|
    |mul15_i_i_184_reg_31935               |   32|    0|   32|          0|
    |mul15_i_i_185_reg_31940               |   32|    0|   32|          0|
    |mul15_i_i_186_reg_31975               |   32|    0|   32|          0|
    |mul15_i_i_187_reg_31980               |   32|    0|   32|          0|
    |mul15_i_i_188_reg_32015               |   32|    0|   32|          0|
    |mul15_i_i_189_reg_32020               |   32|    0|   32|          0|
    |mul15_i_i_18_reg_28615                |   32|    0|   32|          0|
    |mul15_i_i_190_reg_32055               |   32|    0|   32|          0|
    |mul15_i_i_191_reg_32060               |   32|    0|   32|          0|
    |mul15_i_i_192_reg_32095               |   32|    0|   32|          0|
    |mul15_i_i_193_reg_32100               |   32|    0|   32|          0|
    |mul15_i_i_194_reg_32135               |   32|    0|   32|          0|
    |mul15_i_i_195_reg_32140               |   32|    0|   32|          0|
    |mul15_i_i_196_reg_32175               |   32|    0|   32|          0|
    |mul15_i_i_197_reg_32180               |   32|    0|   32|          0|
    |mul15_i_i_198_reg_32215               |   32|    0|   32|          0|
    |mul15_i_i_199_reg_32220               |   32|    0|   32|          0|
    |mul15_i_i_19_reg_28620                |   32|    0|   32|          0|
    |mul15_i_i_1_reg_27809                 |   32|    0|   32|          0|
    |mul15_i_i_200_reg_32255               |   32|    0|   32|          0|
    |mul15_i_i_201_reg_32260               |   32|    0|   32|          0|
    |mul15_i_i_202_reg_32295               |   32|    0|   32|          0|
    |mul15_i_i_203_reg_32300               |   32|    0|   32|          0|
    |mul15_i_i_204_reg_32335               |   32|    0|   32|          0|
    |mul15_i_i_205_reg_32340               |   32|    0|   32|          0|
    |mul15_i_i_206_reg_32375               |   32|    0|   32|          0|
    |mul15_i_i_207_reg_32380               |   32|    0|   32|          0|
    |mul15_i_i_208_reg_32415               |   32|    0|   32|          0|
    |mul15_i_i_209_reg_32420               |   32|    0|   32|          0|
    |mul15_i_i_20_reg_28655                |   32|    0|   32|          0|
    |mul15_i_i_210_reg_32455               |   32|    0|   32|          0|
    |mul15_i_i_211_reg_32460               |   32|    0|   32|          0|
    |mul15_i_i_212_reg_32495               |   32|    0|   32|          0|
    |mul15_i_i_213_reg_32500               |   32|    0|   32|          0|
    |mul15_i_i_214_reg_32535               |   32|    0|   32|          0|
    |mul15_i_i_215_reg_32540               |   32|    0|   32|          0|
    |mul15_i_i_216_reg_32575               |   32|    0|   32|          0|
    |mul15_i_i_217_reg_32580               |   32|    0|   32|          0|
    |mul15_i_i_218_reg_32615               |   32|    0|   32|          0|
    |mul15_i_i_219_reg_32620               |   32|    0|   32|          0|
    |mul15_i_i_21_reg_28660                |   32|    0|   32|          0|
    |mul15_i_i_220_reg_32655               |   32|    0|   32|          0|
    |mul15_i_i_221_reg_32660               |   32|    0|   32|          0|
    |mul15_i_i_222_reg_32695               |   32|    0|   32|          0|
    |mul15_i_i_223_reg_32700               |   32|    0|   32|          0|
    |mul15_i_i_224_reg_32735               |   32|    0|   32|          0|
    |mul15_i_i_225_reg_32740               |   32|    0|   32|          0|
    |mul15_i_i_226_reg_32775               |   32|    0|   32|          0|
    |mul15_i_i_227_reg_32780               |   32|    0|   32|          0|
    |mul15_i_i_228_reg_32815               |   32|    0|   32|          0|
    |mul15_i_i_229_reg_32820               |   32|    0|   32|          0|
    |mul15_i_i_22_reg_28695                |   32|    0|   32|          0|
    |mul15_i_i_230_reg_32855               |   32|    0|   32|          0|
    |mul15_i_i_231_reg_32860               |   32|    0|   32|          0|
    |mul15_i_i_232_reg_32895               |   32|    0|   32|          0|
    |mul15_i_i_233_reg_32900               |   32|    0|   32|          0|
    |mul15_i_i_234_reg_32935               |   32|    0|   32|          0|
    |mul15_i_i_235_reg_32940               |   32|    0|   32|          0|
    |mul15_i_i_236_reg_32975               |   32|    0|   32|          0|
    |mul15_i_i_237_reg_32980               |   32|    0|   32|          0|
    |mul15_i_i_238_reg_33015               |   32|    0|   32|          0|
    |mul15_i_i_239_reg_33020               |   32|    0|   32|          0|
    |mul15_i_i_23_reg_28700                |   32|    0|   32|          0|
    |mul15_i_i_240_reg_33055               |   32|    0|   32|          0|
    |mul15_i_i_241_reg_33060               |   32|    0|   32|          0|
    |mul15_i_i_242_reg_33095               |   32|    0|   32|          0|
    |mul15_i_i_243_reg_33100               |   32|    0|   32|          0|
    |mul15_i_i_244_reg_33135               |   32|    0|   32|          0|
    |mul15_i_i_245_reg_33140               |   32|    0|   32|          0|
    |mul15_i_i_246_reg_33175               |   32|    0|   32|          0|
    |mul15_i_i_247_reg_33180               |   32|    0|   32|          0|
    |mul15_i_i_248_reg_33215               |   32|    0|   32|          0|
    |mul15_i_i_249_reg_33220               |   32|    0|   32|          0|
    |mul15_i_i_24_reg_28735                |   32|    0|   32|          0|
    |mul15_i_i_250_reg_33255               |   32|    0|   32|          0|
    |mul15_i_i_251_reg_33260               |   32|    0|   32|          0|
    |mul15_i_i_252_reg_33295               |   32|    0|   32|          0|
    |mul15_i_i_253_reg_33300               |   32|    0|   32|          0|
    |mul15_i_i_254_reg_33335               |   32|    0|   32|          0|
    |mul15_i_i_255_reg_33340               |   32|    0|   32|          0|
    |mul15_i_i_256_reg_33375               |   32|    0|   32|          0|
    |mul15_i_i_257_reg_33380               |   32|    0|   32|          0|
    |mul15_i_i_258_reg_33415               |   32|    0|   32|          0|
    |mul15_i_i_259_reg_33420               |   32|    0|   32|          0|
    |mul15_i_i_25_reg_28740                |   32|    0|   32|          0|
    |mul15_i_i_260_reg_33455               |   32|    0|   32|          0|
    |mul15_i_i_261_reg_33460               |   32|    0|   32|          0|
    |mul15_i_i_262_reg_33495               |   32|    0|   32|          0|
    |mul15_i_i_263_reg_33500               |   32|    0|   32|          0|
    |mul15_i_i_264_reg_33535               |   32|    0|   32|          0|
    |mul15_i_i_265_reg_33540               |   32|    0|   32|          0|
    |mul15_i_i_266_reg_33575               |   32|    0|   32|          0|
    |mul15_i_i_267_reg_33580               |   32|    0|   32|          0|
    |mul15_i_i_268_reg_33615               |   32|    0|   32|          0|
    |mul15_i_i_269_reg_33620               |   32|    0|   32|          0|
    |mul15_i_i_26_reg_28775                |   32|    0|   32|          0|
    |mul15_i_i_270_reg_33655               |   32|    0|   32|          0|
    |mul15_i_i_271_reg_33660               |   32|    0|   32|          0|
    |mul15_i_i_272_reg_33695               |   32|    0|   32|          0|
    |mul15_i_i_273_reg_33700               |   32|    0|   32|          0|
    |mul15_i_i_274_reg_33735               |   32|    0|   32|          0|
    |mul15_i_i_275_reg_33740               |   32|    0|   32|          0|
    |mul15_i_i_276_reg_33775               |   32|    0|   32|          0|
    |mul15_i_i_277_reg_33780               |   32|    0|   32|          0|
    |mul15_i_i_278_reg_33815               |   32|    0|   32|          0|
    |mul15_i_i_279_reg_33820               |   32|    0|   32|          0|
    |mul15_i_i_27_reg_28780                |   32|    0|   32|          0|
    |mul15_i_i_280_reg_33855               |   32|    0|   32|          0|
    |mul15_i_i_281_reg_33860               |   32|    0|   32|          0|
    |mul15_i_i_282_reg_33895               |   32|    0|   32|          0|
    |mul15_i_i_283_reg_33900               |   32|    0|   32|          0|
    |mul15_i_i_284_reg_33935               |   32|    0|   32|          0|
    |mul15_i_i_285_reg_33940               |   32|    0|   32|          0|
    |mul15_i_i_286_reg_33975               |   32|    0|   32|          0|
    |mul15_i_i_287_reg_33980               |   32|    0|   32|          0|
    |mul15_i_i_288_reg_34015               |   32|    0|   32|          0|
    |mul15_i_i_289_reg_34020               |   32|    0|   32|          0|
    |mul15_i_i_28_reg_28815                |   32|    0|   32|          0|
    |mul15_i_i_290_reg_34055               |   32|    0|   32|          0|
    |mul15_i_i_291_reg_34060               |   32|    0|   32|          0|
    |mul15_i_i_292_reg_34095               |   32|    0|   32|          0|
    |mul15_i_i_293_reg_34100               |   32|    0|   32|          0|
    |mul15_i_i_294_reg_34135               |   32|    0|   32|          0|
    |mul15_i_i_295_reg_34140               |   32|    0|   32|          0|
    |mul15_i_i_296_reg_34175               |   32|    0|   32|          0|
    |mul15_i_i_297_reg_34180               |   32|    0|   32|          0|
    |mul15_i_i_298_reg_34215               |   32|    0|   32|          0|
    |mul15_i_i_299_reg_34220               |   32|    0|   32|          0|
    |mul15_i_i_29_reg_28820                |   32|    0|   32|          0|
    |mul15_i_i_2_reg_27814                 |   32|    0|   32|          0|
    |mul15_i_i_300_reg_34255               |   32|    0|   32|          0|
    |mul15_i_i_301_reg_34260               |   32|    0|   32|          0|
    |mul15_i_i_302_reg_34295               |   32|    0|   32|          0|
    |mul15_i_i_303_reg_34300               |   32|    0|   32|          0|
    |mul15_i_i_304_reg_34335               |   32|    0|   32|          0|
    |mul15_i_i_305_reg_34340               |   32|    0|   32|          0|
    |mul15_i_i_306_reg_34375               |   32|    0|   32|          0|
    |mul15_i_i_307_reg_34380               |   32|    0|   32|          0|
    |mul15_i_i_308_reg_34415               |   32|    0|   32|          0|
    |mul15_i_i_309_reg_34420               |   32|    0|   32|          0|
    |mul15_i_i_30_reg_28855                |   32|    0|   32|          0|
    |mul15_i_i_310_reg_34455               |   32|    0|   32|          0|
    |mul15_i_i_311_reg_34460               |   32|    0|   32|          0|
    |mul15_i_i_312_reg_34495               |   32|    0|   32|          0|
    |mul15_i_i_313_reg_34500               |   32|    0|   32|          0|
    |mul15_i_i_314_reg_34535               |   32|    0|   32|          0|
    |mul15_i_i_315_reg_34540               |   32|    0|   32|          0|
    |mul15_i_i_316_reg_34575               |   32|    0|   32|          0|
    |mul15_i_i_317_reg_34580               |   32|    0|   32|          0|
    |mul15_i_i_318_reg_34615               |   32|    0|   32|          0|
    |mul15_i_i_319_reg_34620               |   32|    0|   32|          0|
    |mul15_i_i_31_reg_28860                |   32|    0|   32|          0|
    |mul15_i_i_320_reg_34655               |   32|    0|   32|          0|
    |mul15_i_i_321_reg_34660               |   32|    0|   32|          0|
    |mul15_i_i_322_reg_34695               |   32|    0|   32|          0|
    |mul15_i_i_323_reg_34700               |   32|    0|   32|          0|
    |mul15_i_i_324_reg_34735               |   32|    0|   32|          0|
    |mul15_i_i_325_reg_34740               |   32|    0|   32|          0|
    |mul15_i_i_326_reg_34775               |   32|    0|   32|          0|
    |mul15_i_i_327_reg_34780               |   32|    0|   32|          0|
    |mul15_i_i_328_reg_34815               |   32|    0|   32|          0|
    |mul15_i_i_329_reg_34820               |   32|    0|   32|          0|
    |mul15_i_i_32_reg_28895                |   32|    0|   32|          0|
    |mul15_i_i_32_reg_28895_pp0_iter1_reg  |   32|    0|   32|          0|
    |mul15_i_i_330_reg_34855               |   32|    0|   32|          0|
    |mul15_i_i_331_reg_34860               |   32|    0|   32|          0|
    |mul15_i_i_332_reg_34895               |   32|    0|   32|          0|
    |mul15_i_i_333_reg_34900               |   32|    0|   32|          0|
    |mul15_i_i_334_reg_34935               |   32|    0|   32|          0|
    |mul15_i_i_335_reg_34940               |   32|    0|   32|          0|
    |mul15_i_i_336_reg_34975               |   32|    0|   32|          0|
    |mul15_i_i_337_reg_34980               |   32|    0|   32|          0|
    |mul15_i_i_338_reg_35015               |   32|    0|   32|          0|
    |mul15_i_i_339_reg_35020               |   32|    0|   32|          0|
    |mul15_i_i_33_reg_28900                |   32|    0|   32|          0|
    |mul15_i_i_33_reg_28900_pp0_iter1_reg  |   32|    0|   32|          0|
    |mul15_i_i_340_reg_35055               |   32|    0|   32|          0|
    |mul15_i_i_341_reg_35060               |   32|    0|   32|          0|
    |mul15_i_i_342_reg_35095               |   32|    0|   32|          0|
    |mul15_i_i_343_reg_35100               |   32|    0|   32|          0|
    |mul15_i_i_344_reg_35135               |   32|    0|   32|          0|
    |mul15_i_i_345_reg_35140               |   32|    0|   32|          0|
    |mul15_i_i_346_reg_35175               |   32|    0|   32|          0|
    |mul15_i_i_347_reg_35180               |   32|    0|   32|          0|
    |mul15_i_i_348_reg_35215               |   32|    0|   32|          0|
    |mul15_i_i_349_reg_35220               |   32|    0|   32|          0|
    |mul15_i_i_34_reg_28935                |   32|    0|   32|          0|
    |mul15_i_i_34_reg_28935_pp0_iter1_reg  |   32|    0|   32|          0|
    |mul15_i_i_350_reg_35255               |   32|    0|   32|          0|
    |mul15_i_i_351_reg_35260               |   32|    0|   32|          0|
    |mul15_i_i_352_reg_35295               |   32|    0|   32|          0|
    |mul15_i_i_353_reg_35300               |   32|    0|   32|          0|
    |mul15_i_i_354_reg_35335               |   32|    0|   32|          0|
    |mul15_i_i_355_reg_35340               |   32|    0|   32|          0|
    |mul15_i_i_356_reg_35375               |   32|    0|   32|          0|
    |mul15_i_i_357_reg_35380               |   32|    0|   32|          0|
    |mul15_i_i_358_reg_35415               |   32|    0|   32|          0|
    |mul15_i_i_359_reg_35420               |   32|    0|   32|          0|
    |mul15_i_i_35_reg_28940                |   32|    0|   32|          0|
    |mul15_i_i_35_reg_28940_pp0_iter1_reg  |   32|    0|   32|          0|
    |mul15_i_i_360_reg_35455               |   32|    0|   32|          0|
    |mul15_i_i_361_reg_35460               |   32|    0|   32|          0|
    |mul15_i_i_362_reg_35495               |   32|    0|   32|          0|
    |mul15_i_i_363_reg_35500               |   32|    0|   32|          0|
    |mul15_i_i_364_reg_35535               |   32|    0|   32|          0|
    |mul15_i_i_365_reg_35540               |   32|    0|   32|          0|
    |mul15_i_i_366_reg_35575               |   32|    0|   32|          0|
    |mul15_i_i_367_reg_35580               |   32|    0|   32|          0|
    |mul15_i_i_368_reg_35615               |   32|    0|   32|          0|
    |mul15_i_i_369_reg_35620               |   32|    0|   32|          0|
    |mul15_i_i_36_reg_28975                |   32|    0|   32|          0|
    |mul15_i_i_36_reg_28975_pp0_iter1_reg  |   32|    0|   32|          0|
    |mul15_i_i_370_reg_35655               |   32|    0|   32|          0|
    |mul15_i_i_371_reg_35660               |   32|    0|   32|          0|
    |mul15_i_i_372_reg_35695               |   32|    0|   32|          0|
    |mul15_i_i_373_reg_35700               |   32|    0|   32|          0|
    |mul15_i_i_374_reg_35735               |   32|    0|   32|          0|
    |mul15_i_i_375_reg_35740               |   32|    0|   32|          0|
    |mul15_i_i_376_reg_35775               |   32|    0|   32|          0|
    |mul15_i_i_377_reg_35780               |   32|    0|   32|          0|
    |mul15_i_i_378_reg_35815               |   32|    0|   32|          0|
    |mul15_i_i_379_reg_35820               |   32|    0|   32|          0|
    |mul15_i_i_37_reg_28980                |   32|    0|   32|          0|
    |mul15_i_i_37_reg_28980_pp0_iter1_reg  |   32|    0|   32|          0|
    |mul15_i_i_380_reg_35855               |   32|    0|   32|          0|
    |mul15_i_i_381_reg_35860               |   32|    0|   32|          0|
    |mul15_i_i_382_reg_35895               |   32|    0|   32|          0|
    |mul15_i_i_383_reg_35900               |   32|    0|   32|          0|
    |mul15_i_i_384_reg_35935               |   32|    0|   32|          0|
    |mul15_i_i_385_reg_35940               |   32|    0|   32|          0|
    |mul15_i_i_386_reg_35975               |   32|    0|   32|          0|
    |mul15_i_i_387_reg_35980               |   32|    0|   32|          0|
    |mul15_i_i_388_reg_36015               |   32|    0|   32|          0|
    |mul15_i_i_389_reg_36020               |   32|    0|   32|          0|
    |mul15_i_i_38_reg_29015                |   32|    0|   32|          0|
    |mul15_i_i_38_reg_29015_pp0_iter1_reg  |   32|    0|   32|          0|
    |mul15_i_i_390_reg_36055               |   32|    0|   32|          0|
    |mul15_i_i_391_reg_36060               |   32|    0|   32|          0|
    |mul15_i_i_392_reg_36095               |   32|    0|   32|          0|
    |mul15_i_i_393_reg_36100               |   32|    0|   32|          0|
    |mul15_i_i_394_reg_36135               |   32|    0|   32|          0|
    |mul15_i_i_395_reg_36140               |   32|    0|   32|          0|
    |mul15_i_i_396_reg_36175               |   32|    0|   32|          0|
    |mul15_i_i_397_reg_36180               |   32|    0|   32|          0|
    |mul15_i_i_398_reg_36215               |   32|    0|   32|          0|
    |mul15_i_i_399_reg_36220               |   32|    0|   32|          0|
    |mul15_i_i_39_reg_29020                |   32|    0|   32|          0|
    |mul15_i_i_39_reg_29020_pp0_iter1_reg  |   32|    0|   32|          0|
    |mul15_i_i_3_reg_27849                 |   32|    0|   32|          0|
    |mul15_i_i_400_reg_36255               |   32|    0|   32|          0|
    |mul15_i_i_401_reg_36260               |   32|    0|   32|          0|
    |mul15_i_i_402_reg_36295               |   32|    0|   32|          0|
    |mul15_i_i_403_reg_36300               |   32|    0|   32|          0|
    |mul15_i_i_404_reg_36335               |   32|    0|   32|          0|
    |mul15_i_i_405_reg_36340               |   32|    0|   32|          0|
    |mul15_i_i_406_reg_36375               |   32|    0|   32|          0|
    |mul15_i_i_407_reg_36380               |   32|    0|   32|          0|
    |mul15_i_i_408_reg_36415               |   32|    0|   32|          0|
    |mul15_i_i_409_reg_36420               |   32|    0|   32|          0|
    |mul15_i_i_40_reg_29055                |   32|    0|   32|          0|
    |mul15_i_i_40_reg_29055_pp0_iter1_reg  |   32|    0|   32|          0|
    |mul15_i_i_410_reg_36455               |   32|    0|   32|          0|
    |mul15_i_i_411_reg_36460               |   32|    0|   32|          0|
    |mul15_i_i_412_reg_36495               |   32|    0|   32|          0|
    |mul15_i_i_413_reg_36500               |   32|    0|   32|          0|
    |mul15_i_i_414_reg_36535               |   32|    0|   32|          0|
    |mul15_i_i_415_reg_36540               |   32|    0|   32|          0|
    |mul15_i_i_416_reg_36575               |   32|    0|   32|          0|
    |mul15_i_i_417_reg_36580               |   32|    0|   32|          0|
    |mul15_i_i_418_reg_36615               |   32|    0|   32|          0|
    |mul15_i_i_419_reg_36620               |   32|    0|   32|          0|
    |mul15_i_i_41_reg_29060                |   32|    0|   32|          0|
    |mul15_i_i_41_reg_29060_pp0_iter1_reg  |   32|    0|   32|          0|
    |mul15_i_i_420_reg_36655               |   32|    0|   32|          0|
    |mul15_i_i_421_reg_36660               |   32|    0|   32|          0|
    |mul15_i_i_422_reg_36695               |   32|    0|   32|          0|
    |mul15_i_i_423_reg_36700               |   32|    0|   32|          0|
    |mul15_i_i_424_reg_36735               |   32|    0|   32|          0|
    |mul15_i_i_425_reg_36740               |   32|    0|   32|          0|
    |mul15_i_i_426_reg_36775               |   32|    0|   32|          0|
    |mul15_i_i_427_reg_36780               |   32|    0|   32|          0|
    |mul15_i_i_428_reg_36815               |   32|    0|   32|          0|
    |mul15_i_i_429_reg_36820               |   32|    0|   32|          0|
    |mul15_i_i_42_reg_29095                |   32|    0|   32|          0|
    |mul15_i_i_42_reg_29095_pp0_iter1_reg  |   32|    0|   32|          0|
    |mul15_i_i_430_reg_36855               |   32|    0|   32|          0|
    |mul15_i_i_431_reg_36860               |   32|    0|   32|          0|
    |mul15_i_i_432_reg_36895               |   32|    0|   32|          0|
    |mul15_i_i_433_reg_36900               |   32|    0|   32|          0|
    |mul15_i_i_434_reg_36935               |   32|    0|   32|          0|
    |mul15_i_i_435_reg_36940               |   32|    0|   32|          0|
    |mul15_i_i_436_reg_36975               |   32|    0|   32|          0|
    |mul15_i_i_437_reg_36980               |   32|    0|   32|          0|
    |mul15_i_i_438_reg_37015               |   32|    0|   32|          0|
    |mul15_i_i_439_reg_37020               |   32|    0|   32|          0|
    |mul15_i_i_43_reg_29100                |   32|    0|   32|          0|
    |mul15_i_i_43_reg_29100_pp0_iter1_reg  |   32|    0|   32|          0|
    |mul15_i_i_440_reg_37055               |   32|    0|   32|          0|
    |mul15_i_i_441_reg_37060               |   32|    0|   32|          0|
    |mul15_i_i_442_reg_37095               |   32|    0|   32|          0|
    |mul15_i_i_443_reg_37100               |   32|    0|   32|          0|
    |mul15_i_i_444_reg_37135               |   32|    0|   32|          0|
    |mul15_i_i_445_reg_37140               |   32|    0|   32|          0|
    |mul15_i_i_446_reg_37175               |   32|    0|   32|          0|
    |mul15_i_i_447_reg_37180               |   32|    0|   32|          0|
    |mul15_i_i_448_reg_37215               |   32|    0|   32|          0|
    |mul15_i_i_449_reg_37220               |   32|    0|   32|          0|
    |mul15_i_i_44_reg_29135                |   32|    0|   32|          0|
    |mul15_i_i_44_reg_29135_pp0_iter1_reg  |   32|    0|   32|          0|
    |mul15_i_i_450_reg_37255               |   32|    0|   32|          0|
    |mul15_i_i_451_reg_37260               |   32|    0|   32|          0|
    |mul15_i_i_452_reg_37295               |   32|    0|   32|          0|
    |mul15_i_i_453_reg_37300               |   32|    0|   32|          0|
    |mul15_i_i_454_reg_37335               |   32|    0|   32|          0|
    |mul15_i_i_455_reg_37340               |   32|    0|   32|          0|
    |mul15_i_i_456_reg_37375               |   32|    0|   32|          0|
    |mul15_i_i_457_reg_37380               |   32|    0|   32|          0|
    |mul15_i_i_458_reg_37415               |   32|    0|   32|          0|
    |mul15_i_i_459_reg_37420               |   32|    0|   32|          0|
    |mul15_i_i_45_reg_29140                |   32|    0|   32|          0|
    |mul15_i_i_45_reg_29140_pp0_iter1_reg  |   32|    0|   32|          0|
    |mul15_i_i_460_reg_37460               |   32|    0|   32|          0|
    |mul15_i_i_461_reg_37465               |   32|    0|   32|          0|
    |mul15_i_i_462_reg_37505               |   32|    0|   32|          0|
    |mul15_i_i_463_reg_37510               |   32|    0|   32|          0|
    |mul15_i_i_464_reg_37545               |   32|    0|   32|          0|
    |mul15_i_i_465_reg_37550               |   32|    0|   32|          0|
    |mul15_i_i_466_reg_37575               |   32|    0|   32|          0|
    |mul15_i_i_467_reg_37580               |   32|    0|   32|          0|
    |mul15_i_i_468_reg_37600               |   32|    0|   32|          0|
    |mul15_i_i_469_reg_37605               |   32|    0|   32|          0|
    |mul15_i_i_46_reg_29175                |   32|    0|   32|          0|
    |mul15_i_i_46_reg_29175_pp0_iter1_reg  |   32|    0|   32|          0|
    |mul15_i_i_470_reg_37620               |   32|    0|   32|          0|
    |mul15_i_i_471_reg_37625               |   32|    0|   32|          0|
    |mul15_i_i_472_reg_37635               |   32|    0|   32|          0|
    |mul15_i_i_473_reg_37640               |   32|    0|   32|          0|
    |mul15_i_i_474_reg_37645               |   32|    0|   32|          0|
    |mul15_i_i_475_reg_37650               |   32|    0|   32|          0|
    |mul15_i_i_476_reg_37655               |   32|    0|   32|          0|
    |mul15_i_i_477_reg_37660               |   32|    0|   32|          0|
    |mul15_i_i_478_reg_37665               |   32|    0|   32|          0|
    |mul15_i_i_47_reg_29180                |   32|    0|   32|          0|
    |mul15_i_i_47_reg_29180_pp0_iter1_reg  |   32|    0|   32|          0|
    |mul15_i_i_48_reg_29215                |   32|    0|   32|          0|
    |mul15_i_i_48_reg_29215_pp0_iter1_reg  |   32|    0|   32|          0|
    |mul15_i_i_49_reg_29220                |   32|    0|   32|          0|
    |mul15_i_i_49_reg_29220_pp0_iter1_reg  |   32|    0|   32|          0|
    |mul15_i_i_4_reg_27854                 |   32|    0|   32|          0|
    |mul15_i_i_50_reg_29255                |   32|    0|   32|          0|
    |mul15_i_i_50_reg_29255_pp0_iter1_reg  |   32|    0|   32|          0|
    |mul15_i_i_51_reg_29260                |   32|    0|   32|          0|
    |mul15_i_i_51_reg_29260_pp0_iter1_reg  |   32|    0|   32|          0|
    |mul15_i_i_52_reg_29295                |   32|    0|   32|          0|
    |mul15_i_i_52_reg_29295_pp0_iter1_reg  |   32|    0|   32|          0|
    |mul15_i_i_53_reg_29300                |   32|    0|   32|          0|
    |mul15_i_i_53_reg_29300_pp0_iter1_reg  |   32|    0|   32|          0|
    |mul15_i_i_54_reg_29335                |   32|    0|   32|          0|
    |mul15_i_i_54_reg_29335_pp0_iter1_reg  |   32|    0|   32|          0|
    |mul15_i_i_55_reg_29340                |   32|    0|   32|          0|
    |mul15_i_i_55_reg_29340_pp0_iter1_reg  |   32|    0|   32|          0|
    |mul15_i_i_56_reg_29375                |   32|    0|   32|          0|
    |mul15_i_i_56_reg_29375_pp0_iter1_reg  |   32|    0|   32|          0|
    |mul15_i_i_57_reg_29380                |   32|    0|   32|          0|
    |mul15_i_i_57_reg_29380_pp0_iter1_reg  |   32|    0|   32|          0|
    |mul15_i_i_58_reg_29415                |   32|    0|   32|          0|
    |mul15_i_i_58_reg_29415_pp0_iter1_reg  |   32|    0|   32|          0|
    |mul15_i_i_59_reg_29420                |   32|    0|   32|          0|
    |mul15_i_i_59_reg_29420_pp0_iter1_reg  |   32|    0|   32|          0|
    |mul15_i_i_5_reg_27889                 |   32|    0|   32|          0|
    |mul15_i_i_60_reg_29455                |   32|    0|   32|          0|
    |mul15_i_i_60_reg_29455_pp0_iter1_reg  |   32|    0|   32|          0|
    |mul15_i_i_61_reg_29460                |   32|    0|   32|          0|
    |mul15_i_i_61_reg_29460_pp0_iter1_reg  |   32|    0|   32|          0|
    |mul15_i_i_62_reg_29495                |   32|    0|   32|          0|
    |mul15_i_i_62_reg_29495_pp0_iter1_reg  |   32|    0|   32|          0|
    |mul15_i_i_63_reg_29500                |   32|    0|   32|          0|
    |mul15_i_i_64_reg_29535                |   32|    0|   32|          0|
    |mul15_i_i_65_reg_29540                |   32|    0|   32|          0|
    |mul15_i_i_66_reg_29575                |   32|    0|   32|          0|
    |mul15_i_i_67_reg_29580                |   32|    0|   32|          0|
    |mul15_i_i_68_reg_29615                |   32|    0|   32|          0|
    |mul15_i_i_69_reg_29620                |   32|    0|   32|          0|
    |mul15_i_i_6_reg_27894                 |   32|    0|   32|          0|
    |mul15_i_i_70_reg_29655                |   32|    0|   32|          0|
    |mul15_i_i_71_reg_29660                |   32|    0|   32|          0|
    |mul15_i_i_72_reg_29695                |   32|    0|   32|          0|
    |mul15_i_i_73_reg_29700                |   32|    0|   32|          0|
    |mul15_i_i_74_reg_29735                |   32|    0|   32|          0|
    |mul15_i_i_75_reg_29740                |   32|    0|   32|          0|
    |mul15_i_i_76_reg_29775                |   32|    0|   32|          0|
    |mul15_i_i_77_reg_29780                |   32|    0|   32|          0|
    |mul15_i_i_78_reg_29815                |   32|    0|   32|          0|
    |mul15_i_i_79_reg_29820                |   32|    0|   32|          0|
    |mul15_i_i_7_reg_27929                 |   32|    0|   32|          0|
    |mul15_i_i_80_reg_29855                |   32|    0|   32|          0|
    |mul15_i_i_81_reg_29860                |   32|    0|   32|          0|
    |mul15_i_i_82_reg_29895                |   32|    0|   32|          0|
    |mul15_i_i_83_reg_29900                |   32|    0|   32|          0|
    |mul15_i_i_84_reg_29935                |   32|    0|   32|          0|
    |mul15_i_i_85_reg_29940                |   32|    0|   32|          0|
    |mul15_i_i_86_reg_29975                |   32|    0|   32|          0|
    |mul15_i_i_87_reg_29980                |   32|    0|   32|          0|
    |mul15_i_i_88_reg_30015                |   32|    0|   32|          0|
    |mul15_i_i_89_reg_30020                |   32|    0|   32|          0|
    |mul15_i_i_8_reg_27934                 |   32|    0|   32|          0|
    |mul15_i_i_90_reg_30055                |   32|    0|   32|          0|
    |mul15_i_i_91_reg_30060                |   32|    0|   32|          0|
    |mul15_i_i_92_reg_30095                |   32|    0|   32|          0|
    |mul15_i_i_93_reg_30100                |   32|    0|   32|          0|
    |mul15_i_i_94_reg_30135                |   32|    0|   32|          0|
    |mul15_i_i_95_reg_30140                |   32|    0|   32|          0|
    |mul15_i_i_96_reg_30175                |   32|    0|   32|          0|
    |mul15_i_i_97_reg_30180                |   32|    0|   32|          0|
    |mul15_i_i_98_reg_30215                |   32|    0|   32|          0|
    |mul15_i_i_99_reg_30220                |   32|    0|   32|          0|
    |mul15_i_i_9_reg_27969                 |   32|    0|   32|          0|
    |mul15_i_i_s_reg_27974                 |   32|    0|   32|          0|
    |od_fu_1998                            |    8|    0|    8|          0|
    |reg_9757                              |   32|    0|   32|          0|
    |reg_9763                              |   32|    0|   32|          0|
    |reg_9770                              |   32|    0|   32|          0|
    |reg_9777                              |   32|    0|   32|          0|
    |reg_9784                              |   32|    0|   32|          0|
    |reg_9789                              |   32|    0|   32|          0|
    |reg_9794                              |   32|    0|   32|          0|
    |reg_9801                              |   32|    0|   32|          0|
    |reg_9808                              |   32|    0|   32|          0|
    |reg_9812                              |   32|    0|   32|          0|
    |reg_9819                              |   32|    0|   32|          0|
    |reg_9826                              |   32|    0|   32|          0|
    |reg_9833                              |   32|    0|   32|          0|
    |reg_9840                              |   32|    0|   32|          0|
    |reg_9847                              |   32|    0|   32|          0|
    |reg_9852                              |   32|    0|   32|          0|
    |reg_9859                              |   32|    0|   32|          0|
    |reg_9864                              |   32|    0|   32|          0|
    |reg_9869                              |   32|    0|   32|          0|
    |reg_9874                              |   32|    0|   32|          0|
    |reg_9879                              |   32|    0|   32|          0|
    |reg_9884                              |   32|    0|   32|          0|
    |reg_9889                              |   32|    0|   32|          0|
    |reg_9894                              |   32|    0|   32|          0|
    |reg_9899                              |   32|    0|   32|          0|
    |reg_9904                              |   32|    0|   32|          0|
    |reg_9909                              |   32|    0|   32|          0|
    |reg_9914                              |   32|    0|   32|          0|
    |reg_9919                              |   32|    0|   32|          0|
    |reg_9924                              |   32|    0|   32|          0|
    |reg_9929                              |   32|    0|   32|          0|
    |reg_9934                              |   32|    0|   32|          0|
    |reg_9939                              |   32|    0|   32|          0|
    |s_5_reg_27047                         |    5|    0|    5|          0|
    |s_fu_2002                             |    5|    0|    5|          0|
    |select_ln162_2_reg_27076              |    9|    0|   14|          5|
    |select_ln162_reg_27062                |    8|    0|    8|          0|
    |sext_ln170_reg_28164                  |   14|    0|   19|          5|
    |sub_ln170_reg_27583                   |   13|    0|   18|          5|
    |zext_ln84_cast_reg_26594              |   20|    0|   21|          1|
    |add_ln172_reg_27624                   |   64|   32|   13|          0|
    |icmp_ln162_reg_27053                  |   64|   32|    1|          0|
    |mul15_i_i_100_reg_30255               |   64|   32|   32|          0|
    |mul15_i_i_101_reg_30260               |   64|   32|   32|          0|
    |mul15_i_i_102_reg_30295               |   64|   32|   32|          0|
    |mul15_i_i_103_reg_30300               |   64|   32|   32|          0|
    |mul15_i_i_104_reg_30335               |   64|   32|   32|          0|
    |mul15_i_i_105_reg_30340               |   64|   32|   32|          0|
    |mul15_i_i_106_reg_30375               |   64|   32|   32|          0|
    |mul15_i_i_107_reg_30380               |   64|   32|   32|          0|
    |mul15_i_i_108_reg_30415               |   64|   32|   32|          0|
    |mul15_i_i_109_reg_30420               |   64|   32|   32|          0|
    |mul15_i_i_110_reg_30455               |   64|   32|   32|          0|
    |mul15_i_i_111_reg_30460               |   64|   32|   32|          0|
    |mul15_i_i_112_reg_30495               |   64|   32|   32|          0|
    |mul15_i_i_113_reg_30500               |   64|   32|   32|          0|
    |mul15_i_i_114_reg_30535               |   64|   32|   32|          0|
    |mul15_i_i_115_reg_30540               |   64|   32|   32|          0|
    |mul15_i_i_116_reg_30575               |   64|   32|   32|          0|
    |mul15_i_i_117_reg_30580               |   64|   32|   32|          0|
    |mul15_i_i_118_reg_30615               |   64|   32|   32|          0|
    |mul15_i_i_119_reg_30620               |   64|   32|   32|          0|
    |mul15_i_i_120_reg_30655               |   64|   32|   32|          0|
    |mul15_i_i_121_reg_30660               |   64|   32|   32|          0|
    |mul15_i_i_122_reg_30695               |   64|   32|   32|          0|
    |mul15_i_i_123_reg_30700               |   64|   32|   32|          0|
    |mul15_i_i_124_reg_30735               |   64|   32|   32|          0|
    |mul15_i_i_125_reg_30740               |   64|   32|   32|          0|
    |mul15_i_i_126_reg_30775               |   64|   32|   32|          0|
    |mul15_i_i_127_reg_30780               |   64|   32|   32|          0|
    |mul15_i_i_128_reg_30815               |   64|   32|   32|          0|
    |mul15_i_i_129_reg_30820               |   64|   32|   32|          0|
    |mul15_i_i_130_reg_30855               |   64|   32|   32|          0|
    |mul15_i_i_131_reg_30860               |   64|   32|   32|          0|
    |mul15_i_i_132_reg_30895               |   64|   32|   32|          0|
    |mul15_i_i_133_reg_30900               |   64|   32|   32|          0|
    |mul15_i_i_134_reg_30935               |   64|   32|   32|          0|
    |mul15_i_i_135_reg_30940               |   64|   32|   32|          0|
    |mul15_i_i_136_reg_30975               |   64|   32|   32|          0|
    |mul15_i_i_137_reg_30980               |   64|   32|   32|          0|
    |mul15_i_i_138_reg_31015               |   64|   32|   32|          0|
    |mul15_i_i_139_reg_31020               |   64|   32|   32|          0|
    |mul15_i_i_140_reg_31055               |   64|   32|   32|          0|
    |mul15_i_i_141_reg_31060               |   64|   32|   32|          0|
    |mul15_i_i_142_reg_31095               |   64|   32|   32|          0|
    |mul15_i_i_143_reg_31100               |   64|   32|   32|          0|
    |mul15_i_i_144_reg_31135               |   64|   32|   32|          0|
    |mul15_i_i_145_reg_31140               |   64|   32|   32|          0|
    |mul15_i_i_146_reg_31175               |   64|   32|   32|          0|
    |mul15_i_i_147_reg_31180               |   64|   32|   32|          0|
    |mul15_i_i_148_reg_31215               |   64|   32|   32|          0|
    |mul15_i_i_149_reg_31220               |   64|   32|   32|          0|
    |mul15_i_i_150_reg_31255               |   64|   32|   32|          0|
    |mul15_i_i_151_reg_31260               |   64|   32|   32|          0|
    |mul15_i_i_152_reg_31295               |   64|   32|   32|          0|
    |mul15_i_i_153_reg_31300               |   64|   32|   32|          0|
    |mul15_i_i_154_reg_31335               |   64|   32|   32|          0|
    |mul15_i_i_155_reg_31340               |   64|   32|   32|          0|
    |mul15_i_i_156_reg_31375               |   64|   32|   32|          0|
    |mul15_i_i_157_reg_31380               |   64|   32|   32|          0|
    |mul15_i_i_158_reg_31415               |   64|   32|   32|          0|
    |mul15_i_i_159_reg_31420               |   64|   32|   32|          0|
    |mul15_i_i_160_reg_31455               |   64|   32|   32|          0|
    |mul15_i_i_161_reg_31460               |   64|   32|   32|          0|
    |mul15_i_i_162_reg_31495               |   64|   32|   32|          0|
    |mul15_i_i_163_reg_31500               |   64|   32|   32|          0|
    |mul15_i_i_164_reg_31535               |   64|   32|   32|          0|
    |mul15_i_i_165_reg_31540               |   64|   32|   32|          0|
    |mul15_i_i_166_reg_31575               |   64|   32|   32|          0|
    |mul15_i_i_167_reg_31580               |   64|   32|   32|          0|
    |mul15_i_i_168_reg_31615               |   64|   32|   32|          0|
    |mul15_i_i_169_reg_31620               |   64|   32|   32|          0|
    |mul15_i_i_170_reg_31655               |   64|   32|   32|          0|
    |mul15_i_i_171_reg_31660               |   64|   32|   32|          0|
    |mul15_i_i_172_reg_31695               |   64|   32|   32|          0|
    |mul15_i_i_173_reg_31700               |   64|   32|   32|          0|
    |mul15_i_i_174_reg_31735               |   64|   32|   32|          0|
    |mul15_i_i_175_reg_31740               |   64|   32|   32|          0|
    |mul15_i_i_176_reg_31775               |   64|   32|   32|          0|
    |mul15_i_i_177_reg_31780               |   64|   32|   32|          0|
    |mul15_i_i_178_reg_31815               |   64|   32|   32|          0|
    |mul15_i_i_179_reg_31820               |   64|   32|   32|          0|
    |mul15_i_i_180_reg_31855               |   64|   32|   32|          0|
    |mul15_i_i_181_reg_31860               |   64|   32|   32|          0|
    |mul15_i_i_182_reg_31895               |   64|   32|   32|          0|
    |mul15_i_i_183_reg_31900               |   64|   32|   32|          0|
    |mul15_i_i_184_reg_31935               |   64|   32|   32|          0|
    |mul15_i_i_185_reg_31940               |   64|   32|   32|          0|
    |mul15_i_i_186_reg_31975               |   64|   32|   32|          0|
    |mul15_i_i_187_reg_31980               |   64|   32|   32|          0|
    |mul15_i_i_188_reg_32015               |   64|   32|   32|          0|
    |mul15_i_i_189_reg_32020               |   64|   32|   32|          0|
    |mul15_i_i_190_reg_32055               |   64|   32|   32|          0|
    |mul15_i_i_191_reg_32060               |   64|   32|   32|          0|
    |mul15_i_i_192_reg_32095               |   64|   32|   32|          0|
    |mul15_i_i_193_reg_32100               |   64|   32|   32|          0|
    |mul15_i_i_194_reg_32135               |   64|   32|   32|          0|
    |mul15_i_i_195_reg_32140               |   64|   32|   32|          0|
    |mul15_i_i_196_reg_32175               |   64|   32|   32|          0|
    |mul15_i_i_197_reg_32180               |   64|   32|   32|          0|
    |mul15_i_i_198_reg_32215               |   64|   32|   32|          0|
    |mul15_i_i_199_reg_32220               |   64|   32|   32|          0|
    |mul15_i_i_200_reg_32255               |   64|   32|   32|          0|
    |mul15_i_i_201_reg_32260               |   64|   32|   32|          0|
    |mul15_i_i_202_reg_32295               |   64|   32|   32|          0|
    |mul15_i_i_203_reg_32300               |   64|   32|   32|          0|
    |mul15_i_i_204_reg_32335               |   64|   32|   32|          0|
    |mul15_i_i_205_reg_32340               |   64|   32|   32|          0|
    |mul15_i_i_206_reg_32375               |   64|   32|   32|          0|
    |mul15_i_i_207_reg_32380               |   64|   32|   32|          0|
    |mul15_i_i_208_reg_32415               |   64|   32|   32|          0|
    |mul15_i_i_209_reg_32420               |   64|   32|   32|          0|
    |mul15_i_i_210_reg_32455               |   64|   32|   32|          0|
    |mul15_i_i_211_reg_32460               |   64|   32|   32|          0|
    |mul15_i_i_212_reg_32495               |   64|   32|   32|          0|
    |mul15_i_i_213_reg_32500               |   64|   32|   32|          0|
    |mul15_i_i_214_reg_32535               |   64|   32|   32|          0|
    |mul15_i_i_215_reg_32540               |   64|   32|   32|          0|
    |mul15_i_i_216_reg_32575               |   64|   32|   32|          0|
    |mul15_i_i_217_reg_32580               |   64|   32|   32|          0|
    |mul15_i_i_218_reg_32615               |   64|   32|   32|          0|
    |mul15_i_i_219_reg_32620               |   64|   32|   32|          0|
    |mul15_i_i_220_reg_32655               |   64|   32|   32|          0|
    |mul15_i_i_221_reg_32660               |   64|   32|   32|          0|
    |mul15_i_i_222_reg_32695               |   64|   32|   32|          0|
    |mul15_i_i_223_reg_32700               |   64|   32|   32|          0|
    |mul15_i_i_224_reg_32735               |   64|   32|   32|          0|
    |mul15_i_i_225_reg_32740               |   64|   32|   32|          0|
    |mul15_i_i_226_reg_32775               |   64|   32|   32|          0|
    |mul15_i_i_227_reg_32780               |   64|   32|   32|          0|
    |mul15_i_i_228_reg_32815               |   64|   32|   32|          0|
    |mul15_i_i_229_reg_32820               |   64|   32|   32|          0|
    |mul15_i_i_230_reg_32855               |   64|   32|   32|          0|
    |mul15_i_i_231_reg_32860               |   64|   32|   32|          0|
    |mul15_i_i_232_reg_32895               |   64|   32|   32|          0|
    |mul15_i_i_233_reg_32900               |   64|   32|   32|          0|
    |mul15_i_i_234_reg_32935               |   64|   32|   32|          0|
    |mul15_i_i_235_reg_32940               |   64|   32|   32|          0|
    |mul15_i_i_236_reg_32975               |   64|   32|   32|          0|
    |mul15_i_i_237_reg_32980               |   64|   32|   32|          0|
    |mul15_i_i_238_reg_33015               |   64|   32|   32|          0|
    |mul15_i_i_239_reg_33020               |   64|   32|   32|          0|
    |mul15_i_i_240_reg_33055               |   64|   32|   32|          0|
    |mul15_i_i_241_reg_33060               |   64|   32|   32|          0|
    |mul15_i_i_242_reg_33095               |   64|   32|   32|          0|
    |mul15_i_i_243_reg_33100               |   64|   32|   32|          0|
    |mul15_i_i_244_reg_33135               |   64|   32|   32|          0|
    |mul15_i_i_245_reg_33140               |   64|   32|   32|          0|
    |mul15_i_i_246_reg_33175               |   64|   32|   32|          0|
    |mul15_i_i_247_reg_33180               |   64|   32|   32|          0|
    |mul15_i_i_248_reg_33215               |   64|   32|   32|          0|
    |mul15_i_i_249_reg_33220               |   64|   32|   32|          0|
    |mul15_i_i_250_reg_33255               |   64|   32|   32|          0|
    |mul15_i_i_251_reg_33260               |   64|   32|   32|          0|
    |mul15_i_i_252_reg_33295               |   64|   32|   32|          0|
    |mul15_i_i_253_reg_33300               |   64|   32|   32|          0|
    |mul15_i_i_254_reg_33335               |   64|   32|   32|          0|
    |mul15_i_i_255_reg_33340               |   64|   32|   32|          0|
    |mul15_i_i_256_reg_33375               |   64|   32|   32|          0|
    |mul15_i_i_257_reg_33380               |   64|   32|   32|          0|
    |mul15_i_i_258_reg_33415               |   64|   32|   32|          0|
    |mul15_i_i_259_reg_33420               |   64|   32|   32|          0|
    |mul15_i_i_260_reg_33455               |   64|   32|   32|          0|
    |mul15_i_i_261_reg_33460               |   64|   32|   32|          0|
    |mul15_i_i_262_reg_33495               |   64|   32|   32|          0|
    |mul15_i_i_263_reg_33500               |   64|   32|   32|          0|
    |mul15_i_i_264_reg_33535               |   64|   32|   32|          0|
    |mul15_i_i_265_reg_33540               |   64|   32|   32|          0|
    |mul15_i_i_266_reg_33575               |   64|   32|   32|          0|
    |mul15_i_i_267_reg_33580               |   64|   32|   32|          0|
    |mul15_i_i_268_reg_33615               |   64|   32|   32|          0|
    |mul15_i_i_269_reg_33620               |   64|   32|   32|          0|
    |mul15_i_i_270_reg_33655               |   64|   32|   32|          0|
    |mul15_i_i_271_reg_33660               |   64|   32|   32|          0|
    |mul15_i_i_272_reg_33695               |   64|   32|   32|          0|
    |mul15_i_i_273_reg_33700               |   64|   32|   32|          0|
    |mul15_i_i_274_reg_33735               |   64|   32|   32|          0|
    |mul15_i_i_275_reg_33740               |   64|   32|   32|          0|
    |mul15_i_i_276_reg_33775               |   64|   32|   32|          0|
    |mul15_i_i_277_reg_33780               |   64|   32|   32|          0|
    |mul15_i_i_278_reg_33815               |   64|   32|   32|          0|
    |mul15_i_i_279_reg_33820               |   64|   32|   32|          0|
    |mul15_i_i_280_reg_33855               |   64|   32|   32|          0|
    |mul15_i_i_281_reg_33860               |   64|   32|   32|          0|
    |mul15_i_i_282_reg_33895               |   64|   32|   32|          0|
    |mul15_i_i_283_reg_33900               |   64|   32|   32|          0|
    |mul15_i_i_284_reg_33935               |   64|   32|   32|          0|
    |mul15_i_i_285_reg_33940               |   64|   32|   32|          0|
    |mul15_i_i_286_reg_33975               |   64|   32|   32|          0|
    |mul15_i_i_287_reg_33980               |   64|   32|   32|          0|
    |mul15_i_i_288_reg_34015               |   64|   32|   32|          0|
    |mul15_i_i_289_reg_34020               |   64|   32|   32|          0|
    |mul15_i_i_290_reg_34055               |   64|   32|   32|          0|
    |mul15_i_i_291_reg_34060               |   64|   32|   32|          0|
    |mul15_i_i_292_reg_34095               |   64|   32|   32|          0|
    |mul15_i_i_293_reg_34100               |   64|   32|   32|          0|
    |mul15_i_i_294_reg_34135               |   64|   32|   32|          0|
    |mul15_i_i_295_reg_34140               |   64|   32|   32|          0|
    |mul15_i_i_296_reg_34175               |   64|   32|   32|          0|
    |mul15_i_i_297_reg_34180               |   64|   32|   32|          0|
    |mul15_i_i_298_reg_34215               |   64|   32|   32|          0|
    |mul15_i_i_299_reg_34220               |   64|   32|   32|          0|
    |mul15_i_i_300_reg_34255               |   64|   32|   32|          0|
    |mul15_i_i_301_reg_34260               |   64|   32|   32|          0|
    |mul15_i_i_302_reg_34295               |   64|   32|   32|          0|
    |mul15_i_i_303_reg_34300               |   64|   32|   32|          0|
    |mul15_i_i_304_reg_34335               |   64|   32|   32|          0|
    |mul15_i_i_305_reg_34340               |   64|   32|   32|          0|
    |mul15_i_i_306_reg_34375               |   64|   32|   32|          0|
    |mul15_i_i_307_reg_34380               |   64|   32|   32|          0|
    |mul15_i_i_308_reg_34415               |   64|   32|   32|          0|
    |mul15_i_i_309_reg_34420               |   64|   32|   32|          0|
    |mul15_i_i_310_reg_34455               |   64|   32|   32|          0|
    |mul15_i_i_311_reg_34460               |   64|   32|   32|          0|
    |mul15_i_i_312_reg_34495               |   64|   32|   32|          0|
    |mul15_i_i_313_reg_34500               |   64|   32|   32|          0|
    |mul15_i_i_314_reg_34535               |   64|   32|   32|          0|
    |mul15_i_i_315_reg_34540               |   64|   32|   32|          0|
    |mul15_i_i_316_reg_34575               |   64|   32|   32|          0|
    |mul15_i_i_317_reg_34580               |   64|   32|   32|          0|
    |mul15_i_i_318_reg_34615               |   64|   32|   32|          0|
    |mul15_i_i_319_reg_34620               |   64|   32|   32|          0|
    |mul15_i_i_320_reg_34655               |   64|   32|   32|          0|
    |mul15_i_i_321_reg_34660               |   64|   32|   32|          0|
    |mul15_i_i_322_reg_34695               |   64|   32|   32|          0|
    |mul15_i_i_323_reg_34700               |   64|   32|   32|          0|
    |mul15_i_i_324_reg_34735               |   64|   32|   32|          0|
    |mul15_i_i_325_reg_34740               |   64|   32|   32|          0|
    |mul15_i_i_326_reg_34775               |   64|   32|   32|          0|
    |mul15_i_i_327_reg_34780               |   64|   32|   32|          0|
    |mul15_i_i_328_reg_34815               |   64|   32|   32|          0|
    |mul15_i_i_329_reg_34820               |   64|   32|   32|          0|
    |mul15_i_i_330_reg_34855               |   64|   32|   32|          0|
    |mul15_i_i_331_reg_34860               |   64|   32|   32|          0|
    |mul15_i_i_332_reg_34895               |   64|   32|   32|          0|
    |mul15_i_i_333_reg_34900               |   64|   32|   32|          0|
    |mul15_i_i_334_reg_34935               |   64|   32|   32|          0|
    |mul15_i_i_335_reg_34940               |   64|   32|   32|          0|
    |mul15_i_i_336_reg_34975               |   64|   32|   32|          0|
    |mul15_i_i_337_reg_34980               |   64|   32|   32|          0|
    |mul15_i_i_338_reg_35015               |   64|   32|   32|          0|
    |mul15_i_i_339_reg_35020               |   64|   32|   32|          0|
    |mul15_i_i_340_reg_35055               |   64|   32|   32|          0|
    |mul15_i_i_341_reg_35060               |   64|   32|   32|          0|
    |mul15_i_i_342_reg_35095               |   64|   32|   32|          0|
    |mul15_i_i_343_reg_35100               |   64|   32|   32|          0|
    |mul15_i_i_344_reg_35135               |   64|   32|   32|          0|
    |mul15_i_i_345_reg_35140               |   64|   32|   32|          0|
    |mul15_i_i_346_reg_35175               |   64|   32|   32|          0|
    |mul15_i_i_347_reg_35180               |   64|   32|   32|          0|
    |mul15_i_i_348_reg_35215               |   64|   32|   32|          0|
    |mul15_i_i_349_reg_35220               |   64|   32|   32|          0|
    |mul15_i_i_350_reg_35255               |   64|   32|   32|          0|
    |mul15_i_i_351_reg_35260               |   64|   32|   32|          0|
    |mul15_i_i_352_reg_35295               |   64|   32|   32|          0|
    |mul15_i_i_353_reg_35300               |   64|   32|   32|          0|
    |mul15_i_i_354_reg_35335               |   64|   32|   32|          0|
    |mul15_i_i_355_reg_35340               |   64|   32|   32|          0|
    |mul15_i_i_356_reg_35375               |   64|   32|   32|          0|
    |mul15_i_i_357_reg_35380               |   64|   32|   32|          0|
    |mul15_i_i_358_reg_35415               |   64|   32|   32|          0|
    |mul15_i_i_359_reg_35420               |   64|   32|   32|          0|
    |mul15_i_i_360_reg_35455               |   64|   32|   32|          0|
    |mul15_i_i_361_reg_35460               |   64|   32|   32|          0|
    |mul15_i_i_362_reg_35495               |   64|   32|   32|          0|
    |mul15_i_i_363_reg_35500               |   64|   32|   32|          0|
    |mul15_i_i_364_reg_35535               |   64|   32|   32|          0|
    |mul15_i_i_365_reg_35540               |   64|   32|   32|          0|
    |mul15_i_i_366_reg_35575               |   64|   32|   32|          0|
    |mul15_i_i_367_reg_35580               |   64|   32|   32|          0|
    |mul15_i_i_368_reg_35615               |   64|   32|   32|          0|
    |mul15_i_i_369_reg_35620               |   64|   32|   32|          0|
    |mul15_i_i_370_reg_35655               |   64|   32|   32|          0|
    |mul15_i_i_371_reg_35660               |   64|   32|   32|          0|
    |mul15_i_i_372_reg_35695               |   64|   32|   32|          0|
    |mul15_i_i_373_reg_35700               |   64|   32|   32|          0|
    |mul15_i_i_374_reg_35735               |   64|   32|   32|          0|
    |mul15_i_i_375_reg_35740               |   64|   32|   32|          0|
    |mul15_i_i_376_reg_35775               |   64|   32|   32|          0|
    |mul15_i_i_377_reg_35780               |   64|   32|   32|          0|
    |mul15_i_i_378_reg_35815               |   64|   32|   32|          0|
    |mul15_i_i_379_reg_35820               |   64|   32|   32|          0|
    |mul15_i_i_380_reg_35855               |   64|   32|   32|          0|
    |mul15_i_i_381_reg_35860               |   64|   32|   32|          0|
    |mul15_i_i_382_reg_35895               |   64|   32|   32|          0|
    |mul15_i_i_383_reg_35900               |   64|   32|   32|          0|
    |mul15_i_i_384_reg_35935               |   64|   32|   32|          0|
    |mul15_i_i_385_reg_35940               |   64|   32|   32|          0|
    |mul15_i_i_386_reg_35975               |   64|   32|   32|          0|
    |mul15_i_i_387_reg_35980               |   64|   32|   32|          0|
    |mul15_i_i_388_reg_36015               |   64|   32|   32|          0|
    |mul15_i_i_389_reg_36020               |   64|   32|   32|          0|
    |mul15_i_i_390_reg_36055               |   64|   32|   32|          0|
    |mul15_i_i_391_reg_36060               |   64|   32|   32|          0|
    |mul15_i_i_392_reg_36095               |   64|   32|   32|          0|
    |mul15_i_i_393_reg_36100               |   64|   32|   32|          0|
    |mul15_i_i_394_reg_36135               |   64|   32|   32|          0|
    |mul15_i_i_395_reg_36140               |   64|   32|   32|          0|
    |mul15_i_i_396_reg_36175               |   64|   32|   32|          0|
    |mul15_i_i_397_reg_36180               |   64|   32|   32|          0|
    |mul15_i_i_398_reg_36215               |   64|   32|   32|          0|
    |mul15_i_i_399_reg_36220               |   64|   32|   32|          0|
    |mul15_i_i_400_reg_36255               |   64|   32|   32|          0|
    |mul15_i_i_401_reg_36260               |   64|   32|   32|          0|
    |mul15_i_i_402_reg_36295               |   64|   32|   32|          0|
    |mul15_i_i_403_reg_36300               |   64|   32|   32|          0|
    |mul15_i_i_404_reg_36335               |   64|   32|   32|          0|
    |mul15_i_i_405_reg_36340               |   64|   32|   32|          0|
    |mul15_i_i_406_reg_36375               |   64|   32|   32|          0|
    |mul15_i_i_407_reg_36380               |   64|   32|   32|          0|
    |mul15_i_i_408_reg_36415               |   64|   32|   32|          0|
    |mul15_i_i_409_reg_36420               |   64|   32|   32|          0|
    |mul15_i_i_410_reg_36455               |   64|   32|   32|          0|
    |mul15_i_i_411_reg_36460               |   64|   32|   32|          0|
    |mul15_i_i_412_reg_36495               |   64|   32|   32|          0|
    |mul15_i_i_413_reg_36500               |   64|   32|   32|          0|
    |mul15_i_i_414_reg_36535               |   64|   32|   32|          0|
    |mul15_i_i_415_reg_36540               |   64|   32|   32|          0|
    |mul15_i_i_416_reg_36575               |   64|   32|   32|          0|
    |mul15_i_i_417_reg_36580               |   64|   32|   32|          0|
    |mul15_i_i_418_reg_36615               |   64|   32|   32|          0|
    |mul15_i_i_419_reg_36620               |   64|   32|   32|          0|
    |mul15_i_i_420_reg_36655               |   64|   32|   32|          0|
    |mul15_i_i_421_reg_36660               |   64|   32|   32|          0|
    |mul15_i_i_422_reg_36695               |   64|   32|   32|          0|
    |mul15_i_i_423_reg_36700               |   64|   32|   32|          0|
    |mul15_i_i_424_reg_36735               |   64|   32|   32|          0|
    |mul15_i_i_425_reg_36740               |   64|   32|   32|          0|
    |mul15_i_i_426_reg_36775               |   64|   32|   32|          0|
    |mul15_i_i_427_reg_36780               |   64|   32|   32|          0|
    |mul15_i_i_428_reg_36815               |   64|   32|   32|          0|
    |mul15_i_i_429_reg_36820               |   64|   32|   32|          0|
    |mul15_i_i_430_reg_36855               |   64|   32|   32|          0|
    |mul15_i_i_431_reg_36860               |   64|   32|   32|          0|
    |mul15_i_i_432_reg_36895               |   64|   32|   32|          0|
    |mul15_i_i_433_reg_36900               |   64|   32|   32|          0|
    |mul15_i_i_434_reg_36935               |   64|   32|   32|          0|
    |mul15_i_i_435_reg_36940               |   64|   32|   32|          0|
    |mul15_i_i_436_reg_36975               |   64|   32|   32|          0|
    |mul15_i_i_437_reg_36980               |   64|   32|   32|          0|
    |mul15_i_i_438_reg_37015               |   64|   32|   32|          0|
    |mul15_i_i_439_reg_37020               |   64|   32|   32|          0|
    |mul15_i_i_440_reg_37055               |   64|   32|   32|          0|
    |mul15_i_i_441_reg_37060               |   64|   32|   32|          0|
    |mul15_i_i_442_reg_37095               |   64|   32|   32|          0|
    |mul15_i_i_443_reg_37100               |   64|   32|   32|          0|
    |mul15_i_i_444_reg_37135               |   64|   32|   32|          0|
    |mul15_i_i_445_reg_37140               |   64|   32|   32|          0|
    |mul15_i_i_446_reg_37175               |   64|   32|   32|          0|
    |mul15_i_i_447_reg_37180               |   64|   32|   32|          0|
    |mul15_i_i_448_reg_37215               |   64|   32|   32|          0|
    |mul15_i_i_449_reg_37220               |   64|   32|   32|          0|
    |mul15_i_i_450_reg_37255               |   64|   32|   32|          0|
    |mul15_i_i_451_reg_37260               |   64|   32|   32|          0|
    |mul15_i_i_452_reg_37295               |   64|   32|   32|          0|
    |mul15_i_i_453_reg_37300               |   64|   32|   32|          0|
    |mul15_i_i_454_reg_37335               |   64|   32|   32|          0|
    |mul15_i_i_455_reg_37340               |   64|   32|   32|          0|
    |mul15_i_i_456_reg_37375               |   64|   32|   32|          0|
    |mul15_i_i_457_reg_37380               |   64|   32|   32|          0|
    |mul15_i_i_458_reg_37415               |   64|   32|   32|          0|
    |mul15_i_i_459_reg_37420               |   64|   32|   32|          0|
    |mul15_i_i_460_reg_37460               |   64|   32|   32|          0|
    |mul15_i_i_461_reg_37465               |   64|   32|   32|          0|
    |mul15_i_i_462_reg_37505               |   64|   32|   32|          0|
    |mul15_i_i_463_reg_37510               |   64|   32|   32|          0|
    |mul15_i_i_464_reg_37545               |   64|   32|   32|          0|
    |mul15_i_i_465_reg_37550               |   64|   32|   32|          0|
    |mul15_i_i_466_reg_37575               |   64|   32|   32|          0|
    |mul15_i_i_467_reg_37580               |   64|   32|   32|          0|
    |mul15_i_i_468_reg_37600               |   64|   32|   32|          0|
    |mul15_i_i_469_reg_37605               |   64|   32|   32|          0|
    |mul15_i_i_470_reg_37620               |   64|   32|   32|          0|
    |mul15_i_i_471_reg_37625               |   64|   32|   32|          0|
    |mul15_i_i_472_reg_37635               |   64|   32|   32|          0|
    |mul15_i_i_473_reg_37640               |   64|   32|   32|          0|
    |mul15_i_i_474_reg_37645               |   64|   32|   32|          0|
    |mul15_i_i_475_reg_37650               |   64|   32|   32|          0|
    |mul15_i_i_476_reg_37655               |   64|   32|   32|          0|
    |mul15_i_i_477_reg_37660               |   64|   32|   32|          0|
    |mul15_i_i_478_reg_37665               |   64|   32|   32|          0|
    |mul15_i_i_63_reg_29500                |   64|   32|   32|          0|
    |mul15_i_i_64_reg_29535                |   64|   32|   32|          0|
    |mul15_i_i_65_reg_29540                |   64|   32|   32|          0|
    |mul15_i_i_66_reg_29575                |   64|   32|   32|          0|
    |mul15_i_i_67_reg_29580                |   64|   32|   32|          0|
    |mul15_i_i_68_reg_29615                |   64|   32|   32|          0|
    |mul15_i_i_69_reg_29620                |   64|   32|   32|          0|
    |mul15_i_i_70_reg_29655                |   64|   32|   32|          0|
    |mul15_i_i_71_reg_29660                |   64|   32|   32|          0|
    |mul15_i_i_72_reg_29695                |   64|   32|   32|          0|
    |mul15_i_i_73_reg_29700                |   64|   32|   32|          0|
    |mul15_i_i_74_reg_29735                |   64|   32|   32|          0|
    |mul15_i_i_75_reg_29740                |   64|   32|   32|          0|
    |mul15_i_i_76_reg_29775                |   64|   32|   32|          0|
    |mul15_i_i_77_reg_29780                |   64|   32|   32|          0|
    |mul15_i_i_78_reg_29815                |   64|   32|   32|          0|
    |mul15_i_i_79_reg_29820                |   64|   32|   32|          0|
    |mul15_i_i_80_reg_29855                |   64|   32|   32|          0|
    |mul15_i_i_81_reg_29860                |   64|   32|   32|          0|
    |mul15_i_i_82_reg_29895                |   64|   32|   32|          0|
    |mul15_i_i_83_reg_29900                |   64|   32|   32|          0|
    |mul15_i_i_84_reg_29935                |   64|   32|   32|          0|
    |mul15_i_i_85_reg_29940                |   64|   32|   32|          0|
    |mul15_i_i_86_reg_29975                |   64|   32|   32|          0|
    |mul15_i_i_87_reg_29980                |   64|   32|   32|          0|
    |mul15_i_i_88_reg_30015                |   64|   32|   32|          0|
    |mul15_i_i_89_reg_30020                |   64|   32|   32|          0|
    |mul15_i_i_90_reg_30055                |   64|   32|   32|          0|
    |mul15_i_i_91_reg_30060                |   64|   32|   32|          0|
    |mul15_i_i_92_reg_30095                |   64|   32|   32|          0|
    |mul15_i_i_93_reg_30100                |   64|   32|   32|          0|
    |mul15_i_i_94_reg_30135                |   64|   32|   32|          0|
    |mul15_i_i_95_reg_30140                |   64|   32|   32|          0|
    |mul15_i_i_96_reg_30175                |   64|   32|   32|          0|
    |mul15_i_i_97_reg_30180                |   64|   32|   32|          0|
    |mul15_i_i_98_reg_30215                |   64|   32|   32|          0|
    |mul15_i_i_99_reg_30220                |   64|   32|   32|          0|
    +--------------------------------------+-----+-----+-----+-----------+
    |Total                                 |44643|13376|31233|         16|
    +--------------------------------------+-----+-----+-----+-----------+



================================================================
== Interface
================================================================
* Summary: 
+----------------------+-----+-----+------------+---------------------------------------------+--------------+
|       RTL Ports      | Dir | Bits|  Protocol  |                Source Object                |    C Type    |
+----------------------+-----+-----+------------+---------------------------------------------+--------------+
|ap_clk                |   in|    1|  ap_ctrl_hs|  transformer_blk_s4_top_Pipeline_LF_S_LF_OD8|  return value|
|ap_rst                |   in|    1|  ap_ctrl_hs|  transformer_blk_s4_top_Pipeline_LF_S_LF_OD8|  return value|
|ap_start              |   in|    1|  ap_ctrl_hs|  transformer_blk_s4_top_Pipeline_LF_S_LF_OD8|  return value|
|ap_done               |  out|    1|  ap_ctrl_hs|  transformer_blk_s4_top_Pipeline_LF_S_LF_OD8|  return value|
|ap_idle               |  out|    1|  ap_ctrl_hs|  transformer_blk_s4_top_Pipeline_LF_S_LF_OD8|  return value|
|ap_ready              |  out|    1|  ap_ctrl_hs|  transformer_blk_s4_top_Pipeline_LF_S_LF_OD8|  return value|
|grp_fu_2762_p_din0    |  out|   32|  ap_ctrl_hs|  transformer_blk_s4_top_Pipeline_LF_S_LF_OD8|  return value|
|grp_fu_2762_p_din1    |  out|   32|  ap_ctrl_hs|  transformer_blk_s4_top_Pipeline_LF_S_LF_OD8|  return value|
|grp_fu_2762_p_opcode  |  out|    1|  ap_ctrl_hs|  transformer_blk_s4_top_Pipeline_LF_S_LF_OD8|  return value|
|grp_fu_2762_p_dout0   |   in|   32|  ap_ctrl_hs|  transformer_blk_s4_top_Pipeline_LF_S_LF_OD8|  return value|
|grp_fu_2762_p_ce      |  out|    1|  ap_ctrl_hs|  transformer_blk_s4_top_Pipeline_LF_S_LF_OD8|  return value|
|grp_fu_6279_p_din0    |  out|   32|  ap_ctrl_hs|  transformer_blk_s4_top_Pipeline_LF_S_LF_OD8|  return value|
|grp_fu_6279_p_din1    |  out|   32|  ap_ctrl_hs|  transformer_blk_s4_top_Pipeline_LF_S_LF_OD8|  return value|
|grp_fu_6279_p_opcode  |  out|    1|  ap_ctrl_hs|  transformer_blk_s4_top_Pipeline_LF_S_LF_OD8|  return value|
|grp_fu_6279_p_dout0   |   in|   32|  ap_ctrl_hs|  transformer_blk_s4_top_Pipeline_LF_S_LF_OD8|  return value|
|grp_fu_6279_p_ce      |  out|    1|  ap_ctrl_hs|  transformer_blk_s4_top_Pipeline_LF_S_LF_OD8|  return value|
|grp_fu_6307_p_din0    |  out|   32|  ap_ctrl_hs|  transformer_blk_s4_top_Pipeline_LF_S_LF_OD8|  return value|
|grp_fu_6307_p_din1    |  out|   32|  ap_ctrl_hs|  transformer_blk_s4_top_Pipeline_LF_S_LF_OD8|  return value|
|grp_fu_6307_p_dout0   |   in|   32|  ap_ctrl_hs|  transformer_blk_s4_top_Pipeline_LF_S_LF_OD8|  return value|
|grp_fu_6307_p_ce      |  out|    1|  ap_ctrl_hs|  transformer_blk_s4_top_Pipeline_LF_S_LF_OD8|  return value|
|grp_fu_6311_p_din0    |  out|   32|  ap_ctrl_hs|  transformer_blk_s4_top_Pipeline_LF_S_LF_OD8|  return value|
|grp_fu_6311_p_din1    |  out|   32|  ap_ctrl_hs|  transformer_blk_s4_top_Pipeline_LF_S_LF_OD8|  return value|
|grp_fu_6311_p_dout0   |   in|   32|  ap_ctrl_hs|  transformer_blk_s4_top_Pipeline_LF_S_LF_OD8|  return value|
|grp_fu_6311_p_ce      |  out|    1|  ap_ctrl_hs|  transformer_blk_s4_top_Pipeline_LF_S_LF_OD8|  return value|
|zext_ln84             |   in|   20|     ap_none|                                    zext_ln84|        scalar|
|w_Addr_A              |  out|   32|        bram|                                            w|         array|
|w_EN_A                |  out|    1|        bram|                                            w|         array|
|w_WEN_A               |  out|    4|        bram|                                            w|         array|
|w_Din_A               |  out|   32|        bram|                                            w|         array|
|w_Dout_A              |   in|   32|        bram|                                            w|         array|
|w_Addr_B              |  out|   32|        bram|                                            w|         array|
|w_EN_B                |  out|    1|        bram|                                            w|         array|
|w_WEN_B               |  out|    4|        bram|                                            w|         array|
|w_Din_B               |  out|   32|        bram|                                            w|         array|
|w_Dout_B              |   in|   32|        bram|                                            w|         array|
|add_ln170_1876        |   in|   21|     ap_none|                               add_ln170_1876|        scalar|
|mlp_buf_address0      |  out|   14|   ap_memory|                                      mlp_buf|         array|
|mlp_buf_ce0           |  out|    1|   ap_memory|                                      mlp_buf|         array|
|mlp_buf_q0            |   in|   32|   ap_memory|                                      mlp_buf|         array|
|mlp_buf_address1      |  out|   14|   ap_memory|                                      mlp_buf|         array|
|mlp_buf_ce1           |  out|    1|   ap_memory|                                      mlp_buf|         array|
|mlp_buf_q1            |   in|   32|   ap_memory|                                      mlp_buf|         array|
|attn_out_address0     |  out|   13|   ap_memory|                                     attn_out|         array|
|attn_out_ce0          |  out|    1|   ap_memory|                                     attn_out|         array|
|attn_out_we0          |  out|    1|   ap_memory|                                     attn_out|         array|
|attn_out_d0           |  out|   32|   ap_memory|                                     attn_out|         array|
+----------------------+-----+-----+------------+---------------------------------------------+--------------+

