

================================================================
== Synthesis Summary Report of 'fpn_full_top'
================================================================
+ General Information: 
    * Date:           Tue Jun  2 00:57:10 2026
    * Version:        2022.2 (Build 3670227 on Oct 13 2022)
    * Project:        fpn_192
    * Solution:       solution1 (Vivado IP Flow Target)
    * Product family: zynquplus
    * Target device:  xczu9eg-ffvb1156-2-e
    

+ Performance & Resource Estimates: 
    
    PS: '+' for module; 'o' for loop; '*' for dataflow
    +--------------------------------------------------------+--------+-------+------------+-----------+----------+------------+---------+----------+-------------+---------+------------+-------------+-----+
    |                         Modules                        |  Issue |       |  Latency   |  Latency  | Iteration|            |   Trip  |          |             |         |            |             |     |
    |                         & Loops                        |  Type  | Slack |  (cycles)  |    (ns)   |  Latency |  Interval  |  Count  | Pipelined|    BRAM     |   DSP   |     FF     |     LUT     | URAM|
    +--------------------------------------------------------+--------+-------+------------+-----------+----------+------------+---------+----------+-------------+---------+------------+-------------+-----+
    |+ fpn_full_top                                          |  Timing|  -0.17|  1851686429|  9.258e+09|         -|  1851686430|        -|        no|  2900 (158%)|  32 (1%)|  19843 (3%)|  35651 (13%)|    -|
    | + conv1x1_plain                                        |       -|   0.23|     7680601|  3.840e+07|         -|     7680601|        -|        no|            -|  1 (~0%)|  1832 (~0%)|   2090 (~0%)|    -|
    |  o C1P_OC                                              |       -|   3.65|     7680600|  3.840e+07|    320025|           -|       24|        no|            -|        -|           -|            -|    -|
    |   + conv1x1_plain_Pipeline_C1P_HW_C1P_IC               |       -|   0.23|      320019|  1.600e+06|         -|      320019|        -|        no|            -|  1 (~0%)|  1276 (~0%)|   1674 (~0%)|    -|
    |    o C1P_HW_C1P_IC                                     |      II|   3.65|      320017|  1.600e+06|        23|           5|    64000|       yes|            -|        -|           -|            -|    -|
    | + conv1x1_plain_1                                      |       -|   0.25|     6144601|  3.072e+07|         -|     6144601|        -|        no|            -|  1 (~0%)|  1925 (~0%)|   2177 (~0%)|    -|
    |  o C1P_OC                                              |       -|   3.65|     6144600|  3.072e+07|    256025|           -|       24|        no|            -|        -|           -|            -|    -|
    |   + conv1x1_plain_1_Pipeline_C1P_HW_C1P_IC             |       -|   0.25|      256019|  1.280e+06|         -|      256019|        -|        no|            -|  1 (~0%)|  1359 (~0%)|   1657 (~0%)|    -|
    |    o C1P_HW_C1P_IC                                     |      II|   3.65|      256017|  1.280e+06|        23|           5|    51200|       yes|            -|        -|           -|            -|    -|
    | + conv1x1_plain_2                                      |       -|   0.25|    18432601|  9.216e+07|         -|    18432601|        -|        no|            -|  2 (~0%)|  1850 (~0%)|   2163 (~0%)|    -|
    |  o C1P_OC                                              |       -|   3.65|    18432600|  9.216e+07|    768025|           -|       24|        no|            -|        -|           -|            -|    -|
    |   + conv1x1_plain_2_Pipeline_C1P_HW_C1P_IC             |       -|   0.25|      768019|  3.840e+06|         -|      768019|        -|        no|            -|  1 (~0%)|  1286 (~0%)|   1699 (~0%)|    -|
    |    o C1P_HW_C1P_IC                                     |      II|   3.65|      768017|  3.840e+06|        23|           5|   153600|       yes|            -|        -|           -|            -|    -|
    | + fpn_full_top_Pipeline_ADD_UP_C_ADD_UP_OH_ADD_UP_OW   |       -|   0.20|       76814|  3.841e+05|         -|       76814|        -|        no|            -|  2 (~0%)|   399 (~0%)|    464 (~0%)|    -|
    |  o ADD_UP_C_ADD_UP_OH_ADD_UP_OW                        |       -|   3.65|       76812|  3.841e+05|        14|           1|    76800|       yes|            -|        -|           -|            -|    -|
    | + conv1x1_plain_3                                      |       -|   0.25|    49152601|  2.458e+08|         -|    49152601|        -|        no|            -|  2 (~0%)|  1916 (~0%)|   2187 (~0%)|    -|
    |  o C1P_OC                                              |       -|   3.65|    49152600|  2.458e+08|   2048025|           -|       24|        no|            -|        -|           -|            -|    -|
    |   + conv1x1_plain_3_Pipeline_C1P_HW_C1P_IC             |       -|   0.25|     2048019|  1.024e+07|         -|     2048019|        -|        no|            -|  1 (~0%)|  1344 (~0%)|   1716 (~0%)|    -|
    |    o C1P_HW_C1P_IC                                     |      II|   3.65|     2048017|  1.024e+07|        23|           5|   409600|       yes|            -|        -|           -|            -|    -|
    | + fpn_full_top_Pipeline_ADD_UP_C_ADD_UP_OH_ADD_UP_OW1  |       -|   0.20|      307214|  1.536e+06|         -|      307214|        -|        no|            -|  2 (~0%)|   417 (~0%)|    503 (~0%)|    -|
    |  o ADD_UP_C_ADD_UP_OH_ADD_UP_OW                        |       -|   3.65|      307212|  1.536e+06|        14|           1|   307200|       yes|            -|        -|           -|            -|    -|
    | + fpn_full_top_Pipeline_ADD_UP_C_ADD_UP_OH_ADD_UP_OW2  |       -|   0.20|     1228814|  6.144e+06|         -|     1228814|        -|        no|            -|  4 (~0%)|   726 (~0%)|    773 (~0%)|    -|
    |  o ADD_UP_C_ADD_UP_OH_ADD_UP_OW                        |       -|   3.65|     1228812|  6.144e+06|        14|           1|  1228800|       yes|            -|        -|           -|            -|    -|
    | + fpn_conv3x3                                          |  Timing|  -0.17|    20820001|  1.041e+08|         -|    20820001|        -|        no|            -|  1 (~0%)|  2229 (~0%)|    4997 (1%)|    -|
    |  o FPN3_OC_FPN3_OH_FPN3_OW                             |       -|   3.65|    20820000|  1.041e+08|      8675|           -|     2400|        no|            -|        -|           -|            -|    -|
    |   + fpn_conv3x3_Pipeline_FPN3_IC_FPN3_KH_FPN3_KW       |  Timing|  -0.17|        8659|  4.330e+04|         -|        8659|        -|        no|            -|  1 (~0%)|  1570 (~0%)|   2649 (~0%)|    -|
    |    o FPN3_IC_FPN3_KH_FPN3_KW                           |      II|   3.65|        8657|  4.328e+04|        23|           5|     1728|       yes|            -|        -|           -|            -|    -|
    | + fpn_conv3x3_4                                        |  Timing|  -0.17|    83280001|  4.164e+08|         -|    83280001|        -|        no|            -|  1 (~0%)|  2278 (~0%)|    5317 (1%)|    -|
    |  o FPN3_OC_FPN3_OH_FPN3_OW                             |       -|   3.65|    83280000|  4.164e+08|      8675|           -|     9600|        no|            -|        -|           -|            -|    -|
    |   + fpn_conv3x3_4_Pipeline_FPN3_IC_FPN3_KH_FPN3_KW     |  Timing|  -0.17|        8659|  4.330e+04|         -|        8659|        -|        no|            -|  1 (~0%)|  1580 (~0%)|   2662 (~0%)|    -|
    |    o FPN3_IC_FPN3_KH_FPN3_KW                           |      II|   3.65|        8657|  4.328e+04|        23|           5|     1728|       yes|            -|        -|           -|            -|    -|
    | + fpn_full_top_Pipeline_MP_C_MP_H_MP_W                 |       -|   0.05|        4803|  2.402e+04|         -|        4803|        -|        no|            -|        -|   110 (~0%)|    625 (~0%)|    -|
    |  o MP_C_MP_H_MP_W                                      |       -|   3.65|        4801|  2.400e+04|         3|           1|     4800|       yes|            -|        -|           -|            -|    -|
    | + fpn_conv3x3_5                                        |  Timing|  -0.17|   333235204|  1.666e+09|         -|   333235204|        -|        no|            -|  3 (~0%)|  2322 (~0%)|    5355 (1%)|    -|
    |  o FPN3_OC_FPN3_OH_FPN3_OW                             |       -|   3.65|   333235203|  1.666e+09|      8678|           -|    38400|        no|            -|        -|           -|            -|    -|
    |   + fpn_conv3x3_5_Pipeline_FPN3_IC_FPN3_KH_FPN3_KW     |  Timing|  -0.17|        8659|  4.330e+04|         -|        8659|        -|        no|            -|  1 (~0%)|  1585 (~0%)|   2678 (~0%)|    -|
    |    o FPN3_IC_FPN3_KH_FPN3_KW                           |      II|   3.65|        8657|  4.328e+04|        23|           5|     1728|       yes|            -|        -|           -|            -|    -|
    | + fpn_conv3x3_6                                        |  Timing|  -0.17|  1332940804|  6.665e+09|         -|  1332940804|        -|        no|            -|  3 (~0%)|  2361 (~0%)|    5495 (2%)|    -|
    |  o FPN3_OC_FPN3_OH_FPN3_OW                             |       -|   3.65|  1332940803|  6.665e+09|      8678|           -|   153600|        no|            -|        -|           -|            -|    -|
    |   + fpn_conv3x3_6_Pipeline_FPN3_IC_FPN3_KH_FPN3_KW     |  Timing|  -0.17|        8659|  4.330e+04|         -|        8659|        -|        no|            -|  1 (~0%)|  1588 (~0%)|   2698 (~0%)|    -|
    |    o FPN3_IC_FPN3_KH_FPN3_KW                           |      II|   3.65|        8657|  4.328e+04|        23|           5|     1728|       yes|            -|        -|           -|            -|    -|
    +--------------------------------------------------------+--------+-------+------------+-----------+----------+------------+---------+----------+-------------+---------+------------+-------------+-----+


================================================================
== HW Interfaces
================================================================
* BRAM
+--------------+------------+---------------+
| Interface    | Data Width | Address Width |
+--------------+------------+---------------+
| c1_PORTA     | 32         | 32            |
| c2_PORTA     | 32         | 32            |
| c3_PORTA     | 32         | 32            |
| c4_PORTA     | 32         | 32            |
| p2_PORTA     | 32         | 32            |
| p2_PORTB     | 32         | 32            |
| p3_PORTA     | 32         | 32            |
| p3_PORTB     | 32         | 32            |
| p4_PORTA     | 32         | 32            |
| p4_PORTB     | 32         | 32            |
| p5_PORTA     | 32         | 32            |
| p5_PORTB     | 32         | 32            |
| p6_PORTA     | 32         | 32            |
| w_conv_PORTA | 8          | 32            |
| w_conv_PORTB | 8          | 32            |
| w_meta_PORTA | 32         | 32            |
| w_meta_PORTB | 32         | 32            |
+--------------+------------+---------------+

* TOP LEVEL CONTROL
+-----------+------------+-----------------------------------+
| Interface | Type       | Ports                             |
+-----------+------------+-----------------------------------+
| ap_clk    | clock      | ap_clk                            |
| ap_rst    | reset      | ap_rst                            |
| ap_ctrl   | ap_ctrl_hs | ap_done ap_idle ap_ready ap_start |
+-----------+------------+-----------------------------------+


================================================================
== SW I/O Information
================================================================
* Top Function Arguments
+----------+-----------+---------------------+
| Argument | Direction | Datatype            |
+----------+-----------+---------------------+
| c4       | in        | float const *       |
| c3       | in        | float const *       |
| c2       | in        | float const *       |
| c1       | in        | float const *       |
| w_conv   | in        | signed char const * |
| w_meta   | in        | float const *       |
| p5       | inout     | float*              |
| p4       | out       | float*              |
| p3       | out       | float*              |
| p2       | out       | float*              |
| p6       | out       | float*              |
+----------+-----------+---------------------+

* SW-to-HW Mapping
+----------+--------------+-----------+
| Argument | HW Interface | HW Type   |
+----------+--------------+-----------+
| c4       | c4_PORTA     | interface |
| c3       | c3_PORTA     | interface |
| c2       | c2_PORTA     | interface |
| c1       | c1_PORTA     | interface |
| w_conv   | w_conv_PORTA | interface |
| w_conv   | w_conv_PORTB | interface |
| w_meta   | w_meta_PORTA | interface |
| w_meta   | w_meta_PORTB | interface |
| p5       | p5_PORTA     | interface |
| p5       | p5_PORTB     | interface |
| p4       | p4_PORTA     | interface |
| p4       | p4_PORTB     | interface |
| p3       | p3_PORTA     | interface |
| p3       | p3_PORTB     | interface |
| p2       | p2_PORTA     | interface |
| p2       | p2_PORTB     | interface |
| p6       | p6_PORTA     | interface |
+----------+--------------+-----------+


================================================================
== Bind Op Report
================================================================
+--------------------------------------------------------+-----+--------+--------------+------+---------+---------+
| Name                                                   | DSP | Pragma | Variable     | Op   | Impl    | Latency |
+--------------------------------------------------------+-----+--------+--------------+------+---------+---------+
| + fpn_full_top                                         | 32  |        |              |      |         |         |
|  + conv1x1_plain                                       | 1   |        |              |      |         |         |
|    empty_216_fu_234_p2                                 | -   |        | empty_216    | add  | fabric  | 0       |
|    empty_218_fu_303_p2                                 | -   |        | empty_218    | add  | fabric  | 0       |
|    empty_219_fu_309_p2                                 | -   |        | empty_219    | add  | fabric  | 0       |
|    empty_220_fu_315_p2                                 | -   |        | empty_220    | add  | fabric  | 0       |
|    empty_221_fu_426_p2                                 | -   |        | empty_221    | add  | fabric  | 0       |
|    empty_223_fu_382_p2                                 | -   |        | empty_223    | add  | fabric  | 0       |
|    mul_8ns_8ns_15_1_1_U22                              | -   |        | empty_224    | mul  | auto    | 0       |
|    empty_226_fu_469_p2                                 | -   |        | empty_226    | add  | fabric  | 0       |
|    add_ln396_fu_265_p2                                 | -   |        | add_ln396    | add  | fabric  | 0       |
|   + conv1x1_plain_Pipeline_C1P_HW_C1P_IC               | 1   |        |              |      |         |         |
|     add_ln397_fu_503_p2                                | -   |        | add_ln397    | add  | fabric  | 0       |
|     add_ln397_1_fu_636_p2                              | -   |        | add_ln397_1  | add  | fabric  | 0       |
|     mac_muladd_10ns_7ns_7ns_16_4_1_U7                  | 1   |        | mul_ln408    | mul  | dsp48   | 3       |
|     mac_muladd_10ns_7ns_7ns_16_4_1_U7                  | 1   |        | add_ln408    | add  | dsp48   | 3       |
|     add_ln410_fu_557_p2                                | -   |        | add_ln410    | add  | fabric  | 0       |
|     add_ln411_1_fu_593_p2                              | -   |        | add_ln411_1  | add  | fabric  | 0       |
|     add_ln411_fu_603_p2                                | -   |        | add_ln411    | add  | fabric  | 0       |
|     add_ln412_1_fu_613_p2                              | -   |        | add_ln412_1  | add  | fabric  | 0       |
|     add_ln412_fu_623_p2                                | -   |        | add_ln412    | add  | fabric  | 0       |
|     add_ln413_1_fu_666_p2                              | -   |        | add_ln413_1  | add  | fabric  | 0       |
|     add_ln413_fu_676_p2                                | -   |        | add_ln413    | add  | fabric  | 0       |
|     add_ln414_1_fu_686_p2                              | -   |        | add_ln414_1  | add  | fabric  | 0       |
|     add_ln414_fu_696_p2                                | -   |        | add_ln414    | add  | fabric  | 0       |
|     add_ln415_1_fu_728_p2                              | -   |        | add_ln415_1  | add  | fabric  | 0       |
|     add_ln415_fu_741_p2                                | -   |        | add_ln415    | add  | fabric  | 0       |
|     add_ln416_1_fu_751_p2                              | -   |        | add_ln416_1  | add  | fabric  | 0       |
|     add_ln416_fu_761_p2                                | -   |        | add_ln416    | add  | fabric  | 0       |
|     add_ln406_fu_568_p2                                | -   |        | add_ln406    | add  | fabric  | 0       |
|     add_ln418_fu_889_p2                                | -   |        | add_ln418    | add  | fabric  | 0       |
|     add_ln419_fu_899_p2                                | -   |        | add_ln419    | add  | fabric  | 0       |
|     add_ln420_1_fu_925_p2                              | -   |        | add_ln420_1  | add  | fabric  | 0       |
|     add_ln420_fu_935_p2                                | -   |        | add_ln420    | add  | fabric  | 0       |
|     add_ln421_1_fu_945_p2                              | -   |        | add_ln421_1  | add  | fabric  | 0       |
|     add_ln421_fu_955_p2                                | -   |        | add_ln421    | add  | fabric  | 0       |
|     add_ln422_1_fu_975_p2                              | -   |        | add_ln422_1  | add  | fabric  | 0       |
|     add_ln422_fu_984_p2                                | -   |        | add_ln422    | add  | fabric  | 0       |
|     add_ln423_1_fu_994_p2                              | -   |        | add_ln423_1  | add  | fabric  | 0       |
|     add_ln423_fu_1007_p2                               | -   |        | add_ln423    | add  | fabric  | 0       |
|     add_ln424_1_fu_1030_p2                             | -   |        | add_ln424_1  | add  | fabric  | 0       |
|     add_ln424_fu_1040_p2                               | -   |        | add_ln424    | add  | fabric  | 0       |
|     add_ln425_1_fu_1050_p2                             | -   |        | add_ln425_1  | add  | fabric  | 0       |
|     add_ln425_fu_1060_p2                               | -   |        | add_ln425    | add  | fabric  | 0       |
|  + conv1x1_plain_1                                     | 1   |        |              |      |         |         |
|    empty_197_fu_219_p2                                 | -   |        | empty_197    | add  | fabric  | 0       |
|    empty_199_fu_235_p2                                 | -   |        | empty_199    | add  | fabric  | 0       |
|    empty_200_fu_241_p2                                 | -   |        | empty_200    | add  | fabric  | 0       |
|    empty_202_fu_307_p2                                 | -   |        | empty_202    | add  | fabric  | 0       |
|    empty_203_fu_332_p2                                 | -   |        | empty_203    | add  | fabric  | 0       |
|    empty_204_fu_337_p2                                 | -   |        | empty_204    | add  | fabric  | 0       |
|    empty_205_fu_342_p2                                 | -   |        | empty_205    | add  | fabric  | 0       |
|    empty_207_fu_402_p2                                 | -   |        | empty_207    | add  | fabric  | 0       |
|    empty_211_fu_415_p2                                 | -   |        | empty_211    | add  | fabric  | 0       |
|    mul_8ns_10ns_17_1_1_U54                             | -   |        | empty_212    | mul  | auto    | 0       |
|    empty_214_fu_504_p2                                 | -   |        | empty_214    | add  | fabric  | 0       |
|    add_ln396_fu_287_p2                                 | -   |        | add_ln396    | add  | fabric  | 0       |
|   + conv1x1_plain_1_Pipeline_C1P_HW_C1P_IC             | 1   |        |              |      |         |         |
|     add_ln397_fu_521_p2                                | -   |        | add_ln397    | add  | fabric  | 0       |
|     add_ln397_3_fu_649_p2                              | -   |        | add_ln397_3  | add  | fabric  | 0       |
|     mac_muladd_8ns_9ns_9ns_16_4_1_U37                  | 1   |        | mul_ln408    | mul  | dsp48   | 3       |
|     mac_muladd_8ns_9ns_9ns_16_4_1_U37                  | 1   |        | add_ln408    | add  | dsp48   | 3       |
|     add_ln409_fu_564_p2                                | -   |        | add_ln409    | add  | fabric  | 0       |
|     add_ln410_fu_575_p2                                | -   |        | add_ln410    | add  | fabric  | 0       |
|     add_ln411_fu_679_p2                                | -   |        | add_ln411    | add  | fabric  | 0       |
|     add_ln411_3_fu_693_p2                              | -   |        | add_ln411_3  | add  | fabric  | 0       |
|     add_ln412_fu_608_p2                                | -   |        | add_ln412    | add  | fabric  | 0       |
|     add_ln413_fu_703_p2                                | -   |        | add_ln413    | add  | fabric  | 0       |
|     add_ln414_fu_632_p2                                | -   |        | add_ln414    | add  | fabric  | 0       |
|     add_ln415_fu_735_p2                                | -   |        | add_ln415    | add  | fabric  | 0       |
|     add_ln415_3_fu_748_p2                              | -   |        | add_ln415_3  | add  | fabric  | 0       |
|     add_ln416_fu_642_p2                                | -   |        | add_ln416    | add  | fabric  | 0       |
|     add_ln406_fu_586_p2                                | -   |        | add_ln406    | add  | fabric  | 0       |
|     add_ln418_fu_876_p2                                | -   |        | add_ln418    | add  | fabric  | 0       |
|     add_ln419_fu_886_p2                                | -   |        | add_ln419    | add  | fabric  | 0       |
|     add_ln420_3_fu_969_p2                              | -   |        | add_ln420_3  | add  | fabric  | 0       |
|     add_ln420_fu_978_p2                                | -   |        | add_ln420    | add  | fabric  | 0       |
|     add_ln421_3_fu_912_p2                              | -   |        | add_ln421_3  | add  | fabric  | 0       |
|     add_ln421_fu_922_p2                                | -   |        | add_ln421    | add  | fabric  | 0       |
|     add_ln422_3_fu_1018_p2                             | -   |        | add_ln422_3  | add  | fabric  | 0       |
|     add_ln422_fu_1027_p2                               | -   |        | add_ln422    | add  | fabric  | 0       |
|     add_ln423_3_fu_932_p2                              | -   |        | add_ln423_3  | add  | fabric  | 0       |
|     add_ln423_fu_946_p2                                | -   |        | add_ln423    | add  | fabric  | 0       |
|     add_ln424_3_fu_1037_p2                             | -   |        | add_ln424_3  | add  | fabric  | 0       |
|     add_ln424_fu_1046_p2                               | -   |        | add_ln424    | add  | fabric  | 0       |
|     add_ln425_3_fu_988_p2                              | -   |        | add_ln425_3  | add  | fabric  | 0       |
|     add_ln425_fu_998_p2                                | -   |        | add_ln425    | add  | fabric  | 0       |
|  + conv1x1_plain_2                                     | 2   |        |              |      |         |         |
|    empty_179_fu_221_p2                                 | -   |        | empty_179    | add  | fabric  | 0       |
|    empty_181_fu_237_p2                                 | -   |        | empty_181    | add  | fabric  | 0       |
|    empty_182_fu_243_p2                                 | -   |        | empty_182    | add  | fabric  | 0       |
|    empty_184_fu_309_p2                                 | -   |        | empty_184    | add  | fabric  | 0       |
|    empty_185_fu_334_p2                                 | -   |        | empty_185    | add  | fabric  | 0       |
|    empty_186_fu_339_p2                                 | -   |        | empty_186    | add  | fabric  | 0       |
|    empty_187_fu_344_p2                                 | -   |        | empty_187    | add  | fabric  | 0       |
|    empty_189_fu_398_p2                                 | -   |        | empty_189    | add  | fabric  | 0       |
|    empty_190_fu_426_p2                                 | -   |        | empty_190    | sub  | fabric  | 0       |
|    empty_192_fu_443_p2                                 | -   |        | empty_192    | add  | fabric  | 0       |
|    mul_mul_8ns_11ns_19_4_1_U84                         | 1   |        | empty_193    | mul  | dsp48   | 3       |
|    empty_195_fu_503_p2                                 | -   |        | empty_195    | add  | fabric  | 0       |
|    add_ln396_fu_289_p2                                 | -   |        | add_ln396    | add  | fabric  | 0       |
|   + conv1x1_plain_2_Pipeline_C1P_HW_C1P_IC             | 1   |        |              |      |         |         |
|     add_ln397_fu_503_p2                                | -   |        | add_ln397    | add  | fabric  | 0       |
|     add_ln397_2_fu_615_p2                              | -   |        | add_ln397_2  | add  | fabric  | 0       |
|     mac_muladd_7ns_11ns_11ns_18_4_1_U69                | 1   |        | mul_ln408    | mul  | dsp48   | 3       |
|     mac_muladd_7ns_11ns_11ns_18_4_1_U69                | 1   |        | add_ln408    | add  | dsp48   | 3       |
|     add_ln409_fu_538_p2                                | -   |        | add_ln409    | add  | fabric  | 0       |
|     add_ln410_fu_549_p2                                | -   |        | add_ln410    | add  | fabric  | 0       |
|     add_ln414_fu_664_p2                                | -   |        | add_ln414    | add  | fabric  | 0       |
|     add_ln406_fu_560_p2                                | -   |        | add_ln406    | add  | fabric  | 0       |
|     add_ln418_fu_841_p2                                | -   |        | add_ln418    | add  | fabric  | 0       |
|     add_ln419_fu_851_p2                                | -   |        | add_ln419    | add  | fabric  | 0       |
|     add_ln420_2_fu_877_p2                              | -   |        | add_ln420_2  | add  | fabric  | 0       |
|     add_ln420_fu_887_p2                                | -   |        | add_ln420    | add  | fabric  | 0       |
|     add_ln421_2_fu_897_p2                              | -   |        | add_ln421_2  | add  | fabric  | 0       |
|     add_ln421_fu_907_p2                                | -   |        | add_ln421    | add  | fabric  | 0       |
|     add_ln422_2_fu_927_p2                              | -   |        | add_ln422_2  | add  | fabric  | 0       |
|     add_ln422_fu_936_p2                                | -   |        | add_ln422    | add  | fabric  | 0       |
|     add_ln423_2_fu_946_p2                              | -   |        | add_ln423_2  | add  | fabric  | 0       |
|     add_ln423_fu_959_p2                                | -   |        | add_ln423    | add  | fabric  | 0       |
|     add_ln424_2_fu_982_p2                              | -   |        | add_ln424_2  | add  | fabric  | 0       |
|     add_ln424_fu_992_p2                                | -   |        | add_ln424    | add  | fabric  | 0       |
|     add_ln425_2_fu_1002_p2                             | -   |        | add_ln425_2  | add  | fabric  | 0       |
|     add_ln425_fu_1012_p2                               | -   |        | add_ln425    | add  | fabric  | 0       |
|  + fpn_full_top_Pipeline_ADD_UP_C_ADD_UP_OH_ADD_UP_OW  | 2   |        |              |      |         |         |
|    add_ln597_3_fu_392_p2                               | -   |        | add_ln597_3  | add  | fabric  | 0       |
|    add_ln596_3_fu_398_p2                               | -   |        | add_ln596_3  | add  | fabric  | 0       |
|    add_ln592_1_fu_172_p2                               | -   |        | add_ln592_1  | add  | fabric  | 0       |
|    add_ln592_fu_190_p2                                 | -   |        | add_ln592    | add  | fabric  | 0       |
|    mac_muladd_8ns_9ns_5ns_17_4_1_U126                  | 1   |        | mul_ln592    | mul  | dsp48   | 3       |
|    mac_muladd_8ns_7ns_4ns_15_4_1_U127                  | 1   |        | mul_ln592_1  | mul  | dsp48   | 3       |
|    add_ln593_fu_281_p2                                 | -   |        | add_ln593    | add  | fabric  | 0       |
|    add_ln597_5_fu_458_p2                               | -   |        | add_ln597_5  | add  | fabric  | 0       |
|    add_ln596_5_fu_475_p2                               | -   |        | add_ln596_5  | add  | fabric  | 0       |
|    mac_muladd_8ns_7ns_4ns_15_4_1_U127                  | 1   |        | add_ln597_4  | add  | dsp48   | 3       |
|    add_ln597_fu_492_p2                                 | -   |        | add_ln597    | add  | fabric  | 0       |
|    mac_muladd_8ns_9ns_5ns_17_4_1_U126                  | 1   |        | add_ln596_4  | add  | dsp48   | 3       |
|    add_ln596_fu_502_p2                                 | -   |        | add_ln596    | add  | fabric  | 0       |
|    add_ln594_fu_336_p2                                 | -   |        | add_ln594    | add  | fabric  | 0       |
|    add_ln593_2_fu_212_p2                               | -   |        | add_ln593_2  | add  | fabric  | 0       |
|  + conv1x1_plain_3                                     | 2   |        |              |      |         |         |
|    empty_160_fu_223_p2                                 | -   |        | empty_160    | add  | fabric  | 0       |
|    empty_162_fu_239_p2                                 | -   |        | empty_162    | add  | fabric  | 0       |
|    empty_163_fu_245_p2                                 | -   |        | empty_163    | add  | fabric  | 0       |
|    empty_165_fu_311_p2                                 | -   |        | empty_165    | add  | fabric  | 0       |
|    empty_166_fu_336_p2                                 | -   |        | empty_166    | add  | fabric  | 0       |
|    empty_167_fu_341_p2                                 | -   |        | empty_167    | add  | fabric  | 0       |
|    empty_168_fu_346_p2                                 | -   |        | empty_168    | add  | fabric  | 0       |
|    empty_170_fu_400_p2                                 | -   |        | empty_170    | add  | fabric  | 0       |
|    empty_174_fu_424_p2                                 | -   |        | empty_174    | add  | fabric  | 0       |
|    mul_mul_8ns_13ns_21_4_1_U116                        | 1   |        | empty_175    | mul  | dsp48   | 3       |
|    empty_177_fu_496_p2                                 | -   |        | empty_177    | add  | fabric  | 0       |
|    add_ln396_fu_291_p2                                 | -   |        | add_ln396    | add  | fabric  | 0       |
|   + conv1x1_plain_3_Pipeline_C1P_HW_C1P_IC             | 1   |        |              |      |         |         |
|     add_ln397_1_fu_521_p2                              | -   |        | add_ln397_1  | add  | fabric  | 0       |
|     add_ln397_fu_633_p2                                | -   |        | add_ln397    | add  | fabric  | 0       |
|     mac_muladd_7ns_13ns_13ns_19_4_1_U99                | 1   |        | mul_ln408    | mul  | dsp48   | 3       |
|     mac_muladd_7ns_13ns_13ns_19_4_1_U99                | 1   |        | add_ln408    | add  | dsp48   | 3       |
|     add_ln409_fu_556_p2                                | -   |        | add_ln409    | add  | fabric  | 0       |
|     add_ln410_fu_567_p2                                | -   |        | add_ln410    | add  | fabric  | 0       |
|     add_ln411_fu_692_p2                                | -   |        | add_ln411    | add  | fabric  | 0       |
|     add_ln411_1_fu_697_p2                              | -   |        | add_ln411_1  | add  | fabric  | 0       |
|     add_ln412_fu_600_p2                                | -   |        | add_ln412    | add  | fabric  | 0       |
|     add_ln413_fu_712_p2                                | -   |        | add_ln413    | add  | fabric  | 0       |
|     add_ln414_fu_616_p2                                | -   |        | add_ln414    | add  | fabric  | 0       |
|     add_ln416_fu_626_p2                                | -   |        | add_ln416    | add  | fabric  | 0       |
|     add_ln406_fu_578_p2                                | -   |        | add_ln406    | add  | fabric  | 0       |
|     add_ln418_fu_845_p2                                | -   |        | add_ln418    | add  | fabric  | 0       |
|     add_ln419_fu_855_p2                                | -   |        | add_ln419    | add  | fabric  | 0       |
|     add_ln420_1_fu_988_p2                              | -   |        | add_ln420_1  | add  | fabric  | 0       |
|     add_ln420_fu_997_p2                                | -   |        | add_ln420    | add  | fabric  | 0       |
|     add_ln421_1_fu_881_p2                              | -   |        | add_ln421_1  | add  | fabric  | 0       |
|     add_ln421_fu_891_p2                                | -   |        | add_ln421    | add  | fabric  | 0       |
|     add_ln422_1_fu_1007_p2                             | -   |        | add_ln422_1  | add  | fabric  | 0       |
|     add_ln422_fu_1016_p2                               | -   |        | add_ln422    | add  | fabric  | 0       |
|     add_ln423_1_fu_901_p2                              | -   |        | add_ln423_1  | add  | fabric  | 0       |
|     add_ln423_fu_915_p2                                | -   |        | add_ln423    | add  | fabric  | 0       |
|     add_ln424_1_fu_938_p2                              | -   |        | add_ln424_1  | add  | fabric  | 0       |
|     add_ln424_fu_948_p2                                | -   |        | add_ln424    | add  | fabric  | 0       |
|     add_ln425_1_fu_958_p2                              | -   |        | add_ln425_1  | add  | fabric  | 0       |
|     add_ln425_fu_968_p2                                | -   |        | add_ln425    | add  | fabric  | 0       |
|  + fpn_full_top_Pipeline_ADD_UP_C_ADD_UP_OH_ADD_UP_OW1 | 2   |        |              |      |         |         |
|    add_ln597_fu_398_p2                                 | -   |        | add_ln597    | add  | fabric  | 0       |
|    add_ln596_fu_404_p2                                 | -   |        | add_ln596    | add  | fabric  | 0       |
|    add_ln592_fu_182_p2                                 | -   |        | add_ln592    | add  | fabric  | 0       |
|    add_ln592_2_fu_200_p2                               | -   |        | add_ln592_2  | add  | fabric  | 0       |
|    mul_mul_8ns_11ns_19_4_1_U133                        | 1   |        | mul_ln592    | mul  | dsp48   | 3       |
|    mac_muladd_8ns_9ns_5ns_17_4_1_U134                  | 1   |        | mul_ln592_2  | mul  | dsp48   | 3       |
|    add_ln593_1_fu_291_p2                               | -   |        | add_ln593_1  | add  | fabric  | 0       |
|    add_ln597_3_fu_464_p2                               | -   |        | add_ln597_3  | add  | fabric  | 0       |
|    add_ln596_3_fu_481_p2                               | -   |        | add_ln596_3  | add  | fabric  | 0       |
|    mac_muladd_8ns_9ns_5ns_17_4_1_U134                  | 1   |        | add_ln597_4  | add  | dsp48   | 3       |
|    add_ln597_1_fu_498_p2                               | -   |        | add_ln597_1  | add  | fabric  | 0       |
|    add_ln596_1_fu_524_p2                               | -   |        | add_ln596_1  | add  | fabric  | 0       |
|    add_ln594_fu_342_p2                                 | -   |        | add_ln594    | add  | fabric  | 0       |
|    add_ln593_fu_222_p2                                 | -   |        | add_ln593    | add  | fabric  | 0       |
|  + fpn_full_top_Pipeline_ADD_UP_C_ADD_UP_OH_ADD_UP_OW2 | 4   |        |              |      |         |         |
|    add_ln597_fu_390_p2                                 | -   |        | add_ln597    | add  | fabric  | 0       |
|    add_ln596_fu_396_p2                                 | -   |        | add_ln596    | add  | fabric  | 0       |
|    add_ln592_fu_188_p2                                 | -   |        | add_ln592    | add  | fabric  | 0       |
|    add_ln592_1_fu_206_p2                               | -   |        | add_ln592_1  | add  | fabric  | 0       |
|    mul_mul_8ns_13ns_21_4_1_U138                        | 1   |        | mul_ln592    | mul  | dsp48   | 3       |
|    mul_mul_8ns_11ns_19_4_1_U139                        | 1   |        | mul_ln592_1  | mul  | dsp48   | 3       |
|    add_ln593_fu_297_p2                                 | -   |        | add_ln593    | add  | fabric  | 0       |
|    add_ln597_1_fu_456_p2                               | -   |        | add_ln597_1  | add  | fabric  | 0       |
|    add_ln596_1_fu_473_p2                               | -   |        | add_ln596_1  | add  | fabric  | 0       |
|    add_ln597_2_fu_516_p2                               | -   |        | add_ln597_2  | add  | fabric  | 0       |
|    add_ln596_2_fu_543_p2                               | -   |        | add_ln596_2  | add  | fabric  | 0       |
|    fadd_32ns_32ns_32_8_full_dsp_1_U137                 | 2   |        | add22_i2     | fadd | fulldsp | 7       |
|    add_ln594_fu_334_p2                                 | -   |        | add_ln594    | add  | fabric  | 0       |
|    add_ln593_1_fu_228_p2                               | -   |        | add_ln593_1  | add  | fabric  | 0       |
|  + fpn_conv3x3                                         | 1   |        |              |      |         |         |
|    empty_fu_484_p2                                     | -   |        | empty        | sub  | fabric  | 0       |
|    mul_8ns_8ns_15_1_1_U167                             | -   |        | empty_140    | mul  | auto    | 0       |
|    empty_142_fu_534_p2                                 | -   |        | empty_142    | add  | fabric  | 0       |
|    empty_143_fu_540_p2                                 | -   |        | empty_143    | add  | fabric  | 0       |
|    empty_145_fu_556_p2                                 | -   |        | empty_145    | add  | fabric  | 0       |
|    empty_146_fu_562_p2                                 | -   |        | empty_146    | add  | fabric  | 0       |
|    empty_147_fu_568_p2                                 | -   |        | empty_147    | add  | fabric  | 0       |
|    empty_150_fu_742_p2                                 | -   |        | empty_150    | add  | fabric  | 0       |
|    tmp_fu_748_p2                                       | -   |        | tmp          | add  | fabric  | 0       |
|    empty_151_fu_758_p2                                 | -   |        | empty_151    | add  | fabric  | 0       |
|    tmp1_fu_764_p2                                      | -   |        | tmp1         | add  | fabric  | 0       |
|    empty_152_fu_774_p2                                 | -   |        | empty_152    | add  | fabric  | 0       |
|    tmp2_fu_780_p2                                      | -   |        | tmp2         | add  | fabric  | 0       |
|    empty_153_fu_790_p2                                 | -   |        | empty_153    | add  | fabric  | 0       |
|    tmp3_fu_796_p2                                      | -   |        | tmp3         | add  | fabric  | 0       |
|    empty_154_fu_806_p2                                 | -   |        | empty_154    | add  | fabric  | 0       |
|    tmp4_fu_812_p2                                      | -   |        | tmp4         | add  | fabric  | 0       |
|    empty_155_fu_826_p2                                 | -   |        | empty_155    | add  | fabric  | 0       |
|    add_ln475_4_fu_852_p2                               | -   |        | add_ln475_4  | add  | fabric  | 0       |
|    add_ln482_fu_858_p2                                 | -   |        | add_ln482    | add  | fabric  | 0       |
|    add_ln482_8_fu_868_p2                               | -   |        | add_ln482_8  | add  | fabric  | 0       |
|    add_ln450_fu_874_p2                                 | -   |        | add_ln450    | add  | fabric  | 0       |
|    add_ln450_4_fu_886_p2                               | -   |        | add_ln450_4  | add  | fabric  | 0       |
|    p_mid1209_fu_1017_p2                                | -   |        | p_mid1209    | sub  | fabric  | 0       |
|    mul_8ns_8ns_15_1_1_U168                             | -   |        | p_mid1219    | mul  | auto    | 0       |
|    p_mid1223_fu_1077_p2                                | -   |        | p_mid1223    | add  | fabric  | 0       |
|    p_mid1225_fu_1083_p2                                | -   |        | p_mid1225    | add  | fabric  | 0       |
|    p_mid1229_fu_1099_p2                                | -   |        | p_mid1229    | add  | fabric  | 0       |
|    p_mid1231_fu_1105_p2                                | -   |        | p_mid1231    | add  | fabric  | 0       |
|    p_mid1233_fu_1111_p2                                | -   |        | p_mid1233    | add  | fabric  | 0       |
|    p_mid1329_fu_1336_p2                                | -   |        | p_mid1329    | add  | fabric  | 0       |
|    p_mid1343_fu_1348_p2                                | -   |        | p_mid1343    | add  | fabric  | 0       |
|    p_mid1357_fu_1360_p2                                | -   |        | p_mid1357    | add  | fabric  | 0       |
|    p_mid1371_fu_1372_p2                                | -   |        | p_mid1371    | add  | fabric  | 0       |
|    p_mid1387_fu_1384_p2                                | -   |        | p_mid1387    | add  | fabric  | 0       |
|    add_ln482_13_fu_1424_p2                             | -   |        | add_ln482_13 | add  | fabric  | 0       |
|    add_ln451_fu_1436_p2                                | -   |        | add_ln451    | add  | fabric  | 0       |
|    p_mid1113_fu_1505_p2                                | -   |        | p_mid1113    | add  | fabric  | 0       |
|    tmp_mid1_fu_1524_p2                                 | -   |        | tmp_mid1     | add  | fabric  | 0       |
|    p_mid1119_fu_1534_p2                                | -   |        | p_mid1119    | add  | fabric  | 0       |
|    tmp1_mid1_fu_1547_p2                                | -   |        | tmp1_mid1    | add  | fabric  | 0       |
|    p_mid1125_fu_1557_p2                                | -   |        | p_mid1125    | add  | fabric  | 0       |
|    tmp2_mid1_fu_1570_p2                                | -   |        | tmp2_mid1    | add  | fabric  | 0       |
|    p_mid1131_fu_1580_p2                                | -   |        | p_mid1131    | add  | fabric  | 0       |
|    tmp3_mid1_fu_1593_p2                                | -   |        | tmp3_mid1    | add  | fabric  | 0       |
|    p_mid1137_fu_1603_p2                                | -   |        | p_mid1137    | add  | fabric  | 0       |
|    tmp4_mid1_fu_1616_p2                                | -   |        | tmp4_mid1    | add  | fabric  | 0       |
|    p_mid1143_fu_1630_p2                                | -   |        | p_mid1143    | add  | fabric  | 0       |
|    add_ln475_5_fu_1653_p2                              | -   |        | add_ln475_5  | add  | fabric  | 0       |
|    add_ln482_14_fu_1666_p2                             | -   |        | add_ln482_14 | add  | fabric  | 0       |
|    add_ln482_15_fu_1676_p2                             | -   |        | add_ln482_15 | add  | fabric  | 0       |
|    p_mid160_fu_1700_p2                                 | -   |        | p_mid160     | add  | fabric  | 0       |
|    add_ln462_fu_1733_p2                                | -   |        | add_ln462    | add  | fabric  | 0       |
|    add_ln475_fu_1746_p2                                | -   |        | add_ln475    | add  | fabric  | 0       |
|    add_ln476_fu_1987_p2                                | -   |        | add_ln476    | add  | fabric  | 0       |
|    add_ln47643_fu_1997_p2                              | -   |        | add_ln47643  | add  | fabric  | 0       |
|    add_ln477_fu_2013_p2                                | -   |        | add_ln477    | add  | fabric  | 0       |
|    add_ln47741_fu_2023_p2                              | -   |        | add_ln47741  | add  | fabric  | 0       |
|    add_ln478_fu_2039_p2                                | -   |        | add_ln478    | add  | fabric  | 0       |
|    add_ln478_4_fu_2049_p2                              | -   |        | add_ln478_4  | add  | fabric  | 0       |
|    add_ln479_fu_2055_p2                                | -   |        | add_ln479    | add  | fabric  | 0       |
|    add_ln479_4_fu_2065_p2                              | -   |        | add_ln479_4  | add  | fabric  | 0       |
|    add_ln480_fu_2071_p2                                | -   |        | add_ln480    | add  | fabric  | 0       |
|    add_ln480_4_fu_2081_p2                              | -   |        | add_ln480_4  | add  | fabric  | 0       |
|    add_ln481_fu_2087_p2                                | -   |        | add_ln481    | add  | fabric  | 0       |
|    add_ln48133_fu_2097_p2                              | -   |        | add_ln48133  | add  | fabric  | 0       |
|    add_ln48231_fu_1768_p2                              | -   |        | add_ln48231  | add  | fabric  | 0       |
|    add_ln452_fu_952_p2                                 | -   |        | add_ln452    | add  | fabric  | 0       |
|    add_ln451_4_fu_958_p2                               | -   |        | add_ln451_4  | add  | fabric  | 0       |
|   + fpn_conv3x3_Pipeline_FPN3_IC_FPN3_KH_FPN3_KW       | 1   |        |              |      |         |         |
|     empty_fu_494_p2                                    | -   |        | empty        | add  | fabric  | 0       |
|     tmp6_fu_704_p2                                     | -   |        | tmp6         | add  | fabric  | 0       |
|     empty_41_fu_714_p2                                 | -   |        | empty_41     | add  | fabric  | 0       |
|     tmp7_fu_731_p2                                     | -   |        | tmp7         | add  | fabric  | 0       |
|     empty_42_fu_741_p2                                 | -   |        | empty_42     | add  | fabric  | 0       |
|     tmp8_fu_1016_p2                                    | -   |        | tmp8         | add  | fabric  | 0       |
|     empty_43_fu_1025_p2                                | -   |        | empty_43     | add  | fabric  | 0       |
|     empty_44_fu_1057_p2                                | -   |        | empty_44     | add  | fabric  | 0       |
|     tmp10_fu_1333_p2                                   | -   |        | tmp10        | add  | fabric  | 0       |
|     empty_45_fu_1343_p2                                | -   |        | empty_45     | add  | fabric  | 0       |
|     tmp11_fu_1360_p2                                   | -   |        | tmp11        | add  | fabric  | 0       |
|     empty_46_fu_1370_p2                                | -   |        | empty_46     | add  | fabric  | 0       |
|     add_ln463_fu_758_p2                                | -   |        | add_ln463    | add  | fabric  | 0       |
|     add_ln464_fu_764_p2                                | -   |        | add_ln464    | add  | fabric  | 0       |
|     add_ln465_fu_770_p2                                | -   |        | add_ln465    | add  | fabric  | 0       |
|     add_ln466_fu_776_p2                                | -   |        | add_ln466    | add  | fabric  | 0       |
|     add_ln467_fu_1074_p2                               | -   |        | add_ln467    | add  | fabric  | 0       |
|     add_ln468_fu_1080_p2                               | -   |        | add_ln468    | add  | fabric  | 0       |
|     add_ln469_fu_1387_p2                               | -   |        | add_ln469    | add  | fabric  | 0       |
|     add_ln470_fu_1393_p2                               | -   |        | add_ln470    | add  | fabric  | 0       |
|     tmp12_fu_1086_p2                                   | -   |        | tmp12        | add  | fabric  | 0       |
|     empty_47_fu_1095_p2                                | -   |        | empty_47     | add  | fabric  | 0       |
|     empty_48_fu_516_p2                                 | -   |        | empty_48     | sub  | fabric  | 0       |
|     add_ln462_1_fu_1126_p2                             | -   |        | add_ln462_1  | add  | fabric  | 0       |
|     add_ln455_fu_528_p2                                | -   |        | add_ln455    | add  | fabric  | 0       |
|     add_ln455_1_fu_554_p2                              | -   |        | add_ln455_1  | add  | fabric  | 0       |
|     mac_muladd_8ns_7ns_8s_15_4_1_U148                  | 1   |        | mul_ln455    | mul  | dsp48   | 3       |
|     p_mid138_fu_576_p2                                 | -   |        | p_mid138     | add  | fabric  | 0       |
|     tmp6_mid1_fu_816_p2                                | -   |        | tmp6_mid1    | add  | fabric  | 0       |
|     p_mid140_fu_826_p2                                 | -   |        | p_mid140     | add  | fabric  | 0       |
|     tmp7_mid1_fu_843_p2                                | -   |        | tmp7_mid1    | add  | fabric  | 0       |
|     p_mid142_fu_853_p2                                 | -   |        | p_mid142     | add  | fabric  | 0       |
|     tmp8_mid1_fu_1132_p2                               | -   |        | tmp8_mid1    | add  | fabric  | 0       |
|     p_mid144_fu_1141_p2                                | -   |        | p_mid144     | add  | fabric  | 0       |
|     p_mid146_fu_1173_p2                                | -   |        | p_mid146     | add  | fabric  | 0       |
|     tmp10_mid1_fu_1402_p2                              | -   |        | tmp10_mid1   | add  | fabric  | 0       |
|     p_mid148_fu_1412_p2                                | -   |        | p_mid148     | add  | fabric  | 0       |
|     tmp11_mid1_fu_1429_p2                              | -   |        | tmp11_mid1   | add  | fabric  | 0       |
|     p_mid150_fu_1439_p2                                | -   |        | p_mid150     | add  | fabric  | 0       |
|     add_ln463_1_fu_870_p2                              | -   |        | add_ln463_1  | add  | fabric  | 0       |
|     add_ln464_1_fu_883_p2                              | -   |        | add_ln464_1  | add  | fabric  | 0       |
|     add_ln465_1_fu_896_p2                              | -   |        | add_ln465_1  | add  | fabric  | 0       |
|     add_ln466_1_fu_909_p2                              | -   |        | add_ln466_1  | add  | fabric  | 0       |
|     add_ln467_1_fu_1190_p2                             | -   |        | add_ln467_1  | add  | fabric  | 0       |
|     add_ln468_1_fu_1203_p2                             | -   |        | add_ln468_1  | add  | fabric  | 0       |
|     add_ln469_1_fu_1456_p2                             | -   |        | add_ln469_1  | add  | fabric  | 0       |
|     add_ln470_1_fu_1469_p2                             | -   |        | add_ln470_1  | add  | fabric  | 0       |
|     add_ln456_fu_600_p2                                | -   |        | add_ln456    | add  | fabric  | 0       |
|     p_mid1_fu_1231_p2                                  | -   |        | p_mid1       | add  | fabric  | 0       |
|     p_mid13_fu_622_p2                                  | -   |        | p_mid13      | sub  | fabric  | 0       |
|     add_ln462_2_fu_1269_p2                             | -   |        | add_ln462_2  | add  | fabric  | 0       |
|     add_ln460_fu_1286_p2                               | -   |        | add_ln460    | add  | fabric  | 0       |
|     add_ln460_1_fu_1295_p2                             | -   |        | add_ln460_1  | add  | fabric  | 0       |
|     mac_muladd_8ns_7ns_8s_15_4_1_U148                  | 1   |        | add_ln462_3  | add  | dsp48   | 3       |
|     add_ln462_fu_1485_p2                               | -   |        | add_ln462    | add  | fabric  | 0       |
|     add_ln463_2_fu_957_p2                              | -   |        | add_ln463_2  | add  | fabric  | 0       |
|     add_ln463_3_fu_967_p2                              | -   |        | add_ln463_3  | add  | fabric  | 0       |
|     add_ln464_2_fu_982_p2                              | -   |        | add_ln464_2  | add  | fabric  | 0       |
|     add_ln465_2_fu_993_p2                              | -   |        | add_ln465_2  | add  | fabric  | 0       |
|     add_ln466_2_fu_999_p2                              | -   |        | add_ln466_2  | add  | fabric  | 0       |
|     add_ln467_2_fu_1320_p2                             | -   |        | add_ln467_2  | add  | fabric  | 0       |
|     add_ln468_2_fu_1325_p2                             | -   |        | add_ln468_2  | add  | fabric  | 0       |
|     add_ln469_2_fu_1513_p2                             | -   |        | add_ln469_2  | add  | fabric  | 0       |
|     add_ln470_2_fu_1518_p2                             | -   |        | add_ln470_2  | add  | fabric  | 0       |
|     add_ln457_fu_1005_p2                               | -   |        | add_ln457    | add  | fabric  | 0       |
|     add_ln456_1_fu_636_p2                              | -   |        | add_ln456_1  | add  | fabric  | 0       |
|  + fpn_conv3x3_4                                       | 1   |        |              |      |         |         |
|    empty_fu_478_p2                                     | -   |        | empty        | sub  | fabric  | 0       |
|    empty_119_fu_496_p2                                 | -   |        | empty_119    | add  | fabric  | 0       |
|    mul_8ns_10ns_17_1_1_U201                            | -   |        | empty_120    | mul  | auto    | 0       |
|    empty_122_fu_530_p2                                 | -   |        | empty_122    | add  | fabric  | 0       |
|    empty_123_fu_536_p2                                 | -   |        | empty_123    | add  | fabric  | 0       |
|    empty_124_fu_542_p2                                 | -   |        | empty_124    | add  | fabric  | 0       |
|    empty_126_fu_558_p2                                 | -   |        | empty_126    | add  | fabric  | 0       |
|    empty_127_fu_564_p2                                 | -   |        | empty_127    | add  | fabric  | 0       |
|    empty_128_fu_570_p2                                 | -   |        | empty_128    | add  | fabric  | 0       |
|    empty_129_fu_576_p2                                 | -   |        | empty_129    | add  | fabric  | 0       |
|    empty_131_fu_592_p2                                 | -   |        | empty_131    | add  | fabric  | 0       |
|    empty_133_fu_748_p2                                 | -   |        | empty_133    | add  | fabric  | 0       |
|    tmp_fu_754_p2                                       | -   |        | tmp          | add  | fabric  | 0       |
|    empty_134_fu_764_p2                                 | -   |        | empty_134    | add  | fabric  | 0       |
|    tmp1_fu_770_p2                                      | -   |        | tmp1         | add  | fabric  | 0       |
|    empty_135_fu_780_p2                                 | -   |        | empty_135    | add  | fabric  | 0       |
|    tmp2_fu_786_p2                                      | -   |        | tmp2         | add  | fabric  | 0       |
|    empty_136_fu_796_p2                                 | -   |        | empty_136    | add  | fabric  | 0       |
|    tmp3_fu_802_p2                                      | -   |        | tmp3         | add  | fabric  | 0       |
|    empty_137_fu_812_p2                                 | -   |        | empty_137    | add  | fabric  | 0       |
|    tmp4_fu_818_p2                                      | -   |        | tmp4         | add  | fabric  | 0       |
|    empty_138_fu_832_p2                                 | -   |        | empty_138    | add  | fabric  | 0       |
|    add_ln475_3_fu_858_p2                               | -   |        | add_ln475_3  | add  | fabric  | 0       |
|    add_ln482_fu_864_p2                                 | -   |        | add_ln482    | add  | fabric  | 0       |
|    add_ln482_6_fu_874_p2                               | -   |        | add_ln482_6  | add  | fabric  | 0       |
|    add_ln450_fu_886_p2                                 | -   |        | add_ln450    | add  | fabric  | 0       |
|    add_ln450_3_fu_912_p2                               | -   |        | add_ln450_3  | add  | fabric  | 0       |
|    p_mid1203_fu_1040_p2                                | -   |        | p_mid1203    | sub  | fabric  | 0       |
|    p_mid1209_fu_1070_p2                                | -   |        | p_mid1209    | add  | fabric  | 0       |
|    mul_8ns_10ns_17_1_1_U202                            | -   |        | p_mid1213    | mul  | auto    | 0       |
|    p_mid1217_fu_1097_p2                                | -   |        | p_mid1217    | add  | fabric  | 0       |
|    p_mid1219_fu_1103_p2                                | -   |        | p_mid1219    | add  | fabric  | 0       |
|    p_mid1221_fu_1109_p2                                | -   |        | p_mid1221    | add  | fabric  | 0       |
|    p_mid1225_fu_1125_p2                                | -   |        | p_mid1225    | add  | fabric  | 0       |
|    p_mid1227_fu_1131_p2                                | -   |        | p_mid1227    | add  | fabric  | 0       |
|    p_mid1229_fu_1137_p2                                | -   |        | p_mid1229    | add  | fabric  | 0       |
|    p_mid1231_fu_1143_p2                                | -   |        | p_mid1231    | add  | fabric  | 0       |
|    p_mid1235_fu_1159_p2                                | -   |        | p_mid1235    | add  | fabric  | 0       |
|    p_mid1313_fu_1364_p2                                | -   |        | p_mid1313    | add  | fabric  | 0       |
|    p_mid1327_fu_1376_p2                                | -   |        | p_mid1327    | add  | fabric  | 0       |
|    p_mid1341_fu_1388_p2                                | -   |        | p_mid1341    | add  | fabric  | 0       |
|    p_mid1355_fu_1400_p2                                | -   |        | p_mid1355    | add  | fabric  | 0       |
|    p_mid1371_fu_1412_p2                                | -   |        | p_mid1371    | add  | fabric  | 0       |
|    add_ln482_10_fu_1441_p2                             | -   |        | add_ln482_10 | add  | fabric  | 0       |
|    add_ln451_fu_1453_p2                                | -   |        | add_ln451    | add  | fabric  | 0       |
|    p_mid1113_fu_1521_p2                                | -   |        | p_mid1113    | add  | fabric  | 0       |
|    tmp_mid1_fu_1540_p2                                 | -   |        | tmp_mid1     | add  | fabric  | 0       |
|    p_mid1119_fu_1550_p2                                | -   |        | p_mid1119    | add  | fabric  | 0       |
|    tmp1_mid1_fu_1563_p2                                | -   |        | tmp1_mid1    | add  | fabric  | 0       |
|    p_mid1125_fu_1573_p2                                | -   |        | p_mid1125    | add  | fabric  | 0       |
|    tmp2_mid1_fu_1586_p2                                | -   |        | tmp2_mid1    | add  | fabric  | 0       |
|    p_mid1131_fu_1596_p2                                | -   |        | p_mid1131    | add  | fabric  | 0       |
|    tmp3_mid1_fu_1609_p2                                | -   |        | tmp3_mid1    | add  | fabric  | 0       |
|    p_mid1137_fu_1619_p2                                | -   |        | p_mid1137    | add  | fabric  | 0       |
|    tmp4_mid1_fu_1632_p2                                | -   |        | tmp4_mid1    | add  | fabric  | 0       |
|    p_mid1143_fu_1646_p2                                | -   |        | p_mid1143    | add  | fabric  | 0       |
|    add_ln475_4_fu_1669_p2                              | -   |        | add_ln475_4  | add  | fabric  | 0       |
|    add_ln482_11_fu_1682_p2                             | -   |        | add_ln482_11 | add  | fabric  | 0       |
|    add_ln482_12_fu_1692_p2                             | -   |        | add_ln482_12 | add  | fabric  | 0       |
|    p_mid160_fu_1716_p2                                 | -   |        | p_mid160     | add  | fabric  | 0       |
|    add_ln462_7_fu_1749_p2                              | -   |        | add_ln462_7  | add  | fabric  | 0       |
|    add_ln475_fu_1759_p2                                | -   |        | add_ln475    | add  | fabric  | 0       |
|    add_ln476_fu_1933_p2                                | -   |        | add_ln476    | add  | fabric  | 0       |
|    add_ln476_3_fu_1943_p2                              | -   |        | add_ln476_3  | add  | fabric  | 0       |
|    add_ln477_fu_1959_p2                                | -   |        | add_ln477    | add  | fabric  | 0       |
|    add_ln47741_fu_1969_p2                              | -   |        | add_ln47741  | add  | fabric  | 0       |
|    add_ln478_fu_2041_p2                                | -   |        | add_ln478    | add  | fabric  | 0       |
|    add_ln478_3_fu_2050_p2                              | -   |        | add_ln478_3  | add  | fabric  | 0       |
|    add_ln479_fu_2066_p2                                | -   |        | add_ln479    | add  | fabric  | 0       |
|    add_ln479_3_fu_2075_p2                              | -   |        | add_ln479_3  | add  | fabric  | 0       |
|    add_ln480_fu_2091_p2                                | -   |        | add_ln480    | add  | fabric  | 0       |
|    add_ln480_3_fu_2100_p2                              | -   |        | add_ln480_3  | add  | fabric  | 0       |
|    add_ln481_fu_2106_p2                                | -   |        | add_ln481    | add  | fabric  | 0       |
|    add_ln481_3_fu_2115_p2                              | -   |        | add_ln481_3  | add  | fabric  | 0       |
|    add_ln482_7_fu_1772_p2                              | -   |        | add_ln482_7  | add  | fabric  | 0       |
|    add_ln48231_fu_1782_p2                              | -   |        | add_ln48231  | add  | fabric  | 0       |
|    add_ln452_fu_978_p2                                 | -   |        | add_ln452    | add  | fabric  | 0       |
|    add_ln451_3_fu_984_p2                               | -   |        | add_ln451_3  | add  | fabric  | 0       |
|   + fpn_conv3x3_4_Pipeline_FPN3_IC_FPN3_KH_FPN3_KW     | 1   |        |              |      |         |         |
|     empty_fu_492_p2                                    | -   |        | empty        | add  | fabric  | 0       |
|     tmp6_fu_702_p2                                     | -   |        | tmp6         | add  | fabric  | 0       |
|     empty_110_fu_712_p2                                | -   |        | empty_110    | add  | fabric  | 0       |
|     tmp7_fu_729_p2                                     | -   |        | tmp7         | add  | fabric  | 0       |
|     empty_111_fu_739_p2                                | -   |        | empty_111    | add  | fabric  | 0       |
|     tmp8_fu_1018_p2                                    | -   |        | tmp8         | add  | fabric  | 0       |
|     empty_112_fu_1027_p2                               | -   |        | empty_112    | add  | fabric  | 0       |
|     empty_113_fu_1059_p2                               | -   |        | empty_113    | add  | fabric  | 0       |
|     tmp10_fu_1270_p2                                   | -   |        | tmp10        | add  | fabric  | 0       |
|     empty_114_fu_1280_p2                               | -   |        | empty_114    | add  | fabric  | 0       |
|     tmp11_fu_1297_p2                                   | -   |        | tmp11        | add  | fabric  | 0       |
|     empty_115_fu_1307_p2                               | -   |        | empty_115    | add  | fabric  | 0       |
|     add_ln463_fu_756_p2                                | -   |        | add_ln463    | add  | fabric  | 0       |
|     add_ln464_fu_762_p2                                | -   |        | add_ln464    | add  | fabric  | 0       |
|     add_ln465_fu_768_p2                                | -   |        | add_ln465    | add  | fabric  | 0       |
|     add_ln466_fu_774_p2                                | -   |        | add_ln466    | add  | fabric  | 0       |
|     add_ln467_fu_1076_p2                               | -   |        | add_ln467    | add  | fabric  | 0       |
|     add_ln468_fu_1082_p2                               | -   |        | add_ln468    | add  | fabric  | 0       |
|     add_ln469_fu_1324_p2                               | -   |        | add_ln469    | add  | fabric  | 0       |
|     add_ln470_fu_1330_p2                               | -   |        | add_ln470    | add  | fabric  | 0       |
|     tmp12_fu_1088_p2                                   | -   |        | tmp12        | add  | fabric  | 0       |
|     empty_116_fu_1097_p2                               | -   |        | empty_116    | add  | fabric  | 0       |
|     empty_117_fu_514_p2                                | -   |        | empty_117    | sub  | fabric  | 0       |
|     add_ln462_5_fu_1354_p2                             | -   |        | add_ln462_5  | add  | fabric  | 0       |
|     add_ln455_fu_526_p2                                | -   |        | add_ln455    | add  | fabric  | 0       |
|     add_ln455_3_fu_552_p2                              | -   |        | add_ln455_3  | add  | fabric  | 0       |
|     mac_muladd_8ns_9ns_6s_17_4_1_U182                  | 1   |        | mul_ln455    | mul  | dsp48   | 3       |
|     p_mid138_fu_574_p2                                 | -   |        | p_mid138     | add  | fabric  | 0       |
|     tmp6_mid1_fu_814_p2                                | -   |        | tmp6_mid1    | add  | fabric  | 0       |
|     p_mid140_fu_824_p2                                 | -   |        | p_mid140     | add  | fabric  | 0       |
|     tmp7_mid1_fu_841_p2                                | -   |        | tmp7_mid1    | add  | fabric  | 0       |
|     p_mid142_fu_851_p2                                 | -   |        | p_mid142     | add  | fabric  | 0       |
|     tmp8_mid1_fu_1108_p2                               | -   |        | tmp8_mid1    | add  | fabric  | 0       |
|     p_mid144_fu_1117_p2                                | -   |        | p_mid144     | add  | fabric  | 0       |
|     p_mid146_fu_1149_p2                                | -   |        | p_mid146     | add  | fabric  | 0       |
|     tmp10_mid1_fu_1363_p2                              | -   |        | tmp10_mid1   | add  | fabric  | 0       |
|     p_mid148_fu_1373_p2                                | -   |        | p_mid148     | add  | fabric  | 0       |
|     tmp11_mid1_fu_1390_p2                              | -   |        | tmp11_mid1   | add  | fabric  | 0       |
|     p_mid150_fu_1400_p2                                | -   |        | p_mid150     | add  | fabric  | 0       |
|     add_ln463_5_fu_868_p2                              | -   |        | add_ln463_5  | add  | fabric  | 0       |
|     add_ln464_4_fu_881_p2                              | -   |        | add_ln464_4  | add  | fabric  | 0       |
|     add_ln465_4_fu_894_p2                              | -   |        | add_ln465_4  | add  | fabric  | 0       |
|     add_ln466_4_fu_907_p2                              | -   |        | add_ln466_4  | add  | fabric  | 0       |
|     add_ln467_4_fu_1166_p2                             | -   |        | add_ln467_4  | add  | fabric  | 0       |
|     add_ln468_4_fu_1179_p2                             | -   |        | add_ln468_4  | add  | fabric  | 0       |
|     add_ln469_4_fu_1417_p2                             | -   |        | add_ln469_4  | add  | fabric  | 0       |
|     add_ln470_4_fu_1430_p2                             | -   |        | add_ln470_4  | add  | fabric  | 0       |
|     add_ln456_fu_598_p2                                | -   |        | add_ln456    | add  | fabric  | 0       |
|     p_mid1_fu_1201_p2                                  | -   |        | p_mid1       | add  | fabric  | 0       |
|     p_mid13_fu_620_p2                                  | -   |        | p_mid13      | sub  | fabric  | 0       |
|     add_ln462_8_fu_1467_p2                             | -   |        | add_ln462_8  | add  | fabric  | 0       |
|     add_ln460_fu_1219_p2                               | -   |        | add_ln460    | add  | fabric  | 0       |
|     add_ln460_3_fu_1228_p2                             | -   |        | add_ln460_3  | add  | fabric  | 0       |
|     mac_muladd_8ns_9ns_6s_17_4_1_U182                  | 1   |        | add_ln462_6  | add  | dsp48   | 3       |
|     add_ln462_fu_1484_p2                               | -   |        | add_ln462    | add  | fabric  | 0       |
|     add_ln463_4_fu_955_p2                              | -   |        | add_ln463_4  | add  | fabric  | 0       |
|     add_ln463_3_fu_969_p2                              | -   |        | add_ln463_3  | add  | fabric  | 0       |
|     add_ln464_3_fu_984_p2                              | -   |        | add_ln464_3  | add  | fabric  | 0       |
|     add_ln465_3_fu_995_p2                              | -   |        | add_ln465_3  | add  | fabric  | 0       |
|     add_ln466_3_fu_1001_p2                             | -   |        | add_ln466_3  | add  | fabric  | 0       |
|     add_ln467_3_fu_1257_p2                             | -   |        | add_ln467_3  | add  | fabric  | 0       |
|     add_ln468_3_fu_1262_p2                             | -   |        | add_ln468_3  | add  | fabric  | 0       |
|     add_ln469_3_fu_1512_p2                             | -   |        | add_ln469_3  | add  | fabric  | 0       |
|     add_ln470_3_fu_1517_p2                             | -   |        | add_ln470_3  | add  | fabric  | 0       |
|     add_ln457_fu_1007_p2                               | -   |        | add_ln457    | add  | fabric  | 0       |
|     add_ln456_3_fu_634_p2                              | -   |        | add_ln456_3  | add  | fabric  | 0       |
|  + fpn_full_top_Pipeline_MP_C_MP_H_MP_W                | 0   |        |              |      |         |         |
|    mul_8ns_8ns_15_1_1_U278                             | -   |        | empty        | mul  | auto    | 0       |
|    mul_8ns_6ns_13_1_1_U280                             | -   |        | empty_39     | mul  | auto    | 0       |
|    add_ln609_fu_169_p2                                 | -   |        | add_ln609    | add  | fabric  | 0       |
|    add_ln609_1_fu_195_p2                               | -   |        | add_ln609_1  | add  | fabric  | 0       |
|    mul_8ns_8ns_15_1_1_U279                             | -   |        | p_mid1196    | mul  | auto    | 0       |
|    mul_8ns_6ns_13_1_1_U281                             | -   |        | p_mid1198    | mul  | auto    | 0       |
|    add_ln610_fu_237_p2                                 | -   |        | add_ln610    | add  | fabric  | 0       |
|    add_ln613_fu_486_p2                                 | -   |        | add_ln613    | add  | fabric  | 0       |
|    add_ln613_1_fu_497_p2                               | -   |        | add_ln613_1  | add  | fabric  | 0       |
|    add_ln611_fu_265_p2                                 | -   |        | add_ln611    | add  | fabric  | 0       |
|    add_ln610_1_fu_271_p2                               | -   |        | add_ln610_1  | add  | fabric  | 0       |
|  + fpn_conv3x3_5                                       | 3   |        |              |      |         |         |
|    empty_fu_478_p2                                     | -   |        | empty        | sub  | fabric  | 0       |
|    empty_89_fu_495_p2                                  | -   |        | empty_89     | add  | fabric  | 0       |
|    mul_mul_8ns_11ns_19_4_1_U235                        | 1   |        | empty_90     | mul  | dsp48   | 3       |
|    empty_92_fu_529_p2                                  | -   |        | empty_92     | add  | fabric  | 0       |
|    empty_93_fu_535_p2                                  | -   |        | empty_93     | add  | fabric  | 0       |
|    empty_94_fu_541_p2                                  | -   |        | empty_94     | add  | fabric  | 0       |
|    empty_96_fu_557_p2                                  | -   |        | empty_96     | add  | fabric  | 0       |
|    empty_97_fu_563_p2                                  | -   |        | empty_97     | add  | fabric  | 0       |
|    empty_98_fu_569_p2                                  | -   |        | empty_98     | add  | fabric  | 0       |
|    empty_99_fu_575_p2                                  | -   |        | empty_99     | add  | fabric  | 0       |
|    empty_101_fu_591_p2                                 | -   |        | empty_101    | add  | fabric  | 0       |
|    empty_103_fu_747_p2                                 | -   |        | empty_103    | add  | fabric  | 0       |
|    tmp_fu_753_p2                                       | -   |        | tmp          | add  | fabric  | 0       |
|    empty_104_fu_763_p2                                 | -   |        | empty_104    | add  | fabric  | 0       |
|    tmp1_fu_769_p2                                      | -   |        | tmp1         | add  | fabric  | 0       |
|    empty_105_fu_779_p2                                 | -   |        | empty_105    | add  | fabric  | 0       |
|    tmp2_fu_785_p2                                      | -   |        | tmp2         | add  | fabric  | 0       |
|    empty_106_fu_795_p2                                 | -   |        | empty_106    | add  | fabric  | 0       |
|    tmp3_fu_801_p2                                      | -   |        | tmp3         | add  | fabric  | 0       |
|    empty_107_fu_811_p2                                 | -   |        | empty_107    | add  | fabric  | 0       |
|    tmp4_fu_817_p2                                      | -   |        | tmp4         | add  | fabric  | 0       |
|    empty_108_fu_831_p2                                 | -   |        | empty_108    | add  | fabric  | 0       |
|    add_ln475_2_fu_856_p2                               | -   |        | add_ln475_2  | add  | fabric  | 0       |
|    add_ln482_fu_862_p2                                 | -   |        | add_ln482    | add  | fabric  | 0       |
|    add_ln482_4_fu_872_p2                               | -   |        | add_ln482_4  | add  | fabric  | 0       |
|    add_ln450_fu_884_p2                                 | -   |        | add_ln450    | add  | fabric  | 0       |
|    add_ln450_2_fu_910_p2                               | -   |        | add_ln450_2  | add  | fabric  | 0       |
|    p_mid1204_fu_1020_p2                                | -   |        | p_mid1204    | sub  | fabric  | 0       |
|    p_mid1210_fu_1050_p2                                | -   |        | p_mid1210    | add  | fabric  | 0       |
|    mul_mul_8ns_11ns_19_4_1_U236                        | 1   |        | p_mid1216    | mul  | dsp48   | 3       |
|    p_mid1220_fu_1084_p2                                | -   |        | p_mid1220    | add  | fabric  | 0       |
|    p_mid1222_fu_1090_p2                                | -   |        | p_mid1222    | add  | fabric  | 0       |
|    p_mid1224_fu_1096_p2                                | -   |        | p_mid1224    | add  | fabric  | 0       |
|    p_mid1228_fu_1112_p2                                | -   |        | p_mid1228    | add  | fabric  | 0       |
|    p_mid1230_fu_1118_p2                                | -   |        | p_mid1230    | add  | fabric  | 0       |
|    p_mid1232_fu_1124_p2                                | -   |        | p_mid1232    | add  | fabric  | 0       |
|    p_mid1234_fu_1130_p2                                | -   |        | p_mid1234    | add  | fabric  | 0       |
|    p_mid1238_fu_1146_p2                                | -   |        | p_mid1238    | add  | fabric  | 0       |
|    p_mid1316_fu_1351_p2                                | -   |        | p_mid1316    | add  | fabric  | 0       |
|    p_mid1330_fu_1363_p2                                | -   |        | p_mid1330    | add  | fabric  | 0       |
|    p_mid1344_fu_1375_p2                                | -   |        | p_mid1344    | add  | fabric  | 0       |
|    p_mid1358_fu_1387_p2                                | -   |        | p_mid1358    | add  | fabric  | 0       |
|    p_mid1374_fu_1399_p2                                | -   |        | p_mid1374    | add  | fabric  | 0       |
|    add_ln482_7_fu_1415_p2                              | -   |        | add_ln482_7  | add  | fabric  | 0       |
|    add_ln451_fu_1427_p2                                | -   |        | add_ln451    | add  | fabric  | 0       |
|    p_mid1113_fu_1486_p2                                | -   |        | p_mid1113    | add  | fabric  | 0       |
|    tmp_mid1_fu_1505_p2                                 | -   |        | tmp_mid1     | add  | fabric  | 0       |
|    p_mid1119_fu_1515_p2                                | -   |        | p_mid1119    | add  | fabric  | 0       |
|    tmp1_mid1_fu_1528_p2                                | -   |        | tmp1_mid1    | add  | fabric  | 0       |
|    p_mid1125_fu_1538_p2                                | -   |        | p_mid1125    | add  | fabric  | 0       |
|    tmp2_mid1_fu_1551_p2                                | -   |        | tmp2_mid1    | add  | fabric  | 0       |
|    p_mid1131_fu_1561_p2                                | -   |        | p_mid1131    | add  | fabric  | 0       |
|    tmp3_mid1_fu_1574_p2                                | -   |        | tmp3_mid1    | add  | fabric  | 0       |
|    p_mid1137_fu_1584_p2                                | -   |        | p_mid1137    | add  | fabric  | 0       |
|    tmp4_mid1_fu_1597_p2                                | -   |        | tmp4_mid1    | add  | fabric  | 0       |
|    p_mid1143_fu_1611_p2                                | -   |        | p_mid1143    | add  | fabric  | 0       |
|    add_ln475_3_fu_1788_p2                              | -   |        | add_ln475_3  | add  | fabric  | 0       |
|    add_ln482_8_fu_1624_p2                              | -   |        | add_ln482_8  | add  | fabric  | 0       |
|    add_ln482_9_fu_1634_p2                              | -   |        | add_ln482_9  | add  | fabric  | 0       |
|    p_mid160_fu_1658_p2                                 | -   |        | p_mid160     | add  | fabric  | 0       |
|    add_ln462_5_fu_1691_p2                              | -   |        | add_ln462_5  | add  | fabric  | 0       |
|    add_ln475_fu_1808_p2                                | -   |        | add_ln475    | add  | fabric  | 0       |
|    add_ln476_fu_1929_p2                                | -   |        | add_ln476    | add  | fabric  | 0       |
|    add_ln476_2_fu_1939_p2                              | -   |        | add_ln476_2  | add  | fabric  | 0       |
|    add_ln477_fu_1955_p2                                | -   |        | add_ln477    | add  | fabric  | 0       |
|    add_ln47741_fu_1965_p2                              | -   |        | add_ln47741  | add  | fabric  | 0       |
|    add_ln478_fu_2037_p2                                | -   |        | add_ln478    | add  | fabric  | 0       |
|    add_ln478_2_fu_2046_p2                              | -   |        | add_ln478_2  | add  | fabric  | 0       |
|    add_ln479_fu_2062_p2                                | -   |        | add_ln479    | add  | fabric  | 0       |
|    add_ln479_2_fu_2071_p2                              | -   |        | add_ln479_2  | add  | fabric  | 0       |
|    add_ln480_fu_2087_p2                                | -   |        | add_ln480    | add  | fabric  | 0       |
|    add_ln480_2_fu_2096_p2                              | -   |        | add_ln480_2  | add  | fabric  | 0       |
|    add_ln481_fu_2102_p2                                | -   |        | add_ln481    | add  | fabric  | 0       |
|    add_ln481_2_fu_2111_p2                              | -   |        | add_ln481_2  | add  | fabric  | 0       |
|    add_ln482_5_fu_1705_p2                              | -   |        | add_ln482_5  | add  | fabric  | 0       |
|    add_ln48231_fu_1715_p2                              | -   |        | add_ln48231  | add  | fabric  | 0       |
|    add_ln452_fu_958_p2                                 | -   |        | add_ln452    | add  | fabric  | 0       |
|    add_ln451_2_fu_964_p2                               | -   |        | add_ln451_2  | add  | fabric  | 0       |
|   + fpn_conv3x3_5_Pipeline_FPN3_IC_FPN3_KH_FPN3_KW     | 1   |        |              |      |         |         |
|     empty_fu_492_p2                                    | -   |        | empty        | add  | fabric  | 0       |
|     tmp6_fu_702_p2                                     | -   |        | tmp6         | add  | fabric  | 0       |
|     empty_80_fu_712_p2                                 | -   |        | empty_80     | add  | fabric  | 0       |
|     tmp7_fu_729_p2                                     | -   |        | tmp7         | add  | fabric  | 0       |
|     empty_81_fu_739_p2                                 | -   |        | empty_81     | add  | fabric  | 0       |
|     tmp8_fu_1018_p2                                    | -   |        | tmp8         | add  | fabric  | 0       |
|     empty_82_fu_1027_p2                                | -   |        | empty_82     | add  | fabric  | 0       |
|     empty_83_fu_1059_p2                                | -   |        | empty_83     | add  | fabric  | 0       |
|     tmp10_fu_1270_p2                                   | -   |        | tmp10        | add  | fabric  | 0       |
|     empty_84_fu_1280_p2                                | -   |        | empty_84     | add  | fabric  | 0       |
|     tmp11_fu_1297_p2                                   | -   |        | tmp11        | add  | fabric  | 0       |
|     empty_85_fu_1307_p2                                | -   |        | empty_85     | add  | fabric  | 0       |
|     add_ln463_fu_756_p2                                | -   |        | add_ln463    | add  | fabric  | 0       |
|     add_ln464_fu_762_p2                                | -   |        | add_ln464    | add  | fabric  | 0       |
|     add_ln465_fu_768_p2                                | -   |        | add_ln465    | add  | fabric  | 0       |
|     add_ln466_fu_774_p2                                | -   |        | add_ln466    | add  | fabric  | 0       |
|     add_ln467_fu_1076_p2                               | -   |        | add_ln467    | add  | fabric  | 0       |
|     add_ln468_fu_1082_p2                               | -   |        | add_ln468    | add  | fabric  | 0       |
|     add_ln469_fu_1324_p2                               | -   |        | add_ln469    | add  | fabric  | 0       |
|     add_ln470_fu_1330_p2                               | -   |        | add_ln470    | add  | fabric  | 0       |
|     tmp12_fu_1088_p2                                   | -   |        | tmp12        | add  | fabric  | 0       |
|     empty_86_fu_1097_p2                                | -   |        | empty_86     | add  | fabric  | 0       |
|     empty_87_fu_514_p2                                 | -   |        | empty_87     | sub  | fabric  | 0       |
|     add_ln462_3_fu_1354_p2                             | -   |        | add_ln462_3  | add  | fabric  | 0       |
|     add_ln455_fu_526_p2                                | -   |        | add_ln455    | add  | fabric  | 0       |
|     add_ln455_2_fu_552_p2                              | -   |        | add_ln455_2  | add  | fabric  | 0       |
|     mac_muladd_8ns_11ns_7s_19_4_1_U216                 | 1   |        | mul_ln455    | mul  | dsp48   | 3       |
|     p_mid138_fu_574_p2                                 | -   |        | p_mid138     | add  | fabric  | 0       |
|     tmp6_mid1_fu_814_p2                                | -   |        | tmp6_mid1    | add  | fabric  | 0       |
|     p_mid140_fu_824_p2                                 | -   |        | p_mid140     | add  | fabric  | 0       |
|     tmp7_mid1_fu_841_p2                                | -   |        | tmp7_mid1    | add  | fabric  | 0       |
|     p_mid142_fu_851_p2                                 | -   |        | p_mid142     | add  | fabric  | 0       |
|     tmp8_mid1_fu_1108_p2                               | -   |        | tmp8_mid1    | add  | fabric  | 0       |
|     p_mid144_fu_1117_p2                                | -   |        | p_mid144     | add  | fabric  | 0       |
|     p_mid146_fu_1149_p2                                | -   |        | p_mid146     | add  | fabric  | 0       |
|     tmp10_mid1_fu_1363_p2                              | -   |        | tmp10_mid1   | add  | fabric  | 0       |
|     p_mid148_fu_1373_p2                                | -   |        | p_mid148     | add  | fabric  | 0       |
|     tmp11_mid1_fu_1390_p2                              | -   |        | tmp11_mid1   | add  | fabric  | 0       |
|     p_mid150_fu_1400_p2                                | -   |        | p_mid150     | add  | fabric  | 0       |
|     add_ln463_4_fu_868_p2                              | -   |        | add_ln463_4  | add  | fabric  | 0       |
|     add_ln464_3_fu_885_p2                              | -   |        | add_ln464_3  | add  | fabric  | 0       |
|     add_ln465_3_fu_898_p2                              | -   |        | add_ln465_3  | add  | fabric  | 0       |
|     add_ln466_3_fu_911_p2                              | -   |        | add_ln466_3  | add  | fabric  | 0       |
|     add_ln467_3_fu_1166_p2                             | -   |        | add_ln467_3  | add  | fabric  | 0       |
|     add_ln468_3_fu_1179_p2                             | -   |        | add_ln468_3  | add  | fabric  | 0       |
|     add_ln469_3_fu_1417_p2                             | -   |        | add_ln469_3  | add  | fabric  | 0       |
|     add_ln470_3_fu_1430_p2                             | -   |        | add_ln470_3  | add  | fabric  | 0       |
|     add_ln456_fu_598_p2                                | -   |        | add_ln456    | add  | fabric  | 0       |
|     p_mid1_fu_1201_p2                                  | -   |        | p_mid1       | add  | fabric  | 0       |
|     p_mid13_fu_620_p2                                  | -   |        | p_mid13      | sub  | fabric  | 0       |
|     add_ln462_6_fu_1467_p2                             | -   |        | add_ln462_6  | add  | fabric  | 0       |
|     add_ln460_fu_1219_p2                               | -   |        | add_ln460    | add  | fabric  | 0       |
|     add_ln460_2_fu_1228_p2                             | -   |        | add_ln460_2  | add  | fabric  | 0       |
|     mac_muladd_8ns_11ns_7s_19_4_1_U216                 | 1   |        | add_ln462_4  | add  | dsp48   | 3       |
|     add_ln462_fu_1484_p2                               | -   |        | add_ln462    | add  | fabric  | 0       |
|     add_ln463_3_fu_959_p2                              | -   |        | add_ln463_3  | add  | fabric  | 0       |
|     add_ln463_2_fu_973_p2                              | -   |        | add_ln463_2  | add  | fabric  | 0       |
|     add_ln464_2_fu_984_p2                              | -   |        | add_ln464_2  | add  | fabric  | 0       |
|     add_ln465_2_fu_995_p2                              | -   |        | add_ln465_2  | add  | fabric  | 0       |
|     add_ln466_2_fu_1001_p2                             | -   |        | add_ln466_2  | add  | fabric  | 0       |
|     add_ln467_2_fu_1257_p2                             | -   |        | add_ln467_2  | add  | fabric  | 0       |
|     add_ln468_2_fu_1262_p2                             | -   |        | add_ln468_2  | add  | fabric  | 0       |
|     add_ln469_2_fu_1512_p2                             | -   |        | add_ln469_2  | add  | fabric  | 0       |
|     add_ln470_2_fu_1517_p2                             | -   |        | add_ln470_2  | add  | fabric  | 0       |
|     add_ln457_fu_1007_p2                               | -   |        | add_ln457    | add  | fabric  | 0       |
|     add_ln456_2_fu_634_p2                              | -   |        | add_ln456_2  | add  | fabric  | 0       |
|  + fpn_conv3x3_6                                       | 3   |        |              |      |         |         |
|    empty_fu_474_p2                                     | -   |        | empty        | sub  | fabric  | 0       |
|    empty_59_fu_491_p2                                  | -   |        | empty_59     | add  | fabric  | 0       |
|    mul_mul_8ns_13ns_21_4_1_U269                        | 1   |        | empty_60     | mul  | dsp48   | 3       |
|    empty_62_fu_518_p2                                  | -   |        | empty_62     | add  | fabric  | 0       |
|    empty_63_fu_524_p2                                  | -   |        | empty_63     | add  | fabric  | 0       |
|    empty_64_fu_530_p2                                  | -   |        | empty_64     | add  | fabric  | 0       |
|    empty_66_fu_546_p2                                  | -   |        | empty_66     | add  | fabric  | 0       |
|    empty_67_fu_552_p2                                  | -   |        | empty_67     | add  | fabric  | 0       |
|    empty_68_fu_558_p2                                  | -   |        | empty_68     | add  | fabric  | 0       |
|    empty_69_fu_564_p2                                  | -   |        | empty_69     | add  | fabric  | 0       |
|    empty_71_fu_580_p2                                  | -   |        | empty_71     | add  | fabric  | 0       |
|    empty_73_fu_736_p2                                  | -   |        | empty_73     | add  | fabric  | 0       |
|    tmp_fu_742_p2                                       | -   |        | tmp          | add  | fabric  | 0       |
|    empty_74_fu_752_p2                                  | -   |        | empty_74     | add  | fabric  | 0       |
|    tmp1_fu_758_p2                                      | -   |        | tmp1         | add  | fabric  | 0       |
|    empty_75_fu_768_p2                                  | -   |        | empty_75     | add  | fabric  | 0       |
|    tmp2_fu_774_p2                                      | -   |        | tmp2         | add  | fabric  | 0       |
|    empty_76_fu_784_p2                                  | -   |        | empty_76     | add  | fabric  | 0       |
|    tmp3_fu_790_p2                                      | -   |        | tmp3         | add  | fabric  | 0       |
|    empty_77_fu_800_p2                                  | -   |        | empty_77     | add  | fabric  | 0       |
|    tmp4_fu_806_p2                                      | -   |        | tmp4         | add  | fabric  | 0       |
|    empty_78_fu_820_p2                                  | -   |        | empty_78     | add  | fabric  | 0       |
|    add_ln475_1_fu_845_p2                               | -   |        | add_ln475_1  | add  | fabric  | 0       |
|    add_ln482_fu_851_p2                                 | -   |        | add_ln482    | add  | fabric  | 0       |
|    add_ln482_2_fu_861_p2                               | -   |        | add_ln482_2  | add  | fabric  | 0       |
|    add_ln450_fu_873_p2                                 | -   |        | add_ln450    | add  | fabric  | 0       |
|    add_ln450_1_fu_899_p2                               | -   |        | add_ln450_1  | add  | fabric  | 0       |
|    p_mid1203_fu_1009_p2                                | -   |        | p_mid1203    | sub  | fabric  | 0       |
|    p_mid1209_fu_1039_p2                                | -   |        | p_mid1209    | add  | fabric  | 0       |
|    mul_mul_8ns_13ns_21_4_1_U270                        | 1   |        | p_mid1213    | mul  | dsp48   | 3       |
|    p_mid1217_fu_1066_p2                                | -   |        | p_mid1217    | add  | fabric  | 0       |
|    p_mid1219_fu_1072_p2                                | -   |        | p_mid1219    | add  | fabric  | 0       |
|    p_mid1221_fu_1078_p2                                | -   |        | p_mid1221    | add  | fabric  | 0       |
|    p_mid1225_fu_1094_p2                                | -   |        | p_mid1225    | add  | fabric  | 0       |
|    p_mid1227_fu_1100_p2                                | -   |        | p_mid1227    | add  | fabric  | 0       |
|    p_mid1229_fu_1106_p2                                | -   |        | p_mid1229    | add  | fabric  | 0       |
|    p_mid1231_fu_1112_p2                                | -   |        | p_mid1231    | add  | fabric  | 0       |
|    p_mid1235_fu_1128_p2                                | -   |        | p_mid1235    | add  | fabric  | 0       |
|    p_mid1313_fu_1333_p2                                | -   |        | p_mid1313    | add  | fabric  | 0       |
|    p_mid1327_fu_1345_p2                                | -   |        | p_mid1327    | add  | fabric  | 0       |
|    p_mid1341_fu_1357_p2                                | -   |        | p_mid1341    | add  | fabric  | 0       |
|    p_mid1355_fu_1369_p2                                | -   |        | p_mid1355    | add  | fabric  | 0       |
|    p_mid1371_fu_1381_p2                                | -   |        | p_mid1371    | add  | fabric  | 0       |
|    add_ln482_4_fu_1397_p2                              | -   |        | add_ln482_4  | add  | fabric  | 0       |
|    add_ln451_fu_1409_p2                                | -   |        | add_ln451    | add  | fabric  | 0       |
|    p_mid1113_fu_1468_p2                                | -   |        | p_mid1113    | add  | fabric  | 0       |
|    tmp_mid1_fu_1487_p2                                 | -   |        | tmp_mid1     | add  | fabric  | 0       |
|    p_mid1119_fu_1497_p2                                | -   |        | p_mid1119    | add  | fabric  | 0       |
|    tmp1_mid1_fu_1510_p2                                | -   |        | tmp1_mid1    | add  | fabric  | 0       |
|    p_mid1125_fu_1520_p2                                | -   |        | p_mid1125    | add  | fabric  | 0       |
|    tmp2_mid1_fu_1533_p2                                | -   |        | tmp2_mid1    | add  | fabric  | 0       |
|    p_mid1131_fu_1543_p2                                | -   |        | p_mid1131    | add  | fabric  | 0       |
|    tmp3_mid1_fu_1556_p2                                | -   |        | tmp3_mid1    | add  | fabric  | 0       |
|    p_mid1137_fu_1566_p2                                | -   |        | p_mid1137    | add  | fabric  | 0       |
|    tmp4_mid1_fu_1579_p2                                | -   |        | tmp4_mid1    | add  | fabric  | 0       |
|    p_mid1143_fu_1593_p2                                | -   |        | p_mid1143    | add  | fabric  | 0       |
|    add_ln475_2_fu_1770_p2                              | -   |        | add_ln475_2  | add  | fabric  | 0       |
|    add_ln482_5_fu_1606_p2                              | -   |        | add_ln482_5  | add  | fabric  | 0       |
|    add_ln482_6_fu_1616_p2                              | -   |        | add_ln482_6  | add  | fabric  | 0       |
|    p_mid160_fu_1640_p2                                 | -   |        | p_mid160     | add  | fabric  | 0       |
|    add_ln462_3_fu_1673_p2                              | -   |        | add_ln462_3  | add  | fabric  | 0       |
|    add_ln475_fu_1790_p2                                | -   |        | add_ln475    | add  | fabric  | 0       |
|    add_ln476_fu_1911_p2                                | -   |        | add_ln476    | add  | fabric  | 0       |
|    add_ln476_1_fu_1921_p2                              | -   |        | add_ln476_1  | add  | fabric  | 0       |
|    add_ln477_fu_1937_p2                                | -   |        | add_ln477    | add  | fabric  | 0       |
|    add_ln477_1_fu_1947_p2                              | -   |        | add_ln477_1  | add  | fabric  | 0       |
|    add_ln478_fu_2019_p2                                | -   |        | add_ln478    | add  | fabric  | 0       |
|    add_ln478_1_fu_2028_p2                              | -   |        | add_ln478_1  | add  | fabric  | 0       |
|    add_ln479_fu_2044_p2                                | -   |        | add_ln479    | add  | fabric  | 0       |
|    add_ln479_1_fu_2053_p2                              | -   |        | add_ln479_1  | add  | fabric  | 0       |
|    add_ln480_fu_2069_p2                                | -   |        | add_ln480    | add  | fabric  | 0       |
|    add_ln480_1_fu_2078_p2                              | -   |        | add_ln480_1  | add  | fabric  | 0       |
|    add_ln481_fu_2084_p2                                | -   |        | add_ln481    | add  | fabric  | 0       |
|    add_ln481_1_fu_2093_p2                              | -   |        | add_ln481_1  | add  | fabric  | 0       |
|    add_ln482_3_fu_1687_p2                              | -   |        | add_ln482_3  | add  | fabric  | 0       |
|    add_ln482_1_fu_1697_p2                              | -   |        | add_ln482_1  | add  | fabric  | 0       |
|    add_ln452_fu_947_p2                                 | -   |        | add_ln452    | add  | fabric  | 0       |
|    add_ln451_1_fu_953_p2                               | -   |        | add_ln451_1  | add  | fabric  | 0       |
|   + fpn_conv3x3_6_Pipeline_FPN3_IC_FPN3_KH_FPN3_KW     | 1   |        |              |      |         |         |
|     empty_fu_494_p2                                    | -   |        | empty        | add  | fabric  | 0       |
|     tmp6_fu_729_p2                                     | -   |        | tmp6         | add  | fabric  | 0       |
|     empty_50_fu_739_p2                                 | -   |        | empty_50     | add  | fabric  | 0       |
|     tmp7_fu_756_p2                                     | -   |        | tmp7         | add  | fabric  | 0       |
|     empty_51_fu_766_p2                                 | -   |        | empty_51     | add  | fabric  | 0       |
|     tmp8_fu_1014_p2                                    | -   |        | tmp8         | add  | fabric  | 0       |
|     empty_52_fu_1023_p2                                | -   |        | empty_52     | add  | fabric  | 0       |
|     empty_53_fu_1055_p2                                | -   |        | empty_53     | add  | fabric  | 0       |
|     tmp10_fu_1266_p2                                   | -   |        | tmp10        | add  | fabric  | 0       |
|     empty_54_fu_1276_p2                                | -   |        | empty_54     | add  | fabric  | 0       |
|     tmp11_fu_1293_p2                                   | -   |        | tmp11        | add  | fabric  | 0       |
|     empty_55_fu_1303_p2                                | -   |        | empty_55     | add  | fabric  | 0       |
|     add_ln463_fu_783_p2                                | -   |        | add_ln463    | add  | fabric  | 0       |
|     add_ln464_fu_789_p2                                | -   |        | add_ln464    | add  | fabric  | 0       |
|     add_ln465_fu_795_p2                                | -   |        | add_ln465    | add  | fabric  | 0       |
|     add_ln466_fu_801_p2                                | -   |        | add_ln466    | add  | fabric  | 0       |
|     add_ln467_fu_1072_p2                               | -   |        | add_ln467    | add  | fabric  | 0       |
|     add_ln468_fu_1078_p2                               | -   |        | add_ln468    | add  | fabric  | 0       |
|     add_ln469_fu_1320_p2                               | -   |        | add_ln469    | add  | fabric  | 0       |
|     add_ln470_fu_1326_p2                               | -   |        | add_ln470    | add  | fabric  | 0       |
|     tmp12_fu_1084_p2                                   | -   |        | tmp12        | add  | fabric  | 0       |
|     empty_56_fu_1093_p2                                | -   |        | empty_56     | add  | fabric  | 0       |
|     empty_57_fu_516_p2                                 | -   |        | empty_57     | sub  | fabric  | 0       |
|     add_ln462_1_fu_1350_p2                             | -   |        | add_ln462_1  | add  | fabric  | 0       |
|     add_ln455_1_fu_528_p2                              | -   |        | add_ln455_1  | add  | fabric  | 0       |
|     add_ln455_fu_554_p2                                | -   |        | add_ln455    | add  | fabric  | 0       |
|     mac_muladd_8ns_13ns_8s_21_4_1_U250                 | 1   |        | mul_ln455    | mul  | dsp48   | 3       |
|     p_mid138_fu_576_p2                                 | -   |        | p_mid138     | add  | fabric  | 0       |
|     tmp6_mid1_fu_841_p2                                | -   |        | tmp6_mid1    | add  | fabric  | 0       |
|     p_mid140_fu_851_p2                                 | -   |        | p_mid140     | add  | fabric  | 0       |
|     tmp7_mid1_fu_868_p2                                | -   |        | tmp7_mid1    | add  | fabric  | 0       |
|     p_mid142_fu_878_p2                                 | -   |        | p_mid142     | add  | fabric  | 0       |
|     tmp8_mid1_fu_1104_p2                               | -   |        | tmp8_mid1    | add  | fabric  | 0       |
|     p_mid144_fu_1113_p2                                | -   |        | p_mid144     | add  | fabric  | 0       |
|     p_mid146_fu_1145_p2                                | -   |        | p_mid146     | add  | fabric  | 0       |
|     tmp10_mid1_fu_1359_p2                              | -   |        | tmp10_mid1   | add  | fabric  | 0       |
|     p_mid148_fu_1369_p2                                | -   |        | p_mid148     | add  | fabric  | 0       |
|     tmp11_mid1_fu_1386_p2                              | -   |        | tmp11_mid1   | add  | fabric  | 0       |
|     p_mid150_fu_1396_p2                                | -   |        | p_mid150     | add  | fabric  | 0       |
|     add_ln463_3_fu_895_p2                              | -   |        | add_ln463_3  | add  | fabric  | 0       |
|     add_ln464_2_fu_912_p2                              | -   |        | add_ln464_2  | add  | fabric  | 0       |
|     add_ln465_2_fu_925_p2                              | -   |        | add_ln465_2  | add  | fabric  | 0       |
|     add_ln466_2_fu_938_p2                              | -   |        | add_ln466_2  | add  | fabric  | 0       |
|     add_ln467_2_fu_1162_p2                             | -   |        | add_ln467_2  | add  | fabric  | 0       |
|     add_ln468_2_fu_1175_p2                             | -   |        | add_ln468_2  | add  | fabric  | 0       |
|     add_ln469_2_fu_1413_p2                             | -   |        | add_ln469_2  | add  | fabric  | 0       |
|     add_ln470_2_fu_1426_p2                             | -   |        | add_ln470_2  | add  | fabric  | 0       |
|     add_ln456_fu_600_p2                                | -   |        | add_ln456    | add  | fabric  | 0       |
|     p_mid1_fu_1197_p2                                  | -   |        | p_mid1       | add  | fabric  | 0       |
|     p_mid13_fu_636_p2                                  | -   |        | p_mid13      | sub  | fabric  | 0       |
|     add_ln462_4_fu_1463_p2                             | -   |        | add_ln462_4  | add  | fabric  | 0       |
|     add_ln460_fu_1215_p2                               | -   |        | add_ln460    | add  | fabric  | 0       |
|     add_ln460_1_fu_1224_p2                             | -   |        | add_ln460_1  | add  | fabric  | 0       |
|     mac_muladd_8ns_13ns_8s_21_4_1_U250                 | 1   |        | add_ln462_2  | add  | dsp48   | 3       |
|     add_ln462_fu_1480_p2                               | -   |        | add_ln462    | add  | fabric  | 0       |
|     add_ln463_2_fu_974_p2                              | -   |        | add_ln463_2  | add  | fabric  | 0       |
|     add_ln463_1_fu_980_p2                              | -   |        | add_ln463_1  | add  | fabric  | 0       |
|     add_ln464_1_fu_991_p2                              | -   |        | add_ln464_1  | add  | fabric  | 0       |
|     add_ln465_1_fu_1002_p2                             | -   |        | add_ln465_1  | add  | fabric  | 0       |
|     add_ln466_1_fu_1008_p2                             | -   |        | add_ln466_1  | add  | fabric  | 0       |
|     add_ln467_1_fu_1253_p2                             | -   |        | add_ln467_1  | add  | fabric  | 0       |
|     add_ln468_1_fu_1258_p2                             | -   |        | add_ln468_1  | add  | fabric  | 0       |
|     add_ln469_1_fu_1508_p2                             | -   |        | add_ln469_1  | add  | fabric  | 0       |
|     add_ln470_1_fu_1513_p2                             | -   |        | add_ln470_1  | add  | fabric  | 0       |
|     add_ln457_fu_650_p2                                | -   |        | add_ln457    | add  | fabric  | 0       |
|     add_ln456_1_fu_656_p2                              | -   |        | add_ln456_1  | add  | fabric  | 0       |
+--------------------------------------------------------+-----+--------+--------------+------+---------+---------+


================================================================
== Bind Storage Report
================================================================
+----------------+------+------+--------+----------+---------+------+---------+
| Name           | BRAM | URAM | Pragma | Variable | Storage | Impl | Latency |
+----------------+------+------+--------+----------+---------+------+---------+
| + fpn_full_top | 2900 | 0    |        |          |         |      |         |
|   lat4_U       | 38   | -    | pragma | lat4     | ram_t2p | bram | 1       |
|   lat3_U       | 140  | -    | pragma | lat3     | ram_t2p | bram | 1       |
|   lat2_U       | 546  | -    | pragma | lat2     | ram_t2p | bram | 1       |
|   lat1_U       | 2176 | -    | pragma | lat1     | ram_t2p | bram | 1       |
+----------------+------+------+--------+----------+---------+------+---------+


================================================================
== Pragma Report
================================================================
* Valid Pragma Syntax
+-----------------+--------------------------------------+---------------------------------------------------------+
| Type            | Options                              | Location                                                |
+-----------------+--------------------------------------+---------------------------------------------------------+
| inline          |                                      | fpn_192/fpga_utils.h:27 in relu                         |
| inline          |                                      | fpn_192/fpga_utils.h:32 in silu                         |
| inline          |                                      | fpn_192/fpga_utils.h:44 in sigmoid                      |
| inline          |                                      | fpn_192/fpga_utils.h:58 in fused_bn                     |
| inline          |                                      | fpn_192/fpga_utils.h:67 in layer_norm_seq               |
| pipeline        | II=1                                 | fpn_192/fpga_utils.h:73 in layer_norm_seq               |
| pipeline        | II=1                                 | fpn_192/fpga_utils.h:79 in layer_norm_seq               |
| pipeline        | II=1                                 | fpn_192/fpga_utils.h:84 in layer_norm_seq               |
| inline          |                                      | fpn_192/fpga_utils.h:91 in softmax_row                  |
| pipeline        | II=1                                 | fpn_192/fpga_utils.h:94 in softmax_row                  |
| pipeline        | II=1                                 | fpn_192/fpga_utils.h:99 in softmax_row                  |
| pipeline        | II=1                                 | fpn_192/fpga_utils.h:103 in softmax_row                 |
| pipeline        | II=1                                 | fpn_192/fpga_utils.h:115 in linear_layer                |
| unroll          | factor=16                            | fpn_192/fpga_utils.h:118 in linear_layer                |
| pipeline        | II=1                                 | fpn_192/fpga_utils.h:138 in conv3x3_bn_silu             |
| unroll          | factor=16                            | fpn_192/fpga_utils.h:141 in conv3x3_bn_silu             |
| unroll          |                                      | fpn_192/fpga_utils.h:143 in conv3x3_bn_silu             |
| unroll          |                                      | fpn_192/fpga_utils.h:145 in conv3x3_bn_silu             |
| pipeline        | II=1                                 | fpn_192/fpga_utils.h:166 in conv3x3_bn                  |
| unroll          | factor=16                            | fpn_192/fpga_utils.h:169 in conv3x3_bn                  |
| unroll          |                                      | fpn_192/fpga_utils.h:171 in conv3x3_bn                  |
| unroll          |                                      | fpn_192/fpga_utils.h:173 in conv3x3_bn                  |
| inline          |                                      | fpn_192/fpga_utils.h:198 in conv1x1_bn_silu             |
| array_partition | variable=partial0 complete dim=1     | fpn_192/fpga_utils.h:204 in conv1x1_bn_silu, partial0   |
| array_partition | variable=partial1 complete dim=1     | fpn_192/fpga_utils.h:205 in conv1x1_bn_silu, partial1   |
| array_partition | variable=partial2 complete dim=1     | fpn_192/fpga_utils.h:206 in conv1x1_bn_silu, partial2   |
| array_partition | variable=partial3 complete dim=1     | fpn_192/fpga_utils.h:207 in conv1x1_bn_silu, partial3   |
| array_partition | variable=l0_0 complete dim=1         | fpn_192/fpga_utils.h:213 in conv1x1_bn_silu, l0_0       |
| array_partition | variable=l0_1 complete dim=1         | fpn_192/fpga_utils.h:214 in conv1x1_bn_silu, l0_1       |
| array_partition | variable=l0_2 complete dim=1         | fpn_192/fpga_utils.h:215 in conv1x1_bn_silu, l0_2       |
| array_partition | variable=l0_3 complete dim=1         | fpn_192/fpga_utils.h:216 in conv1x1_bn_silu, l0_3       |
| array_partition | variable=l1_0 complete dim=1         | fpn_192/fpga_utils.h:217 in conv1x1_bn_silu, l1_0       |
| array_partition | variable=l1_1 complete dim=1         | fpn_192/fpga_utils.h:218 in conv1x1_bn_silu, l1_1       |
| array_partition | variable=l1_2 complete dim=1         | fpn_192/fpga_utils.h:219 in conv1x1_bn_silu, l1_2       |
| array_partition | variable=l1_3 complete dim=1         | fpn_192/fpga_utils.h:220 in conv1x1_bn_silu, l1_3       |
| array_partition | variable=l2_0 complete dim=1         | fpn_192/fpga_utils.h:221 in conv1x1_bn_silu, l2_0       |
| array_partition | variable=l2_1 complete dim=1         | fpn_192/fpga_utils.h:222 in conv1x1_bn_silu, l2_1       |
| array_partition | variable=l2_2 complete dim=1         | fpn_192/fpga_utils.h:223 in conv1x1_bn_silu, l2_2       |
| array_partition | variable=l2_3 complete dim=1         | fpn_192/fpga_utils.h:224 in conv1x1_bn_silu, l2_3       |
| array_partition | variable=l3_0 complete dim=1         | fpn_192/fpga_utils.h:225 in conv1x1_bn_silu, l3_0       |
| array_partition | variable=l3_1 complete dim=1         | fpn_192/fpga_utils.h:226 in conv1x1_bn_silu, l3_1       |
| array_partition | variable=l3_2 complete dim=1         | fpn_192/fpga_utils.h:227 in conv1x1_bn_silu, l3_2       |
| array_partition | variable=l3_3 complete dim=1         | fpn_192/fpga_utils.h:228 in conv1x1_bn_silu, l3_3       |
| unroll          |                                      | fpn_192/fpga_utils.h:231 in conv1x1_bn_silu             |
| pipeline        | II=1                                 | fpn_192/fpga_utils.h:237 in conv1x1_bn_silu             |
| unroll          |                                      | fpn_192/fpga_utils.h:240 in conv1x1_bn_silu             |
| unroll          |                                      | fpn_192/fpga_utils.h:252 in conv1x1_bn_silu             |
| unroll          |                                      | fpn_192/fpga_utils.h:257 in conv1x1_bn_silu             |
| unroll          |                                      | fpn_192/fpga_utils.h:262 in conv1x1_bn_silu             |
| unroll          |                                      | fpn_192/fpga_utils.h:267 in conv1x1_bn_silu             |
| inline          |                                      | fpn_192/fpga_utils.h:293 in conv1x1_bn                  |
| array_partition | variable=partial0 complete dim=1     | fpn_192/fpga_utils.h:299 in conv1x1_bn, partial0        |
| array_partition | variable=partial1 complete dim=1     | fpn_192/fpga_utils.h:300 in conv1x1_bn, partial1        |
| array_partition | variable=partial2 complete dim=1     | fpn_192/fpga_utils.h:301 in conv1x1_bn, partial2        |
| array_partition | variable=partial3 complete dim=1     | fpn_192/fpga_utils.h:302 in conv1x1_bn, partial3        |
| array_partition | variable=l0_0 complete dim=1         | fpn_192/fpga_utils.h:308 in conv1x1_bn, l0_0            |
| array_partition | variable=l0_1 complete dim=1         | fpn_192/fpga_utils.h:309 in conv1x1_bn, l0_1            |
| array_partition | variable=l0_2 complete dim=1         | fpn_192/fpga_utils.h:310 in conv1x1_bn, l0_2            |
| array_partition | variable=l0_3 complete dim=1         | fpn_192/fpga_utils.h:311 in conv1x1_bn, l0_3            |
| array_partition | variable=l1_0 complete dim=1         | fpn_192/fpga_utils.h:312 in conv1x1_bn, l1_0            |
| array_partition | variable=l1_1 complete dim=1         | fpn_192/fpga_utils.h:313 in conv1x1_bn, l1_1            |
| array_partition | variable=l1_2 complete dim=1         | fpn_192/fpga_utils.h:314 in conv1x1_bn, l1_2            |
| array_partition | variable=l1_3 complete dim=1         | fpn_192/fpga_utils.h:315 in conv1x1_bn, l1_3            |
| array_partition | variable=l2_0 complete dim=1         | fpn_192/fpga_utils.h:316 in conv1x1_bn, l2_0            |
| array_partition | variable=l2_1 complete dim=1         | fpn_192/fpga_utils.h:317 in conv1x1_bn, l2_1            |
| array_partition | variable=l2_2 complete dim=1         | fpn_192/fpga_utils.h:318 in conv1x1_bn, l2_2            |
| array_partition | variable=l2_3 complete dim=1         | fpn_192/fpga_utils.h:319 in conv1x1_bn, l2_3            |
| array_partition | variable=l3_0 complete dim=1         | fpn_192/fpga_utils.h:320 in conv1x1_bn, l3_0            |
| array_partition | variable=l3_1 complete dim=1         | fpn_192/fpga_utils.h:321 in conv1x1_bn, l3_1            |
| array_partition | variable=l3_2 complete dim=1         | fpn_192/fpga_utils.h:322 in conv1x1_bn, l3_2            |
| array_partition | variable=l3_3 complete dim=1         | fpn_192/fpga_utils.h:323 in conv1x1_bn, l3_3            |
| unroll          |                                      | fpn_192/fpga_utils.h:326 in conv1x1_bn                  |
| pipeline        | II=1                                 | fpn_192/fpga_utils.h:332 in conv1x1_bn                  |
| unroll          |                                      | fpn_192/fpga_utils.h:335 in conv1x1_bn                  |
| unroll          |                                      | fpn_192/fpga_utils.h:347 in conv1x1_bn                  |
| unroll          |                                      | fpn_192/fpga_utils.h:352 in conv1x1_bn                  |
| unroll          |                                      | fpn_192/fpga_utils.h:357 in conv1x1_bn                  |
| unroll          |                                      | fpn_192/fpga_utils.h:362 in conv1x1_bn                  |
| pipeline        | II=1                                 | fpn_192/fpga_utils.h:407 in conv1x1_plain               |
| pipeline        | II=1                                 | fpn_192/fpga_utils.h:458 in fpn_conv3x3                 |
| inline          |                                      | fpn_192/fpga_utils.h:499 in dw_conv3x3_bn_silu          |
| pipeline        | II=1                                 | fpn_192/fpga_utils.h:504 in dw_conv3x3_bn_silu          |
| unroll          |                                      | fpn_192/fpga_utils.h:507 in dw_conv3x3_bn_silu          |
| unroll          |                                      | fpn_192/fpga_utils.h:509 in dw_conv3x3_bn_silu          |
| inline          |                                      | fpn_192/fpga_utils.h:530 in dw_conv3x3_bn               |
| pipeline        | II=1                                 | fpn_192/fpga_utils.h:535 in dw_conv3x3_bn               |
| unroll          |                                      | fpn_192/fpga_utils.h:538 in dw_conv3x3_bn               |
| unroll          |                                      | fpn_192/fpga_utils.h:540 in dw_conv3x3_bn               |
| inline          |                                      | fpn_192/fpga_utils.h:557 in elem_add_inplace            |
| pipeline        | II=1                                 | fpn_192/fpga_utils.h:559 in elem_add_inplace            |
| inline          |                                      | fpn_192/fpga_utils.h:566 in upsample_2x                 |
| pipeline        | II=1                                 | fpn_192/fpga_utils.h:570 in upsample_2x                 |
| inline          |                                      | fpn_192/fpga_utils.h:590 in add_upsampled_2x_inplace    |
| pipeline        | II=1                                 | fpn_192/fpga_utils.h:595 in add_upsampled_2x_inplace    |
| inline          |                                      | fpn_192/fpga_utils.h:607 in maxpool2x2                  |
| pipeline        | II=1                                 | fpn_192/fpga_utils.h:612 in maxpool2x2                  |
| inline          |                                      | fpn_192/fpga_utils.h:620 in buf_copy                    |
| pipeline        | II=1                                 | fpn_192/fpga_utils.h:622 in buf_copy                    |
| interface       | bram port=c4                         | fpn_192/fpn_full_top.cpp:47 in fpn_full_top, c4         |
| interface       | bram port=c3                         | fpn_192/fpn_full_top.cpp:48 in fpn_full_top, c3         |
| interface       | bram port=c2                         | fpn_192/fpn_full_top.cpp:49 in fpn_full_top, c2         |
| interface       | bram port=c1                         | fpn_192/fpn_full_top.cpp:50 in fpn_full_top, c1         |
| interface       | bram port=w_conv                     | fpn_192/fpn_full_top.cpp:51 in fpn_full_top, w_conv     |
| interface       | bram port=w_meta                     | fpn_192/fpn_full_top.cpp:52 in fpn_full_top, w_meta     |
| interface       | bram port=p5                         | fpn_192/fpn_full_top.cpp:53 in fpn_full_top, p5         |
| interface       | bram port=p4                         | fpn_192/fpn_full_top.cpp:54 in fpn_full_top, p4         |
| interface       | bram port=p3                         | fpn_192/fpn_full_top.cpp:55 in fpn_full_top, p3         |
| interface       | bram port=p2                         | fpn_192/fpn_full_top.cpp:56 in fpn_full_top, p2         |
| interface       | bram port=p6                         | fpn_192/fpn_full_top.cpp:57 in fpn_full_top, p6         |
| interface       | ap_ctrl_hs port=return               | fpn_192/fpn_full_top.cpp:58 in fpn_full_top, return     |
| bind_storage    | variable=lat4 type=RAM_T2P impl=BRAM | fpn_192/fpn_full_top.cpp:64 in fpn_full_top, lat4       |
| bind_storage    | variable=lat3 type=RAM_T2P impl=BRAM | fpn_192/fpn_full_top.cpp:65 in fpn_full_top, lat3       |
| bind_storage    | variable=lat2 type=RAM_T2P impl=BRAM | fpn_192/fpn_full_top.cpp:66 in fpn_full_top, lat2       |
| bind_storage    | variable=lat1 type=RAM_T2P impl=BRAM | fpn_192/fpn_full_top.cpp:67 in fpn_full_top, lat1       |
| dependence      | variable=lat3 inter false            | fpn_192/fpn_full_top.cpp:70 in fpn_full_top, lat3       |
| dependence      | variable=lat2 inter false            | fpn_192/fpn_full_top.cpp:71 in fpn_full_top, lat2       |
| dependence      | variable=lat1 inter false            | fpn_192/fpn_full_top.cpp:72 in fpn_full_top, lat1       |
| interface       | bram port=c4                         | fpn_192/fpn_p3p4p5_top.cpp:63 in fpn_p3p4p5_top, c4     |
| interface       | bram port=c3                         | fpn_192/fpn_p3p4p5_top.cpp:64 in fpn_p3p4p5_top, c3     |
| interface       | bram port=c2                         | fpn_192/fpn_p3p4p5_top.cpp:65 in fpn_p3p4p5_top, c2     |
| interface       | bram port=w_conv                     | fpn_192/fpn_p3p4p5_top.cpp:66 in fpn_p3p4p5_top, w_conv |
| interface       | bram port=w_meta                     | fpn_192/fpn_p3p4p5_top.cpp:67 in fpn_p3p4p5_top, w_meta |
| interface       | bram port=p5                         | fpn_192/fpn_p3p4p5_top.cpp:68 in fpn_p3p4p5_top, p5     |
| interface       | bram port=p4                         | fpn_192/fpn_p3p4p5_top.cpp:69 in fpn_p3p4p5_top, p4     |
| interface       | bram port=p3                         | fpn_192/fpn_p3p4p5_top.cpp:70 in fpn_p3p4p5_top, p3     |
| interface       | bram port=p6                         | fpn_192/fpn_p3p4p5_top.cpp:71 in fpn_p3p4p5_top, p6     |
| interface       | ap_ctrl_hs port=return               | fpn_192/fpn_p3p4p5_top.cpp:72 in fpn_p3p4p5_top, return |
| bind_storage    | variable=lat4 type=RAM_T2P impl=BRAM | fpn_192/fpn_p3p4p5_top.cpp:78 in fpn_p3p4p5_top, lat4   |
| bind_storage    | variable=lat3 type=RAM_T2P impl=BRAM | fpn_192/fpn_p3p4p5_top.cpp:79 in fpn_p3p4p5_top, lat3   |
| bind_storage    | variable=lat2 type=RAM_T2P impl=BRAM | fpn_192/fpn_p3p4p5_top.cpp:80 in fpn_p3p4p5_top, lat2   |
| dependence      | variable=lat3 inter false            | fpn_192/fpn_p3p4p5_top.cpp:84 in fpn_p3p4p5_top, lat3   |
| dependence      | variable=lat2 inter false            | fpn_192/fpn_p3p4p5_top.cpp:85 in fpn_p3p4p5_top, lat2   |
| interface       | bram port=c4                         | fpn_192/fpn_p4p5_top.cpp:50 in fpn_p4p5_top, c4         |
| interface       | bram port=c3                         | fpn_192/fpn_p4p5_top.cpp:51 in fpn_p4p5_top, c3         |
| interface       | bram port=w_conv                     | fpn_192/fpn_p4p5_top.cpp:52 in fpn_p4p5_top, w_conv     |
| interface       | bram port=w_meta                     | fpn_192/fpn_p4p5_top.cpp:53 in fpn_p4p5_top, w_meta     |
| interface       | bram port=p5                         | fpn_192/fpn_p4p5_top.cpp:54 in fpn_p4p5_top, p5         |
| interface       | bram port=p4                         | fpn_192/fpn_p4p5_top.cpp:55 in fpn_p4p5_top, p4         |
| interface       | bram port=p6                         | fpn_192/fpn_p4p5_top.cpp:56 in fpn_p4p5_top, p6         |
| interface       | ap_ctrl_hs port=return               | fpn_192/fpn_p4p5_top.cpp:57 in fpn_p4p5_top, return     |
| bind_storage    | variable=lat4 type=RAM_T2P impl=BRAM | fpn_192/fpn_p4p5_top.cpp:61 in fpn_p4p5_top, lat4       |
| bind_storage    | variable=lat3 type=RAM_T2P impl=BRAM | fpn_192/fpn_p4p5_top.cpp:65 in fpn_p4p5_top, lat3       |
| bind_storage    | variable=up4 type=RAM_T2P impl=BRAM  | fpn_192/fpn_p4p5_top.cpp:69 in fpn_p4p5_top, up4        |
| interface       | bram port=c4                         | fpn_192/fpn_p5_top.cpp:33 in fpn_p5_top, c4             |
| interface       | bram port=w_conv                     | fpn_192/fpn_p5_top.cpp:34 in fpn_p5_top, w_conv         |
| interface       | bram port=w_meta                     | fpn_192/fpn_p5_top.cpp:35 in fpn_p5_top, w_meta         |
| interface       | bram port=p5                         | fpn_192/fpn_p5_top.cpp:36 in fpn_p5_top, p5             |
| interface       | bram port=p6                         | fpn_192/fpn_p5_top.cpp:37 in fpn_p5_top, p6             |
| interface       | ap_ctrl_hs port=return               | fpn_192/fpn_p5_top.cpp:38 in fpn_p5_top, return         |
| bind_storage    | variable=lat4 type=RAM_T2P impl=BRAM | fpn_192/fpn_p5_top.cpp:44 in fpn_p5_top, lat4           |
+-----------------+--------------------------------------+---------------------------------------------------------+


