

================================================================
== Synthesis Summary Report of 'transformer_blk_s3_top'
================================================================
+ General Information: 
    * Date:           Mon Jun  1 14:15:34 2026
    * Version:        2022.2 (Build 3670227 on Oct 13 2022)
    * Project:        s3_transformer_block
    * Solution:       solution1 (Vivado IP Flow Target)
    * Product family: zynquplus
    * Target device:  xczu9eg-ffvb1156-2-e
    

+ Performance & Resource Estimates: 
    
    PS: '+' for module; 'o' for loop; '*' for dataflow
    +----------------------------------------------------------------+--------+-------+----------+-----------+----------+----------+--------+----------+-----------+-----------+--------------+--------------+-----+
    |                             Modules                            |  Issue |       | Latency  |  Latency  | Iteration|          |  Trip  |          |           |           |              |              |     |
    |                             & Loops                            |  Type  | Slack | (cycles) |    (ns)   |  Latency | Interval |  Count | Pipelined|   BRAM    |    DSP    |      FF      |      LUT     | URAM|
    +----------------------------------------------------------------+--------+-------+----------+-----------+----------+----------+--------+----------+-----------+-----------+--------------+--------------+-----+
    |+ transformer_blk_s3_top                                        |  Timing|  -0.70|  65031383|  3.252e+08|         -|  65031384|       -|        no|  426 (23%)|  338 (13%)|  288559 (52%)|  262703 (95%)|    -|
    | + transformer_blk_s3_top_Pipeline_COPY_IN                      |       -|   1.18|     19202|  9.601e+04|         -|     19202|       -|        no|          -|          -|      33 (~0%)|      72 (~0%)|    -|
    |  o COPY_IN                                                     |       -|   3.65|     19200|  9.600e+04|         2|         1|   19200|       yes|          -|          -|             -|             -|    -|
    | + transformer_blk_s3_top_Pipeline_COPY_OUT                     |       -|   0.65|     19202|  9.601e+04|         -|     19202|       -|        no|          -|          -|      33 (~0%)|     101 (~0%)|    -|
    |  o COPY_OUT                                                    |       -|   3.65|     19200|  9.600e+04|         2|         1|   19200|       yes|          -|          -|             -|             -|    -|
    | o DEPTH                                                        |       -|   3.65|  64992976|  3.250e+08|  16248244|         -|       4|        no|          -|          -|             -|             -|    -|
    |  + transformer_blk_s3_top_Pipeline_LF_S_LF_OD                  |  Timing|  -0.65|   1863849|  9.319e+06|         -|   1863849|       -|        no|          -|          -|    23473 (4%)|    21900 (7%)|    -|
    |   o LF_S_LF_OD                                                 |      II|   3.65|   1863847|  9.319e+06|      1545|        97|   19200|       yes|          -|          -|             -|             -|    -|
    |  + transformer_blk_s3_top_Pipeline_LF_S_LF_OD1                 |  Timing|  -0.65|   1863849|  9.319e+06|         -|   1863849|       -|        no|          -|          -|    23508 (4%)|    21805 (7%)|    -|
    |   o LF_S_LF_OD                                                 |      II|   3.65|   1863847|  9.319e+06|      1545|        97|   19200|       yes|          -|          -|             -|             -|    -|
    |  + transformer_blk_s3_top_Pipeline_LF_S_LF_OD2                 |  Timing|  -0.65|   1863849|  9.319e+06|         -|   1863849|       -|        no|          -|          -|    31950 (5%)|   28280 (10%)|    -|
    |   o LF_S_LF_OD                                                 |      II|   3.65|   1863847|  9.319e+06|      1545|        97|   19200|       yes|          -|          -|             -|             -|    -|
    |  + transformer_blk_s3_top_Pipeline_MHSA_CPY                    |       -|   1.02|     19202|  9.601e+04|         -|     19202|       -|        no|          -|          -|      69 (~0%)|     185 (~0%)|    -|
    |   o MHSA_CPY                                                   |       -|   3.65|     19200|  9.600e+04|         2|         1|   19200|       yes|          -|          -|             -|             -|    -|
    |  + transformer_blk_s3_top_Pipeline_LF_S_LF_OD3                 |  Timing|  -0.65|   1863849|  9.319e+06|         -|   1863849|       -|        no|          -|          -|    24380 (4%)|    21403 (7%)|    -|
    |   o LF_S_LF_OD                                                 |      II|   3.65|   1863847|  9.319e+06|      1545|        97|   19200|       yes|          -|          -|             -|             -|    -|
    |  + transformer_blk_s3_top_Pipeline_AR                          |       -|   0.20|     19211|  9.606e+04|         -|     19211|       -|        no|          -|          -|     506 (~0%)|     252 (~0%)|    -|
    |   o AR                                                         |       -|   3.65|     19209|  9.604e+04|        11|         1|   19200|       yes|          -|          -|             -|             -|    -|
    |  + transformer_blk_s3_top_Pipeline_LF_S_LF_OD7                 |  Timing|  -0.65|   3726249|  1.863e+07|         -|   3726249|       -|        no|          -|          -|    23238 (4%)|    21966 (8%)|    -|
    |   o LF_S_LF_OD                                                 |      II|   3.65|   3726247|  1.863e+07|      1545|        97|   38400|       yes|          -|          -|             -|             -|    -|
    |  + transformer_blk_s3_top_Pipeline_MLP_ACT                     |       -|   0.02|     38421|  1.921e+05|         -|     38421|       -|        no|          -|          -|     332 (~0%)|     235 (~0%)|    -|
    |   o MLP_ACT                                                    |       -|   3.65|     38419|  1.921e+05|        21|         1|   38400|       yes|          -|          -|             -|             -|    -|
    |  + transformer_blk_s3_top_Pipeline_LF_S_LF_OD8                 |  Timing|  -0.70|   3708489|  1.854e+07|         -|   3708489|       -|        no|          -|          -|    35978 (6%)|   48431 (17%)|    -|
    |   o LF_S_LF_OD                                                 |      II|   3.65|   3708487|  1.854e+07|      3081|       193|   19200|       yes|          -|          -|             -|             -|    -|
    |  + transformer_blk_s3_top_Pipeline_AR9                         |       -|   0.20|     19211|  9.606e+04|         -|     19211|       -|        no|          -|          -|     506 (~0%)|     252 (~0%)|    -|
    |   o AR                                                         |       -|   3.65|     19209|  9.604e+04|        11|         1|   19200|       yes|          -|          -|             -|             -|    -|
    |  o VITIS_LOOP_84_1                                             |       -|   3.65|    124400|  6.220e+05|      1244|         -|     100|        no|          -|          -|             -|             -|    -|
    |   + transformer_blk_s3_top_Pipeline_LN_MEAN                    |       -|   0.20|        82|    410.000|         -|        82|       -|        no|          -|          -|    2045 (~0%)|     177 (~0%)|    -|
    |    o LN_MEAN                                                   |       -|   3.65|        80|    400.000|        34|         1|      48|       yes|          -|          -|             -|             -|    -|
    |   + transformer_blk_s3_top_Pipeline_LN_VAR                     |       -|   0.20|        95|    475.000|         -|        95|       -|        no|          -|          -|    2327 (~0%)|     177 (~0%)|    -|
    |    o LN_VAR                                                    |       -|   3.65|        93|    465.000|        47|         1|      48|       yes|          -|          -|             -|             -|    -|
    |   + transformer_blk_s3_top_Pipeline_LN_NORM                    |       -|   0.20|       221|  1.105e+03|         -|       221|       -|        no|          -|          -|     735 (~0%)|     375 (~0%)|    -|
    |    o LN_NORM                                                   |       -|   3.65|       219|  1.095e+03|        29|         1|     192|       yes|          -|          -|             -|             -|    -|
    |  o MHSA_H                                                      |       -|   3.65|   1013244|  5.066e+06|    253311|         -|       4|        no|          -|          -|             -|             -|    -|
    |   + transformer_blk_s3_top_Pipeline_MHSA_QI_MHSA_KI            |       -|   0.20|     10397|  5.198e+04|         -|     10397|       -|        no|          -|   201 (7%)|    24025 (4%)|    14879 (5%)|    -|
    |    o MHSA_QI_MHSA_KI                                           |       -|   3.65|     10395|  5.198e+04|       397|         1|   10000|       yes|          -|          -|             -|             -|    -|
    |   + transformer_blk_s3_top_Pipeline_MHSA_SM                    |  Timing|  -0.38|      2601|  1.300e+04|         -|      2601|       -|        no|          -|    35 (1%)|    41752 (7%)|   30464 (11%)|    -|
    |    o MHSA_SM                                                   |      II|   3.65|      2599|  1.300e+04|       620|        20|     100|       yes|          -|          -|             -|             -|    -|
    |   + transformer_blk_s3_top_Pipeline_MHSA_OQ_MHSA_OD_MHSA_OK_T  |       -|   0.20|    240307|  1.202e+06|         -|    240307|       -|        no|          -|    45 (1%)|    40918 (7%)|   31259 (11%)|    -|
    |    o MHSA_OQ_MHSA_OD_MHSA_OK_T                                 |      II|   3.65|    240305|  1.202e+06|       308|         2|  120000|       yes|          -|          -|             -|             -|    -|
    |  o VITIS_LOOP_84_1                                             |       -|   3.65|    124400|  6.220e+05|      1244|         -|     100|        no|          -|          -|             -|             -|    -|
    |   + transformer_blk_s3_top_Pipeline_LN_MEAN4                   |       -|   0.20|        82|    410.000|         -|        82|       -|        no|          -|          -|    2045 (~0%)|     177 (~0%)|    -|
    |    o LN_MEAN                                                   |       -|   3.65|        80|    400.000|        34|         1|      48|       yes|          -|          -|             -|             -|    -|
    |   + transformer_blk_s3_top_Pipeline_LN_VAR5                    |       -|   0.20|        95|    475.000|         -|        95|       -|        no|          -|          -|    2327 (~0%)|     177 (~0%)|    -|
    |    o LN_VAR                                                    |       -|   3.65|        93|    465.000|        47|         1|      48|       yes|          -|          -|             -|             -|    -|
    |   + transformer_blk_s3_top_Pipeline_LN_NORM6                   |       -|   0.20|       221|  1.105e+03|         -|       221|       -|        no|          -|          -|     807 (~0%)|     432 (~0%)|    -|
    |    o LN_NORM                                                   |       -|   3.65|       219|  1.095e+03|        29|         1|     192|       yes|          -|          -|             -|             -|    -|
    +----------------------------------------------------------------+--------+-------+----------+-----------+----------+----------+--------+----------+-----------+-----------+--------------+--------------+-----+


================================================================
== HW Interfaces
================================================================
* BRAM
+-------------+------------+---------------+
| Interface   | Data Width | Address Width |
+-------------+------------+---------------+
| in_r_PORTA  | 32         | 32            |
| out_r_PORTA | 32         | 32            |
| w_PORTA     | 32         | 32            |
| w_PORTB     | 32         | 32            |
+-------------+------------+---------------+

* TOP LEVEL CONTROL
+-----------+------------+-----------------------------------+
| Interface | Type       | Ports                             |
+-----------+------------+-----------------------------------+
| ap_clk    | clock      | ap_clk                            |
| ap_rst    | reset      | ap_rst                            |
| ap_ctrl   | ap_ctrl_hs | ap_done ap_idle ap_ready ap_start |
+-----------+------------+-----------------------------------+


================================================================
== SW I/O Information
================================================================
* Top Function Arguments
+----------+-----------+---------------+
| Argument | Direction | Datatype      |
+----------+-----------+---------------+
| in       | in        | float const * |
| out      | out       | float*        |
| w        | in        | float const * |
+----------+-----------+---------------+

* SW-to-HW Mapping
+----------+--------------+-----------+
| Argument | HW Interface | HW Type   |
+----------+--------------+-----------+
| in       | in_r_PORTA   | interface |
| out      | out_r_PORTA  | interface |
| w        | w_PORTA      | interface |
| w        | w_PORTB      | interface |
+----------+--------------+-----------+


================================================================
== Bind Op Report
================================================================
+--------------------------------------------------------------+-----+--------+-----------------+-------+---------+---------+
| Name                                                         | DSP | Pragma | Variable        | Op    | Impl    | Latency |
+--------------------------------------------------------------+-----+--------+-----------------+-------+---------+---------+
| + transformer_blk_s3_top                                     | 338 |        |                 |       |         |         |
|   add_ln151_1_fu_2372_p2                                     | -   |        | add_ln151_1     | add   | fabric  | 0       |
|   fcmp_32ns_32ns_1_2_no_dsp_1_U893                           | -   |        | add_ln151       | add   | fabric  | 0       |
|   add_ln84_fu_2400_p2                                        | -   |        | add_ln84        | add   | fabric  | 0       |
|   fcmp_32ns_32ns_1_2_no_dsp_1_U893                           | -   |        | p_udiv5921      | sub   | fabric  | 0       |
|   faddfsub_32ns_32ns_32_8_full_dsp_1_U885                    | 2   |        | msum            | fadd  | fulldsp | 7       |
|   faddfsub_32ns_32ns_32_8_full_dsp_1_U886                    | 2   |        | msum_1          | fadd  | fulldsp | 7       |
|   faddfsub_32ns_32ns_32_8_full_dsp_1_U887                    | 2   |        | msum_2          | fadd  | fulldsp | 7       |
|   faddfsub_32ns_32ns_32_8_full_dsp_1_U888                    | 2   |        | msum_3          | fadd  | fulldsp | 7       |
|   fadd_32ns_32ns_32_8_full_dsp_1_U889                        | 2   |        | msum_4          | fadd  | fulldsp | 7       |
|   fadd_32ns_32ns_32_8_full_dsp_1_U890                        | 2   |        | msum_5          | fadd  | fulldsp | 7       |
|   faddfsub_32ns_32ns_32_8_full_dsp_1_U870                    | 2   |        | msum_6          | fadd  | fulldsp | 7       |
|   faddfsub_32ns_32ns_32_8_full_dsp_1_U870                    | 2   |        | msum_7          | fadd  | fulldsp | 7       |
|   faddfsub_32ns_32ns_32_8_full_dsp_1_U870                    | 2   |        | msum_8          | fadd  | fulldsp | 7       |
|   faddfsub_32ns_32ns_32_8_full_dsp_1_U870                    | 2   |        | msum_9          | fadd  | fulldsp | 7       |
|   faddfsub_32ns_32ns_32_8_full_dsp_1_U870                    | 2   |        | msum_10         | fadd  | fulldsp | 7       |
|   faddfsub_32ns_32ns_32_8_full_dsp_1_U870                    | 2   |        | msum_11         | fadd  | fulldsp | 7       |
|   faddfsub_32ns_32ns_32_8_full_dsp_1_U870                    | 2   |        | msum_12         | fadd  | fulldsp | 7       |
|   faddfsub_32ns_32ns_32_8_full_dsp_1_U870                    | 2   |        | msum_13         | fadd  | fulldsp | 7       |
|   faddfsub_32ns_32ns_32_8_full_dsp_1_U870                    | 2   |        | msum_14         | fadd  | fulldsp | 7       |
|   faddfsub_32ns_32ns_32_8_full_dsp_1_U870                    | 2   |        | msum_15         | fadd  | fulldsp | 7       |
|   faddfsub_32ns_32ns_32_8_full_dsp_1_U870                    | 2   |        | msum_16         | fadd  | fulldsp | 7       |
|   faddfsub_32ns_32ns_32_8_full_dsp_1_U870                    | 2   |        | msum_17         | fadd  | fulldsp | 7       |
|   faddfsub_32ns_32ns_32_8_full_dsp_1_U870                    | 2   |        | msum_18         | fadd  | fulldsp | 7       |
|   faddfsub_32ns_32ns_32_8_full_dsp_1_U870                    | 2   |        | msum_19         | fadd  | fulldsp | 7       |
|   faddfsub_32ns_32ns_32_8_full_dsp_1_U870                    | 2   |        | msum_20         | fadd  | fulldsp | 7       |
|   faddfsub_32ns_32ns_32_8_full_dsp_1_U870                    | 2   |        | msum_21         | fadd  | fulldsp | 7       |
|   faddfsub_32ns_32ns_32_8_full_dsp_1_U870                    | 2   |        | msum_22         | fadd  | fulldsp | 7       |
|   faddfsub_32ns_32ns_32_8_full_dsp_1_U870                    | 2   |        | msum_23         | fadd  | fulldsp | 7       |
|   faddfsub_32ns_32ns_32_8_full_dsp_1_U870                    | 2   |        | msum_24         | fadd  | fulldsp | 7       |
|   faddfsub_32ns_32ns_32_8_full_dsp_1_U870                    | 2   |        | msum_25         | fadd  | fulldsp | 7       |
|   faddfsub_32ns_32ns_32_8_full_dsp_1_U870                    | 2   |        | msum_26         | fadd  | fulldsp | 7       |
|   faddfsub_32ns_32ns_32_8_full_dsp_1_U870                    | 2   |        | msum_27         | fadd  | fulldsp | 7       |
|   faddfsub_32ns_32ns_32_8_full_dsp_1_U870                    | 2   |        | msum_28         | fadd  | fulldsp | 7       |
|   faddfsub_32ns_32ns_32_8_full_dsp_1_U870                    | 2   |        | msum_29         | fadd  | fulldsp | 7       |
|   faddfsub_32ns_32ns_32_8_full_dsp_1_U870                    | 2   |        | msum_30         | fadd  | fulldsp | 7       |
|   faddfsub_32ns_32ns_32_8_full_dsp_1_U870                    | 2   |        | msum_31         | fadd  | fulldsp | 7       |
|   faddfsub_32ns_32ns_32_8_full_dsp_1_U870                    | 2   |        | msum_32         | fadd  | fulldsp | 7       |
|   faddfsub_32ns_32ns_32_8_full_dsp_1_U870                    | 2   |        | msum_33         | fadd  | fulldsp | 7       |
|   faddfsub_32ns_32ns_32_8_full_dsp_1_U870                    | 2   |        | msum_34         | fadd  | fulldsp | 7       |
|   faddfsub_32ns_32ns_32_8_full_dsp_1_U870                    | 2   |        | msum_35         | fadd  | fulldsp | 7       |
|   faddfsub_32ns_32ns_32_8_full_dsp_1_U870                    | 2   |        | msum_36         | fadd  | fulldsp | 7       |
|   faddfsub_32ns_32ns_32_8_full_dsp_1_U870                    | 2   |        | msum_37         | fadd  | fulldsp | 7       |
|   faddfsub_32ns_32ns_32_8_full_dsp_1_U870                    | 2   |        | msum_38         | fadd  | fulldsp | 7       |
|   faddfsub_32ns_32ns_32_8_full_dsp_1_U870                    | 2   |        | msum_39         | fadd  | fulldsp | 7       |
|   faddfsub_32ns_32ns_32_8_full_dsp_1_U870                    | 2   |        | msum_40         | fadd  | fulldsp | 7       |
|   faddfsub_32ns_32ns_32_8_full_dsp_1_U870                    | 2   |        | msum_41         | fadd  | fulldsp | 7       |
|   faddfsub_32ns_32ns_32_8_full_dsp_1_U870                    | 2   |        | msum_42         | fadd  | fulldsp | 7       |
|   faddfsub_32ns_32ns_32_8_full_dsp_1_U870                    | 2   |        | msum_43         | fadd  | fulldsp | 7       |
|   faddfsub_32ns_32ns_32_8_full_dsp_1_U870                    | 2   |        | msum_44         | fadd  | fulldsp | 7       |
|   faddfsub_32ns_32ns_32_8_full_dsp_1_U870                    | 2   |        | msum_45         | fadd  | fulldsp | 7       |
|   faddfsub_32ns_32ns_32_8_full_dsp_1_U870                    | 2   |        | msum_46         | fadd  | fulldsp | 7       |
|   faddfsub_32ns_32ns_32_8_full_dsp_1_U870                    | 2   |        | msum_47         | fadd  | fulldsp | 7       |
|   fdiv_32ns_32ns_32_16_no_dsp_1_U871                         | -   |        | mean            | fdiv  | fabric  | 15      |
|   faddfsub_32ns_32ns_32_8_full_dsp_1_U870                    | 2   |        | vsum            | fadd  | fulldsp | 7       |
|   faddfsub_32ns_32ns_32_8_full_dsp_1_U870                    | 2   |        | vsum_1          | fadd  | fulldsp | 7       |
|   faddfsub_32ns_32ns_32_8_full_dsp_1_U870                    | 2   |        | vsum_2          | fadd  | fulldsp | 7       |
|   faddfsub_32ns_32ns_32_8_full_dsp_1_U870                    | 2   |        | vsum_3          | fadd  | fulldsp | 7       |
|   faddfsub_32ns_32ns_32_8_full_dsp_1_U870                    | 2   |        | vsum_4          | fadd  | fulldsp | 7       |
|   faddfsub_32ns_32ns_32_8_full_dsp_1_U870                    | 2   |        | vsum_5          | fadd  | fulldsp | 7       |
|   faddfsub_32ns_32ns_32_8_full_dsp_1_U870                    | 2   |        | vsum_6          | fadd  | fulldsp | 7       |
|   faddfsub_32ns_32ns_32_8_full_dsp_1_U870                    | 2   |        | vsum_7          | fadd  | fulldsp | 7       |
|   fmul_32ns_32ns_32_5_max_dsp_1_U880                         | 2   |        | vsum_8          | fadd  | fulldsp | 7       |
|   faddfsub_32ns_32ns_32_8_full_dsp_1_U870                    | 2   |        | vsum_9          | fadd  | fulldsp | 7       |
|   faddfsub_32ns_32ns_32_8_full_dsp_1_U870                    | 2   |        | vsum_10         | fadd  | fulldsp | 7       |
|   faddfsub_32ns_32ns_32_8_full_dsp_1_U870                    | 2   |        | vsum_11         | fadd  | fulldsp | 7       |
|   faddfsub_32ns_32ns_32_8_full_dsp_1_U870                    | 2   |        | vsum_12         | fadd  | fulldsp | 7       |
|   faddfsub_32ns_32ns_32_8_full_dsp_1_U870                    | 2   |        | vsum_13         | fadd  | fulldsp | 7       |
|   faddfsub_32ns_32ns_32_8_full_dsp_1_U870                    | 2   |        | vsum_14         | fadd  | fulldsp | 7       |
|   faddfsub_32ns_32ns_32_8_full_dsp_1_U870                    | 2   |        | vsum_15         | fadd  | fulldsp | 7       |
|   faddfsub_32ns_32ns_32_8_full_dsp_1_U870                    | 2   |        | vsum_16         | fadd  | fulldsp | 7       |
|   fmul_32ns_32ns_32_5_max_dsp_1_U880                         | 2   |        | vsum_17         | fadd  | fulldsp | 7       |
|   faddfsub_32ns_32ns_32_8_full_dsp_1_U870                    | 2   |        | vsum_18         | fadd  | fulldsp | 7       |
|   faddfsub_32ns_32ns_32_8_full_dsp_1_U870                    | 2   |        | vsum_19         | fadd  | fulldsp | 7       |
|   faddfsub_32ns_32ns_32_8_full_dsp_1_U870                    | 2   |        | vsum_20         | fadd  | fulldsp | 7       |
|   faddfsub_32ns_32ns_32_8_full_dsp_1_U870                    | 2   |        | vsum_21         | fadd  | fulldsp | 7       |
|   faddfsub_32ns_32ns_32_8_full_dsp_1_U870                    | 2   |        | vsum_22         | fadd  | fulldsp | 7       |
|   faddfsub_32ns_32ns_32_8_full_dsp_1_U870                    | 2   |        | vsum_23         | fadd  | fulldsp | 7       |
|   faddfsub_32ns_32ns_32_8_full_dsp_1_U870                    | 2   |        | vsum_24         | fadd  | fulldsp | 7       |
|   faddfsub_32ns_32ns_32_8_full_dsp_1_U870                    | 2   |        | vsum_25         | fadd  | fulldsp | 7       |
|   fmul_32ns_32ns_32_5_max_dsp_1_U881                         | 2   |        | vsum_26         | fadd  | fulldsp | 7       |
|   faddfsub_32ns_32ns_32_8_full_dsp_1_U870                    | 2   |        | vsum_27         | fadd  | fulldsp | 7       |
|   faddfsub_32ns_32ns_32_8_full_dsp_1_U870                    | 2   |        | vsum_28         | fadd  | fulldsp | 7       |
|   faddfsub_32ns_32ns_32_8_full_dsp_1_U870                    | 2   |        | vsum_29         | fadd  | fulldsp | 7       |
|   faddfsub_32ns_32ns_32_8_full_dsp_1_U870                    | 2   |        | vsum_30         | fadd  | fulldsp | 7       |
|   faddfsub_32ns_32ns_32_8_full_dsp_1_U870                    | 2   |        | vsum_31         | fadd  | fulldsp | 7       |
|   faddfsub_32ns_32ns_32_8_full_dsp_1_U870                    | 2   |        | vsum_32         | fadd  | fulldsp | 7       |
|   faddfsub_32ns_32ns_32_8_full_dsp_1_U870                    | 2   |        | vsum_33         | fadd  | fulldsp | 7       |
|   faddfsub_32ns_32ns_32_8_full_dsp_1_U870                    | 2   |        | vsum_34         | fadd  | fulldsp | 7       |
|   fmul_32ns_32ns_32_5_max_dsp_1_U880                         | 2   |        | vsum_35         | fadd  | fulldsp | 7       |
|   faddfsub_32ns_32ns_32_8_full_dsp_1_U870                    | 2   |        | vsum_36         | fadd  | fulldsp | 7       |
|   faddfsub_32ns_32ns_32_8_full_dsp_1_U870                    | 2   |        | vsum_37         | fadd  | fulldsp | 7       |
|   faddfsub_32ns_32ns_32_8_full_dsp_1_U870                    | 2   |        | vsum_38         | fadd  | fulldsp | 7       |
|   faddfsub_32ns_32ns_32_8_full_dsp_1_U870                    | 2   |        | vsum_39         | fadd  | fulldsp | 7       |
|   faddfsub_32ns_32ns_32_8_full_dsp_1_U870                    | 2   |        | vsum_40         | fadd  | fulldsp | 7       |
|   faddfsub_32ns_32ns_32_8_full_dsp_1_U870                    | 2   |        | vsum_41         | fadd  | fulldsp | 7       |
|   faddfsub_32ns_32ns_32_8_full_dsp_1_U870                    | 2   |        | vsum_42         | fadd  | fulldsp | 7       |
|   faddfsub_32ns_32ns_32_8_full_dsp_1_U870                    | 2   |        | vsum_43         | fadd  | fulldsp | 7       |
|   fmul_32ns_32ns_32_5_max_dsp_1_U881                         | 2   |        | vsum_44         | fadd  | fulldsp | 7       |
|   faddfsub_32ns_32ns_32_8_full_dsp_1_U870                    | 2   |        | vsum_45         | fadd  | fulldsp | 7       |
|   faddfsub_32ns_32ns_32_8_full_dsp_1_U870                    | 2   |        | vsum_46         | fadd  | fulldsp | 7       |
|   faddfsub_32ns_32ns_32_8_full_dsp_1_U870                    | 2   |        | vsum_47         | fadd  | fulldsp | 7       |
|   fdiv_32ns_32ns_32_16_no_dsp_1_U871                         | -   |        | div69_i_i       | fdiv  | fabric  | 15      |
|   faddfsub_32ns_32ns_32_8_full_dsp_1_U870                    | 2   |        | add70_i_i       | fadd  | fulldsp | 7       |
|   fsqrt_32ns_32ns_32_16_no_dsp_1_U872                        | -   |        | tmp_1           | fsqrt | fabric  | 15      |
|   fdiv_32ns_32ns_32_16_no_dsp_1_U871                         | -   |        | inv_std         | fdiv  | fabric  | 15      |
|   fmul_32ns_32ns_32_5_max_dsp_1_U880                         | -   |        | add_ln84_1      | add   | fabric  | 0       |
|   add_ln170_1_fu_2823_p2                                     | -   |        | add_ln170_1     | add   | fabric  | 0       |
|   fmul_32ns_32ns_32_5_max_dsp_1_U880                         | -   |        | add_ln170_2     | add   | fabric  | 0       |
|   add_ln262_fu_2843_p2                                       | -   |        | add_ln262       | add   | fabric  | 0       |
|   fmul_32ns_32ns_32_5_max_dsp_1_U881                         | -   |        | empty_200       | sub   | fabric  | 0       |
|   fmul_32ns_32ns_32_5_max_dsp_1_U881                         | -   |        | add_ln170_962   | add   | fabric  | 0       |
|   fmul_32ns_32ns_32_5_max_dsp_1_U880                         | -   |        | add_ln84_2      | add   | fabric  | 0       |
|   fmul_32ns_32ns_32_5_max_dsp_1_U881                         | -   |        | p_udiv7308      | sub   | fabric  | 0       |
|   faddfsub_32ns_32ns_32_8_full_dsp_1_U870                    | 2   |        | msum_48         | fadd  | fulldsp | 7       |
|   fmul_32ns_32ns_32_5_max_dsp_1_U881                         | 2   |        | msum_49         | fadd  | fulldsp | 7       |
|   faddfsub_32ns_32ns_32_8_full_dsp_1_U870                    | 2   |        | msum_50         | fadd  | fulldsp | 7       |
|   faddfsub_32ns_32ns_32_8_full_dsp_1_U870                    | 2   |        | msum_51         | fadd  | fulldsp | 7       |
|   fmul_32ns_32ns_32_5_max_dsp_1_U881                         | 2   |        | msum_52         | fadd  | fulldsp | 7       |
|   fmul_32ns_32ns_32_5_max_dsp_1_U881                         | 2   |        | msum_53         | fadd  | fulldsp | 7       |
|   fmul_32ns_32ns_32_5_max_dsp_1_U881                         | 2   |        | msum_54         | fadd  | fulldsp | 7       |
|   faddfsub_32ns_32ns_32_8_full_dsp_1_U870                    | 2   |        | msum_55         | fadd  | fulldsp | 7       |
|   fmul_32ns_32ns_32_5_max_dsp_1_U880                         | 2   |        | msum_56         | fadd  | fulldsp | 7       |
|   faddfsub_32ns_32ns_32_8_full_dsp_1_U870                    | 2   |        | msum_57         | fadd  | fulldsp | 7       |
|   fmul_32ns_32ns_32_5_max_dsp_1_U880                         | 2   |        | msum_58         | fadd  | fulldsp | 7       |
|   faddfsub_32ns_32ns_32_8_full_dsp_1_U870                    | 2   |        | msum_59         | fadd  | fulldsp | 7       |
|   faddfsub_32ns_32ns_32_8_full_dsp_1_U870                    | 2   |        | msum_60         | fadd  | fulldsp | 7       |
|   fmul_32ns_32ns_32_5_max_dsp_1_U880                         | 2   |        | msum_61         | fadd  | fulldsp | 7       |
|   fmul_32ns_32ns_32_5_max_dsp_1_U880                         | 2   |        | msum_62         | fadd  | fulldsp | 7       |
|   fmul_32ns_32ns_32_5_max_dsp_1_U880                         | 2   |        | msum_63         | fadd  | fulldsp | 7       |
|   faddfsub_32ns_32ns_32_8_full_dsp_1_U870                    | 2   |        | msum_64         | fadd  | fulldsp | 7       |
|   fmul_32ns_32ns_32_5_max_dsp_1_U881                         | 2   |        | msum_65         | fadd  | fulldsp | 7       |
|   faddfsub_32ns_32ns_32_8_full_dsp_1_U870                    | 2   |        | msum_66         | fadd  | fulldsp | 7       |
|   fmul_32ns_32ns_32_5_max_dsp_1_U881                         | 2   |        | msum_67         | fadd  | fulldsp | 7       |
|   faddfsub_32ns_32ns_32_8_full_dsp_1_U870                    | 2   |        | msum_68         | fadd  | fulldsp | 7       |
|   faddfsub_32ns_32ns_32_8_full_dsp_1_U870                    | 2   |        | msum_69         | fadd  | fulldsp | 7       |
|   fmul_32ns_32ns_32_5_max_dsp_1_U881                         | 2   |        | msum_70         | fadd  | fulldsp | 7       |
|   fmul_32ns_32ns_32_5_max_dsp_1_U881                         | 2   |        | msum_71         | fadd  | fulldsp | 7       |
|   fmul_32ns_32ns_32_5_max_dsp_1_U881                         | 2   |        | msum_72         | fadd  | fulldsp | 7       |
|   faddfsub_32ns_32ns_32_8_full_dsp_1_U870                    | 2   |        | msum_73         | fadd  | fulldsp | 7       |
|   fmul_32ns_32ns_32_5_max_dsp_1_U880                         | 2   |        | msum_74         | fadd  | fulldsp | 7       |
|   faddfsub_32ns_32ns_32_8_full_dsp_1_U870                    | 2   |        | msum_75         | fadd  | fulldsp | 7       |
|   fmul_32ns_32ns_32_5_max_dsp_1_U880                         | 2   |        | msum_76         | fadd  | fulldsp | 7       |
|   faddfsub_32ns_32ns_32_8_full_dsp_1_U870                    | 2   |        | msum_77         | fadd  | fulldsp | 7       |
|   faddfsub_32ns_32ns_32_8_full_dsp_1_U870                    | 2   |        | msum_78         | fadd  | fulldsp | 7       |
|   fmul_32ns_32ns_32_5_max_dsp_1_U880                         | 2   |        | msum_79         | fadd  | fulldsp | 7       |
|   fmul_32ns_32ns_32_5_max_dsp_1_U880                         | 2   |        | msum_80         | fadd  | fulldsp | 7       |
|   fmul_32ns_32ns_32_5_max_dsp_1_U880                         | 2   |        | msum_81         | fadd  | fulldsp | 7       |
|   faddfsub_32ns_32ns_32_8_full_dsp_1_U870                    | 2   |        | msum_82         | fadd  | fulldsp | 7       |
|   fmul_32ns_32ns_32_5_max_dsp_1_U881                         | 2   |        | msum_83         | fadd  | fulldsp | 7       |
|   faddfsub_32ns_32ns_32_8_full_dsp_1_U870                    | 2   |        | msum_84         | fadd  | fulldsp | 7       |
|   fmul_32ns_32ns_32_5_max_dsp_1_U881                         | 2   |        | msum_85         | fadd  | fulldsp | 7       |
|   faddfsub_32ns_32ns_32_8_full_dsp_1_U870                    | 2   |        | msum_86         | fadd  | fulldsp | 7       |
|   faddfsub_32ns_32ns_32_8_full_dsp_1_U870                    | 2   |        | msum_87         | fadd  | fulldsp | 7       |
|   fmul_32ns_32ns_32_5_max_dsp_1_U881                         | 2   |        | msum_88         | fadd  | fulldsp | 7       |
|   fmul_32ns_32ns_32_5_max_dsp_1_U881                         | 2   |        | msum_89         | fadd  | fulldsp | 7       |
|   fmul_32ns_32ns_32_5_max_dsp_1_U881                         | 2   |        | msum_90         | fadd  | fulldsp | 7       |
|   faddfsub_32ns_32ns_32_8_full_dsp_1_U870                    | 2   |        | msum_91         | fadd  | fulldsp | 7       |
|   fmul_32ns_32ns_32_5_max_dsp_1_U880                         | 2   |        | msum_92         | fadd  | fulldsp | 7       |
|   faddfsub_32ns_32ns_32_8_full_dsp_1_U870                    | 2   |        | msum_93         | fadd  | fulldsp | 7       |
|   fmul_32ns_32ns_32_5_max_dsp_1_U880                         | 2   |        | msum_94         | fadd  | fulldsp | 7       |
|   faddfsub_32ns_32ns_32_8_full_dsp_1_U870                    | 2   |        | msum_95         | fadd  | fulldsp | 7       |
|   fdiv_32ns_32ns_32_16_no_dsp_1_U871                         | -   |        | mean_1          | fdiv  | fabric  | 15      |
|   fmul_32ns_32ns_32_5_max_dsp_1_U880                         | 2   |        | vsum_48         | fadd  | fulldsp | 7       |
|   faddfsub_32ns_32ns_32_8_full_dsp_1_U870                    | 2   |        | vsum_49         | fadd  | fulldsp | 7       |
|   fmul_32ns_32ns_32_5_max_dsp_1_U880                         | 2   |        | vsum_50         | fadd  | fulldsp | 7       |
|   faddfsub_32ns_32ns_32_8_full_dsp_1_U870                    | 2   |        | vsum_51         | fadd  | fulldsp | 7       |
|   faddfsub_32ns_32ns_32_8_full_dsp_1_U870                    | 2   |        | vsum_52         | fadd  | fulldsp | 7       |
|   fmul_32ns_32ns_32_5_max_dsp_1_U880                         | 2   |        | vsum_53         | fadd  | fulldsp | 7       |
|   fmul_32ns_32ns_32_5_max_dsp_1_U880                         | 2   |        | vsum_54         | fadd  | fulldsp | 7       |
|   fmul_32ns_32ns_32_5_max_dsp_1_U880                         | 2   |        | vsum_55         | fadd  | fulldsp | 7       |
|   faddfsub_32ns_32ns_32_8_full_dsp_1_U870                    | 2   |        | vsum_56         | fadd  | fulldsp | 7       |
|   fmul_32ns_32ns_32_5_max_dsp_1_U881                         | 2   |        | vsum_57         | fadd  | fulldsp | 7       |
|   faddfsub_32ns_32ns_32_8_full_dsp_1_U870                    | 2   |        | vsum_58         | fadd  | fulldsp | 7       |
|   fmul_32ns_32ns_32_5_max_dsp_1_U881                         | 2   |        | vsum_59         | fadd  | fulldsp | 7       |
|   faddfsub_32ns_32ns_32_8_full_dsp_1_U870                    | 2   |        | vsum_60         | fadd  | fulldsp | 7       |
|   faddfsub_32ns_32ns_32_8_full_dsp_1_U870                    | 2   |        | vsum_61         | fadd  | fulldsp | 7       |
|   fmul_32ns_32ns_32_5_max_dsp_1_U881                         | 2   |        | vsum_62         | fadd  | fulldsp | 7       |
|   fmul_32ns_32ns_32_5_max_dsp_1_U881                         | 2   |        | vsum_63         | fadd  | fulldsp | 7       |
|   fmul_32ns_32ns_32_5_max_dsp_1_U881                         | 2   |        | vsum_64         | fadd  | fulldsp | 7       |
|   faddfsub_32ns_32ns_32_8_full_dsp_1_U870                    | 2   |        | vsum_65         | fadd  | fulldsp | 7       |
|   fmul_32ns_32ns_32_5_max_dsp_1_U880                         | 2   |        | vsum_66         | fadd  | fulldsp | 7       |
|   faddfsub_32ns_32ns_32_8_full_dsp_1_U870                    | 2   |        | vsum_67         | fadd  | fulldsp | 7       |
|   fmul_32ns_32ns_32_5_max_dsp_1_U880                         | 2   |        | vsum_68         | fadd  | fulldsp | 7       |
|   faddfsub_32ns_32ns_32_8_full_dsp_1_U870                    | 2   |        | vsum_69         | fadd  | fulldsp | 7       |
|   faddfsub_32ns_32ns_32_8_full_dsp_1_U870                    | 2   |        | vsum_70         | fadd  | fulldsp | 7       |
|   fmul_32ns_32ns_32_5_max_dsp_1_U880                         | 2   |        | vsum_71         | fadd  | fulldsp | 7       |
|   fmul_32ns_32ns_32_5_max_dsp_1_U880                         | 2   |        | vsum_72         | fadd  | fulldsp | 7       |
|   fmul_32ns_32ns_32_5_max_dsp_1_U880                         | 2   |        | vsum_73         | fadd  | fulldsp | 7       |
|   faddfsub_32ns_32ns_32_8_full_dsp_1_U870                    | 2   |        | vsum_74         | fadd  | fulldsp | 7       |
|   fmul_32ns_32ns_32_5_max_dsp_1_U881                         | 2   |        | vsum_75         | fadd  | fulldsp | 7       |
|   faddfsub_32ns_32ns_32_8_full_dsp_1_U870                    | 2   |        | vsum_76         | fadd  | fulldsp | 7       |
|   fmul_32ns_32ns_32_5_max_dsp_1_U881                         | 2   |        | vsum_77         | fadd  | fulldsp | 7       |
|   faddfsub_32ns_32ns_32_8_full_dsp_1_U870                    | 2   |        | vsum_78         | fadd  | fulldsp | 7       |
|   faddfsub_32ns_32ns_32_8_full_dsp_1_U870                    | 2   |        | vsum_79         | fadd  | fulldsp | 7       |
|   fmul_32ns_32ns_32_5_max_dsp_1_U881                         | 2   |        | vsum_80         | fadd  | fulldsp | 7       |
|   fmul_32ns_32ns_32_5_max_dsp_1_U881                         | 2   |        | vsum_81         | fadd  | fulldsp | 7       |
|   fmul_32ns_32ns_32_5_max_dsp_1_U881                         | 2   |        | vsum_82         | fadd  | fulldsp | 7       |
|   faddfsub_32ns_32ns_32_8_full_dsp_1_U870                    | 2   |        | vsum_83         | fadd  | fulldsp | 7       |
|   fmul_32ns_32ns_32_5_max_dsp_1_U880                         | 2   |        | vsum_84         | fadd  | fulldsp | 7       |
|   faddfsub_32ns_32ns_32_8_full_dsp_1_U870                    | 2   |        | vsum_85         | fadd  | fulldsp | 7       |
|   fmul_32ns_32ns_32_5_max_dsp_1_U880                         | 2   |        | vsum_86         | fadd  | fulldsp | 7       |
|   faddfsub_32ns_32ns_32_8_full_dsp_1_U870                    | 2   |        | vsum_87         | fadd  | fulldsp | 7       |
|   faddfsub_32ns_32ns_32_8_full_dsp_1_U870                    | 2   |        | vsum_88         | fadd  | fulldsp | 7       |
|   fmul_32ns_32ns_32_5_max_dsp_1_U880                         | 2   |        | vsum_89         | fadd  | fulldsp | 7       |
|   fmul_32ns_32ns_32_5_max_dsp_1_U880                         | 2   |        | vsum_90         | fadd  | fulldsp | 7       |
|   fmul_32ns_32ns_32_5_max_dsp_1_U880                         | 2   |        | vsum_91         | fadd  | fulldsp | 7       |
|   faddfsub_32ns_32ns_32_8_full_dsp_1_U870                    | 2   |        | vsum_92         | fadd  | fulldsp | 7       |
|   fmul_32ns_32ns_32_5_max_dsp_1_U881                         | 2   |        | vsum_93         | fadd  | fulldsp | 7       |
|   faddfsub_32ns_32ns_32_8_full_dsp_1_U870                    | 2   |        | vsum_94         | fadd  | fulldsp | 7       |
|   fmul_32ns_32ns_32_5_max_dsp_1_U881                         | 2   |        | vsum_95         | fadd  | fulldsp | 7       |
|   fdiv_32ns_32ns_32_16_no_dsp_1_U871                         | -   |        | div69_i130_i    | fdiv  | fabric  | 15      |
|   faddfsub_32ns_32ns_32_8_full_dsp_1_U870                    | 2   |        | add70_i131_i    | fadd  | fulldsp | 7       |
|   fmul_32ns_32ns_32_5_max_dsp_1_U881                         | -   |        | tmp_111         | fsqrt | fabric  | 15      |
|   fmul_32ns_32ns_32_5_max_dsp_1_U881                         | -   |        | inv_std_1       | fdiv  | fabric  | 15      |
|   faddfsub_32ns_32ns_32_8_full_dsp_1_U870                    | -   |        | add_ln84_3      | add   | fabric  | 0       |
|   fmul_32ns_32ns_32_5_max_dsp_1_U880                         | -   |        | add_ln170       | add   | fabric  | 0       |
|   fmul_32ns_32ns_32_5_max_dsp_1_U880                         | -   |        | add_ln170_1278  | add   | fabric  | 0       |
|  + transformer_blk_s3_top_Pipeline_COPY_IN                   | 0   |        |                 |       |         |         |
|    add_ln145_fu_135_p2                                       | -   |        | add_ln145       | add   | fabric  | 0       |
|  + transformer_blk_s3_top_Pipeline_COPY_OUT                  | 0   |        |                 |       |         |         |
|    add_ln161_fu_131_p2                                       | -   |        | add_ln161       | add   | fabric  | 0       |
|  + transformer_blk_s3_top_Pipeline_LN_MEAN                   | 0   |        |                 |       |         |         |
|    add_ln92_fu_847_p2                                        | -   |        | add_ln92        | add   | fabric  | 0       |
|    add_ln97_fu_857_p2                                        | -   |        | add_ln97        | add   | fabric  | 0       |
|  + transformer_blk_s3_top_Pipeline_LF_S_LF_OD                | 0   |        |                 |       |         |         |
|    sub_ln170_fu_4922_p2                                      | -   |        | sub_ln170       | sub   | fabric  | 0       |
|    add_ln162_2_fu_4934_p2                                    | -   |        | add_ln162_2     | add   | fabric  | 0       |
|    add_ln1625126_fu_4957_p2                                  | -   |        | add_ln1625126   | add   | fabric  | 0       |
|    sub_ln170_5_fu_4983_p2                                    | -   |        | sub_ln170_5     | sub   | fabric  | 0       |
|    add_ln162_fu_5578_p2                                      | -   |        | add_ln162       | add   | fabric  | 0       |
|    add_ln162_354_fu_5591_p2                                  | -   |        | add_ln162_354   | add   | fabric  | 0       |
|    add_ln162_355_fu_5657_p2                                  | -   |        | add_ln162_355   | add   | fabric  | 0       |
|    add_ln162_356_fu_5670_p2                                  | -   |        | add_ln162_356   | add   | fabric  | 0       |
|    add_ln162_357_fu_5731_p2                                  | -   |        | add_ln162_357   | add   | fabric  | 0       |
|    add_ln162_358_fu_5744_p2                                  | -   |        | add_ln162_358   | add   | fabric  | 0       |
|    add_ln162_359_fu_5805_p2                                  | -   |        | add_ln162_359   | add   | fabric  | 0       |
|    add_ln162_360_fu_5818_p2                                  | -   |        | add_ln162_360   | add   | fabric  | 0       |
|    add_ln162_361_fu_5883_p2                                  | -   |        | add_ln162_361   | add   | fabric  | 0       |
|    add_ln162_362_fu_5896_p2                                  | -   |        | add_ln162_362   | add   | fabric  | 0       |
|    add_ln162_363_fu_6011_p2                                  | -   |        | add_ln162_363   | add   | fabric  | 0       |
|    add_ln162_364_fu_6024_p2                                  | -   |        | add_ln162_364   | add   | fabric  | 0       |
|    add_ln162_365_fu_6085_p2                                  | -   |        | add_ln162_365   | add   | fabric  | 0       |
|    add_ln162_366_fu_6098_p2                                  | -   |        | add_ln162_366   | add   | fabric  | 0       |
|    add_ln162_367_fu_6159_p2                                  | -   |        | add_ln162_367   | add   | fabric  | 0       |
|    add_ln162_368_fu_6172_p2                                  | -   |        | add_ln162_368   | add   | fabric  | 0       |
|    add_ln162_369_fu_6233_p2                                  | -   |        | add_ln162_369   | add   | fabric  | 0       |
|    add_ln162_370_fu_6246_p2                                  | -   |        | add_ln162_370   | add   | fabric  | 0       |
|    add_ln162_371_fu_6307_p2                                  | -   |        | add_ln162_371   | add   | fabric  | 0       |
|    add_ln162_372_fu_6320_p2                                  | -   |        | add_ln162_372   | add   | fabric  | 0       |
|    add_ln162_373_fu_6381_p2                                  | -   |        | add_ln162_373   | add   | fabric  | 0       |
|    add_ln162_374_fu_6394_p2                                  | -   |        | add_ln162_374   | add   | fabric  | 0       |
|    add_ln162_375_fu_6455_p2                                  | -   |        | add_ln162_375   | add   | fabric  | 0       |
|    add_ln162_376_fu_6468_p2                                  | -   |        | add_ln162_376   | add   | fabric  | 0       |
|    add_ln162_377_fu_6529_p2                                  | -   |        | add_ln162_377   | add   | fabric  | 0       |
|    add_ln162_378_fu_6542_p2                                  | -   |        | add_ln162_378   | add   | fabric  | 0       |
|    add_ln162_379_fu_6603_p2                                  | -   |        | add_ln162_379   | add   | fabric  | 0       |
|    add_ln162_380_fu_6616_p2                                  | -   |        | add_ln162_380   | add   | fabric  | 0       |
|    add_ln162_381_fu_6677_p2                                  | -   |        | add_ln162_381   | add   | fabric  | 0       |
|    add_ln162_382_fu_6690_p2                                  | -   |        | add_ln162_382   | add   | fabric  | 0       |
|    add_ln162_383_fu_6751_p2                                  | -   |        | add_ln162_383   | add   | fabric  | 0       |
|    add_ln162_384_fu_6764_p2                                  | -   |        | add_ln162_384   | add   | fabric  | 0       |
|    add_ln165_fu_5039_p2                                      | -   |        | add_ln165       | add   | fabric  | 0       |
|    sub_ln170_4_fu_5104_p2                                    | -   |        | sub_ln170_4     | sub   | fabric  | 0       |
|    add_ln170_fu_5114_p2                                      | -   |        | add_ln170       | add   | fabric  | 0       |
|    add_ln170_3_fu_5134_p2                                    | -   |        | add_ln170_3     | add   | fabric  | 0       |
|    add_ln170_4_fu_5179_p2                                    | -   |        | add_ln170_4     | add   | fabric  | 0       |
|    add_ln170_5_fu_5198_p2                                    | -   |        | add_ln170_5     | add   | fabric  | 0       |
|    add_ln170_6_fu_5253_p2                                    | -   |        | add_ln170_6     | add   | fabric  | 0       |
|    add_ln170_7_fu_5272_p2                                    | -   |        | add_ln170_7     | add   | fabric  | 0       |
|    add_ln170_8_fu_5327_p2                                    | -   |        | add_ln170_8     | add   | fabric  | 0       |
|    add_ln170_9_fu_5346_p2                                    | -   |        | add_ln170_9     | add   | fabric  | 0       |
|    add_ln170_10_fu_5401_p2                                   | -   |        | add_ln170_10    | add   | fabric  | 0       |
|    add_ln170_11_fu_5420_p2                                   | -   |        | add_ln170_11    | add   | fabric  | 0       |
|    add_ln170_12_fu_5475_p2                                   | -   |        | add_ln170_12    | add   | fabric  | 0       |
|    add_ln170_13_fu_5494_p2                                   | -   |        | add_ln170_13    | add   | fabric  | 0       |
|    add_ln170_14_fu_5549_p2                                   | -   |        | add_ln170_14    | add   | fabric  | 0       |
|    add_ln170_15_fu_5568_p2                                   | -   |        | add_ln170_15    | add   | fabric  | 0       |
|    add_ln170_16_fu_5628_p2                                   | -   |        | add_ln170_16    | add   | fabric  | 0       |
|    add_ln170_17_fu_5647_p2                                   | -   |        | add_ln170_17    | add   | fabric  | 0       |
|    add_ln170_18_fu_5702_p2                                   | -   |        | add_ln170_18    | add   | fabric  | 0       |
|    add_ln170_19_fu_5721_p2                                   | -   |        | add_ln170_19    | add   | fabric  | 0       |
|    add_ln170_20_fu_5776_p2                                   | -   |        | add_ln170_20    | add   | fabric  | 0       |
|    add_ln170_21_fu_5795_p2                                   | -   |        | add_ln170_21    | add   | fabric  | 0       |
|    add_ln170_22_fu_5850_p2                                   | -   |        | add_ln170_22    | add   | fabric  | 0       |
|    add_ln170_23_fu_5869_p2                                   | -   |        | add_ln170_23    | add   | fabric  | 0       |
|    add_ln170_24_fu_5935_p2                                   | -   |        | add_ln170_24    | add   | fabric  | 0       |
|    add_ln170_25_fu_5954_p2                                   | -   |        | add_ln170_25    | add   | fabric  | 0       |
|    add_ln170_26_fu_6056_p2                                   | -   |        | add_ln170_26    | add   | fabric  | 0       |
|    add_ln170_27_fu_6075_p2                                   | -   |        | add_ln170_27    | add   | fabric  | 0       |
|    add_ln170_28_fu_6130_p2                                   | -   |        | add_ln170_28    | add   | fabric  | 0       |
|    add_ln170_29_fu_6149_p2                                   | -   |        | add_ln170_29    | add   | fabric  | 0       |
|    add_ln170_30_fu_6204_p2                                   | -   |        | add_ln170_30    | add   | fabric  | 0       |
|    add_ln170_31_fu_6223_p2                                   | -   |        | add_ln170_31    | add   | fabric  | 0       |
|    add_ln170_32_fu_6278_p2                                   | -   |        | add_ln170_32    | add   | fabric  | 0       |
|    add_ln170_33_fu_6297_p2                                   | -   |        | add_ln170_33    | add   | fabric  | 0       |
|    add_ln170_34_fu_6352_p2                                   | -   |        | add_ln170_34    | add   | fabric  | 0       |
|    add_ln170_35_fu_6371_p2                                   | -   |        | add_ln170_35    | add   | fabric  | 0       |
|    add_ln170_36_fu_6426_p2                                   | -   |        | add_ln170_36    | add   | fabric  | 0       |
|    add_ln170_37_fu_6445_p2                                   | -   |        | add_ln170_37    | add   | fabric  | 0       |
|    add_ln170_38_fu_6500_p2                                   | -   |        | add_ln170_38    | add   | fabric  | 0       |
|    add_ln170_39_fu_6519_p2                                   | -   |        | add_ln170_39    | add   | fabric  | 0       |
|    add_ln170_40_fu_6574_p2                                   | -   |        | add_ln170_40    | add   | fabric  | 0       |
|    add_ln170_41_fu_6593_p2                                   | -   |        | add_ln170_41    | add   | fabric  | 0       |
|    add_ln170_42_fu_6648_p2                                   | -   |        | add_ln170_42    | add   | fabric  | 0       |
|    add_ln170_43_fu_6667_p2                                   | -   |        | add_ln170_43    | add   | fabric  | 0       |
|    add_ln170_44_fu_6722_p2                                   | -   |        | add_ln170_44    | add   | fabric  | 0       |
|    add_ln170_45_fu_6741_p2                                   | -   |        | add_ln170_45    | add   | fabric  | 0       |
|    add_ln170_46_fu_6796_p2                                   | -   |        | add_ln170_46    | add   | fabric  | 0       |
|    add_ln170_47_fu_6815_p2                                   | -   |        | add_ln170_47    | add   | fabric  | 0       |
|    add_ln170_48_fu_6844_p2                                   | -   |        | add_ln170_48    | add   | fabric  | 0       |
|    add_ln170_49_fu_6863_p2                                   | -   |        | add_ln170_49    | add   | fabric  | 0       |
|    add_ln170_50_fu_6892_p2                                   | -   |        | add_ln170_50    | add   | fabric  | 0       |
|    add_ln170_51_fu_6911_p2                                   | -   |        | add_ln170_51    | add   | fabric  | 0       |
|    add_ln170_52_fu_6940_p2                                   | -   |        | add_ln170_52    | add   | fabric  | 0       |
|    add_ln170_53_fu_6959_p2                                   | -   |        | add_ln170_53    | add   | fabric  | 0       |
|    add_ln170_54_fu_6988_p2                                   | -   |        | add_ln170_54    | add   | fabric  | 0       |
|    add_ln170_55_fu_7007_p2                                   | -   |        | add_ln170_55    | add   | fabric  | 0       |
|    add_ln170_56_fu_7036_p2                                   | -   |        | add_ln170_56    | add   | fabric  | 0       |
|    add_ln170_57_fu_7055_p2                                   | -   |        | add_ln170_57    | add   | fabric  | 0       |
|    add_ln170_58_fu_7084_p2                                   | -   |        | add_ln170_58    | add   | fabric  | 0       |
|    add_ln170_59_fu_7103_p2                                   | -   |        | add_ln170_59    | add   | fabric  | 0       |
|    add_ln170_60_fu_7132_p2                                   | -   |        | add_ln170_60    | add   | fabric  | 0       |
|    add_ln170_61_fu_7151_p2                                   | -   |        | add_ln170_61    | add   | fabric  | 0       |
|    add_ln170_62_fu_7180_p2                                   | -   |        | add_ln170_62    | add   | fabric  | 0       |
|    add_ln170_63_fu_7199_p2                                   | -   |        | add_ln170_63    | add   | fabric  | 0       |
|    add_ln170_64_fu_7228_p2                                   | -   |        | add_ln170_64    | add   | fabric  | 0       |
|    add_ln170_66_fu_7247_p2                                   | -   |        | add_ln170_66    | add   | fabric  | 0       |
|    add_ln170_68_fu_7267_p2                                   | -   |        | add_ln170_68    | add   | fabric  | 0       |
|    add_ln170_65_fu_7276_p2                                   | -   |        | add_ln170_65    | add   | fabric  | 0       |
|    add_ln170_70_fu_7286_p2                                   | -   |        | add_ln170_70    | add   | fabric  | 0       |
|    add_ln170_67_fu_7295_p2                                   | -   |        | add_ln170_67    | add   | fabric  | 0       |
|    add_ln170_72_fu_7315_p2                                   | -   |        | add_ln170_72    | add   | fabric  | 0       |
|    add_ln170_69_fu_7324_p2                                   | -   |        | add_ln170_69    | add   | fabric  | 0       |
|    add_ln170_74_fu_7334_p2                                   | -   |        | add_ln170_74    | add   | fabric  | 0       |
|    add_ln170_71_fu_7343_p2                                   | -   |        | add_ln170_71    | add   | fabric  | 0       |
|    add_ln170_76_fu_7363_p2                                   | -   |        | add_ln170_76    | add   | fabric  | 0       |
|    add_ln170_73_fu_7372_p2                                   | -   |        | add_ln170_73    | add   | fabric  | 0       |
|    add_ln170_78_fu_7382_p2                                   | -   |        | add_ln170_78    | add   | fabric  | 0       |
|    add_ln170_75_fu_7391_p2                                   | -   |        | add_ln170_75    | add   | fabric  | 0       |
|    add_ln170_80_fu_7411_p2                                   | -   |        | add_ln170_80    | add   | fabric  | 0       |
|    add_ln170_77_fu_7420_p2                                   | -   |        | add_ln170_77    | add   | fabric  | 0       |
|    add_ln170_82_fu_7430_p2                                   | -   |        | add_ln170_82    | add   | fabric  | 0       |
|    add_ln170_79_fu_7439_p2                                   | -   |        | add_ln170_79    | add   | fabric  | 0       |
|    add_ln170_84_fu_7459_p2                                   | -   |        | add_ln170_84    | add   | fabric  | 0       |
|    add_ln170_81_fu_7468_p2                                   | -   |        | add_ln170_81    | add   | fabric  | 0       |
|    add_ln170_86_fu_7478_p2                                   | -   |        | add_ln170_86    | add   | fabric  | 0       |
|    add_ln170_83_fu_7487_p2                                   | -   |        | add_ln170_83    | add   | fabric  | 0       |
|    add_ln170_88_fu_7507_p2                                   | -   |        | add_ln170_88    | add   | fabric  | 0       |
|    add_ln170_85_fu_7516_p2                                   | -   |        | add_ln170_85    | add   | fabric  | 0       |
|    add_ln170_90_fu_7526_p2                                   | -   |        | add_ln170_90    | add   | fabric  | 0       |
|    add_ln170_87_fu_7535_p2                                   | -   |        | add_ln170_87    | add   | fabric  | 0       |
|    add_ln170_92_fu_7555_p2                                   | -   |        | add_ln170_92    | add   | fabric  | 0       |
|    add_ln170_89_fu_7564_p2                                   | -   |        | add_ln170_89    | add   | fabric  | 0       |
|    add_ln170_94_fu_7574_p2                                   | -   |        | add_ln170_94    | add   | fabric  | 0       |
|    add_ln170_91_fu_7583_p2                                   | -   |        | add_ln170_91    | add   | fabric  | 0       |
|    add_ln170_96_fu_7603_p2                                   | -   |        | add_ln170_96    | add   | fabric  | 0       |
|    add_ln170_93_fu_7612_p2                                   | -   |        | add_ln170_93    | add   | fabric  | 0       |
|    add_ln170_98_fu_7622_p2                                   | -   |        | add_ln170_98    | add   | fabric  | 0       |
|    add_ln170_95_fu_7631_p2                                   | -   |        | add_ln170_95    | add   | fabric  | 0       |
|    add_ln170_100_fu_7651_p2                                  | -   |        | add_ln170_100   | add   | fabric  | 0       |
|    add_ln170_97_fu_7660_p2                                   | -   |        | add_ln170_97    | add   | fabric  | 0       |
|    add_ln170_102_fu_7670_p2                                  | -   |        | add_ln170_102   | add   | fabric  | 0       |
|    add_ln170_99_fu_7679_p2                                   | -   |        | add_ln170_99    | add   | fabric  | 0       |
|    add_ln170_104_fu_7699_p2                                  | -   |        | add_ln170_104   | add   | fabric  | 0       |
|    add_ln170_101_fu_7708_p2                                  | -   |        | add_ln170_101   | add   | fabric  | 0       |
|    add_ln170_106_fu_7718_p2                                  | -   |        | add_ln170_106   | add   | fabric  | 0       |
|    add_ln170_103_fu_7727_p2                                  | -   |        | add_ln170_103   | add   | fabric  | 0       |
|    add_ln170_108_fu_7747_p2                                  | -   |        | add_ln170_108   | add   | fabric  | 0       |
|    add_ln170_105_fu_7756_p2                                  | -   |        | add_ln170_105   | add   | fabric  | 0       |
|    add_ln170_110_fu_7766_p2                                  | -   |        | add_ln170_110   | add   | fabric  | 0       |
|    add_ln170_107_fu_7775_p2                                  | -   |        | add_ln170_107   | add   | fabric  | 0       |
|    add_ln170_112_fu_7795_p2                                  | -   |        | add_ln170_112   | add   | fabric  | 0       |
|    add_ln170_109_fu_7804_p2                                  | -   |        | add_ln170_109   | add   | fabric  | 0       |
|    add_ln170_114_fu_7814_p2                                  | -   |        | add_ln170_114   | add   | fabric  | 0       |
|    add_ln170_111_fu_7823_p2                                  | -   |        | add_ln170_111   | add   | fabric  | 0       |
|    add_ln170_116_fu_7843_p2                                  | -   |        | add_ln170_116   | add   | fabric  | 0       |
|    add_ln170_113_fu_7852_p2                                  | -   |        | add_ln170_113   | add   | fabric  | 0       |
|    add_ln170_118_fu_7862_p2                                  | -   |        | add_ln170_118   | add   | fabric  | 0       |
|    add_ln170_115_fu_7871_p2                                  | -   |        | add_ln170_115   | add   | fabric  | 0       |
|    add_ln170_120_fu_7891_p2                                  | -   |        | add_ln170_120   | add   | fabric  | 0       |
|    add_ln170_117_fu_7900_p2                                  | -   |        | add_ln170_117   | add   | fabric  | 0       |
|    add_ln170_122_fu_7910_p2                                  | -   |        | add_ln170_122   | add   | fabric  | 0       |
|    add_ln170_119_fu_7919_p2                                  | -   |        | add_ln170_119   | add   | fabric  | 0       |
|    add_ln170_124_fu_7939_p2                                  | -   |        | add_ln170_124   | add   | fabric  | 0       |
|    add_ln170_121_fu_7948_p2                                  | -   |        | add_ln170_121   | add   | fabric  | 0       |
|    add_ln170_126_fu_7958_p2                                  | -   |        | add_ln170_126   | add   | fabric  | 0       |
|    add_ln170_123_fu_7967_p2                                  | -   |        | add_ln170_123   | add   | fabric  | 0       |
|    add_ln170_128_fu_7987_p2                                  | -   |        | add_ln170_128   | add   | fabric  | 0       |
|    add_ln170_125_fu_7996_p2                                  | -   |        | add_ln170_125   | add   | fabric  | 0       |
|    add_ln170_130_fu_8006_p2                                  | -   |        | add_ln170_130   | add   | fabric  | 0       |
|    add_ln170_127_fu_8015_p2                                  | -   |        | add_ln170_127   | add   | fabric  | 0       |
|    add_ln170_132_fu_8035_p2                                  | -   |        | add_ln170_132   | add   | fabric  | 0       |
|    add_ln170_129_fu_8044_p2                                  | -   |        | add_ln170_129   | add   | fabric  | 0       |
|    add_ln170_134_fu_8054_p2                                  | -   |        | add_ln170_134   | add   | fabric  | 0       |
|    add_ln170_131_fu_8063_p2                                  | -   |        | add_ln170_131   | add   | fabric  | 0       |
|    add_ln170_136_fu_8083_p2                                  | -   |        | add_ln170_136   | add   | fabric  | 0       |
|    add_ln170_133_fu_8092_p2                                  | -   |        | add_ln170_133   | add   | fabric  | 0       |
|    add_ln170_138_fu_8102_p2                                  | -   |        | add_ln170_138   | add   | fabric  | 0       |
|    add_ln170_135_fu_8111_p2                                  | -   |        | add_ln170_135   | add   | fabric  | 0       |
|    add_ln170_140_fu_8131_p2                                  | -   |        | add_ln170_140   | add   | fabric  | 0       |
|    add_ln170_137_fu_8140_p2                                  | -   |        | add_ln170_137   | add   | fabric  | 0       |
|    add_ln170_142_fu_8150_p2                                  | -   |        | add_ln170_142   | add   | fabric  | 0       |
|    add_ln170_139_fu_8159_p2                                  | -   |        | add_ln170_139   | add   | fabric  | 0       |
|    add_ln170_144_fu_8179_p2                                  | -   |        | add_ln170_144   | add   | fabric  | 0       |
|    add_ln170_141_fu_8188_p2                                  | -   |        | add_ln170_141   | add   | fabric  | 0       |
|    add_ln170_146_fu_8198_p2                                  | -   |        | add_ln170_146   | add   | fabric  | 0       |
|    add_ln170_143_fu_8207_p2                                  | -   |        | add_ln170_143   | add   | fabric  | 0       |
|    add_ln170_148_fu_8227_p2                                  | -   |        | add_ln170_148   | add   | fabric  | 0       |
|    add_ln170_145_fu_8236_p2                                  | -   |        | add_ln170_145   | add   | fabric  | 0       |
|    add_ln170_150_fu_8246_p2                                  | -   |        | add_ln170_150   | add   | fabric  | 0       |
|    add_ln170_147_fu_8255_p2                                  | -   |        | add_ln170_147   | add   | fabric  | 0       |
|    add_ln170_152_fu_8275_p2                                  | -   |        | add_ln170_152   | add   | fabric  | 0       |
|    add_ln170_149_fu_8284_p2                                  | -   |        | add_ln170_149   | add   | fabric  | 0       |
|    add_ln170_154_fu_8294_p2                                  | -   |        | add_ln170_154   | add   | fabric  | 0       |
|    add_ln170_151_fu_8303_p2                                  | -   |        | add_ln170_151   | add   | fabric  | 0       |
|    add_ln170_156_fu_8323_p2                                  | -   |        | add_ln170_156   | add   | fabric  | 0       |
|    add_ln170_153_fu_8332_p2                                  | -   |        | add_ln170_153   | add   | fabric  | 0       |
|    add_ln170_158_fu_8342_p2                                  | -   |        | add_ln170_158   | add   | fabric  | 0       |
|    add_ln170_155_fu_8351_p2                                  | -   |        | add_ln170_155   | add   | fabric  | 0       |
|    add_ln170_160_fu_8371_p2                                  | -   |        | add_ln170_160   | add   | fabric  | 0       |
|    add_ln170_157_fu_8380_p2                                  | -   |        | add_ln170_157   | add   | fabric  | 0       |
|    add_ln170_162_fu_8390_p2                                  | -   |        | add_ln170_162   | add   | fabric  | 0       |
|    add_ln170_159_fu_8399_p2                                  | -   |        | add_ln170_159   | add   | fabric  | 0       |
|    add_ln170_164_fu_8419_p2                                  | -   |        | add_ln170_164   | add   | fabric  | 0       |
|    add_ln170_161_fu_8428_p2                                  | -   |        | add_ln170_161   | add   | fabric  | 0       |
|    add_ln170_166_fu_8438_p2                                  | -   |        | add_ln170_166   | add   | fabric  | 0       |
|    add_ln170_163_fu_8447_p2                                  | -   |        | add_ln170_163   | add   | fabric  | 0       |
|    add_ln170_168_fu_8467_p2                                  | -   |        | add_ln170_168   | add   | fabric  | 0       |
|    add_ln170_165_fu_8476_p2                                  | -   |        | add_ln170_165   | add   | fabric  | 0       |
|    add_ln170_170_fu_8486_p2                                  | -   |        | add_ln170_170   | add   | fabric  | 0       |
|    add_ln170_167_fu_8495_p2                                  | -   |        | add_ln170_167   | add   | fabric  | 0       |
|    add_ln170_172_fu_8515_p2                                  | -   |        | add_ln170_172   | add   | fabric  | 0       |
|    add_ln170_169_fu_8524_p2                                  | -   |        | add_ln170_169   | add   | fabric  | 0       |
|    add_ln170_174_fu_8534_p2                                  | -   |        | add_ln170_174   | add   | fabric  | 0       |
|    add_ln170_171_fu_8543_p2                                  | -   |        | add_ln170_171   | add   | fabric  | 0       |
|    add_ln170_176_fu_8563_p2                                  | -   |        | add_ln170_176   | add   | fabric  | 0       |
|    add_ln170_173_fu_8572_p2                                  | -   |        | add_ln170_173   | add   | fabric  | 0       |
|    add_ln170_178_fu_8582_p2                                  | -   |        | add_ln170_178   | add   | fabric  | 0       |
|    add_ln170_175_fu_8591_p2                                  | -   |        | add_ln170_175   | add   | fabric  | 0       |
|    add_ln170_180_fu_8611_p2                                  | -   |        | add_ln170_180   | add   | fabric  | 0       |
|    add_ln170_177_fu_8620_p2                                  | -   |        | add_ln170_177   | add   | fabric  | 0       |
|    add_ln170_182_fu_8630_p2                                  | -   |        | add_ln170_182   | add   | fabric  | 0       |
|    add_ln170_179_fu_8639_p2                                  | -   |        | add_ln170_179   | add   | fabric  | 0       |
|    add_ln170_184_fu_8659_p2                                  | -   |        | add_ln170_184   | add   | fabric  | 0       |
|    add_ln170_181_fu_8668_p2                                  | -   |        | add_ln170_181   | add   | fabric  | 0       |
|    add_ln170_186_fu_8678_p2                                  | -   |        | add_ln170_186   | add   | fabric  | 0       |
|    add_ln170_183_fu_8687_p2                                  | -   |        | add_ln170_183   | add   | fabric  | 0       |
|    add_ln170_188_fu_8707_p2                                  | -   |        | add_ln170_188   | add   | fabric  | 0       |
|    add_ln170_185_fu_8716_p2                                  | -   |        | add_ln170_185   | add   | fabric  | 0       |
|    add_ln170_190_fu_8726_p2                                  | -   |        | add_ln170_190   | add   | fabric  | 0       |
|    add_ln170_187_fu_8735_p2                                  | -   |        | add_ln170_187   | add   | fabric  | 0       |
|    add_ln170_192_fu_8755_p2                                  | -   |        | add_ln170_192   | add   | fabric  | 0       |
|    add_ln170_189_fu_8764_p2                                  | -   |        | add_ln170_189   | add   | fabric  | 0       |
|    add_ln170_194_fu_8774_p2                                  | -   |        | add_ln170_194   | add   | fabric  | 0       |
|    add_ln170_191_fu_8783_p2                                  | -   |        | add_ln170_191   | add   | fabric  | 0       |
|    add_ln170_196_fu_8803_p2                                  | -   |        | add_ln170_196   | add   | fabric  | 0       |
|    add_ln170_193_fu_8812_p2                                  | -   |        | add_ln170_193   | add   | fabric  | 0       |
|    add_ln170_198_fu_8822_p2                                  | -   |        | add_ln170_198   | add   | fabric  | 0       |
|    add_ln170_195_fu_8831_p2                                  | -   |        | add_ln170_195   | add   | fabric  | 0       |
|    add_ln170_200_fu_8851_p2                                  | -   |        | add_ln170_200   | add   | fabric  | 0       |
|    add_ln170_197_fu_8860_p2                                  | -   |        | add_ln170_197   | add   | fabric  | 0       |
|    add_ln170_202_fu_8870_p2                                  | -   |        | add_ln170_202   | add   | fabric  | 0       |
|    add_ln170_199_fu_8879_p2                                  | -   |        | add_ln170_199   | add   | fabric  | 0       |
|    add_ln170_204_fu_8899_p2                                  | -   |        | add_ln170_204   | add   | fabric  | 0       |
|    add_ln170_201_fu_8908_p2                                  | -   |        | add_ln170_201   | add   | fabric  | 0       |
|    add_ln170_206_fu_8918_p2                                  | -   |        | add_ln170_206   | add   | fabric  | 0       |
|    add_ln170_203_fu_8927_p2                                  | -   |        | add_ln170_203   | add   | fabric  | 0       |
|    add_ln170_208_fu_8947_p2                                  | -   |        | add_ln170_208   | add   | fabric  | 0       |
|    add_ln170_205_fu_8956_p2                                  | -   |        | add_ln170_205   | add   | fabric  | 0       |
|    add_ln170_210_fu_8966_p2                                  | -   |        | add_ln170_210   | add   | fabric  | 0       |
|    add_ln170_207_fu_8975_p2                                  | -   |        | add_ln170_207   | add   | fabric  | 0       |
|    add_ln170_212_fu_8995_p2                                  | -   |        | add_ln170_212   | add   | fabric  | 0       |
|    add_ln170_209_fu_9004_p2                                  | -   |        | add_ln170_209   | add   | fabric  | 0       |
|    add_ln170_214_fu_9014_p2                                  | -   |        | add_ln170_214   | add   | fabric  | 0       |
|    add_ln170_211_fu_9023_p2                                  | -   |        | add_ln170_211   | add   | fabric  | 0       |
|    add_ln170_216_fu_9043_p2                                  | -   |        | add_ln170_216   | add   | fabric  | 0       |
|    add_ln170_213_fu_9052_p2                                  | -   |        | add_ln170_213   | add   | fabric  | 0       |
|    add_ln170_218_fu_9062_p2                                  | -   |        | add_ln170_218   | add   | fabric  | 0       |
|    add_ln170_215_fu_9071_p2                                  | -   |        | add_ln170_215   | add   | fabric  | 0       |
|    add_ln170_220_fu_9091_p2                                  | -   |        | add_ln170_220   | add   | fabric  | 0       |
|    add_ln170_217_fu_9100_p2                                  | -   |        | add_ln170_217   | add   | fabric  | 0       |
|    add_ln170_222_fu_9110_p2                                  | -   |        | add_ln170_222   | add   | fabric  | 0       |
|    add_ln170_219_fu_9119_p2                                  | -   |        | add_ln170_219   | add   | fabric  | 0       |
|    add_ln170_224_fu_9139_p2                                  | -   |        | add_ln170_224   | add   | fabric  | 0       |
|    add_ln170_221_fu_9148_p2                                  | -   |        | add_ln170_221   | add   | fabric  | 0       |
|    add_ln170_226_fu_9158_p2                                  | -   |        | add_ln170_226   | add   | fabric  | 0       |
|    add_ln170_223_fu_9167_p2                                  | -   |        | add_ln170_223   | add   | fabric  | 0       |
|    add_ln170_228_fu_9187_p2                                  | -   |        | add_ln170_228   | add   | fabric  | 0       |
|    add_ln170_225_fu_9196_p2                                  | -   |        | add_ln170_225   | add   | fabric  | 0       |
|    add_ln170_230_fu_9206_p2                                  | -   |        | add_ln170_230   | add   | fabric  | 0       |
|    add_ln170_227_fu_9215_p2                                  | -   |        | add_ln170_227   | add   | fabric  | 0       |
|    add_ln170_232_fu_9235_p2                                  | -   |        | add_ln170_232   | add   | fabric  | 0       |
|    add_ln170_229_fu_9244_p2                                  | -   |        | add_ln170_229   | add   | fabric  | 0       |
|    add_ln170_234_fu_9254_p2                                  | -   |        | add_ln170_234   | add   | fabric  | 0       |
|    add_ln170_231_fu_9263_p2                                  | -   |        | add_ln170_231   | add   | fabric  | 0       |
|    add_ln170_236_fu_9283_p2                                  | -   |        | add_ln170_236   | add   | fabric  | 0       |
|    add_ln170_233_fu_9292_p2                                  | -   |        | add_ln170_233   | add   | fabric  | 0       |
|    add_ln170_238_fu_9302_p2                                  | -   |        | add_ln170_238   | add   | fabric  | 0       |
|    add_ln170_235_fu_9311_p2                                  | -   |        | add_ln170_235   | add   | fabric  | 0       |
|    add_ln170_240_fu_9331_p2                                  | -   |        | add_ln170_240   | add   | fabric  | 0       |
|    add_ln170_237_fu_9340_p2                                  | -   |        | add_ln170_237   | add   | fabric  | 0       |
|    add_ln170_242_fu_9350_p2                                  | -   |        | add_ln170_242   | add   | fabric  | 0       |
|    add_ln170_239_fu_9359_p2                                  | -   |        | add_ln170_239   | add   | fabric  | 0       |
|    add_ln170_244_fu_9379_p2                                  | -   |        | add_ln170_244   | add   | fabric  | 0       |
|    add_ln170_241_fu_9388_p2                                  | -   |        | add_ln170_241   | add   | fabric  | 0       |
|    add_ln170_246_fu_9398_p2                                  | -   |        | add_ln170_246   | add   | fabric  | 0       |
|    add_ln170_243_fu_9407_p2                                  | -   |        | add_ln170_243   | add   | fabric  | 0       |
|    add_ln170_248_fu_9427_p2                                  | -   |        | add_ln170_248   | add   | fabric  | 0       |
|    add_ln170_245_fu_9436_p2                                  | -   |        | add_ln170_245   | add   | fabric  | 0       |
|    add_ln170_250_fu_9446_p2                                  | -   |        | add_ln170_250   | add   | fabric  | 0       |
|    add_ln170_247_fu_9455_p2                                  | -   |        | add_ln170_247   | add   | fabric  | 0       |
|    add_ln170_252_fu_9475_p2                                  | -   |        | add_ln170_252   | add   | fabric  | 0       |
|    add_ln170_249_fu_9484_p2                                  | -   |        | add_ln170_249   | add   | fabric  | 0       |
|    add_ln170_254_fu_9494_p2                                  | -   |        | add_ln170_254   | add   | fabric  | 0       |
|    add_ln170_251_fu_9503_p2                                  | -   |        | add_ln170_251   | add   | fabric  | 0       |
|    add_ln170_256_fu_9523_p2                                  | -   |        | add_ln170_256   | add   | fabric  | 0       |
|    add_ln170_253_fu_9532_p2                                  | -   |        | add_ln170_253   | add   | fabric  | 0       |
|    add_ln170_258_fu_9542_p2                                  | -   |        | add_ln170_258   | add   | fabric  | 0       |
|    add_ln170_255_fu_9551_p2                                  | -   |        | add_ln170_255   | add   | fabric  | 0       |
|    add_ln170_260_fu_9571_p2                                  | -   |        | add_ln170_260   | add   | fabric  | 0       |
|    add_ln170_257_fu_9580_p2                                  | -   |        | add_ln170_257   | add   | fabric  | 0       |
|    add_ln170_262_fu_9590_p2                                  | -   |        | add_ln170_262   | add   | fabric  | 0       |
|    add_ln170_259_fu_9599_p2                                  | -   |        | add_ln170_259   | add   | fabric  | 0       |
|    add_ln170_264_fu_9619_p2                                  | -   |        | add_ln170_264   | add   | fabric  | 0       |
|    add_ln170_261_fu_9628_p2                                  | -   |        | add_ln170_261   | add   | fabric  | 0       |
|    add_ln170_266_fu_9638_p2                                  | -   |        | add_ln170_266   | add   | fabric  | 0       |
|    add_ln170_263_fu_9647_p2                                  | -   |        | add_ln170_263   | add   | fabric  | 0       |
|    add_ln170_268_fu_9667_p2                                  | -   |        | add_ln170_268   | add   | fabric  | 0       |
|    add_ln170_265_fu_9676_p2                                  | -   |        | add_ln170_265   | add   | fabric  | 0       |
|    add_ln170_270_fu_9686_p2                                  | -   |        | add_ln170_270   | add   | fabric  | 0       |
|    add_ln170_267_fu_9695_p2                                  | -   |        | add_ln170_267   | add   | fabric  | 0       |
|    add_ln170_272_fu_9715_p2                                  | -   |        | add_ln170_272   | add   | fabric  | 0       |
|    add_ln170_269_fu_9724_p2                                  | -   |        | add_ln170_269   | add   | fabric  | 0       |
|    add_ln170_274_fu_9734_p2                                  | -   |        | add_ln170_274   | add   | fabric  | 0       |
|    add_ln170_271_fu_9743_p2                                  | -   |        | add_ln170_271   | add   | fabric  | 0       |
|    add_ln170_276_fu_9763_p2                                  | -   |        | add_ln170_276   | add   | fabric  | 0       |
|    add_ln170_273_fu_9772_p2                                  | -   |        | add_ln170_273   | add   | fabric  | 0       |
|    add_ln170_278_fu_9782_p2                                  | -   |        | add_ln170_278   | add   | fabric  | 0       |
|    add_ln170_275_fu_9791_p2                                  | -   |        | add_ln170_275   | add   | fabric  | 0       |
|    add_ln170_280_fu_9811_p2                                  | -   |        | add_ln170_280   | add   | fabric  | 0       |
|    add_ln170_277_fu_9820_p2                                  | -   |        | add_ln170_277   | add   | fabric  | 0       |
|    add_ln170_282_fu_9830_p2                                  | -   |        | add_ln170_282   | add   | fabric  | 0       |
|    add_ln170_279_fu_9839_p2                                  | -   |        | add_ln170_279   | add   | fabric  | 0       |
|    add_ln170_284_fu_9859_p2                                  | -   |        | add_ln170_284   | add   | fabric  | 0       |
|    add_ln170_281_fu_9868_p2                                  | -   |        | add_ln170_281   | add   | fabric  | 0       |
|    add_ln170_286_fu_9878_p2                                  | -   |        | add_ln170_286   | add   | fabric  | 0       |
|    add_ln170_283_fu_9887_p2                                  | -   |        | add_ln170_283   | add   | fabric  | 0       |
|    add_ln170_288_fu_9907_p2                                  | -   |        | add_ln170_288   | add   | fabric  | 0       |
|    add_ln170_285_fu_9916_p2                                  | -   |        | add_ln170_285   | add   | fabric  | 0       |
|    add_ln170_290_fu_9926_p2                                  | -   |        | add_ln170_290   | add   | fabric  | 0       |
|    add_ln170_287_fu_9935_p2                                  | -   |        | add_ln170_287   | add   | fabric  | 0       |
|    add_ln170_292_fu_9955_p2                                  | -   |        | add_ln170_292   | add   | fabric  | 0       |
|    add_ln170_289_fu_9964_p2                                  | -   |        | add_ln170_289   | add   | fabric  | 0       |
|    add_ln170_294_fu_9974_p2                                  | -   |        | add_ln170_294   | add   | fabric  | 0       |
|    add_ln170_291_fu_9983_p2                                  | -   |        | add_ln170_291   | add   | fabric  | 0       |
|    add_ln170_296_fu_10003_p2                                 | -   |        | add_ln170_296   | add   | fabric  | 0       |
|    add_ln170_293_fu_10012_p2                                 | -   |        | add_ln170_293   | add   | fabric  | 0       |
|    add_ln170_298_fu_10022_p2                                 | -   |        | add_ln170_298   | add   | fabric  | 0       |
|    add_ln170_295_fu_10031_p2                                 | -   |        | add_ln170_295   | add   | fabric  | 0       |
|    add_ln170_300_fu_10051_p2                                 | -   |        | add_ln170_300   | add   | fabric  | 0       |
|    add_ln170_297_fu_10060_p2                                 | -   |        | add_ln170_297   | add   | fabric  | 0       |
|    add_ln170_302_fu_10070_p2                                 | -   |        | add_ln170_302   | add   | fabric  | 0       |
|    add_ln170_299_fu_10079_p2                                 | -   |        | add_ln170_299   | add   | fabric  | 0       |
|    add_ln170_304_fu_10099_p2                                 | -   |        | add_ln170_304   | add   | fabric  | 0       |
|    add_ln170_301_fu_10108_p2                                 | -   |        | add_ln170_301   | add   | fabric  | 0       |
|    add_ln170_306_fu_10118_p2                                 | -   |        | add_ln170_306   | add   | fabric  | 0       |
|    add_ln170_303_fu_10127_p2                                 | -   |        | add_ln170_303   | add   | fabric  | 0       |
|    add_ln170_308_fu_10147_p2                                 | -   |        | add_ln170_308   | add   | fabric  | 0       |
|    add_ln170_305_fu_10156_p2                                 | -   |        | add_ln170_305   | add   | fabric  | 0       |
|    add_ln170_310_fu_10166_p2                                 | -   |        | add_ln170_310   | add   | fabric  | 0       |
|    add_ln170_307_fu_10175_p2                                 | -   |        | add_ln170_307   | add   | fabric  | 0       |
|    add_ln170_312_fu_10195_p2                                 | -   |        | add_ln170_312   | add   | fabric  | 0       |
|    add_ln170_309_fu_10204_p2                                 | -   |        | add_ln170_309   | add   | fabric  | 0       |
|    add_ln170_314_fu_10214_p2                                 | -   |        | add_ln170_314   | add   | fabric  | 0       |
|    add_ln170_311_fu_10223_p2                                 | -   |        | add_ln170_311   | add   | fabric  | 0       |
|    add_ln170_316_fu_10243_p2                                 | -   |        | add_ln170_316   | add   | fabric  | 0       |
|    add_ln170_313_fu_10252_p2                                 | -   |        | add_ln170_313   | add   | fabric  | 0       |
|    add_ln170_318_fu_10262_p2                                 | -   |        | add_ln170_318   | add   | fabric  | 0       |
|    add_ln170_315_fu_10271_p2                                 | -   |        | add_ln170_315   | add   | fabric  | 0       |
|    add_ln170_320_fu_10291_p2                                 | -   |        | add_ln170_320   | add   | fabric  | 0       |
|    add_ln170_317_fu_10300_p2                                 | -   |        | add_ln170_317   | add   | fabric  | 0       |
|    add_ln170_385_fu_10310_p2                                 | -   |        | add_ln170_385   | add   | fabric  | 0       |
|    add_ln170_319_fu_10319_p2                                 | -   |        | add_ln170_319   | add   | fabric  | 0       |
|    mul_8ns_10ns_17_1_1_U151                                  | -   |        | mul_ln172       | mul   | auto    | 0       |
|    add_ln172_fu_5987_p2                                      | -   |        | add_ln172       | add   | fabric  | 0       |
|    add_ln163_fu_5993_p2                                      | -   |        | add_ln163       | add   | fabric  | 0       |
|  + transformer_blk_s3_top_Pipeline_LN_VAR                    | 0   |        |                 |       |         |         |
|    add_ln113_fu_889_p2                                       | -   |        | add_ln113       | add   | fabric  | 0       |
|    add_ln118_fu_899_p2                                       | -   |        | add_ln118       | add   | fabric  | 0       |
|  + transformer_blk_s3_top_Pipeline_LN_NORM                   | 0   |        |                 |       |         |         |
|    add_ln131_fu_265_p2                                       | -   |        | add_ln131       | add   | fabric  | 0       |
|    add_ln133_fu_285_p2                                       | -   |        | add_ln133       | add   | fabric  | 0       |
|    add_ln134_fu_336_p2                                       | -   |        | add_ln134       | add   | fabric  | 0       |
|    add_ln134_1_fu_353_p2                                     | -   |        | add_ln134_1     | add   | fabric  | 0       |
|    add_ln134_2_fu_363_p2                                     | -   |        | add_ln134_2     | add   | fabric  | 0       |
|  + transformer_blk_s3_top_Pipeline_LF_S_LF_OD1               | 0   |        |                 |       |         |         |
|    sub_ln170_1_fu_4926_p2                                    | -   |        | sub_ln170_1     | sub   | fabric  | 0       |
|    add_ln162_4_fu_4938_p2                                    | -   |        | add_ln162_4     | add   | fabric  | 0       |
|    add_ln162_fu_4961_p2                                      | -   |        | add_ln162       | add   | fabric  | 0       |
|    sub_ln170_fu_4987_p2                                      | -   |        | sub_ln170       | sub   | fabric  | 0       |
|    add_ln162_322_fu_5573_p2                                  | -   |        | add_ln162_322   | add   | fabric  | 0       |
|    add_ln162_323_fu_5586_p2                                  | -   |        | add_ln162_323   | add   | fabric  | 0       |
|    add_ln162_324_fu_5652_p2                                  | -   |        | add_ln162_324   | add   | fabric  | 0       |
|    add_ln162_325_fu_5665_p2                                  | -   |        | add_ln162_325   | add   | fabric  | 0       |
|    add_ln162_326_fu_5726_p2                                  | -   |        | add_ln162_326   | add   | fabric  | 0       |
|    add_ln162_327_fu_5739_p2                                  | -   |        | add_ln162_327   | add   | fabric  | 0       |
|    add_ln162_328_fu_5800_p2                                  | -   |        | add_ln162_328   | add   | fabric  | 0       |
|    add_ln162_329_fu_5813_p2                                  | -   |        | add_ln162_329   | add   | fabric  | 0       |
|    add_ln162_330_fu_5878_p2                                  | -   |        | add_ln162_330   | add   | fabric  | 0       |
|    add_ln162_331_fu_5891_p2                                  | -   |        | add_ln162_331   | add   | fabric  | 0       |
|    add_ln162_332_fu_5986_p2                                  | -   |        | add_ln162_332   | add   | fabric  | 0       |
|    add_ln162_333_fu_5999_p2                                  | -   |        | add_ln162_333   | add   | fabric  | 0       |
|    add_ln162_334_fu_6060_p2                                  | -   |        | add_ln162_334   | add   | fabric  | 0       |
|    add_ln162_335_fu_6073_p2                                  | -   |        | add_ln162_335   | add   | fabric  | 0       |
|    add_ln162_336_fu_6134_p2                                  | -   |        | add_ln162_336   | add   | fabric  | 0       |
|    add_ln162_337_fu_6147_p2                                  | -   |        | add_ln162_337   | add   | fabric  | 0       |
|    add_ln162_338_fu_6208_p2                                  | -   |        | add_ln162_338   | add   | fabric  | 0       |
|    add_ln162_339_fu_6221_p2                                  | -   |        | add_ln162_339   | add   | fabric  | 0       |
|    add_ln162_340_fu_6282_p2                                  | -   |        | add_ln162_340   | add   | fabric  | 0       |
|    add_ln162_341_fu_6295_p2                                  | -   |        | add_ln162_341   | add   | fabric  | 0       |
|    add_ln162_342_fu_6356_p2                                  | -   |        | add_ln162_342   | add   | fabric  | 0       |
|    add_ln162_343_fu_6369_p2                                  | -   |        | add_ln162_343   | add   | fabric  | 0       |
|    add_ln162_344_fu_6430_p2                                  | -   |        | add_ln162_344   | add   | fabric  | 0       |
|    add_ln162_345_fu_6443_p2                                  | -   |        | add_ln162_345   | add   | fabric  | 0       |
|    add_ln162_346_fu_6504_p2                                  | -   |        | add_ln162_346   | add   | fabric  | 0       |
|    add_ln162_347_fu_6517_p2                                  | -   |        | add_ln162_347   | add   | fabric  | 0       |
|    add_ln162_348_fu_6578_p2                                  | -   |        | add_ln162_348   | add   | fabric  | 0       |
|    add_ln162_349_fu_6591_p2                                  | -   |        | add_ln162_349   | add   | fabric  | 0       |
|    add_ln162_350_fu_6652_p2                                  | -   |        | add_ln162_350   | add   | fabric  | 0       |
|    add_ln162_351_fu_6665_p2                                  | -   |        | add_ln162_351   | add   | fabric  | 0       |
|    add_ln162_352_fu_6726_p2                                  | -   |        | add_ln162_352   | add   | fabric  | 0       |
|    add_ln162_353_fu_6739_p2                                  | -   |        | add_ln162_353   | add   | fabric  | 0       |
|    add_ln165_1_fu_5066_p2                                    | -   |        | add_ln165_1     | add   | fabric  | 0       |
|    add_ln165_2_fu_5076_p2                                    | -   |        | add_ln165_2     | add   | fabric  | 0       |
|    sub_ln170_4_fu_5108_p2                                    | -   |        | sub_ln170_4     | sub   | fabric  | 0       |
|    add_ln170_321_fu_5118_p2                                  | -   |        | add_ln170_321   | add   | fabric  | 0       |
|    add_ln170_322_fu_5179_p2                                  | -   |        | add_ln170_322   | add   | fabric  | 0       |
|    add_ln170_323_fu_5198_p2                                  | -   |        | add_ln170_323   | add   | fabric  | 0       |
|    add_ln170_324_fu_5248_p2                                  | -   |        | add_ln170_324   | add   | fabric  | 0       |
|    add_ln170_325_fu_5267_p2                                  | -   |        | add_ln170_325   | add   | fabric  | 0       |
|    add_ln170_326_fu_5322_p2                                  | -   |        | add_ln170_326   | add   | fabric  | 0       |
|    add_ln170_327_fu_5341_p2                                  | -   |        | add_ln170_327   | add   | fabric  | 0       |
|    add_ln170_328_fu_5396_p2                                  | -   |        | add_ln170_328   | add   | fabric  | 0       |
|    add_ln170_329_fu_5415_p2                                  | -   |        | add_ln170_329   | add   | fabric  | 0       |
|    add_ln170_330_fu_5470_p2                                  | -   |        | add_ln170_330   | add   | fabric  | 0       |
|    add_ln170_331_fu_5489_p2                                  | -   |        | add_ln170_331   | add   | fabric  | 0       |
|    add_ln170_332_fu_5544_p2                                  | -   |        | add_ln170_332   | add   | fabric  | 0       |
|    add_ln170_333_fu_5563_p2                                  | -   |        | add_ln170_333   | add   | fabric  | 0       |
|    add_ln170_334_fu_5623_p2                                  | -   |        | add_ln170_334   | add   | fabric  | 0       |
|    add_ln170_335_fu_5642_p2                                  | -   |        | add_ln170_335   | add   | fabric  | 0       |
|    add_ln170_336_fu_5697_p2                                  | -   |        | add_ln170_336   | add   | fabric  | 0       |
|    add_ln170_337_fu_5716_p2                                  | -   |        | add_ln170_337   | add   | fabric  | 0       |
|    add_ln170_338_fu_5771_p2                                  | -   |        | add_ln170_338   | add   | fabric  | 0       |
|    add_ln170_339_fu_5790_p2                                  | -   |        | add_ln170_339   | add   | fabric  | 0       |
|    add_ln170_340_fu_5845_p2                                  | -   |        | add_ln170_340   | add   | fabric  | 0       |
|    add_ln170_341_fu_5864_p2                                  | -   |        | add_ln170_341   | add   | fabric  | 0       |
|    add_ln170_342_fu_5930_p2                                  | -   |        | add_ln170_342   | add   | fabric  | 0       |
|    add_ln170_343_fu_5949_p2                                  | -   |        | add_ln170_343   | add   | fabric  | 0       |
|    add_ln170_344_fu_6031_p2                                  | -   |        | add_ln170_344   | add   | fabric  | 0       |
|    add_ln170_345_fu_6050_p2                                  | -   |        | add_ln170_345   | add   | fabric  | 0       |
|    add_ln170_346_fu_6105_p2                                  | -   |        | add_ln170_346   | add   | fabric  | 0       |
|    add_ln170_347_fu_6124_p2                                  | -   |        | add_ln170_347   | add   | fabric  | 0       |
|    add_ln170_348_fu_6179_p2                                  | -   |        | add_ln170_348   | add   | fabric  | 0       |
|    add_ln170_349_fu_6198_p2                                  | -   |        | add_ln170_349   | add   | fabric  | 0       |
|    add_ln170_350_fu_6253_p2                                  | -   |        | add_ln170_350   | add   | fabric  | 0       |
|    add_ln170_351_fu_6272_p2                                  | -   |        | add_ln170_351   | add   | fabric  | 0       |
|    add_ln170_352_fu_6327_p2                                  | -   |        | add_ln170_352   | add   | fabric  | 0       |
|    add_ln170_353_fu_6346_p2                                  | -   |        | add_ln170_353   | add   | fabric  | 0       |
|    add_ln170_354_fu_6401_p2                                  | -   |        | add_ln170_354   | add   | fabric  | 0       |
|    add_ln170_355_fu_6420_p2                                  | -   |        | add_ln170_355   | add   | fabric  | 0       |
|    add_ln170_356_fu_6475_p2                                  | -   |        | add_ln170_356   | add   | fabric  | 0       |
|    add_ln170_357_fu_6494_p2                                  | -   |        | add_ln170_357   | add   | fabric  | 0       |
|    add_ln170_358_fu_6549_p2                                  | -   |        | add_ln170_358   | add   | fabric  | 0       |
|    add_ln170_359_fu_6568_p2                                  | -   |        | add_ln170_359   | add   | fabric  | 0       |
|    add_ln170_360_fu_6623_p2                                  | -   |        | add_ln170_360   | add   | fabric  | 0       |
|    add_ln170_361_fu_6642_p2                                  | -   |        | add_ln170_361   | add   | fabric  | 0       |
|    add_ln170_362_fu_6697_p2                                  | -   |        | add_ln170_362   | add   | fabric  | 0       |
|    add_ln170_363_fu_6716_p2                                  | -   |        | add_ln170_363   | add   | fabric  | 0       |
|    add_ln170_364_fu_6771_p2                                  | -   |        | add_ln170_364   | add   | fabric  | 0       |
|    add_ln170_365_fu_6790_p2                                  | -   |        | add_ln170_365   | add   | fabric  | 0       |
|    add_ln170_366_fu_6819_p2                                  | -   |        | add_ln170_366   | add   | fabric  | 0       |
|    add_ln170_367_fu_6838_p2                                  | -   |        | add_ln170_367   | add   | fabric  | 0       |
|    add_ln170_368_fu_6867_p2                                  | -   |        | add_ln170_368   | add   | fabric  | 0       |
|    add_ln170_369_fu_6886_p2                                  | -   |        | add_ln170_369   | add   | fabric  | 0       |
|    add_ln170_370_fu_6915_p2                                  | -   |        | add_ln170_370   | add   | fabric  | 0       |
|    add_ln170_371_fu_6934_p2                                  | -   |        | add_ln170_371   | add   | fabric  | 0       |
|    add_ln170_372_fu_6963_p2                                  | -   |        | add_ln170_372   | add   | fabric  | 0       |
|    add_ln170_373_fu_6982_p2                                  | -   |        | add_ln170_373   | add   | fabric  | 0       |
|    add_ln170_374_fu_7011_p2                                  | -   |        | add_ln170_374   | add   | fabric  | 0       |
|    add_ln170_375_fu_7030_p2                                  | -   |        | add_ln170_375   | add   | fabric  | 0       |
|    add_ln170_376_fu_7059_p2                                  | -   |        | add_ln170_376   | add   | fabric  | 0       |
|    add_ln170_377_fu_7078_p2                                  | -   |        | add_ln170_377   | add   | fabric  | 0       |
|    add_ln170_378_fu_7107_p2                                  | -   |        | add_ln170_378   | add   | fabric  | 0       |
|    add_ln170_379_fu_7126_p2                                  | -   |        | add_ln170_379   | add   | fabric  | 0       |
|    add_ln170_380_fu_7155_p2                                  | -   |        | add_ln170_380   | add   | fabric  | 0       |
|    add_ln170_381_fu_7174_p2                                  | -   |        | add_ln170_381   | add   | fabric  | 0       |
|    add_ln170_382_fu_7203_p2                                  | -   |        | add_ln170_382   | add   | fabric  | 0       |
|    add_ln170_383_fu_7222_p2                                  | -   |        | add_ln170_383   | add   | fabric  | 0       |
|    add_ln170_384_fu_7251_p2                                  | -   |        | add_ln170_384   | add   | fabric  | 0       |
|    add_ln170_387_fu_7261_p2                                  | -   |        | add_ln170_387   | add   | fabric  | 0       |
|    add_ln170_386_fu_7270_p2                                  | -   |        | add_ln170_386   | add   | fabric  | 0       |
|    add_ln170_389_fu_7290_p2                                  | -   |        | add_ln170_389   | add   | fabric  | 0       |
|    add_ln170_388_fu_7299_p2                                  | -   |        | add_ln170_388   | add   | fabric  | 0       |
|    add_ln170_391_fu_7309_p2                                  | -   |        | add_ln170_391   | add   | fabric  | 0       |
|    add_ln170_390_fu_7318_p2                                  | -   |        | add_ln170_390   | add   | fabric  | 0       |
|    add_ln170_393_fu_7338_p2                                  | -   |        | add_ln170_393   | add   | fabric  | 0       |
|    add_ln170_392_fu_7347_p2                                  | -   |        | add_ln170_392   | add   | fabric  | 0       |
|    add_ln170_395_fu_7357_p2                                  | -   |        | add_ln170_395   | add   | fabric  | 0       |
|    add_ln170_394_fu_7366_p2                                  | -   |        | add_ln170_394   | add   | fabric  | 0       |
|    add_ln170_397_fu_7386_p2                                  | -   |        | add_ln170_397   | add   | fabric  | 0       |
|    add_ln170_396_fu_7395_p2                                  | -   |        | add_ln170_396   | add   | fabric  | 0       |
|    add_ln170_399_fu_7405_p2                                  | -   |        | add_ln170_399   | add   | fabric  | 0       |
|    add_ln170_398_fu_7414_p2                                  | -   |        | add_ln170_398   | add   | fabric  | 0       |
|    add_ln170_401_fu_7434_p2                                  | -   |        | add_ln170_401   | add   | fabric  | 0       |
|    add_ln170_400_fu_7443_p2                                  | -   |        | add_ln170_400   | add   | fabric  | 0       |
|    add_ln170_403_fu_7453_p2                                  | -   |        | add_ln170_403   | add   | fabric  | 0       |
|    add_ln170_402_fu_7462_p2                                  | -   |        | add_ln170_402   | add   | fabric  | 0       |
|    add_ln170_405_fu_7482_p2                                  | -   |        | add_ln170_405   | add   | fabric  | 0       |
|    add_ln170_404_fu_7491_p2                                  | -   |        | add_ln170_404   | add   | fabric  | 0       |
|    add_ln170_407_fu_7501_p2                                  | -   |        | add_ln170_407   | add   | fabric  | 0       |
|    add_ln170_406_fu_7510_p2                                  | -   |        | add_ln170_406   | add   | fabric  | 0       |
|    add_ln170_409_fu_7530_p2                                  | -   |        | add_ln170_409   | add   | fabric  | 0       |
|    add_ln170_408_fu_7539_p2                                  | -   |        | add_ln170_408   | add   | fabric  | 0       |
|    add_ln170_411_fu_7549_p2                                  | -   |        | add_ln170_411   | add   | fabric  | 0       |
|    add_ln170_410_fu_7558_p2                                  | -   |        | add_ln170_410   | add   | fabric  | 0       |
|    add_ln170_413_fu_7578_p2                                  | -   |        | add_ln170_413   | add   | fabric  | 0       |
|    add_ln170_412_fu_7587_p2                                  | -   |        | add_ln170_412   | add   | fabric  | 0       |
|    add_ln170_415_fu_7597_p2                                  | -   |        | add_ln170_415   | add   | fabric  | 0       |
|    add_ln170_414_fu_7606_p2                                  | -   |        | add_ln170_414   | add   | fabric  | 0       |
|    add_ln170_417_fu_7626_p2                                  | -   |        | add_ln170_417   | add   | fabric  | 0       |
|    add_ln170_416_fu_7635_p2                                  | -   |        | add_ln170_416   | add   | fabric  | 0       |
|    add_ln170_419_fu_7645_p2                                  | -   |        | add_ln170_419   | add   | fabric  | 0       |
|    add_ln170_418_fu_7654_p2                                  | -   |        | add_ln170_418   | add   | fabric  | 0       |
|    add_ln170_421_fu_7674_p2                                  | -   |        | add_ln170_421   | add   | fabric  | 0       |
|    add_ln170_420_fu_7683_p2                                  | -   |        | add_ln170_420   | add   | fabric  | 0       |
|    add_ln170_423_fu_7693_p2                                  | -   |        | add_ln170_423   | add   | fabric  | 0       |
|    add_ln170_422_fu_7702_p2                                  | -   |        | add_ln170_422   | add   | fabric  | 0       |
|    add_ln170_425_fu_7722_p2                                  | -   |        | add_ln170_425   | add   | fabric  | 0       |
|    add_ln170_424_fu_7731_p2                                  | -   |        | add_ln170_424   | add   | fabric  | 0       |
|    add_ln170_427_fu_7741_p2                                  | -   |        | add_ln170_427   | add   | fabric  | 0       |
|    add_ln170_426_fu_7750_p2                                  | -   |        | add_ln170_426   | add   | fabric  | 0       |
|    add_ln170_429_fu_7770_p2                                  | -   |        | add_ln170_429   | add   | fabric  | 0       |
|    add_ln170_428_fu_7779_p2                                  | -   |        | add_ln170_428   | add   | fabric  | 0       |
|    add_ln170_431_fu_7789_p2                                  | -   |        | add_ln170_431   | add   | fabric  | 0       |
|    add_ln170_430_fu_7798_p2                                  | -   |        | add_ln170_430   | add   | fabric  | 0       |
|    add_ln170_433_fu_7818_p2                                  | -   |        | add_ln170_433   | add   | fabric  | 0       |
|    add_ln170_432_fu_7827_p2                                  | -   |        | add_ln170_432   | add   | fabric  | 0       |
|    add_ln170_435_fu_7837_p2                                  | -   |        | add_ln170_435   | add   | fabric  | 0       |
|    add_ln170_434_fu_7846_p2                                  | -   |        | add_ln170_434   | add   | fabric  | 0       |
|    add_ln170_437_fu_7866_p2                                  | -   |        | add_ln170_437   | add   | fabric  | 0       |
|    add_ln170_436_fu_7875_p2                                  | -   |        | add_ln170_436   | add   | fabric  | 0       |
|    add_ln170_439_fu_7885_p2                                  | -   |        | add_ln170_439   | add   | fabric  | 0       |
|    add_ln170_438_fu_7894_p2                                  | -   |        | add_ln170_438   | add   | fabric  | 0       |
|    add_ln170_441_fu_7914_p2                                  | -   |        | add_ln170_441   | add   | fabric  | 0       |
|    add_ln170_440_fu_7923_p2                                  | -   |        | add_ln170_440   | add   | fabric  | 0       |
|    add_ln170_443_fu_7933_p2                                  | -   |        | add_ln170_443   | add   | fabric  | 0       |
|    add_ln170_442_fu_7942_p2                                  | -   |        | add_ln170_442   | add   | fabric  | 0       |
|    add_ln170_445_fu_7962_p2                                  | -   |        | add_ln170_445   | add   | fabric  | 0       |
|    add_ln170_444_fu_7971_p2                                  | -   |        | add_ln170_444   | add   | fabric  | 0       |
|    add_ln170_447_fu_7981_p2                                  | -   |        | add_ln170_447   | add   | fabric  | 0       |
|    add_ln170_446_fu_7990_p2                                  | -   |        | add_ln170_446   | add   | fabric  | 0       |
|    add_ln170_449_fu_8010_p2                                  | -   |        | add_ln170_449   | add   | fabric  | 0       |
|    add_ln170_448_fu_8019_p2                                  | -   |        | add_ln170_448   | add   | fabric  | 0       |
|    add_ln170_451_fu_8029_p2                                  | -   |        | add_ln170_451   | add   | fabric  | 0       |
|    add_ln170_450_fu_8038_p2                                  | -   |        | add_ln170_450   | add   | fabric  | 0       |
|    add_ln170_453_fu_8058_p2                                  | -   |        | add_ln170_453   | add   | fabric  | 0       |
|    add_ln170_452_fu_8067_p2                                  | -   |        | add_ln170_452   | add   | fabric  | 0       |
|    add_ln170_455_fu_8077_p2                                  | -   |        | add_ln170_455   | add   | fabric  | 0       |
|    add_ln170_454_fu_8086_p2                                  | -   |        | add_ln170_454   | add   | fabric  | 0       |
|    add_ln170_457_fu_8106_p2                                  | -   |        | add_ln170_457   | add   | fabric  | 0       |
|    add_ln170_456_fu_8115_p2                                  | -   |        | add_ln170_456   | add   | fabric  | 0       |
|    add_ln170_459_fu_8125_p2                                  | -   |        | add_ln170_459   | add   | fabric  | 0       |
|    add_ln170_458_fu_8134_p2                                  | -   |        | add_ln170_458   | add   | fabric  | 0       |
|    add_ln170_461_fu_8154_p2                                  | -   |        | add_ln170_461   | add   | fabric  | 0       |
|    add_ln170_460_fu_8163_p2                                  | -   |        | add_ln170_460   | add   | fabric  | 0       |
|    add_ln170_463_fu_8173_p2                                  | -   |        | add_ln170_463   | add   | fabric  | 0       |
|    add_ln170_462_fu_8182_p2                                  | -   |        | add_ln170_462   | add   | fabric  | 0       |
|    add_ln170_465_fu_8202_p2                                  | -   |        | add_ln170_465   | add   | fabric  | 0       |
|    add_ln170_464_fu_8211_p2                                  | -   |        | add_ln170_464   | add   | fabric  | 0       |
|    add_ln170_467_fu_8221_p2                                  | -   |        | add_ln170_467   | add   | fabric  | 0       |
|    add_ln170_466_fu_8230_p2                                  | -   |        | add_ln170_466   | add   | fabric  | 0       |
|    add_ln170_469_fu_8250_p2                                  | -   |        | add_ln170_469   | add   | fabric  | 0       |
|    add_ln170_468_fu_8259_p2                                  | -   |        | add_ln170_468   | add   | fabric  | 0       |
|    add_ln170_471_fu_8269_p2                                  | -   |        | add_ln170_471   | add   | fabric  | 0       |
|    add_ln170_470_fu_8278_p2                                  | -   |        | add_ln170_470   | add   | fabric  | 0       |
|    add_ln170_473_fu_8298_p2                                  | -   |        | add_ln170_473   | add   | fabric  | 0       |
|    add_ln170_472_fu_8307_p2                                  | -   |        | add_ln170_472   | add   | fabric  | 0       |
|    add_ln170_475_fu_8317_p2                                  | -   |        | add_ln170_475   | add   | fabric  | 0       |
|    add_ln170_474_fu_8326_p2                                  | -   |        | add_ln170_474   | add   | fabric  | 0       |
|    add_ln170_477_fu_8346_p2                                  | -   |        | add_ln170_477   | add   | fabric  | 0       |
|    add_ln170_476_fu_8355_p2                                  | -   |        | add_ln170_476   | add   | fabric  | 0       |
|    add_ln170_479_fu_8365_p2                                  | -   |        | add_ln170_479   | add   | fabric  | 0       |
|    add_ln170_478_fu_8374_p2                                  | -   |        | add_ln170_478   | add   | fabric  | 0       |
|    add_ln170_481_fu_8394_p2                                  | -   |        | add_ln170_481   | add   | fabric  | 0       |
|    add_ln170_480_fu_8403_p2                                  | -   |        | add_ln170_480   | add   | fabric  | 0       |
|    add_ln170_483_fu_8413_p2                                  | -   |        | add_ln170_483   | add   | fabric  | 0       |
|    add_ln170_482_fu_8422_p2                                  | -   |        | add_ln170_482   | add   | fabric  | 0       |
|    add_ln170_485_fu_8442_p2                                  | -   |        | add_ln170_485   | add   | fabric  | 0       |
|    add_ln170_484_fu_8451_p2                                  | -   |        | add_ln170_484   | add   | fabric  | 0       |
|    add_ln170_487_fu_8461_p2                                  | -   |        | add_ln170_487   | add   | fabric  | 0       |
|    add_ln170_486_fu_8470_p2                                  | -   |        | add_ln170_486   | add   | fabric  | 0       |
|    add_ln170_489_fu_8490_p2                                  | -   |        | add_ln170_489   | add   | fabric  | 0       |
|    add_ln170_488_fu_8499_p2                                  | -   |        | add_ln170_488   | add   | fabric  | 0       |
|    add_ln170_491_fu_8509_p2                                  | -   |        | add_ln170_491   | add   | fabric  | 0       |
|    add_ln170_490_fu_8518_p2                                  | -   |        | add_ln170_490   | add   | fabric  | 0       |
|    add_ln170_493_fu_8538_p2                                  | -   |        | add_ln170_493   | add   | fabric  | 0       |
|    add_ln170_492_fu_8547_p2                                  | -   |        | add_ln170_492   | add   | fabric  | 0       |
|    add_ln170_495_fu_8557_p2                                  | -   |        | add_ln170_495   | add   | fabric  | 0       |
|    add_ln170_494_fu_8566_p2                                  | -   |        | add_ln170_494   | add   | fabric  | 0       |
|    add_ln170_497_fu_8586_p2                                  | -   |        | add_ln170_497   | add   | fabric  | 0       |
|    add_ln170_496_fu_8595_p2                                  | -   |        | add_ln170_496   | add   | fabric  | 0       |
|    add_ln170_499_fu_8605_p2                                  | -   |        | add_ln170_499   | add   | fabric  | 0       |
|    add_ln170_498_fu_8614_p2                                  | -   |        | add_ln170_498   | add   | fabric  | 0       |
|    add_ln170_501_fu_8634_p2                                  | -   |        | add_ln170_501   | add   | fabric  | 0       |
|    add_ln170_500_fu_8643_p2                                  | -   |        | add_ln170_500   | add   | fabric  | 0       |
|    add_ln170_503_fu_8653_p2                                  | -   |        | add_ln170_503   | add   | fabric  | 0       |
|    add_ln170_502_fu_8662_p2                                  | -   |        | add_ln170_502   | add   | fabric  | 0       |
|    add_ln170_505_fu_8682_p2                                  | -   |        | add_ln170_505   | add   | fabric  | 0       |
|    add_ln170_504_fu_8691_p2                                  | -   |        | add_ln170_504   | add   | fabric  | 0       |
|    add_ln170_507_fu_8701_p2                                  | -   |        | add_ln170_507   | add   | fabric  | 0       |
|    add_ln170_506_fu_8710_p2                                  | -   |        | add_ln170_506   | add   | fabric  | 0       |
|    add_ln170_509_fu_8730_p2                                  | -   |        | add_ln170_509   | add   | fabric  | 0       |
|    add_ln170_508_fu_8739_p2                                  | -   |        | add_ln170_508   | add   | fabric  | 0       |
|    add_ln170_511_fu_8749_p2                                  | -   |        | add_ln170_511   | add   | fabric  | 0       |
|    add_ln170_510_fu_8758_p2                                  | -   |        | add_ln170_510   | add   | fabric  | 0       |
|    add_ln170_513_fu_8778_p2                                  | -   |        | add_ln170_513   | add   | fabric  | 0       |
|    add_ln170_512_fu_8787_p2                                  | -   |        | add_ln170_512   | add   | fabric  | 0       |
|    add_ln170_515_fu_8797_p2                                  | -   |        | add_ln170_515   | add   | fabric  | 0       |
|    add_ln170_514_fu_8806_p2                                  | -   |        | add_ln170_514   | add   | fabric  | 0       |
|    add_ln170_517_fu_8826_p2                                  | -   |        | add_ln170_517   | add   | fabric  | 0       |
|    add_ln170_516_fu_8835_p2                                  | -   |        | add_ln170_516   | add   | fabric  | 0       |
|    add_ln170_519_fu_8845_p2                                  | -   |        | add_ln170_519   | add   | fabric  | 0       |
|    add_ln170_518_fu_8854_p2                                  | -   |        | add_ln170_518   | add   | fabric  | 0       |
|    add_ln170_521_fu_8874_p2                                  | -   |        | add_ln170_521   | add   | fabric  | 0       |
|    add_ln170_520_fu_8883_p2                                  | -   |        | add_ln170_520   | add   | fabric  | 0       |
|    add_ln170_523_fu_8893_p2                                  | -   |        | add_ln170_523   | add   | fabric  | 0       |
|    add_ln170_522_fu_8902_p2                                  | -   |        | add_ln170_522   | add   | fabric  | 0       |
|    add_ln170_525_fu_8922_p2                                  | -   |        | add_ln170_525   | add   | fabric  | 0       |
|    add_ln170_524_fu_8931_p2                                  | -   |        | add_ln170_524   | add   | fabric  | 0       |
|    add_ln170_527_fu_8941_p2                                  | -   |        | add_ln170_527   | add   | fabric  | 0       |
|    add_ln170_526_fu_8950_p2                                  | -   |        | add_ln170_526   | add   | fabric  | 0       |
|    add_ln170_529_fu_8970_p2                                  | -   |        | add_ln170_529   | add   | fabric  | 0       |
|    add_ln170_528_fu_8979_p2                                  | -   |        | add_ln170_528   | add   | fabric  | 0       |
|    add_ln170_531_fu_8989_p2                                  | -   |        | add_ln170_531   | add   | fabric  | 0       |
|    add_ln170_530_fu_8998_p2                                  | -   |        | add_ln170_530   | add   | fabric  | 0       |
|    add_ln170_533_fu_9018_p2                                  | -   |        | add_ln170_533   | add   | fabric  | 0       |
|    add_ln170_532_fu_9027_p2                                  | -   |        | add_ln170_532   | add   | fabric  | 0       |
|    add_ln170_535_fu_9037_p2                                  | -   |        | add_ln170_535   | add   | fabric  | 0       |
|    add_ln170_534_fu_9046_p2                                  | -   |        | add_ln170_534   | add   | fabric  | 0       |
|    add_ln170_537_fu_9066_p2                                  | -   |        | add_ln170_537   | add   | fabric  | 0       |
|    add_ln170_536_fu_9075_p2                                  | -   |        | add_ln170_536   | add   | fabric  | 0       |
|    add_ln170_539_fu_9085_p2                                  | -   |        | add_ln170_539   | add   | fabric  | 0       |
|    add_ln170_538_fu_9094_p2                                  | -   |        | add_ln170_538   | add   | fabric  | 0       |
|    add_ln170_541_fu_9114_p2                                  | -   |        | add_ln170_541   | add   | fabric  | 0       |
|    add_ln170_540_fu_9123_p2                                  | -   |        | add_ln170_540   | add   | fabric  | 0       |
|    add_ln170_543_fu_9133_p2                                  | -   |        | add_ln170_543   | add   | fabric  | 0       |
|    add_ln170_542_fu_9142_p2                                  | -   |        | add_ln170_542   | add   | fabric  | 0       |
|    add_ln170_545_fu_9162_p2                                  | -   |        | add_ln170_545   | add   | fabric  | 0       |
|    add_ln170_544_fu_9171_p2                                  | -   |        | add_ln170_544   | add   | fabric  | 0       |
|    add_ln170_547_fu_9181_p2                                  | -   |        | add_ln170_547   | add   | fabric  | 0       |
|    add_ln170_546_fu_9190_p2                                  | -   |        | add_ln170_546   | add   | fabric  | 0       |
|    add_ln170_549_fu_9210_p2                                  | -   |        | add_ln170_549   | add   | fabric  | 0       |
|    add_ln170_548_fu_9219_p2                                  | -   |        | add_ln170_548   | add   | fabric  | 0       |
|    add_ln170_551_fu_9229_p2                                  | -   |        | add_ln170_551   | add   | fabric  | 0       |
|    add_ln170_550_fu_9238_p2                                  | -   |        | add_ln170_550   | add   | fabric  | 0       |
|    add_ln170_553_fu_9258_p2                                  | -   |        | add_ln170_553   | add   | fabric  | 0       |
|    add_ln170_552_fu_9267_p2                                  | -   |        | add_ln170_552   | add   | fabric  | 0       |
|    add_ln170_555_fu_9277_p2                                  | -   |        | add_ln170_555   | add   | fabric  | 0       |
|    add_ln170_554_fu_9286_p2                                  | -   |        | add_ln170_554   | add   | fabric  | 0       |
|    add_ln170_557_fu_9306_p2                                  | -   |        | add_ln170_557   | add   | fabric  | 0       |
|    add_ln170_556_fu_9315_p2                                  | -   |        | add_ln170_556   | add   | fabric  | 0       |
|    add_ln170_559_fu_9325_p2                                  | -   |        | add_ln170_559   | add   | fabric  | 0       |
|    add_ln170_558_fu_9334_p2                                  | -   |        | add_ln170_558   | add   | fabric  | 0       |
|    add_ln170_561_fu_9354_p2                                  | -   |        | add_ln170_561   | add   | fabric  | 0       |
|    add_ln170_560_fu_9363_p2                                  | -   |        | add_ln170_560   | add   | fabric  | 0       |
|    add_ln170_563_fu_9373_p2                                  | -   |        | add_ln170_563   | add   | fabric  | 0       |
|    add_ln170_562_fu_9382_p2                                  | -   |        | add_ln170_562   | add   | fabric  | 0       |
|    add_ln170_565_fu_9402_p2                                  | -   |        | add_ln170_565   | add   | fabric  | 0       |
|    add_ln170_564_fu_9411_p2                                  | -   |        | add_ln170_564   | add   | fabric  | 0       |
|    add_ln170_567_fu_9421_p2                                  | -   |        | add_ln170_567   | add   | fabric  | 0       |
|    add_ln170_566_fu_9430_p2                                  | -   |        | add_ln170_566   | add   | fabric  | 0       |
|    add_ln170_569_fu_9450_p2                                  | -   |        | add_ln170_569   | add   | fabric  | 0       |
|    add_ln170_568_fu_9459_p2                                  | -   |        | add_ln170_568   | add   | fabric  | 0       |
|    add_ln170_571_fu_9469_p2                                  | -   |        | add_ln170_571   | add   | fabric  | 0       |
|    add_ln170_570_fu_9478_p2                                  | -   |        | add_ln170_570   | add   | fabric  | 0       |
|    add_ln170_573_fu_9498_p2                                  | -   |        | add_ln170_573   | add   | fabric  | 0       |
|    add_ln170_572_fu_9507_p2                                  | -   |        | add_ln170_572   | add   | fabric  | 0       |
|    add_ln170_575_fu_9517_p2                                  | -   |        | add_ln170_575   | add   | fabric  | 0       |
|    add_ln170_574_fu_9526_p2                                  | -   |        | add_ln170_574   | add   | fabric  | 0       |
|    add_ln170_577_fu_9546_p2                                  | -   |        | add_ln170_577   | add   | fabric  | 0       |
|    add_ln170_576_fu_9555_p2                                  | -   |        | add_ln170_576   | add   | fabric  | 0       |
|    add_ln170_579_fu_9565_p2                                  | -   |        | add_ln170_579   | add   | fabric  | 0       |
|    add_ln170_578_fu_9574_p2                                  | -   |        | add_ln170_578   | add   | fabric  | 0       |
|    add_ln170_581_fu_9594_p2                                  | -   |        | add_ln170_581   | add   | fabric  | 0       |
|    add_ln170_580_fu_9603_p2                                  | -   |        | add_ln170_580   | add   | fabric  | 0       |
|    add_ln170_583_fu_9613_p2                                  | -   |        | add_ln170_583   | add   | fabric  | 0       |
|    add_ln170_582_fu_9622_p2                                  | -   |        | add_ln170_582   | add   | fabric  | 0       |
|    add_ln170_585_fu_9642_p2                                  | -   |        | add_ln170_585   | add   | fabric  | 0       |
|    add_ln170_584_fu_9651_p2                                  | -   |        | add_ln170_584   | add   | fabric  | 0       |
|    add_ln170_587_fu_9661_p2                                  | -   |        | add_ln170_587   | add   | fabric  | 0       |
|    add_ln170_586_fu_9670_p2                                  | -   |        | add_ln170_586   | add   | fabric  | 0       |
|    add_ln170_589_fu_9690_p2                                  | -   |        | add_ln170_589   | add   | fabric  | 0       |
|    add_ln170_588_fu_9699_p2                                  | -   |        | add_ln170_588   | add   | fabric  | 0       |
|    add_ln170_591_fu_9709_p2                                  | -   |        | add_ln170_591   | add   | fabric  | 0       |
|    add_ln170_590_fu_9718_p2                                  | -   |        | add_ln170_590   | add   | fabric  | 0       |
|    add_ln170_593_fu_9738_p2                                  | -   |        | add_ln170_593   | add   | fabric  | 0       |
|    add_ln170_592_fu_9747_p2                                  | -   |        | add_ln170_592   | add   | fabric  | 0       |
|    add_ln170_595_fu_9757_p2                                  | -   |        | add_ln170_595   | add   | fabric  | 0       |
|    add_ln170_594_fu_9766_p2                                  | -   |        | add_ln170_594   | add   | fabric  | 0       |
|    add_ln170_597_fu_9786_p2                                  | -   |        | add_ln170_597   | add   | fabric  | 0       |
|    add_ln170_596_fu_9795_p2                                  | -   |        | add_ln170_596   | add   | fabric  | 0       |
|    add_ln170_599_fu_9805_p2                                  | -   |        | add_ln170_599   | add   | fabric  | 0       |
|    add_ln170_598_fu_9814_p2                                  | -   |        | add_ln170_598   | add   | fabric  | 0       |
|    add_ln170_601_fu_9834_p2                                  | -   |        | add_ln170_601   | add   | fabric  | 0       |
|    add_ln170_600_fu_9843_p2                                  | -   |        | add_ln170_600   | add   | fabric  | 0       |
|    add_ln170_603_fu_9853_p2                                  | -   |        | add_ln170_603   | add   | fabric  | 0       |
|    add_ln170_602_fu_9862_p2                                  | -   |        | add_ln170_602   | add   | fabric  | 0       |
|    add_ln170_605_fu_9882_p2                                  | -   |        | add_ln170_605   | add   | fabric  | 0       |
|    add_ln170_604_fu_9891_p2                                  | -   |        | add_ln170_604   | add   | fabric  | 0       |
|    add_ln170_607_fu_9901_p2                                  | -   |        | add_ln170_607   | add   | fabric  | 0       |
|    add_ln170_606_fu_9910_p2                                  | -   |        | add_ln170_606   | add   | fabric  | 0       |
|    add_ln170_609_fu_9930_p2                                  | -   |        | add_ln170_609   | add   | fabric  | 0       |
|    add_ln170_608_fu_9939_p2                                  | -   |        | add_ln170_608   | add   | fabric  | 0       |
|    add_ln170_611_fu_9949_p2                                  | -   |        | add_ln170_611   | add   | fabric  | 0       |
|    add_ln170_610_fu_9958_p2                                  | -   |        | add_ln170_610   | add   | fabric  | 0       |
|    add_ln170_613_fu_9978_p2                                  | -   |        | add_ln170_613   | add   | fabric  | 0       |
|    add_ln170_612_fu_9987_p2                                  | -   |        | add_ln170_612   | add   | fabric  | 0       |
|    add_ln170_615_fu_9997_p2                                  | -   |        | add_ln170_615   | add   | fabric  | 0       |
|    add_ln170_614_fu_10006_p2                                 | -   |        | add_ln170_614   | add   | fabric  | 0       |
|    add_ln170_617_fu_10026_p2                                 | -   |        | add_ln170_617   | add   | fabric  | 0       |
|    add_ln170_616_fu_10035_p2                                 | -   |        | add_ln170_616   | add   | fabric  | 0       |
|    add_ln170_619_fu_10045_p2                                 | -   |        | add_ln170_619   | add   | fabric  | 0       |
|    add_ln170_618_fu_10054_p2                                 | -   |        | add_ln170_618   | add   | fabric  | 0       |
|    add_ln170_621_fu_10074_p2                                 | -   |        | add_ln170_621   | add   | fabric  | 0       |
|    add_ln170_620_fu_10083_p2                                 | -   |        | add_ln170_620   | add   | fabric  | 0       |
|    add_ln170_623_fu_10093_p2                                 | -   |        | add_ln170_623   | add   | fabric  | 0       |
|    add_ln170_622_fu_10102_p2                                 | -   |        | add_ln170_622   | add   | fabric  | 0       |
|    add_ln170_625_fu_10122_p2                                 | -   |        | add_ln170_625   | add   | fabric  | 0       |
|    add_ln170_624_fu_10131_p2                                 | -   |        | add_ln170_624   | add   | fabric  | 0       |
|    add_ln170_627_fu_10141_p2                                 | -   |        | add_ln170_627   | add   | fabric  | 0       |
|    add_ln170_626_fu_10150_p2                                 | -   |        | add_ln170_626   | add   | fabric  | 0       |
|    add_ln170_629_fu_10170_p2                                 | -   |        | add_ln170_629   | add   | fabric  | 0       |
|    add_ln170_628_fu_10179_p2                                 | -   |        | add_ln170_628   | add   | fabric  | 0       |
|    add_ln170_631_fu_10189_p2                                 | -   |        | add_ln170_631   | add   | fabric  | 0       |
|    add_ln170_630_fu_10198_p2                                 | -   |        | add_ln170_630   | add   | fabric  | 0       |
|    add_ln170_633_fu_10218_p2                                 | -   |        | add_ln170_633   | add   | fabric  | 0       |
|    add_ln170_632_fu_10227_p2                                 | -   |        | add_ln170_632   | add   | fabric  | 0       |
|    add_ln170_635_fu_10237_p2                                 | -   |        | add_ln170_635   | add   | fabric  | 0       |
|    add_ln170_634_fu_10246_p2                                 | -   |        | add_ln170_634   | add   | fabric  | 0       |
|    add_ln170_637_fu_10266_p2                                 | -   |        | add_ln170_637   | add   | fabric  | 0       |
|    add_ln170_636_fu_10275_p2                                 | -   |        | add_ln170_636   | add   | fabric  | 0       |
|    add_ln170_639_fu_10285_p2                                 | -   |        | add_ln170_639   | add   | fabric  | 0       |
|    add_ln170_638_fu_10294_p2                                 | -   |        | add_ln170_638   | add   | fabric  | 0       |
|    add_ln170_641_fu_10314_p2                                 | -   |        | add_ln170_641   | add   | fabric  | 0       |
|    add_ln170_640_fu_10323_p2                                 | -   |        | add_ln170_640   | add   | fabric  | 0       |
|    mul_8ns_10ns_17_1_1_U213                                  | -   |        | mul_ln172       | mul   | auto    | 0       |
|    add_ln172_fu_5962_p2                                      | -   |        | add_ln172       | add   | fabric  | 0       |
|    add_ln163_fu_5968_p2                                      | -   |        | add_ln163       | add   | fabric  | 0       |
|  + transformer_blk_s3_top_Pipeline_LF_S_LF_OD2               | 0   |        |                 |       |         |         |
|    empty_fu_4151_p2                                          | -   |        | empty           | sub   | fabric  | 0       |
|    sub_ln170_2_fu_4169_p2                                    | -   |        | sub_ln170_2     | sub   | fabric  | 0       |
|    add_ln162_5_fu_4181_p2                                    | -   |        | add_ln162_5     | add   | fabric  | 0       |
|    add_ln162_fu_4204_p2                                      | -   |        | add_ln162       | add   | fabric  | 0       |
|    p_mid11005_fu_4234_p2                                     | -   |        | p_mid11005      | sub   | fabric  | 0       |
|    sub_ln170_fu_4260_p2                                      | -   |        | sub_ln170       | sub   | fabric  | 0       |
|    add_ln162_290_fu_4855_p2                                  | -   |        | add_ln162_290   | add   | fabric  | 0       |
|    add_ln162_291_fu_4868_p2                                  | -   |        | add_ln162_291   | add   | fabric  | 0       |
|    add_ln162_292_fu_4934_p2                                  | -   |        | add_ln162_292   | add   | fabric  | 0       |
|    add_ln162_293_fu_4947_p2                                  | -   |        | add_ln162_293   | add   | fabric  | 0       |
|    add_ln162_294_fu_5008_p2                                  | -   |        | add_ln162_294   | add   | fabric  | 0       |
|    add_ln162_295_fu_5021_p2                                  | -   |        | add_ln162_295   | add   | fabric  | 0       |
|    add_ln162_296_fu_5082_p2                                  | -   |        | add_ln162_296   | add   | fabric  | 0       |
|    add_ln162_297_fu_5095_p2                                  | -   |        | add_ln162_297   | add   | fabric  | 0       |
|    add_ln162_298_fu_5156_p2                                  | -   |        | add_ln162_298   | add   | fabric  | 0       |
|    add_ln162_299_fu_5169_p2                                  | -   |        | add_ln162_299   | add   | fabric  | 0       |
|    add_ln162_300_fu_5230_p2                                  | -   |        | add_ln162_300   | add   | fabric  | 0       |
|    add_ln162_301_fu_5243_p2                                  | -   |        | add_ln162_301   | add   | fabric  | 0       |
|    add_ln162_302_fu_5304_p2                                  | -   |        | add_ln162_302   | add   | fabric  | 0       |
|    add_ln162_303_fu_5317_p2                                  | -   |        | add_ln162_303   | add   | fabric  | 0       |
|    add_ln162_304_fu_5378_p2                                  | -   |        | add_ln162_304   | add   | fabric  | 0       |
|    add_ln162_305_fu_5391_p2                                  | -   |        | add_ln162_305   | add   | fabric  | 0       |
|    add_ln162_306_fu_5452_p2                                  | -   |        | add_ln162_306   | add   | fabric  | 0       |
|    add_ln162_307_fu_5465_p2                                  | -   |        | add_ln162_307   | add   | fabric  | 0       |
|    add_ln162_308_fu_5526_p2                                  | -   |        | add_ln162_308   | add   | fabric  | 0       |
|    add_ln162_309_fu_5539_p2                                  | -   |        | add_ln162_309   | add   | fabric  | 0       |
|    add_ln162_310_fu_5600_p2                                  | -   |        | add_ln162_310   | add   | fabric  | 0       |
|    add_ln162_311_fu_5613_p2                                  | -   |        | add_ln162_311   | add   | fabric  | 0       |
|    add_ln162_312_fu_5674_p2                                  | -   |        | add_ln162_312   | add   | fabric  | 0       |
|    add_ln162_313_fu_5687_p2                                  | -   |        | add_ln162_313   | add   | fabric  | 0       |
|    add_ln162_314_fu_5748_p2                                  | -   |        | add_ln162_314   | add   | fabric  | 0       |
|    add_ln162_315_fu_5761_p2                                  | -   |        | add_ln162_315   | add   | fabric  | 0       |
|    add_ln162_316_fu_5822_p2                                  | -   |        | add_ln162_316   | add   | fabric  | 0       |
|    add_ln162_317_fu_5835_p2                                  | -   |        | add_ln162_317   | add   | fabric  | 0       |
|    add_ln162_318_fu_5896_p2                                  | -   |        | add_ln162_318   | add   | fabric  | 0       |
|    add_ln162_319_fu_5909_p2                                  | -   |        | add_ln162_319   | add   | fabric  | 0       |
|    add_ln162_320_fu_5970_p2                                  | -   |        | add_ln162_320   | add   | fabric  | 0       |
|    add_ln162_321_fu_5983_p2                                  | -   |        | add_ln162_321   | add   | fabric  | 0       |
|    add_ln165_fu_4361_p2                                      | -   |        | add_ln165       | add   | fabric  | 0       |
|    add_ln165_3_fu_4374_p2                                    | -   |        | add_ln165_3     | add   | fabric  | 0       |
|    sub_ln170_3_fu_4406_p2                                    | -   |        | sub_ln170_3     | sub   | fabric  | 0       |
|    add_ln170_642_fu_4416_p2                                  | -   |        | add_ln170_642   | add   | fabric  | 0       |
|    add_ln170_643_fu_4461_p2                                  | -   |        | add_ln170_643   | add   | fabric  | 0       |
|    add_ln170_644_fu_4480_p2                                  | -   |        | add_ln170_644   | add   | fabric  | 0       |
|    add_ln170_645_fu_4530_p2                                  | -   |        | add_ln170_645   | add   | fabric  | 0       |
|    add_ln170_646_fu_4549_p2                                  | -   |        | add_ln170_646   | add   | fabric  | 0       |
|    add_ln170_647_fu_4604_p2                                  | -   |        | add_ln170_647   | add   | fabric  | 0       |
|    add_ln170_648_fu_4623_p2                                  | -   |        | add_ln170_648   | add   | fabric  | 0       |
|    add_ln170_649_fu_4678_p2                                  | -   |        | add_ln170_649   | add   | fabric  | 0       |
|    add_ln170_650_fu_4697_p2                                  | -   |        | add_ln170_650   | add   | fabric  | 0       |
|    add_ln170_651_fu_4752_p2                                  | -   |        | add_ln170_651   | add   | fabric  | 0       |
|    add_ln170_652_fu_4771_p2                                  | -   |        | add_ln170_652   | add   | fabric  | 0       |
|    add_ln170_653_fu_4826_p2                                  | -   |        | add_ln170_653   | add   | fabric  | 0       |
|    add_ln170_654_fu_4845_p2                                  | -   |        | add_ln170_654   | add   | fabric  | 0       |
|    add_ln170_655_fu_4905_p2                                  | -   |        | add_ln170_655   | add   | fabric  | 0       |
|    add_ln170_656_fu_4924_p2                                  | -   |        | add_ln170_656   | add   | fabric  | 0       |
|    add_ln170_657_fu_4979_p2                                  | -   |        | add_ln170_657   | add   | fabric  | 0       |
|    add_ln170_658_fu_4998_p2                                  | -   |        | add_ln170_658   | add   | fabric  | 0       |
|    add_ln170_659_fu_5053_p2                                  | -   |        | add_ln170_659   | add   | fabric  | 0       |
|    add_ln170_660_fu_5072_p2                                  | -   |        | add_ln170_660   | add   | fabric  | 0       |
|    add_ln170_661_fu_5127_p2                                  | -   |        | add_ln170_661   | add   | fabric  | 0       |
|    add_ln170_662_fu_5146_p2                                  | -   |        | add_ln170_662   | add   | fabric  | 0       |
|    add_ln170_663_fu_5201_p2                                  | -   |        | add_ln170_663   | add   | fabric  | 0       |
|    add_ln170_664_fu_5220_p2                                  | -   |        | add_ln170_664   | add   | fabric  | 0       |
|    add_ln170_665_fu_5275_p2                                  | -   |        | add_ln170_665   | add   | fabric  | 0       |
|    add_ln170_666_fu_5294_p2                                  | -   |        | add_ln170_666   | add   | fabric  | 0       |
|    add_ln170_667_fu_5349_p2                                  | -   |        | add_ln170_667   | add   | fabric  | 0       |
|    add_ln170_668_fu_5368_p2                                  | -   |        | add_ln170_668   | add   | fabric  | 0       |
|    add_ln170_669_fu_5423_p2                                  | -   |        | add_ln170_669   | add   | fabric  | 0       |
|    add_ln170_670_fu_5442_p2                                  | -   |        | add_ln170_670   | add   | fabric  | 0       |
|    add_ln170_671_fu_5497_p2                                  | -   |        | add_ln170_671   | add   | fabric  | 0       |
|    add_ln170_672_fu_5516_p2                                  | -   |        | add_ln170_672   | add   | fabric  | 0       |
|    add_ln170_673_fu_5571_p2                                  | -   |        | add_ln170_673   | add   | fabric  | 0       |
|    add_ln170_674_fu_5590_p2                                  | -   |        | add_ln170_674   | add   | fabric  | 0       |
|    add_ln170_675_fu_5645_p2                                  | -   |        | add_ln170_675   | add   | fabric  | 0       |
|    add_ln170_676_fu_5664_p2                                  | -   |        | add_ln170_676   | add   | fabric  | 0       |
|    add_ln170_677_fu_5719_p2                                  | -   |        | add_ln170_677   | add   | fabric  | 0       |
|    add_ln170_678_fu_5738_p2                                  | -   |        | add_ln170_678   | add   | fabric  | 0       |
|    add_ln170_679_fu_5793_p2                                  | -   |        | add_ln170_679   | add   | fabric  | 0       |
|    add_ln170_680_fu_5812_p2                                  | -   |        | add_ln170_680   | add   | fabric  | 0       |
|    add_ln170_681_fu_5867_p2                                  | -   |        | add_ln170_681   | add   | fabric  | 0       |
|    add_ln170_682_fu_5886_p2                                  | -   |        | add_ln170_682   | add   | fabric  | 0       |
|    add_ln170_683_fu_5941_p2                                  | -   |        | add_ln170_683   | add   | fabric  | 0       |
|    add_ln170_684_fu_5960_p2                                  | -   |        | add_ln170_684   | add   | fabric  | 0       |
|    add_ln170_685_fu_6015_p2                                  | -   |        | add_ln170_685   | add   | fabric  | 0       |
|    add_ln170_686_fu_6034_p2                                  | -   |        | add_ln170_686   | add   | fabric  | 0       |
|    add_ln170_687_fu_6063_p2                                  | -   |        | add_ln170_687   | add   | fabric  | 0       |
|    add_ln170_688_fu_6082_p2                                  | -   |        | add_ln170_688   | add   | fabric  | 0       |
|    add_ln170_689_fu_6111_p2                                  | -   |        | add_ln170_689   | add   | fabric  | 0       |
|    add_ln170_690_fu_6130_p2                                  | -   |        | add_ln170_690   | add   | fabric  | 0       |
|    add_ln170_691_fu_6159_p2                                  | -   |        | add_ln170_691   | add   | fabric  | 0       |
|    add_ln170_692_fu_6178_p2                                  | -   |        | add_ln170_692   | add   | fabric  | 0       |
|    add_ln170_693_fu_6207_p2                                  | -   |        | add_ln170_693   | add   | fabric  | 0       |
|    add_ln170_694_fu_6226_p2                                  | -   |        | add_ln170_694   | add   | fabric  | 0       |
|    add_ln170_695_fu_6255_p2                                  | -   |        | add_ln170_695   | add   | fabric  | 0       |
|    add_ln170_696_fu_6274_p2                                  | -   |        | add_ln170_696   | add   | fabric  | 0       |
|    add_ln170_697_fu_6303_p2                                  | -   |        | add_ln170_697   | add   | fabric  | 0       |
|    add_ln170_698_fu_6322_p2                                  | -   |        | add_ln170_698   | add   | fabric  | 0       |
|    add_ln170_699_fu_6351_p2                                  | -   |        | add_ln170_699   | add   | fabric  | 0       |
|    add_ln170_700_fu_6370_p2                                  | -   |        | add_ln170_700   | add   | fabric  | 0       |
|    add_ln170_701_fu_6399_p2                                  | -   |        | add_ln170_701   | add   | fabric  | 0       |
|    add_ln170_702_fu_6418_p2                                  | -   |        | add_ln170_702   | add   | fabric  | 0       |
|    add_ln170_703_fu_6447_p2                                  | -   |        | add_ln170_703   | add   | fabric  | 0       |
|    add_ln170_704_fu_6466_p2                                  | -   |        | add_ln170_704   | add   | fabric  | 0       |
|    add_ln170_705_fu_6495_p2                                  | -   |        | add_ln170_705   | add   | fabric  | 0       |
|    add_ln170_706_fu_6505_p2                                  | -   |        | add_ln170_706   | add   | fabric  | 0       |
|    add_ln170_707_fu_6514_p2                                  | -   |        | add_ln170_707   | add   | fabric  | 0       |
|    add_ln170_708_fu_6534_p2                                  | -   |        | add_ln170_708   | add   | fabric  | 0       |
|    add_ln170_709_fu_6543_p2                                  | -   |        | add_ln170_709   | add   | fabric  | 0       |
|    add_ln170_710_fu_6553_p2                                  | -   |        | add_ln170_710   | add   | fabric  | 0       |
|    add_ln170_711_fu_6562_p2                                  | -   |        | add_ln170_711   | add   | fabric  | 0       |
|    add_ln170_712_fu_6582_p2                                  | -   |        | add_ln170_712   | add   | fabric  | 0       |
|    add_ln170_713_fu_6591_p2                                  | -   |        | add_ln170_713   | add   | fabric  | 0       |
|    add_ln170_714_fu_6601_p2                                  | -   |        | add_ln170_714   | add   | fabric  | 0       |
|    add_ln170_715_fu_6610_p2                                  | -   |        | add_ln170_715   | add   | fabric  | 0       |
|    add_ln170_716_fu_6630_p2                                  | -   |        | add_ln170_716   | add   | fabric  | 0       |
|    add_ln170_717_fu_6639_p2                                  | -   |        | add_ln170_717   | add   | fabric  | 0       |
|    add_ln170_718_fu_6649_p2                                  | -   |        | add_ln170_718   | add   | fabric  | 0       |
|    add_ln170_719_fu_6658_p2                                  | -   |        | add_ln170_719   | add   | fabric  | 0       |
|    add_ln170_720_fu_6678_p2                                  | -   |        | add_ln170_720   | add   | fabric  | 0       |
|    add_ln170_721_fu_6687_p2                                  | -   |        | add_ln170_721   | add   | fabric  | 0       |
|    add_ln170_722_fu_6697_p2                                  | -   |        | add_ln170_722   | add   | fabric  | 0       |
|    add_ln170_723_fu_6706_p2                                  | -   |        | add_ln170_723   | add   | fabric  | 0       |
|    add_ln170_724_fu_6726_p2                                  | -   |        | add_ln170_724   | add   | fabric  | 0       |
|    add_ln170_725_fu_6735_p2                                  | -   |        | add_ln170_725   | add   | fabric  | 0       |
|    add_ln170_726_fu_6745_p2                                  | -   |        | add_ln170_726   | add   | fabric  | 0       |
|    add_ln170_727_fu_6754_p2                                  | -   |        | add_ln170_727   | add   | fabric  | 0       |
|    add_ln170_728_fu_6774_p2                                  | -   |        | add_ln170_728   | add   | fabric  | 0       |
|    add_ln170_729_fu_6783_p2                                  | -   |        | add_ln170_729   | add   | fabric  | 0       |
|    add_ln170_730_fu_6793_p2                                  | -   |        | add_ln170_730   | add   | fabric  | 0       |
|    add_ln170_731_fu_6802_p2                                  | -   |        | add_ln170_731   | add   | fabric  | 0       |
|    add_ln170_732_fu_6822_p2                                  | -   |        | add_ln170_732   | add   | fabric  | 0       |
|    add_ln170_733_fu_6831_p2                                  | -   |        | add_ln170_733   | add   | fabric  | 0       |
|    add_ln170_734_fu_6841_p2                                  | -   |        | add_ln170_734   | add   | fabric  | 0       |
|    add_ln170_735_fu_6850_p2                                  | -   |        | add_ln170_735   | add   | fabric  | 0       |
|    add_ln170_736_fu_6870_p2                                  | -   |        | add_ln170_736   | add   | fabric  | 0       |
|    add_ln170_737_fu_6879_p2                                  | -   |        | add_ln170_737   | add   | fabric  | 0       |
|    add_ln170_738_fu_6889_p2                                  | -   |        | add_ln170_738   | add   | fabric  | 0       |
|    add_ln170_739_fu_6898_p2                                  | -   |        | add_ln170_739   | add   | fabric  | 0       |
|    add_ln170_740_fu_6918_p2                                  | -   |        | add_ln170_740   | add   | fabric  | 0       |
|    add_ln170_741_fu_6927_p2                                  | -   |        | add_ln170_741   | add   | fabric  | 0       |
|    add_ln170_742_fu_6937_p2                                  | -   |        | add_ln170_742   | add   | fabric  | 0       |
|    add_ln170_743_fu_6946_p2                                  | -   |        | add_ln170_743   | add   | fabric  | 0       |
|    add_ln170_744_fu_6966_p2                                  | -   |        | add_ln170_744   | add   | fabric  | 0       |
|    add_ln170_745_fu_6975_p2                                  | -   |        | add_ln170_745   | add   | fabric  | 0       |
|    add_ln170_746_fu_6985_p2                                  | -   |        | add_ln170_746   | add   | fabric  | 0       |
|    add_ln170_747_fu_6994_p2                                  | -   |        | add_ln170_747   | add   | fabric  | 0       |
|    add_ln170_748_fu_7014_p2                                  | -   |        | add_ln170_748   | add   | fabric  | 0       |
|    add_ln170_749_fu_7023_p2                                  | -   |        | add_ln170_749   | add   | fabric  | 0       |
|    add_ln170_750_fu_7033_p2                                  | -   |        | add_ln170_750   | add   | fabric  | 0       |
|    add_ln170_751_fu_7042_p2                                  | -   |        | add_ln170_751   | add   | fabric  | 0       |
|    add_ln170_752_fu_7062_p2                                  | -   |        | add_ln170_752   | add   | fabric  | 0       |
|    add_ln170_753_fu_7071_p2                                  | -   |        | add_ln170_753   | add   | fabric  | 0       |
|    add_ln170_754_fu_7081_p2                                  | -   |        | add_ln170_754   | add   | fabric  | 0       |
|    add_ln170_755_fu_7090_p2                                  | -   |        | add_ln170_755   | add   | fabric  | 0       |
|    add_ln170_756_fu_7110_p2                                  | -   |        | add_ln170_756   | add   | fabric  | 0       |
|    add_ln170_757_fu_7119_p2                                  | -   |        | add_ln170_757   | add   | fabric  | 0       |
|    add_ln170_758_fu_7129_p2                                  | -   |        | add_ln170_758   | add   | fabric  | 0       |
|    add_ln170_759_fu_7138_p2                                  | -   |        | add_ln170_759   | add   | fabric  | 0       |
|    add_ln170_760_fu_7158_p2                                  | -   |        | add_ln170_760   | add   | fabric  | 0       |
|    add_ln170_761_fu_7167_p2                                  | -   |        | add_ln170_761   | add   | fabric  | 0       |
|    add_ln170_762_fu_7177_p2                                  | -   |        | add_ln170_762   | add   | fabric  | 0       |
|    add_ln170_763_fu_7186_p2                                  | -   |        | add_ln170_763   | add   | fabric  | 0       |
|    add_ln170_764_fu_7206_p2                                  | -   |        | add_ln170_764   | add   | fabric  | 0       |
|    add_ln170_765_fu_7215_p2                                  | -   |        | add_ln170_765   | add   | fabric  | 0       |
|    add_ln170_766_fu_7225_p2                                  | -   |        | add_ln170_766   | add   | fabric  | 0       |
|    add_ln170_767_fu_7234_p2                                  | -   |        | add_ln170_767   | add   | fabric  | 0       |
|    add_ln170_768_fu_7254_p2                                  | -   |        | add_ln170_768   | add   | fabric  | 0       |
|    add_ln170_769_fu_7263_p2                                  | -   |        | add_ln170_769   | add   | fabric  | 0       |
|    add_ln170_770_fu_7273_p2                                  | -   |        | add_ln170_770   | add   | fabric  | 0       |
|    add_ln170_771_fu_7282_p2                                  | -   |        | add_ln170_771   | add   | fabric  | 0       |
|    add_ln170_772_fu_7302_p2                                  | -   |        | add_ln170_772   | add   | fabric  | 0       |
|    add_ln170_773_fu_7311_p2                                  | -   |        | add_ln170_773   | add   | fabric  | 0       |
|    add_ln170_774_fu_7321_p2                                  | -   |        | add_ln170_774   | add   | fabric  | 0       |
|    add_ln170_775_fu_7330_p2                                  | -   |        | add_ln170_775   | add   | fabric  | 0       |
|    add_ln170_776_fu_7350_p2                                  | -   |        | add_ln170_776   | add   | fabric  | 0       |
|    add_ln170_777_fu_7359_p2                                  | -   |        | add_ln170_777   | add   | fabric  | 0       |
|    add_ln170_778_fu_7369_p2                                  | -   |        | add_ln170_778   | add   | fabric  | 0       |
|    add_ln170_779_fu_7378_p2                                  | -   |        | add_ln170_779   | add   | fabric  | 0       |
|    add_ln170_780_fu_7398_p2                                  | -   |        | add_ln170_780   | add   | fabric  | 0       |
|    add_ln170_781_fu_7407_p2                                  | -   |        | add_ln170_781   | add   | fabric  | 0       |
|    add_ln170_782_fu_7417_p2                                  | -   |        | add_ln170_782   | add   | fabric  | 0       |
|    add_ln170_783_fu_7426_p2                                  | -   |        | add_ln170_783   | add   | fabric  | 0       |
|    add_ln170_784_fu_7446_p2                                  | -   |        | add_ln170_784   | add   | fabric  | 0       |
|    add_ln170_785_fu_7455_p2                                  | -   |        | add_ln170_785   | add   | fabric  | 0       |
|    add_ln170_786_fu_7465_p2                                  | -   |        | add_ln170_786   | add   | fabric  | 0       |
|    add_ln170_787_fu_7474_p2                                  | -   |        | add_ln170_787   | add   | fabric  | 0       |
|    add_ln170_788_fu_7494_p2                                  | -   |        | add_ln170_788   | add   | fabric  | 0       |
|    add_ln170_789_fu_7503_p2                                  | -   |        | add_ln170_789   | add   | fabric  | 0       |
|    add_ln170_790_fu_7513_p2                                  | -   |        | add_ln170_790   | add   | fabric  | 0       |
|    add_ln170_791_fu_7522_p2                                  | -   |        | add_ln170_791   | add   | fabric  | 0       |
|    add_ln170_792_fu_7542_p2                                  | -   |        | add_ln170_792   | add   | fabric  | 0       |
|    add_ln170_793_fu_7551_p2                                  | -   |        | add_ln170_793   | add   | fabric  | 0       |
|    add_ln170_794_fu_7561_p2                                  | -   |        | add_ln170_794   | add   | fabric  | 0       |
|    add_ln170_795_fu_7570_p2                                  | -   |        | add_ln170_795   | add   | fabric  | 0       |
|    add_ln170_796_fu_7590_p2                                  | -   |        | add_ln170_796   | add   | fabric  | 0       |
|    add_ln170_797_fu_7599_p2                                  | -   |        | add_ln170_797   | add   | fabric  | 0       |
|    add_ln170_798_fu_7609_p2                                  | -   |        | add_ln170_798   | add   | fabric  | 0       |
|    add_ln170_799_fu_7618_p2                                  | -   |        | add_ln170_799   | add   | fabric  | 0       |
|    add_ln170_800_fu_7638_p2                                  | -   |        | add_ln170_800   | add   | fabric  | 0       |
|    add_ln170_801_fu_7647_p2                                  | -   |        | add_ln170_801   | add   | fabric  | 0       |
|    add_ln170_802_fu_7657_p2                                  | -   |        | add_ln170_802   | add   | fabric  | 0       |
|    add_ln170_803_fu_7666_p2                                  | -   |        | add_ln170_803   | add   | fabric  | 0       |
|    add_ln170_804_fu_7686_p2                                  | -   |        | add_ln170_804   | add   | fabric  | 0       |
|    add_ln170_805_fu_7695_p2                                  | -   |        | add_ln170_805   | add   | fabric  | 0       |
|    add_ln170_806_fu_7705_p2                                  | -   |        | add_ln170_806   | add   | fabric  | 0       |
|    add_ln170_807_fu_7714_p2                                  | -   |        | add_ln170_807   | add   | fabric  | 0       |
|    add_ln170_808_fu_7734_p2                                  | -   |        | add_ln170_808   | add   | fabric  | 0       |
|    add_ln170_809_fu_7743_p2                                  | -   |        | add_ln170_809   | add   | fabric  | 0       |
|    add_ln170_810_fu_7753_p2                                  | -   |        | add_ln170_810   | add   | fabric  | 0       |
|    add_ln170_811_fu_7762_p2                                  | -   |        | add_ln170_811   | add   | fabric  | 0       |
|    add_ln170_812_fu_7782_p2                                  | -   |        | add_ln170_812   | add   | fabric  | 0       |
|    add_ln170_813_fu_7791_p2                                  | -   |        | add_ln170_813   | add   | fabric  | 0       |
|    add_ln170_814_fu_7801_p2                                  | -   |        | add_ln170_814   | add   | fabric  | 0       |
|    add_ln170_815_fu_7810_p2                                  | -   |        | add_ln170_815   | add   | fabric  | 0       |
|    add_ln170_816_fu_7830_p2                                  | -   |        | add_ln170_816   | add   | fabric  | 0       |
|    add_ln170_817_fu_7839_p2                                  | -   |        | add_ln170_817   | add   | fabric  | 0       |
|    add_ln170_818_fu_7849_p2                                  | -   |        | add_ln170_818   | add   | fabric  | 0       |
|    add_ln170_819_fu_7858_p2                                  | -   |        | add_ln170_819   | add   | fabric  | 0       |
|    add_ln170_820_fu_7878_p2                                  | -   |        | add_ln170_820   | add   | fabric  | 0       |
|    add_ln170_821_fu_7887_p2                                  | -   |        | add_ln170_821   | add   | fabric  | 0       |
|    add_ln170_822_fu_7897_p2                                  | -   |        | add_ln170_822   | add   | fabric  | 0       |
|    add_ln170_823_fu_7906_p2                                  | -   |        | add_ln170_823   | add   | fabric  | 0       |
|    add_ln170_824_fu_7926_p2                                  | -   |        | add_ln170_824   | add   | fabric  | 0       |
|    add_ln170_825_fu_7935_p2                                  | -   |        | add_ln170_825   | add   | fabric  | 0       |
|    add_ln170_826_fu_7945_p2                                  | -   |        | add_ln170_826   | add   | fabric  | 0       |
|    add_ln170_827_fu_7954_p2                                  | -   |        | add_ln170_827   | add   | fabric  | 0       |
|    add_ln170_828_fu_7974_p2                                  | -   |        | add_ln170_828   | add   | fabric  | 0       |
|    add_ln170_829_fu_7983_p2                                  | -   |        | add_ln170_829   | add   | fabric  | 0       |
|    add_ln170_830_fu_7993_p2                                  | -   |        | add_ln170_830   | add   | fabric  | 0       |
|    add_ln170_831_fu_8002_p2                                  | -   |        | add_ln170_831   | add   | fabric  | 0       |
|    add_ln170_832_fu_8022_p2                                  | -   |        | add_ln170_832   | add   | fabric  | 0       |
|    add_ln170_833_fu_8031_p2                                  | -   |        | add_ln170_833   | add   | fabric  | 0       |
|    add_ln170_834_fu_8041_p2                                  | -   |        | add_ln170_834   | add   | fabric  | 0       |
|    add_ln170_835_fu_8050_p2                                  | -   |        | add_ln170_835   | add   | fabric  | 0       |
|    add_ln170_836_fu_8070_p2                                  | -   |        | add_ln170_836   | add   | fabric  | 0       |
|    add_ln170_837_fu_8079_p2                                  | -   |        | add_ln170_837   | add   | fabric  | 0       |
|    add_ln170_838_fu_8089_p2                                  | -   |        | add_ln170_838   | add   | fabric  | 0       |
|    add_ln170_839_fu_8098_p2                                  | -   |        | add_ln170_839   | add   | fabric  | 0       |
|    add_ln170_840_fu_8118_p2                                  | -   |        | add_ln170_840   | add   | fabric  | 0       |
|    add_ln170_841_fu_8127_p2                                  | -   |        | add_ln170_841   | add   | fabric  | 0       |
|    add_ln170_842_fu_8137_p2                                  | -   |        | add_ln170_842   | add   | fabric  | 0       |
|    add_ln170_843_fu_8146_p2                                  | -   |        | add_ln170_843   | add   | fabric  | 0       |
|    add_ln170_844_fu_8166_p2                                  | -   |        | add_ln170_844   | add   | fabric  | 0       |
|    add_ln170_845_fu_8175_p2                                  | -   |        | add_ln170_845   | add   | fabric  | 0       |
|    add_ln170_846_fu_8185_p2                                  | -   |        | add_ln170_846   | add   | fabric  | 0       |
|    add_ln170_847_fu_8194_p2                                  | -   |        | add_ln170_847   | add   | fabric  | 0       |
|    add_ln170_848_fu_8214_p2                                  | -   |        | add_ln170_848   | add   | fabric  | 0       |
|    add_ln170_849_fu_8223_p2                                  | -   |        | add_ln170_849   | add   | fabric  | 0       |
|    add_ln170_850_fu_8233_p2                                  | -   |        | add_ln170_850   | add   | fabric  | 0       |
|    add_ln170_851_fu_8242_p2                                  | -   |        | add_ln170_851   | add   | fabric  | 0       |
|    add_ln170_852_fu_8262_p2                                  | -   |        | add_ln170_852   | add   | fabric  | 0       |
|    add_ln170_853_fu_8271_p2                                  | -   |        | add_ln170_853   | add   | fabric  | 0       |
|    add_ln170_854_fu_8281_p2                                  | -   |        | add_ln170_854   | add   | fabric  | 0       |
|    add_ln170_855_fu_8290_p2                                  | -   |        | add_ln170_855   | add   | fabric  | 0       |
|    add_ln170_856_fu_8310_p2                                  | -   |        | add_ln170_856   | add   | fabric  | 0       |
|    add_ln170_857_fu_8319_p2                                  | -   |        | add_ln170_857   | add   | fabric  | 0       |
|    add_ln170_858_fu_8329_p2                                  | -   |        | add_ln170_858   | add   | fabric  | 0       |
|    add_ln170_859_fu_8338_p2                                  | -   |        | add_ln170_859   | add   | fabric  | 0       |
|    add_ln170_860_fu_8358_p2                                  | -   |        | add_ln170_860   | add   | fabric  | 0       |
|    add_ln170_861_fu_8367_p2                                  | -   |        | add_ln170_861   | add   | fabric  | 0       |
|    add_ln170_862_fu_8377_p2                                  | -   |        | add_ln170_862   | add   | fabric  | 0       |
|    add_ln170_863_fu_8386_p2                                  | -   |        | add_ln170_863   | add   | fabric  | 0       |
|    add_ln170_864_fu_8406_p2                                  | -   |        | add_ln170_864   | add   | fabric  | 0       |
|    add_ln170_865_fu_8415_p2                                  | -   |        | add_ln170_865   | add   | fabric  | 0       |
|    add_ln170_866_fu_8425_p2                                  | -   |        | add_ln170_866   | add   | fabric  | 0       |
|    add_ln170_867_fu_8434_p2                                  | -   |        | add_ln170_867   | add   | fabric  | 0       |
|    add_ln170_868_fu_8454_p2                                  | -   |        | add_ln170_868   | add   | fabric  | 0       |
|    add_ln170_869_fu_8463_p2                                  | -   |        | add_ln170_869   | add   | fabric  | 0       |
|    add_ln170_870_fu_8473_p2                                  | -   |        | add_ln170_870   | add   | fabric  | 0       |
|    add_ln170_871_fu_8482_p2                                  | -   |        | add_ln170_871   | add   | fabric  | 0       |
|    add_ln170_872_fu_8502_p2                                  | -   |        | add_ln170_872   | add   | fabric  | 0       |
|    add_ln170_873_fu_8511_p2                                  | -   |        | add_ln170_873   | add   | fabric  | 0       |
|    add_ln170_874_fu_8521_p2                                  | -   |        | add_ln170_874   | add   | fabric  | 0       |
|    add_ln170_875_fu_8530_p2                                  | -   |        | add_ln170_875   | add   | fabric  | 0       |
|    add_ln170_876_fu_8550_p2                                  | -   |        | add_ln170_876   | add   | fabric  | 0       |
|    add_ln170_877_fu_8559_p2                                  | -   |        | add_ln170_877   | add   | fabric  | 0       |
|    add_ln170_878_fu_8569_p2                                  | -   |        | add_ln170_878   | add   | fabric  | 0       |
|    add_ln170_879_fu_8578_p2                                  | -   |        | add_ln170_879   | add   | fabric  | 0       |
|    add_ln170_880_fu_8598_p2                                  | -   |        | add_ln170_880   | add   | fabric  | 0       |
|    add_ln170_881_fu_8607_p2                                  | -   |        | add_ln170_881   | add   | fabric  | 0       |
|    add_ln170_882_fu_8617_p2                                  | -   |        | add_ln170_882   | add   | fabric  | 0       |
|    add_ln170_883_fu_8626_p2                                  | -   |        | add_ln170_883   | add   | fabric  | 0       |
|    add_ln170_884_fu_8646_p2                                  | -   |        | add_ln170_884   | add   | fabric  | 0       |
|    add_ln170_885_fu_8655_p2                                  | -   |        | add_ln170_885   | add   | fabric  | 0       |
|    add_ln170_886_fu_8665_p2                                  | -   |        | add_ln170_886   | add   | fabric  | 0       |
|    add_ln170_887_fu_8674_p2                                  | -   |        | add_ln170_887   | add   | fabric  | 0       |
|    add_ln170_888_fu_8694_p2                                  | -   |        | add_ln170_888   | add   | fabric  | 0       |
|    add_ln170_889_fu_8703_p2                                  | -   |        | add_ln170_889   | add   | fabric  | 0       |
|    add_ln170_890_fu_8713_p2                                  | -   |        | add_ln170_890   | add   | fabric  | 0       |
|    add_ln170_891_fu_8722_p2                                  | -   |        | add_ln170_891   | add   | fabric  | 0       |
|    add_ln170_892_fu_8742_p2                                  | -   |        | add_ln170_892   | add   | fabric  | 0       |
|    add_ln170_893_fu_8751_p2                                  | -   |        | add_ln170_893   | add   | fabric  | 0       |
|    add_ln170_894_fu_8761_p2                                  | -   |        | add_ln170_894   | add   | fabric  | 0       |
|    add_ln170_895_fu_8770_p2                                  | -   |        | add_ln170_895   | add   | fabric  | 0       |
|    add_ln170_896_fu_8790_p2                                  | -   |        | add_ln170_896   | add   | fabric  | 0       |
|    add_ln170_897_fu_8799_p2                                  | -   |        | add_ln170_897   | add   | fabric  | 0       |
|    add_ln170_898_fu_8809_p2                                  | -   |        | add_ln170_898   | add   | fabric  | 0       |
|    add_ln170_899_fu_8818_p2                                  | -   |        | add_ln170_899   | add   | fabric  | 0       |
|    add_ln170_900_fu_8838_p2                                  | -   |        | add_ln170_900   | add   | fabric  | 0       |
|    add_ln170_901_fu_8847_p2                                  | -   |        | add_ln170_901   | add   | fabric  | 0       |
|    add_ln170_902_fu_8857_p2                                  | -   |        | add_ln170_902   | add   | fabric  | 0       |
|    add_ln170_903_fu_8866_p2                                  | -   |        | add_ln170_903   | add   | fabric  | 0       |
|    add_ln170_904_fu_8886_p2                                  | -   |        | add_ln170_904   | add   | fabric  | 0       |
|    add_ln170_905_fu_8895_p2                                  | -   |        | add_ln170_905   | add   | fabric  | 0       |
|    add_ln170_906_fu_8905_p2                                  | -   |        | add_ln170_906   | add   | fabric  | 0       |
|    add_ln170_907_fu_8914_p2                                  | -   |        | add_ln170_907   | add   | fabric  | 0       |
|    add_ln170_908_fu_8934_p2                                  | -   |        | add_ln170_908   | add   | fabric  | 0       |
|    add_ln170_909_fu_8943_p2                                  | -   |        | add_ln170_909   | add   | fabric  | 0       |
|    add_ln170_910_fu_8953_p2                                  | -   |        | add_ln170_910   | add   | fabric  | 0       |
|    add_ln170_911_fu_8962_p2                                  | -   |        | add_ln170_911   | add   | fabric  | 0       |
|    add_ln170_912_fu_8982_p2                                  | -   |        | add_ln170_912   | add   | fabric  | 0       |
|    add_ln170_913_fu_8991_p2                                  | -   |        | add_ln170_913   | add   | fabric  | 0       |
|    add_ln170_914_fu_9001_p2                                  | -   |        | add_ln170_914   | add   | fabric  | 0       |
|    add_ln170_915_fu_9010_p2                                  | -   |        | add_ln170_915   | add   | fabric  | 0       |
|    add_ln170_916_fu_9030_p2                                  | -   |        | add_ln170_916   | add   | fabric  | 0       |
|    add_ln170_917_fu_9039_p2                                  | -   |        | add_ln170_917   | add   | fabric  | 0       |
|    add_ln170_918_fu_9049_p2                                  | -   |        | add_ln170_918   | add   | fabric  | 0       |
|    add_ln170_919_fu_9058_p2                                  | -   |        | add_ln170_919   | add   | fabric  | 0       |
|    add_ln170_920_fu_9078_p2                                  | -   |        | add_ln170_920   | add   | fabric  | 0       |
|    add_ln170_921_fu_9087_p2                                  | -   |        | add_ln170_921   | add   | fabric  | 0       |
|    add_ln170_922_fu_9097_p2                                  | -   |        | add_ln170_922   | add   | fabric  | 0       |
|    add_ln170_923_fu_9106_p2                                  | -   |        | add_ln170_923   | add   | fabric  | 0       |
|    add_ln170_924_fu_9126_p2                                  | -   |        | add_ln170_924   | add   | fabric  | 0       |
|    add_ln170_925_fu_9135_p2                                  | -   |        | add_ln170_925   | add   | fabric  | 0       |
|    add_ln170_926_fu_9145_p2                                  | -   |        | add_ln170_926   | add   | fabric  | 0       |
|    add_ln170_927_fu_9154_p2                                  | -   |        | add_ln170_927   | add   | fabric  | 0       |
|    add_ln170_928_fu_9174_p2                                  | -   |        | add_ln170_928   | add   | fabric  | 0       |
|    add_ln170_929_fu_9183_p2                                  | -   |        | add_ln170_929   | add   | fabric  | 0       |
|    add_ln170_930_fu_9193_p2                                  | -   |        | add_ln170_930   | add   | fabric  | 0       |
|    add_ln170_931_fu_9202_p2                                  | -   |        | add_ln170_931   | add   | fabric  | 0       |
|    add_ln170_932_fu_9222_p2                                  | -   |        | add_ln170_932   | add   | fabric  | 0       |
|    add_ln170_933_fu_9231_p2                                  | -   |        | add_ln170_933   | add   | fabric  | 0       |
|    add_ln170_934_fu_9241_p2                                  | -   |        | add_ln170_934   | add   | fabric  | 0       |
|    add_ln170_935_fu_9250_p2                                  | -   |        | add_ln170_935   | add   | fabric  | 0       |
|    add_ln170_936_fu_9270_p2                                  | -   |        | add_ln170_936   | add   | fabric  | 0       |
|    add_ln170_937_fu_9279_p2                                  | -   |        | add_ln170_937   | add   | fabric  | 0       |
|    add_ln170_938_fu_9289_p2                                  | -   |        | add_ln170_938   | add   | fabric  | 0       |
|    add_ln170_939_fu_9298_p2                                  | -   |        | add_ln170_939   | add   | fabric  | 0       |
|    add_ln170_940_fu_9318_p2                                  | -   |        | add_ln170_940   | add   | fabric  | 0       |
|    add_ln170_941_fu_9327_p2                                  | -   |        | add_ln170_941   | add   | fabric  | 0       |
|    add_ln170_942_fu_9337_p2                                  | -   |        | add_ln170_942   | add   | fabric  | 0       |
|    add_ln170_943_fu_9346_p2                                  | -   |        | add_ln170_943   | add   | fabric  | 0       |
|    add_ln170_944_fu_9366_p2                                  | -   |        | add_ln170_944   | add   | fabric  | 0       |
|    add_ln170_945_fu_9375_p2                                  | -   |        | add_ln170_945   | add   | fabric  | 0       |
|    add_ln170_946_fu_9385_p2                                  | -   |        | add_ln170_946   | add   | fabric  | 0       |
|    add_ln170_947_fu_9394_p2                                  | -   |        | add_ln170_947   | add   | fabric  | 0       |
|    add_ln170_948_fu_9414_p2                                  | -   |        | add_ln170_948   | add   | fabric  | 0       |
|    add_ln170_949_fu_9423_p2                                  | -   |        | add_ln170_949   | add   | fabric  | 0       |
|    add_ln170_950_fu_9433_p2                                  | -   |        | add_ln170_950   | add   | fabric  | 0       |
|    add_ln170_951_fu_9442_p2                                  | -   |        | add_ln170_951   | add   | fabric  | 0       |
|    add_ln170_952_fu_9462_p2                                  | -   |        | add_ln170_952   | add   | fabric  | 0       |
|    add_ln170_953_fu_9471_p2                                  | -   |        | add_ln170_953   | add   | fabric  | 0       |
|    add_ln170_954_fu_9481_p2                                  | -   |        | add_ln170_954   | add   | fabric  | 0       |
|    add_ln170_955_fu_9490_p2                                  | -   |        | add_ln170_955   | add   | fabric  | 0       |
|    add_ln170_956_fu_9510_p2                                  | -   |        | add_ln170_956   | add   | fabric  | 0       |
|    add_ln170_957_fu_9519_p2                                  | -   |        | add_ln170_957   | add   | fabric  | 0       |
|    add_ln170_958_fu_9529_p2                                  | -   |        | add_ln170_958   | add   | fabric  | 0       |
|    add_ln170_959_fu_9538_p2                                  | -   |        | add_ln170_959   | add   | fabric  | 0       |
|    add_ln170_960_fu_9558_p2                                  | -   |        | add_ln170_960   | add   | fabric  | 0       |
|    add_ln170_961_fu_9567_p2                                  | -   |        | add_ln170_961   | add   | fabric  | 0       |
|    add_ln172_fu_4308_p2                                      | -   |        | add_ln172       | add   | fabric  | 0       |
|    add_ln163_fu_4314_p2                                      | -   |        | add_ln163       | add   | fabric  | 0       |
|  + transformer_blk_s3_top_Pipeline_MHSA_QI_MHSA_KI           | 201 |        |                 |       |         |         |
|    add_ln265_fu_2030_p2                                      | -   |        | add_ln265       | add   | fabric  | 0       |
|    add_ln265_1_fu_2053_p2                                    | -   |        | add_ln265_1     | add   | fabric  | 0       |
|    fmul_32ns_32ns_32_5_max_dsp_1_U340                        | 3   |        | mul21_i_i_4     | fmul  | maxdsp  | 4       |
|    fmul_32ns_32ns_32_5_max_dsp_1_U341                        | 3   |        | mul21_i_i_5     | fmul  | maxdsp  | 4       |
|    fmul_32ns_32ns_32_5_max_dsp_1_U342                        | 3   |        | mul21_i_i_6     | fmul  | maxdsp  | 4       |
|    fmul_32ns_32ns_32_5_max_dsp_1_U343                        | 3   |        | mul21_i_i_7     | fmul  | maxdsp  | 4       |
|    fmul_32ns_32ns_32_5_max_dsp_1_U344                        | 3   |        | mul21_i_i_8     | fmul  | maxdsp  | 4       |
|    fmul_32ns_32ns_32_5_max_dsp_1_U345                        | 3   |        | mul21_i_i_9     | fmul  | maxdsp  | 4       |
|    fmul_32ns_32ns_32_5_max_dsp_1_U346                        | 3   |        | mul21_i_i_s     | fmul  | maxdsp  | 4       |
|    fmul_32ns_32ns_32_5_max_dsp_1_U347                        | 3   |        | mul21_i_i_10    | fmul  | maxdsp  | 4       |
|    fmul_32ns_32ns_32_5_max_dsp_1_U348                        | 3   |        | mul21_i_i_11    | fmul  | maxdsp  | 4       |
|    fmul_32ns_32ns_32_5_max_dsp_1_U349                        | 3   |        | mul21_i_i_12    | fmul  | maxdsp  | 4       |
|    fmul_32ns_32ns_32_5_max_dsp_1_U350                        | 3   |        | mul21_i_i_13    | fmul  | maxdsp  | 4       |
|    fmul_32ns_32ns_32_5_max_dsp_1_U351                        | 3   |        | mul21_i_i_14    | fmul  | maxdsp  | 4       |
|    fadd_32ns_32ns_32_8_full_dsp_1_U303                       | 2   |        | dot_15          | fadd  | fulldsp | 7       |
|    fmul_32ns_32ns_32_5_max_dsp_1_U352                        | 3   |        | mul21_i_i_15    | fmul  | maxdsp  | 4       |
|    fadd_32ns_32ns_32_8_full_dsp_1_U304                       | 2   |        | dot_16          | fadd  | fulldsp | 7       |
|    fmul_32ns_32ns_32_5_max_dsp_1_U353                        | 3   |        | mul21_i_i_16    | fmul  | maxdsp  | 4       |
|    fadd_32ns_32ns_32_8_full_dsp_1_U305                       | 2   |        | dot_17          | fadd  | fulldsp | 7       |
|    fmul_32ns_32ns_32_5_max_dsp_1_U354                        | 3   |        | mul21_i_i_17    | fmul  | maxdsp  | 4       |
|    fadd_32ns_32ns_32_8_full_dsp_1_U306                       | 2   |        | dot_18          | fadd  | fulldsp | 7       |
|    fmul_32ns_32ns_32_5_max_dsp_1_U355                        | 3   |        | mul21_i_i_18    | fmul  | maxdsp  | 4       |
|    fadd_32ns_32ns_32_8_full_dsp_1_U307                       | 2   |        | dot_19          | fadd  | fulldsp | 7       |
|    fmul_32ns_32ns_32_5_max_dsp_1_U356                        | 3   |        | mul21_i_i_19    | fmul  | maxdsp  | 4       |
|    fadd_32ns_32ns_32_8_full_dsp_1_U308                       | 2   |        | dot_20          | fadd  | fulldsp | 7       |
|    fmul_32ns_32ns_32_5_max_dsp_1_U357                        | 3   |        | mul21_i_i_20    | fmul  | maxdsp  | 4       |
|    fadd_32ns_32ns_32_8_full_dsp_1_U309                       | 2   |        | dot_21          | fadd  | fulldsp | 7       |
|    fmul_32ns_32ns_32_5_max_dsp_1_U358                        | 3   |        | mul21_i_i_21    | fmul  | maxdsp  | 4       |
|    fadd_32ns_32ns_32_8_full_dsp_1_U310                       | 2   |        | dot_22          | fadd  | fulldsp | 7       |
|    fmul_32ns_32ns_32_5_max_dsp_1_U359                        | 3   |        | mul21_i_i_22    | fmul  | maxdsp  | 4       |
|    fadd_32ns_32ns_32_8_full_dsp_1_U311                       | 2   |        | dot_23          | fadd  | fulldsp | 7       |
|    fmul_32ns_32ns_32_5_max_dsp_1_U360                        | 3   |        | mul21_i_i_23    | fmul  | maxdsp  | 4       |
|    fadd_32ns_32ns_32_8_full_dsp_1_U312                       | 2   |        | dot_24          | fadd  | fulldsp | 7       |
|    fmul_32ns_32ns_32_5_max_dsp_1_U361                        | 3   |        | mul21_i_i_24    | fmul  | maxdsp  | 4       |
|    fadd_32ns_32ns_32_8_full_dsp_1_U313                       | 2   |        | dot_25          | fadd  | fulldsp | 7       |
|    fmul_32ns_32ns_32_5_max_dsp_1_U362                        | 3   |        | mul21_i_i_25    | fmul  | maxdsp  | 4       |
|    fadd_32ns_32ns_32_8_full_dsp_1_U314                       | 2   |        | dot_26          | fadd  | fulldsp | 7       |
|    fmul_32ns_32ns_32_5_max_dsp_1_U363                        | 3   |        | mul21_i_i_26    | fmul  | maxdsp  | 4       |
|    fadd_32ns_32ns_32_8_full_dsp_1_U315                       | 2   |        | dot_27          | fadd  | fulldsp | 7       |
|    fmul_32ns_32ns_32_5_max_dsp_1_U364                        | 3   |        | mul21_i_i_27    | fmul  | maxdsp  | 4       |
|    fadd_32ns_32ns_32_8_full_dsp_1_U316                       | 2   |        | dot_28          | fadd  | fulldsp | 7       |
|    fmul_32ns_32ns_32_5_max_dsp_1_U365                        | 3   |        | mul21_i_i_28    | fmul  | maxdsp  | 4       |
|    fadd_32ns_32ns_32_8_full_dsp_1_U317                       | 2   |        | dot_29          | fadd  | fulldsp | 7       |
|    fmul_32ns_32ns_32_5_max_dsp_1_U366                        | 3   |        | mul21_i_i_29    | fmul  | maxdsp  | 4       |
|    fadd_32ns_32ns_32_8_full_dsp_1_U318                       | 2   |        | dot_30          | fadd  | fulldsp | 7       |
|    fmul_32ns_32ns_32_5_max_dsp_1_U367                        | 3   |        | mul21_i_i_30    | fmul  | maxdsp  | 4       |
|    fadd_32ns_32ns_32_8_full_dsp_1_U319                       | 2   |        | dot_31          | fadd  | fulldsp | 7       |
|    fmul_32ns_32ns_32_5_max_dsp_1_U368                        | 3   |        | mul21_i_i_31    | fmul  | maxdsp  | 4       |
|    fadd_32ns_32ns_32_8_full_dsp_1_U320                       | 2   |        | dot_32          | fadd  | fulldsp | 7       |
|    fmul_32ns_32ns_32_5_max_dsp_1_U369                        | 3   |        | mul21_i_i_32    | fmul  | maxdsp  | 4       |
|    fadd_32ns_32ns_32_8_full_dsp_1_U321                       | 2   |        | dot_33          | fadd  | fulldsp | 7       |
|    fmul_32ns_32ns_32_5_max_dsp_1_U370                        | 3   |        | mul21_i_i_33    | fmul  | maxdsp  | 4       |
|    fadd_32ns_32ns_32_8_full_dsp_1_U322                       | 2   |        | dot_34          | fadd  | fulldsp | 7       |
|    fmul_32ns_32ns_32_5_max_dsp_1_U371                        | 3   |        | mul21_i_i_34    | fmul  | maxdsp  | 4       |
|    fadd_32ns_32ns_32_8_full_dsp_1_U323                       | 2   |        | dot_35          | fadd  | fulldsp | 7       |
|    fmul_32ns_32ns_32_5_max_dsp_1_U372                        | 3   |        | mul21_i_i_35    | fmul  | maxdsp  | 4       |
|    fadd_32ns_32ns_32_8_full_dsp_1_U324                       | 2   |        | dot_36          | fadd  | fulldsp | 7       |
|    fmul_32ns_32ns_32_5_max_dsp_1_U373                        | 3   |        | mul21_i_i_36    | fmul  | maxdsp  | 4       |
|    fadd_32ns_32ns_32_8_full_dsp_1_U325                       | 2   |        | dot_37          | fadd  | fulldsp | 7       |
|    fmul_32ns_32ns_32_5_max_dsp_1_U374                        | 3   |        | mul21_i_i_37    | fmul  | maxdsp  | 4       |
|    fadd_32ns_32ns_32_8_full_dsp_1_U326                       | 2   |        | dot_38          | fadd  | fulldsp | 7       |
|    fmul_32ns_32ns_32_5_max_dsp_1_U375                        | 3   |        | mul21_i_i_38    | fmul  | maxdsp  | 4       |
|    fadd_32ns_32ns_32_8_full_dsp_1_U327                       | 2   |        | dot_39          | fadd  | fulldsp | 7       |
|    fmul_32ns_32ns_32_5_max_dsp_1_U376                        | 3   |        | mul21_i_i_39    | fmul  | maxdsp  | 4       |
|    fadd_32ns_32ns_32_8_full_dsp_1_U328                       | 2   |        | dot_40          | fadd  | fulldsp | 7       |
|    fmul_32ns_32ns_32_5_max_dsp_1_U377                        | 3   |        | mul21_i_i_40    | fmul  | maxdsp  | 4       |
|    fadd_32ns_32ns_32_8_full_dsp_1_U329                       | 2   |        | dot_41          | fadd  | fulldsp | 7       |
|    fmul_32ns_32ns_32_5_max_dsp_1_U378                        | 3   |        | mul21_i_i_41    | fmul  | maxdsp  | 4       |
|    fadd_32ns_32ns_32_8_full_dsp_1_U330                       | 2   |        | dot_42          | fadd  | fulldsp | 7       |
|    fmul_32ns_32ns_32_5_max_dsp_1_U379                        | 3   |        | mul21_i_i_42    | fmul  | maxdsp  | 4       |
|    fadd_32ns_32ns_32_8_full_dsp_1_U331                       | 2   |        | dot_43          | fadd  | fulldsp | 7       |
|    fmul_32ns_32ns_32_5_max_dsp_1_U380                        | 3   |        | mul21_i_i_43    | fmul  | maxdsp  | 4       |
|    fadd_32ns_32ns_32_8_full_dsp_1_U332                       | 2   |        | dot_44          | fadd  | fulldsp | 7       |
|    fmul_32ns_32ns_32_5_max_dsp_1_U381                        | 3   |        | mul21_i_i_44    | fmul  | maxdsp  | 4       |
|    fadd_32ns_32ns_32_8_full_dsp_1_U333                       | 2   |        | dot_45          | fadd  | fulldsp | 7       |
|    fmul_32ns_32ns_32_5_max_dsp_1_U382                        | 3   |        | mul21_i_i_45    | fmul  | maxdsp  | 4       |
|    fadd_32ns_32ns_32_8_full_dsp_1_U334                       | 2   |        | dot_46          | fadd  | fulldsp | 7       |
|    fmul_32ns_32ns_32_5_max_dsp_1_U383                        | 3   |        | mul21_i_i_46    | fmul  | maxdsp  | 4       |
|    fadd_32ns_32ns_32_8_full_dsp_1_U335                       | 2   |        | dot_47          | fadd  | fulldsp | 7       |
|    fmul_32ns_32ns_32_5_max_dsp_1_U384                        | 3   |        | mul23_i_i       | fmul  | maxdsp  | 4       |
|    mul_7ns_9ns_15_1_1_U386                                   | -   |        | mul_ln274       | mul   | auto    | 0       |
|    add_ln274_1_fu_2176_p2                                    | -   |        | add_ln274_1     | add   | fabric  | 0       |
|    add_ln274_fu_2185_p2                                      | -   |        | add_ln274       | add   | fabric  | 0       |
|    add_ln266_fu_2145_p2                                      | -   |        | add_ln266       | add   | fabric  | 0       |
|  + transformer_blk_s3_top_Pipeline_MHSA_CPY                  | 0   |        |                 |       |         |         |
|    add_ln326_fu_960_p2                                       | -   |        | add_ln326       | add   | fabric  | 0       |
|    add_ln328_fu_1008_p2                                      | -   |        | add_ln328       | add   | fabric  | 0       |
|    add_ln326_1_fu_975_p2                                     | -   |        | add_ln326_1     | add   | fabric  | 0       |
|  + transformer_blk_s3_top_Pipeline_MHSA_SM                   | 35  |        |                 |       |         |         |
|    add_ln288_fu_1244_p2                                      | -   |        | add_ln288       | add   | fabric  | 0       |
|    add_ln291_fu_1270_p2                                      | -   |        | add_ln291       | add   | fabric  | 0       |
|    add_ln202_fu_1333_p2                                      | -   |        | add_ln202       | add   | fabric  | 0       |
|    add_ln202_1_fu_1347_p2                                    | -   |        | add_ln202_1     | add   | fabric  | 0       |
|    add_ln202_2_fu_1443_p2                                    | -   |        | add_ln202_2     | add   | fabric  | 0       |
|    add_ln202_3_fu_1457_p2                                    | -   |        | add_ln202_3     | add   | fabric  | 0       |
|    add_ln202_4_fu_1477_p2                                    | -   |        | add_ln202_4     | add   | fabric  | 0       |
|    add_ln202_5_fu_1491_p2                                    | -   |        | add_ln202_5     | add   | fabric  | 0       |
|    add_ln202_6_fu_1593_p2                                    | -   |        | add_ln202_6     | add   | fabric  | 0       |
|    add_ln202_7_fu_1607_p2                                    | -   |        | add_ln202_7     | add   | fabric  | 0       |
|    add_ln202_8_fu_1621_p2                                    | -   |        | add_ln202_8     | add   | fabric  | 0       |
|    add_ln202_9_fu_1635_p2                                    | -   |        | add_ln202_9     | add   | fabric  | 0       |
|    add_ln202_10_fu_1737_p2                                   | -   |        | add_ln202_10    | add   | fabric  | 0       |
|    add_ln202_11_fu_1751_p2                                   | -   |        | add_ln202_11    | add   | fabric  | 0       |
|    add_ln202_12_fu_1765_p2                                   | -   |        | add_ln202_12    | add   | fabric  | 0       |
|    add_ln202_13_fu_1779_p2                                   | -   |        | add_ln202_13    | add   | fabric  | 0       |
|    add_ln202_14_fu_1881_p2                                   | -   |        | add_ln202_14    | add   | fabric  | 0       |
|    add_ln202_15_fu_1895_p2                                   | -   |        | add_ln202_15    | add   | fabric  | 0       |
|    fexp_32ns_32ns_32_13_full_dsp_1_U514                      | 7   |        | tmp_3           | fexp  | fulldsp | 12      |
|    fexp_32ns_32ns_32_13_full_dsp_1_U515                      | 7   |        | tmp_4           | fexp  | fulldsp | 12      |
|    fexp_32ns_32ns_32_13_full_dsp_1_U516                      | 7   |        | tmp_5           | fexp  | fulldsp | 12      |
|    fexp_32ns_32ns_32_13_full_dsp_1_U514                      | 7   |        | tmp_6           | fexp  | fulldsp | 12      |
|    fexp_32ns_32ns_32_13_full_dsp_1_U517                      | 7   |        | tmp_7           | fexp  | fulldsp | 12      |
|    fexp_32ns_32ns_32_13_full_dsp_1_U518                      | 7   |        | tmp_8           | fexp  | fulldsp | 12      |
|    fexp_32ns_32ns_32_13_full_dsp_1_U515                      | 7   |        | tmp_9           | fexp  | fulldsp | 12      |
|    fexp_32ns_32ns_32_13_full_dsp_1_U514                      | 7   |        | tmp_s           | fexp  | fulldsp | 12      |
|    fexp_32ns_32ns_32_13_full_dsp_1_U516                      | 7   |        | tmp_10          | fexp  | fulldsp | 12      |
|    fexp_32ns_32ns_32_13_full_dsp_1_U517                      | 7   |        | tmp_11          | fexp  | fulldsp | 12      |
|    fexp_32ns_32ns_32_13_full_dsp_1_U515                      | 7   |        | tmp_12          | fexp  | fulldsp | 12      |
|    fexp_32ns_32ns_32_13_full_dsp_1_U516                      | 7   |        | tmp_13          | fexp  | fulldsp | 12      |
|    fexp_32ns_32ns_32_13_full_dsp_1_U518                      | 7   |        | tmp_14          | fexp  | fulldsp | 12      |
|    fexp_32ns_32ns_32_13_full_dsp_1_U517                      | 7   |        | tmp_15          | fexp  | fulldsp | 12      |
|    fexp_32ns_32ns_32_13_full_dsp_1_U514                      | 7   |        | tmp_16          | fexp  | fulldsp | 12      |
|    fexp_32ns_32ns_32_13_full_dsp_1_U515                      | 7   |        | tmp_17          | fexp  | fulldsp | 12      |
|    fexp_32ns_32ns_32_13_full_dsp_1_U518                      | 7   |        | tmp_18          | fexp  | fulldsp | 12      |
|    fexp_32ns_32ns_32_13_full_dsp_1_U516                      | 7   |        | tmp_19          | fexp  | fulldsp | 12      |
|    fexp_32ns_32ns_32_13_full_dsp_1_U517                      | 7   |        | tmp_20          | fexp  | fulldsp | 12      |
|    fexp_32ns_32ns_32_13_full_dsp_1_U514                      | 7   |        | tmp_21          | fexp  | fulldsp | 12      |
|    fexp_32ns_32ns_32_13_full_dsp_1_U518                      | 7   |        | tmp_22          | fexp  | fulldsp | 12      |
|    fexp_32ns_32ns_32_13_full_dsp_1_U515                      | 7   |        | tmp_23          | fexp  | fulldsp | 12      |
|    fexp_32ns_32ns_32_13_full_dsp_1_U516                      | 7   |        | tmp_24          | fexp  | fulldsp | 12      |
|    fexp_32ns_32ns_32_13_full_dsp_1_U514                      | 7   |        | tmp_25          | fexp  | fulldsp | 12      |
|    fexp_32ns_32ns_32_13_full_dsp_1_U517                      | 7   |        | tmp_26          | fexp  | fulldsp | 12      |
|    fexp_32ns_32ns_32_13_full_dsp_1_U518                      | 7   |        | tmp_27          | fexp  | fulldsp | 12      |
|    fexp_32ns_32ns_32_13_full_dsp_1_U515                      | 7   |        | tmp_28          | fexp  | fulldsp | 12      |
|    fexp_32ns_32ns_32_13_full_dsp_1_U514                      | 7   |        | tmp_29          | fexp  | fulldsp | 12      |
|    fexp_32ns_32ns_32_13_full_dsp_1_U516                      | 7   |        | tmp_30          | fexp  | fulldsp | 12      |
|    fexp_32ns_32ns_32_13_full_dsp_1_U517                      | 7   |        | tmp_31          | fexp  | fulldsp | 12      |
|    fexp_32ns_32ns_32_13_full_dsp_1_U515                      | 7   |        | tmp_32          | fexp  | fulldsp | 12      |
|    fexp_32ns_32ns_32_13_full_dsp_1_U516                      | 7   |        | tmp_33          | fexp  | fulldsp | 12      |
|    fexp_32ns_32ns_32_13_full_dsp_1_U518                      | 7   |        | tmp_34          | fexp  | fulldsp | 12      |
|    fexp_32ns_32ns_32_13_full_dsp_1_U517                      | 7   |        | tmp_35          | fexp  | fulldsp | 12      |
|    fexp_32ns_32ns_32_13_full_dsp_1_U514                      | 7   |        | tmp_36          | fexp  | fulldsp | 12      |
|    fexp_32ns_32ns_32_13_full_dsp_1_U515                      | 7   |        | tmp_37          | fexp  | fulldsp | 12      |
|    fexp_32ns_32ns_32_13_full_dsp_1_U518                      | 7   |        | tmp_38          | fexp  | fulldsp | 12      |
|    fexp_32ns_32ns_32_13_full_dsp_1_U516                      | 7   |        | tmp_39          | fexp  | fulldsp | 12      |
|    fexp_32ns_32ns_32_13_full_dsp_1_U517                      | 7   |        | tmp_40          | fexp  | fulldsp | 12      |
|    fexp_32ns_32ns_32_13_full_dsp_1_U514                      | 7   |        | tmp_41          | fexp  | fulldsp | 12      |
|    fexp_32ns_32ns_32_13_full_dsp_1_U518                      | 7   |        | tmp_42          | fexp  | fulldsp | 12      |
|    fexp_32ns_32ns_32_13_full_dsp_1_U515                      | 7   |        | tmp_43          | fexp  | fulldsp | 12      |
|    fexp_32ns_32ns_32_13_full_dsp_1_U516                      | 7   |        | tmp_44          | fexp  | fulldsp | 12      |
|    fexp_32ns_32ns_32_13_full_dsp_1_U514                      | 7   |        | tmp_45          | fexp  | fulldsp | 12      |
|    fexp_32ns_32ns_32_13_full_dsp_1_U517                      | 7   |        | tmp_46          | fexp  | fulldsp | 12      |
|    fexp_32ns_32ns_32_13_full_dsp_1_U518                      | 7   |        | tmp_47          | fexp  | fulldsp | 12      |
|    fexp_32ns_32ns_32_13_full_dsp_1_U515                      | 7   |        | tmp_48          | fexp  | fulldsp | 12      |
|    fexp_32ns_32ns_32_13_full_dsp_1_U514                      | 7   |        | tmp_49          | fexp  | fulldsp | 12      |
|    fexp_32ns_32ns_32_13_full_dsp_1_U516                      | 7   |        | tmp_50          | fexp  | fulldsp | 12      |
|    fexp_32ns_32ns_32_13_full_dsp_1_U517                      | 7   |        | tmp_51          | fexp  | fulldsp | 12      |
|    fexp_32ns_32ns_32_13_full_dsp_1_U515                      | 7   |        | tmp_52          | fexp  | fulldsp | 12      |
|    fexp_32ns_32ns_32_13_full_dsp_1_U516                      | 7   |        | tmp_53          | fexp  | fulldsp | 12      |
|    fexp_32ns_32ns_32_13_full_dsp_1_U518                      | 7   |        | tmp_54          | fexp  | fulldsp | 12      |
|    fexp_32ns_32ns_32_13_full_dsp_1_U517                      | 7   |        | tmp_55          | fexp  | fulldsp | 12      |
|    fexp_32ns_32ns_32_13_full_dsp_1_U514                      | 7   |        | tmp_56          | fexp  | fulldsp | 12      |
|    fexp_32ns_32ns_32_13_full_dsp_1_U515                      | 7   |        | tmp_57          | fexp  | fulldsp | 12      |
|    fexp_32ns_32ns_32_13_full_dsp_1_U518                      | 7   |        | tmp_58          | fexp  | fulldsp | 12      |
|    fexp_32ns_32ns_32_13_full_dsp_1_U516                      | 7   |        | tmp_59          | fexp  | fulldsp | 12      |
|    fexp_32ns_32ns_32_13_full_dsp_1_U517                      | 7   |        | tmp_60          | fexp  | fulldsp | 12      |
|    fexp_32ns_32ns_32_13_full_dsp_1_U514                      | 7   |        | tmp_61          | fexp  | fulldsp | 12      |
|    fexp_32ns_32ns_32_13_full_dsp_1_U518                      | 7   |        | tmp_62          | fexp  | fulldsp | 12      |
|    fexp_32ns_32ns_32_13_full_dsp_1_U515                      | 7   |        | tmp_63          | fexp  | fulldsp | 12      |
|    fexp_32ns_32ns_32_13_full_dsp_1_U516                      | 7   |        | tmp_64          | fexp  | fulldsp | 12      |
|    fexp_32ns_32ns_32_13_full_dsp_1_U514                      | 7   |        | tmp_65          | fexp  | fulldsp | 12      |
|    fexp_32ns_32ns_32_13_full_dsp_1_U517                      | 7   |        | tmp_66          | fexp  | fulldsp | 12      |
|    fexp_32ns_32ns_32_13_full_dsp_1_U518                      | 7   |        | tmp_67          | fexp  | fulldsp | 12      |
|    fexp_32ns_32ns_32_13_full_dsp_1_U515                      | 7   |        | tmp_68          | fexp  | fulldsp | 12      |
|    fexp_32ns_32ns_32_13_full_dsp_1_U514                      | 7   |        | tmp_69          | fexp  | fulldsp | 12      |
|    fexp_32ns_32ns_32_13_full_dsp_1_U516                      | 7   |        | tmp_70          | fexp  | fulldsp | 12      |
|    fexp_32ns_32ns_32_13_full_dsp_1_U517                      | 7   |        | tmp_71          | fexp  | fulldsp | 12      |
|    fexp_32ns_32ns_32_13_full_dsp_1_U515                      | 7   |        | tmp_72          | fexp  | fulldsp | 12      |
|    fexp_32ns_32ns_32_13_full_dsp_1_U516                      | 7   |        | tmp_73          | fexp  | fulldsp | 12      |
|    fexp_32ns_32ns_32_13_full_dsp_1_U518                      | 7   |        | tmp_74          | fexp  | fulldsp | 12      |
|    fexp_32ns_32ns_32_13_full_dsp_1_U517                      | 7   |        | tmp_75          | fexp  | fulldsp | 12      |
|    fexp_32ns_32ns_32_13_full_dsp_1_U514                      | 7   |        | tmp_76          | fexp  | fulldsp | 12      |
|    fexp_32ns_32ns_32_13_full_dsp_1_U515                      | 7   |        | tmp_77          | fexp  | fulldsp | 12      |
|    fexp_32ns_32ns_32_13_full_dsp_1_U518                      | 7   |        | tmp_78          | fexp  | fulldsp | 12      |
|    fexp_32ns_32ns_32_13_full_dsp_1_U516                      | 7   |        | tmp_79          | fexp  | fulldsp | 12      |
|    fexp_32ns_32ns_32_13_full_dsp_1_U517                      | 7   |        | tmp_80          | fexp  | fulldsp | 12      |
|    fexp_32ns_32ns_32_13_full_dsp_1_U514                      | 7   |        | tmp_81          | fexp  | fulldsp | 12      |
|    fexp_32ns_32ns_32_13_full_dsp_1_U518                      | 7   |        | tmp_82          | fexp  | fulldsp | 12      |
|    fexp_32ns_32ns_32_13_full_dsp_1_U515                      | 7   |        | tmp_83          | fexp  | fulldsp | 12      |
|    fexp_32ns_32ns_32_13_full_dsp_1_U516                      | 7   |        | tmp_84          | fexp  | fulldsp | 12      |
|    fexp_32ns_32ns_32_13_full_dsp_1_U514                      | 7   |        | tmp_85          | fexp  | fulldsp | 12      |
|    fexp_32ns_32ns_32_13_full_dsp_1_U517                      | 7   |        | tmp_86          | fexp  | fulldsp | 12      |
|    fexp_32ns_32ns_32_13_full_dsp_1_U518                      | 7   |        | tmp_87          | fexp  | fulldsp | 12      |
|    fexp_32ns_32ns_32_13_full_dsp_1_U515                      | 7   |        | tmp_88          | fexp  | fulldsp | 12      |
|    fexp_32ns_32ns_32_13_full_dsp_1_U514                      | 7   |        | tmp_89          | fexp  | fulldsp | 12      |
|    fexp_32ns_32ns_32_13_full_dsp_1_U516                      | 7   |        | tmp_90          | fexp  | fulldsp | 12      |
|    fexp_32ns_32ns_32_13_full_dsp_1_U517                      | 7   |        | tmp_91          | fexp  | fulldsp | 12      |
|    fexp_32ns_32ns_32_13_full_dsp_1_U515                      | 7   |        | tmp_92          | fexp  | fulldsp | 12      |
|    fexp_32ns_32ns_32_13_full_dsp_1_U516                      | 7   |        | tmp_93          | fexp  | fulldsp | 12      |
|    fexp_32ns_32ns_32_13_full_dsp_1_U518                      | 7   |        | tmp_94          | fexp  | fulldsp | 12      |
|    fexp_32ns_32ns_32_13_full_dsp_1_U517                      | 7   |        | tmp_95          | fexp  | fulldsp | 12      |
|    fexp_32ns_32ns_32_13_full_dsp_1_U514                      | 7   |        | tmp_96          | fexp  | fulldsp | 12      |
|    fexp_32ns_32ns_32_13_full_dsp_1_U515                      | 7   |        | tmp_97          | fexp  | fulldsp | 12      |
|    fexp_32ns_32ns_32_13_full_dsp_1_U518                      | 7   |        | tmp_98          | fexp  | fulldsp | 12      |
|    fexp_32ns_32ns_32_13_full_dsp_1_U516                      | 7   |        | tmp_99          | fexp  | fulldsp | 12      |
|    fexp_32ns_32ns_32_13_full_dsp_1_U517                      | 7   |        | tmp_100         | fexp  | fulldsp | 12      |
|    fexp_32ns_32ns_32_13_full_dsp_1_U518                      | 7   |        | tmp_101         | fexp  | fulldsp | 12      |
|    fdiv_32ns_32ns_32_16_no_dsp_1_U505                        | -   |        | div_i_i_i_1     | fdiv  | fabric  | 15      |
|    fdiv_32ns_32ns_32_16_no_dsp_1_U506                        | -   |        | div_i_i_i_2     | fdiv  | fabric  | 15      |
|    fdiv_32ns_32ns_32_16_no_dsp_1_U507                        | -   |        | div_i_i_i_3     | fdiv  | fabric  | 15      |
|    fdiv_32ns_32ns_32_16_no_dsp_1_U508                        | -   |        | div_i_i_i_4     | fdiv  | fabric  | 15      |
|    fdiv_32ns_32ns_32_16_no_dsp_1_U505                        | -   |        | div_i_i_i_6     | fdiv  | fabric  | 15      |
|    fdiv_32ns_32ns_32_16_no_dsp_1_U506                        | -   |        | div_i_i_i_7     | fdiv  | fabric  | 15      |
|    fdiv_32ns_32ns_32_16_no_dsp_1_U507                        | -   |        | div_i_i_i_8     | fdiv  | fabric  | 15      |
|    fdiv_32ns_32ns_32_16_no_dsp_1_U508                        | -   |        | div_i_i_i_9     | fdiv  | fabric  | 15      |
|    fdiv_32ns_32ns_32_16_no_dsp_1_U505                        | -   |        | div_i_i_i_10    | fdiv  | fabric  | 15      |
|    fdiv_32ns_32ns_32_16_no_dsp_1_U506                        | -   |        | div_i_i_i_11    | fdiv  | fabric  | 15      |
|    fdiv_32ns_32ns_32_16_no_dsp_1_U507                        | -   |        | div_i_i_i_12    | fdiv  | fabric  | 15      |
|    fdiv_32ns_32ns_32_16_no_dsp_1_U508                        | -   |        | div_i_i_i_13    | fdiv  | fabric  | 15      |
|    fdiv_32ns_32ns_32_16_no_dsp_1_U505                        | -   |        | div_i_i_i_15    | fdiv  | fabric  | 15      |
|    fdiv_32ns_32ns_32_16_no_dsp_1_U506                        | -   |        | div_i_i_i_16    | fdiv  | fabric  | 15      |
|    fdiv_32ns_32ns_32_16_no_dsp_1_U507                        | -   |        | div_i_i_i_17    | fdiv  | fabric  | 15      |
|    fdiv_32ns_32ns_32_16_no_dsp_1_U508                        | -   |        | div_i_i_i_18    | fdiv  | fabric  | 15      |
|    fdiv_32ns_32ns_32_16_no_dsp_1_U505                        | -   |        | div_i_i_i_20    | fdiv  | fabric  | 15      |
|    fdiv_32ns_32ns_32_16_no_dsp_1_U506                        | -   |        | div_i_i_i_21    | fdiv  | fabric  | 15      |
|    fdiv_32ns_32ns_32_16_no_dsp_1_U507                        | -   |        | div_i_i_i_22    | fdiv  | fabric  | 15      |
|    fdiv_32ns_32ns_32_16_no_dsp_1_U508                        | -   |        | div_i_i_i_23    | fdiv  | fabric  | 15      |
|    fdiv_32ns_32ns_32_16_no_dsp_1_U505                        | -   |        | div_i_i_i_25    | fdiv  | fabric  | 15      |
|    fdiv_32ns_32ns_32_16_no_dsp_1_U506                        | -   |        | div_i_i_i_26    | fdiv  | fabric  | 15      |
|    fdiv_32ns_32ns_32_16_no_dsp_1_U507                        | -   |        | div_i_i_i_27    | fdiv  | fabric  | 15      |
|    fdiv_32ns_32ns_32_16_no_dsp_1_U508                        | -   |        | div_i_i_i_28    | fdiv  | fabric  | 15      |
|    fdiv_32ns_32ns_32_16_no_dsp_1_U505                        | -   |        | div_i_i_i_30    | fdiv  | fabric  | 15      |
|    fdiv_32ns_32ns_32_16_no_dsp_1_U506                        | -   |        | div_i_i_i_31    | fdiv  | fabric  | 15      |
|    fdiv_32ns_32ns_32_16_no_dsp_1_U507                        | -   |        | div_i_i_i_32    | fdiv  | fabric  | 15      |
|    fdiv_32ns_32ns_32_16_no_dsp_1_U508                        | -   |        | div_i_i_i_33    | fdiv  | fabric  | 15      |
|    fdiv_32ns_32ns_32_16_no_dsp_1_U505                        | -   |        | div_i_i_i_35    | fdiv  | fabric  | 15      |
|    fdiv_32ns_32ns_32_16_no_dsp_1_U506                        | -   |        | div_i_i_i_36    | fdiv  | fabric  | 15      |
|    fdiv_32ns_32ns_32_16_no_dsp_1_U507                        | -   |        | div_i_i_i_37    | fdiv  | fabric  | 15      |
|    fdiv_32ns_32ns_32_16_no_dsp_1_U508                        | -   |        | div_i_i_i_38    | fdiv  | fabric  | 15      |
|    fdiv_32ns_32ns_32_16_no_dsp_1_U505                        | -   |        | div_i_i_i_40    | fdiv  | fabric  | 15      |
|    fdiv_32ns_32ns_32_16_no_dsp_1_U506                        | -   |        | div_i_i_i_41    | fdiv  | fabric  | 15      |
|    fdiv_32ns_32ns_32_16_no_dsp_1_U507                        | -   |        | div_i_i_i_42    | fdiv  | fabric  | 15      |
|    fdiv_32ns_32ns_32_16_no_dsp_1_U508                        | -   |        | div_i_i_i_43    | fdiv  | fabric  | 15      |
|    fdiv_32ns_32ns_32_16_no_dsp_1_U505                        | -   |        | div_i_i_i_45    | fdiv  | fabric  | 15      |
|    fdiv_32ns_32ns_32_16_no_dsp_1_U506                        | -   |        | div_i_i_i_46    | fdiv  | fabric  | 15      |
|    fdiv_32ns_32ns_32_16_no_dsp_1_U507                        | -   |        | div_i_i_i_47    | fdiv  | fabric  | 15      |
|    fdiv_32ns_32ns_32_16_no_dsp_1_U508                        | -   |        | div_i_i_i_48    | fdiv  | fabric  | 15      |
|    fdiv_32ns_32ns_32_16_no_dsp_1_U505                        | -   |        | div_i_i_i_50    | fdiv  | fabric  | 15      |
|    fdiv_32ns_32ns_32_16_no_dsp_1_U506                        | -   |        | div_i_i_i_51    | fdiv  | fabric  | 15      |
|    fdiv_32ns_32ns_32_16_no_dsp_1_U507                        | -   |        | div_i_i_i_52    | fdiv  | fabric  | 15      |
|    fdiv_32ns_32ns_32_16_no_dsp_1_U508                        | -   |        | div_i_i_i_53    | fdiv  | fabric  | 15      |
|    fdiv_32ns_32ns_32_16_no_dsp_1_U505                        | -   |        | div_i_i_i_55    | fdiv  | fabric  | 15      |
|    fdiv_32ns_32ns_32_16_no_dsp_1_U506                        | -   |        | div_i_i_i_56    | fdiv  | fabric  | 15      |
|    fdiv_32ns_32ns_32_16_no_dsp_1_U507                        | -   |        | div_i_i_i_57    | fdiv  | fabric  | 15      |
|    fdiv_32ns_32ns_32_16_no_dsp_1_U508                        | -   |        | div_i_i_i_58    | fdiv  | fabric  | 15      |
|    fdiv_32ns_32ns_32_16_no_dsp_1_U505                        | -   |        | div_i_i_i_60    | fdiv  | fabric  | 15      |
|    fdiv_32ns_32ns_32_16_no_dsp_1_U506                        | -   |        | div_i_i_i_61    | fdiv  | fabric  | 15      |
|    fdiv_32ns_32ns_32_16_no_dsp_1_U507                        | -   |        | div_i_i_i_62    | fdiv  | fabric  | 15      |
|    fdiv_32ns_32ns_32_16_no_dsp_1_U508                        | -   |        | div_i_i_i_63    | fdiv  | fabric  | 15      |
|    fdiv_32ns_32ns_32_16_no_dsp_1_U505                        | -   |        | div_i_i_i_65    | fdiv  | fabric  | 15      |
|    fdiv_32ns_32ns_32_16_no_dsp_1_U506                        | -   |        | div_i_i_i_66    | fdiv  | fabric  | 15      |
|    fdiv_32ns_32ns_32_16_no_dsp_1_U507                        | -   |        | div_i_i_i_67    | fdiv  | fabric  | 15      |
|    fdiv_32ns_32ns_32_16_no_dsp_1_U508                        | -   |        | div_i_i_i_68    | fdiv  | fabric  | 15      |
|    fdiv_32ns_32ns_32_16_no_dsp_1_U505                        | -   |        | div_i_i_i_70    | fdiv  | fabric  | 15      |
|    fdiv_32ns_32ns_32_16_no_dsp_1_U506                        | -   |        | div_i_i_i_71    | fdiv  | fabric  | 15      |
|    fdiv_32ns_32ns_32_16_no_dsp_1_U507                        | -   |        | div_i_i_i_72    | fdiv  | fabric  | 15      |
|    fdiv_32ns_32ns_32_16_no_dsp_1_U508                        | -   |        | div_i_i_i_73    | fdiv  | fabric  | 15      |
|    fdiv_32ns_32ns_32_16_no_dsp_1_U505                        | -   |        | div_i_i_i_75    | fdiv  | fabric  | 15      |
|    fdiv_32ns_32ns_32_16_no_dsp_1_U506                        | -   |        | div_i_i_i_76    | fdiv  | fabric  | 15      |
|    fdiv_32ns_32ns_32_16_no_dsp_1_U507                        | -   |        | div_i_i_i_77    | fdiv  | fabric  | 15      |
|    fdiv_32ns_32ns_32_16_no_dsp_1_U508                        | -   |        | div_i_i_i_78    | fdiv  | fabric  | 15      |
|    fdiv_32ns_32ns_32_16_no_dsp_1_U505                        | -   |        | div_i_i_i_80    | fdiv  | fabric  | 15      |
|    fdiv_32ns_32ns_32_16_no_dsp_1_U506                        | -   |        | div_i_i_i_81    | fdiv  | fabric  | 15      |
|    fdiv_32ns_32ns_32_16_no_dsp_1_U507                        | -   |        | div_i_i_i_82    | fdiv  | fabric  | 15      |
|    fdiv_32ns_32ns_32_16_no_dsp_1_U508                        | -   |        | div_i_i_i_83    | fdiv  | fabric  | 15      |
|    fdiv_32ns_32ns_32_16_no_dsp_1_U505                        | -   |        | div_i_i_i_85    | fdiv  | fabric  | 15      |
|    fdiv_32ns_32ns_32_16_no_dsp_1_U506                        | -   |        | div_i_i_i_86    | fdiv  | fabric  | 15      |
|    fdiv_32ns_32ns_32_16_no_dsp_1_U507                        | -   |        | div_i_i_i_87    | fdiv  | fabric  | 15      |
|    fdiv_32ns_32ns_32_16_no_dsp_1_U508                        | -   |        | div_i_i_i_88    | fdiv  | fabric  | 15      |
|    fdiv_32ns_32ns_32_16_no_dsp_1_U505                        | -   |        | div_i_i_i_90    | fdiv  | fabric  | 15      |
|    fdiv_32ns_32ns_32_16_no_dsp_1_U506                        | -   |        | div_i_i_i_91    | fdiv  | fabric  | 15      |
|    fdiv_32ns_32ns_32_16_no_dsp_1_U507                        | -   |        | div_i_i_i_92    | fdiv  | fabric  | 15      |
|    fdiv_32ns_32ns_32_16_no_dsp_1_U508                        | -   |        | div_i_i_i_93    | fdiv  | fabric  | 15      |
|    fdiv_32ns_32ns_32_16_no_dsp_1_U505                        | -   |        | div_i_i_i_95    | fdiv  | fabric  | 15      |
|    fdiv_32ns_32ns_32_16_no_dsp_1_U506                        | -   |        | div_i_i_i_96    | fdiv  | fabric  | 15      |
|    fdiv_32ns_32ns_32_16_no_dsp_1_U507                        | -   |        | div_i_i_i_97    | fdiv  | fabric  | 15      |
|    fdiv_32ns_32ns_32_16_no_dsp_1_U508                        | -   |        | div_i_i_i_98    | fdiv  | fabric  | 15      |
|  + transformer_blk_s3_top_Pipeline_MHSA_OQ_MHSA_OD_MHSA_OK_T | 45  |        |                 |       |         |         |
|    empty_81_fu_1293_p2                                       | -   |        | empty_81        | sub   | fabric  | 0       |
|    p_udiv7108_fu_1317_p2                                     | -   |        | p_udiv7108      | add   | fabric  | 0       |
|    add_ln311_fu_841_p2                                       | -   |        | add_ln311       | add   | fabric  | 0       |
|    add_ln300_fu_852_p2                                       | -   |        | add_ln300       | add   | fabric  | 0       |
|    add_ln300_1_fu_1199_p2                                    | -   |        | add_ln300_1     | add   | fabric  | 0       |
|    p_mid11199_fu_1341_p2                                     | -   |        | p_mid11199      | sub   | fabric  | 0       |
|    p_udiv7108_mid1_fu_1372_p2                                | -   |        | p_udiv7108_mid1 | add   | fabric  | 0       |
|    add_ln301_fu_900_p2                                       | -   |        | add_ln301       | add   | fabric  | 0       |
|    add_ln311_3_fu_932_p2                                     | -   |        | add_ln311_3     | add   | fabric  | 0       |
|    mul_7ns_9ns_15_1_1_U556                                   | -   |        | mul_ln310       | mul   | auto    | 0       |
|    add_ln310_fu_1391_p2                                      | -   |        | add_ln310       | add   | fabric  | 0       |
|    sub_ln311_fu_1052_p2                                      | -   |        | sub_ln311       | sub   | fabric  | 0       |
|    add_ln311_1_fu_1058_p2                                    | -   |        | add_ln311_1     | add   | fabric  | 0       |
|    mul_7ns_9ns_15_1_1_U557                                   | -   |        | mul_ln310_1     | mul   | auto    | 0       |
|    add_ln310_1_fu_1417_p2                                    | -   |        | add_ln310_1     | add   | fabric  | 0       |
|    add_ln311_2_fu_1084_p2                                    | -   |        | add_ln311_2     | add   | fabric  | 0       |
|    mul_64ns_66ns_129_3_1_U553                                | 15  |        | mul_ln311_1     | mul   | auto    | 2       |
|    mul_7ns_9ns_15_1_1_U558                                   | -   |        | mul_ln310_2     | mul   | auto    | 0       |
|    add_ln310_2_fu_1594_p2                                    | -   |        | add_ln310_2     | add   | fabric  | 0       |
|    mul_64ns_66ns_129_3_1_U554                                | 15  |        | mul_ln311_2     | mul   | auto    | 2       |
|    mul_7ns_9ns_15_1_1_U559                                   | -   |        | mul_ln310_3     | mul   | auto    | 0       |
|    add_ln310_3_fu_1619_p2                                    | -   |        | add_ln310_3     | add   | fabric  | 0       |
|    mul_64ns_66ns_129_3_1_U555                                | 15  |        | mul_ln311_3     | mul   | auto    | 2       |
|    add_ln304_fu_1144_p2                                      | -   |        | add_ln304       | add   | fabric  | 0       |
|    add_ln320_1_fu_1498_p2                                    | -   |        | add_ln320_1     | add   | fabric  | 0       |
|    add_ln320_fu_1507_p2                                      | -   |        | add_ln320       | add   | fabric  | 0       |
|    add_ln301_1_fu_995_p2                                     | -   |        | add_ln301_1     | add   | fabric  | 0       |
|  + transformer_blk_s3_top_Pipeline_LF_S_LF_OD3               | 0   |        |                 |       |         |         |
|    empty_fu_4286_p2                                          | -   |        | empty           | sub   | fabric  | 0       |
|    add_ln162_7_fu_4306_p2                                    | -   |        | add_ln162_7     | add   | fabric  | 0       |
|    add_ln162_fu_4329_p2                                      | -   |        | add_ln162       | add   | fabric  | 0       |
|    p_mid11422_fu_4355_p2                                     | -   |        | p_mid11422      | sub   | fabric  | 0       |
|    add_ln165_fu_4651_p2                                      | -   |        | add_ln165       | add   | fabric  | 0       |
|    add_ln165_2_fu_4661_p2                                    | -   |        | add_ln165_2     | add   | fabric  | 0       |
|    sub_ln170_fu_4693_p2                                      | -   |        | sub_ln170       | sub   | fabric  | 0       |
|    add_ln170_fu_4703_p2                                      | -   |        | add_ln170       | add   | fabric  | 0       |
|    add_ln170_959_fu_4722_p2                                  | -   |        | add_ln170_959   | add   | fabric  | 0       |
|    add_ln170_960_fu_4741_p2                                  | -   |        | add_ln170_960   | add   | fabric  | 0       |
|    add_ln170_961_fu_4765_p2                                  | -   |        | add_ln170_961   | add   | fabric  | 0       |
|    add_ln170_962_fu_4784_p2                                  | -   |        | add_ln170_962   | add   | fabric  | 0       |
|    add_ln170_963_fu_4813_p2                                  | -   |        | add_ln170_963   | add   | fabric  | 0       |
|    add_ln170_964_fu_4832_p2                                  | -   |        | add_ln170_964   | add   | fabric  | 0       |
|    add_ln170_965_fu_4861_p2                                  | -   |        | add_ln170_965   | add   | fabric  | 0       |
|    add_ln170_966_fu_4880_p2                                  | -   |        | add_ln170_966   | add   | fabric  | 0       |
|    add_ln170_967_fu_4909_p2                                  | -   |        | add_ln170_967   | add   | fabric  | 0       |
|    add_ln170_968_fu_4928_p2                                  | -   |        | add_ln170_968   | add   | fabric  | 0       |
|    add_ln170_969_fu_4957_p2                                  | -   |        | add_ln170_969   | add   | fabric  | 0       |
|    add_ln170_970_fu_4976_p2                                  | -   |        | add_ln170_970   | add   | fabric  | 0       |
|    add_ln170_971_fu_5010_p2                                  | -   |        | add_ln170_971   | add   | fabric  | 0       |
|    add_ln170_972_fu_5029_p2                                  | -   |        | add_ln170_972   | add   | fabric  | 0       |
|    add_ln170_973_fu_5058_p2                                  | -   |        | add_ln170_973   | add   | fabric  | 0       |
|    add_ln170_974_fu_5077_p2                                  | -   |        | add_ln170_974   | add   | fabric  | 0       |
|    add_ln170_975_fu_5106_p2                                  | -   |        | add_ln170_975   | add   | fabric  | 0       |
|    add_ln170_976_fu_5125_p2                                  | -   |        | add_ln170_976   | add   | fabric  | 0       |
|    add_ln170_977_fu_5154_p2                                  | -   |        | add_ln170_977   | add   | fabric  | 0       |
|    add_ln170_978_fu_5173_p2                                  | -   |        | add_ln170_978   | add   | fabric  | 0       |
|    add_ln170_979_fu_5202_p2                                  | -   |        | add_ln170_979   | add   | fabric  | 0       |
|    add_ln170_980_fu_5221_p2                                  | -   |        | add_ln170_980   | add   | fabric  | 0       |
|    add_ln170_981_fu_5250_p2                                  | -   |        | add_ln170_981   | add   | fabric  | 0       |
|    add_ln170_982_fu_5269_p2                                  | -   |        | add_ln170_982   | add   | fabric  | 0       |
|    add_ln170_983_fu_5298_p2                                  | -   |        | add_ln170_983   | add   | fabric  | 0       |
|    add_ln170_984_fu_5317_p2                                  | -   |        | add_ln170_984   | add   | fabric  | 0       |
|    add_ln170_985_fu_5346_p2                                  | -   |        | add_ln170_985   | add   | fabric  | 0       |
|    add_ln170_986_fu_5365_p2                                  | -   |        | add_ln170_986   | add   | fabric  | 0       |
|    add_ln170_987_fu_5394_p2                                  | -   |        | add_ln170_987   | add   | fabric  | 0       |
|    add_ln170_988_fu_5413_p2                                  | -   |        | add_ln170_988   | add   | fabric  | 0       |
|    add_ln170_989_fu_5442_p2                                  | -   |        | add_ln170_989   | add   | fabric  | 0       |
|    add_ln170_990_fu_5461_p2                                  | -   |        | add_ln170_990   | add   | fabric  | 0       |
|    add_ln170_991_fu_5490_p2                                  | -   |        | add_ln170_991   | add   | fabric  | 0       |
|    add_ln170_992_fu_5509_p2                                  | -   |        | add_ln170_992   | add   | fabric  | 0       |
|    add_ln170_993_fu_5538_p2                                  | -   |        | add_ln170_993   | add   | fabric  | 0       |
|    add_ln170_994_fu_5557_p2                                  | -   |        | add_ln170_994   | add   | fabric  | 0       |
|    add_ln170_995_fu_5586_p2                                  | -   |        | add_ln170_995   | add   | fabric  | 0       |
|    add_ln170_996_fu_5605_p2                                  | -   |        | add_ln170_996   | add   | fabric  | 0       |
|    add_ln170_997_fu_5634_p2                                  | -   |        | add_ln170_997   | add   | fabric  | 0       |
|    add_ln170_998_fu_5653_p2                                  | -   |        | add_ln170_998   | add   | fabric  | 0       |
|    add_ln170_999_fu_5682_p2                                  | -   |        | add_ln170_999   | add   | fabric  | 0       |
|    add_ln170_1000_fu_5701_p2                                 | -   |        | add_ln170_1000  | add   | fabric  | 0       |
|    add_ln170_1001_fu_5730_p2                                 | -   |        | add_ln170_1001  | add   | fabric  | 0       |
|    add_ln170_1002_fu_5749_p2                                 | -   |        | add_ln170_1002  | add   | fabric  | 0       |
|    add_ln170_1003_fu_5778_p2                                 | -   |        | add_ln170_1003  | add   | fabric  | 0       |
|    add_ln170_1004_fu_5797_p2                                 | -   |        | add_ln170_1004  | add   | fabric  | 0       |
|    add_ln170_1005_fu_5826_p2                                 | -   |        | add_ln170_1005  | add   | fabric  | 0       |
|    add_ln170_1006_fu_5845_p2                                 | -   |        | add_ln170_1006  | add   | fabric  | 0       |
|    add_ln170_1007_fu_5874_p2                                 | -   |        | add_ln170_1007  | add   | fabric  | 0       |
|    add_ln170_1008_fu_5893_p2                                 | -   |        | add_ln170_1008  | add   | fabric  | 0       |
|    add_ln170_1009_fu_5922_p2                                 | -   |        | add_ln170_1009  | add   | fabric  | 0       |
|    add_ln170_1010_fu_5941_p2                                 | -   |        | add_ln170_1010  | add   | fabric  | 0       |
|    add_ln170_1011_fu_5970_p2                                 | -   |        | add_ln170_1011  | add   | fabric  | 0       |
|    add_ln170_1012_fu_5989_p2                                 | -   |        | add_ln170_1012  | add   | fabric  | 0       |
|    add_ln170_1013_fu_6018_p2                                 | -   |        | add_ln170_1013  | add   | fabric  | 0       |
|    add_ln170_1014_fu_6037_p2                                 | -   |        | add_ln170_1014  | add   | fabric  | 0       |
|    add_ln170_1015_fu_6066_p2                                 | -   |        | add_ln170_1015  | add   | fabric  | 0       |
|    add_ln170_1016_fu_6085_p2                                 | -   |        | add_ln170_1016  | add   | fabric  | 0       |
|    add_ln170_1017_fu_6114_p2                                 | -   |        | add_ln170_1017  | add   | fabric  | 0       |
|    add_ln170_1018_fu_6133_p2                                 | -   |        | add_ln170_1018  | add   | fabric  | 0       |
|    add_ln170_1019_fu_6162_p2                                 | -   |        | add_ln170_1019  | add   | fabric  | 0       |
|    add_ln170_1020_fu_6181_p2                                 | -   |        | add_ln170_1020  | add   | fabric  | 0       |
|    add_ln170_1021_fu_6213_p2                                 | -   |        | add_ln170_1021  | add   | fabric  | 0       |
|    add_ln170_1022_fu_6223_p2                                 | -   |        | add_ln170_1022  | add   | fabric  | 0       |
|    add_ln170_1023_fu_6233_p2                                 | -   |        | add_ln170_1023  | add   | fabric  | 0       |
|    add_ln170_1024_fu_6253_p2                                 | -   |        | add_ln170_1024  | add   | fabric  | 0       |
|    add_ln170_1025_fu_6262_p2                                 | -   |        | add_ln170_1025  | add   | fabric  | 0       |
|    add_ln170_1026_fu_6272_p2                                 | -   |        | add_ln170_1026  | add   | fabric  | 0       |
|    add_ln170_1027_fu_6281_p2                                 | -   |        | add_ln170_1027  | add   | fabric  | 0       |
|    add_ln170_1028_fu_6301_p2                                 | -   |        | add_ln170_1028  | add   | fabric  | 0       |
|    add_ln170_1029_fu_6310_p2                                 | -   |        | add_ln170_1029  | add   | fabric  | 0       |
|    add_ln170_1030_fu_6320_p2                                 | -   |        | add_ln170_1030  | add   | fabric  | 0       |
|    add_ln170_1031_fu_6329_p2                                 | -   |        | add_ln170_1031  | add   | fabric  | 0       |
|    add_ln170_1032_fu_6349_p2                                 | -   |        | add_ln170_1032  | add   | fabric  | 0       |
|    add_ln170_1033_fu_6358_p2                                 | -   |        | add_ln170_1033  | add   | fabric  | 0       |
|    add_ln170_1034_fu_6368_p2                                 | -   |        | add_ln170_1034  | add   | fabric  | 0       |
|    add_ln170_1035_fu_6377_p2                                 | -   |        | add_ln170_1035  | add   | fabric  | 0       |
|    add_ln170_1036_fu_6397_p2                                 | -   |        | add_ln170_1036  | add   | fabric  | 0       |
|    add_ln170_1037_fu_6406_p2                                 | -   |        | add_ln170_1037  | add   | fabric  | 0       |
|    add_ln170_1038_fu_6416_p2                                 | -   |        | add_ln170_1038  | add   | fabric  | 0       |
|    add_ln170_1039_fu_6425_p2                                 | -   |        | add_ln170_1039  | add   | fabric  | 0       |
|    add_ln170_1040_fu_6445_p2                                 | -   |        | add_ln170_1040  | add   | fabric  | 0       |
|    add_ln170_1041_fu_6454_p2                                 | -   |        | add_ln170_1041  | add   | fabric  | 0       |
|    add_ln170_1042_fu_6464_p2                                 | -   |        | add_ln170_1042  | add   | fabric  | 0       |
|    add_ln170_1043_fu_6473_p2                                 | -   |        | add_ln170_1043  | add   | fabric  | 0       |
|    add_ln170_1044_fu_6493_p2                                 | -   |        | add_ln170_1044  | add   | fabric  | 0       |
|    add_ln170_1045_fu_6502_p2                                 | -   |        | add_ln170_1045  | add   | fabric  | 0       |
|    add_ln170_1046_fu_6512_p2                                 | -   |        | add_ln170_1046  | add   | fabric  | 0       |
|    add_ln170_1047_fu_6521_p2                                 | -   |        | add_ln170_1047  | add   | fabric  | 0       |
|    add_ln170_1048_fu_6541_p2                                 | -   |        | add_ln170_1048  | add   | fabric  | 0       |
|    add_ln170_1049_fu_6550_p2                                 | -   |        | add_ln170_1049  | add   | fabric  | 0       |
|    add_ln170_1050_fu_6560_p2                                 | -   |        | add_ln170_1050  | add   | fabric  | 0       |
|    add_ln170_1051_fu_6569_p2                                 | -   |        | add_ln170_1051  | add   | fabric  | 0       |
|    add_ln170_1052_fu_6589_p2                                 | -   |        | add_ln170_1052  | add   | fabric  | 0       |
|    add_ln170_1053_fu_6598_p2                                 | -   |        | add_ln170_1053  | add   | fabric  | 0       |
|    add_ln170_1054_fu_6608_p2                                 | -   |        | add_ln170_1054  | add   | fabric  | 0       |
|    add_ln170_1055_fu_6617_p2                                 | -   |        | add_ln170_1055  | add   | fabric  | 0       |
|    add_ln170_1056_fu_6637_p2                                 | -   |        | add_ln170_1056  | add   | fabric  | 0       |
|    add_ln170_1057_fu_6646_p2                                 | -   |        | add_ln170_1057  | add   | fabric  | 0       |
|    add_ln170_1058_fu_6656_p2                                 | -   |        | add_ln170_1058  | add   | fabric  | 0       |
|    add_ln170_1059_fu_6665_p2                                 | -   |        | add_ln170_1059  | add   | fabric  | 0       |
|    add_ln170_1060_fu_6685_p2                                 | -   |        | add_ln170_1060  | add   | fabric  | 0       |
|    add_ln170_1061_fu_6694_p2                                 | -   |        | add_ln170_1061  | add   | fabric  | 0       |
|    add_ln170_1062_fu_6704_p2                                 | -   |        | add_ln170_1062  | add   | fabric  | 0       |
|    add_ln170_1063_fu_6713_p2                                 | -   |        | add_ln170_1063  | add   | fabric  | 0       |
|    add_ln170_1064_fu_6733_p2                                 | -   |        | add_ln170_1064  | add   | fabric  | 0       |
|    add_ln170_1065_fu_6742_p2                                 | -   |        | add_ln170_1065  | add   | fabric  | 0       |
|    add_ln170_1066_fu_6752_p2                                 | -   |        | add_ln170_1066  | add   | fabric  | 0       |
|    add_ln170_1067_fu_6761_p2                                 | -   |        | add_ln170_1067  | add   | fabric  | 0       |
|    add_ln170_1068_fu_6781_p2                                 | -   |        | add_ln170_1068  | add   | fabric  | 0       |
|    add_ln170_1069_fu_6790_p2                                 | -   |        | add_ln170_1069  | add   | fabric  | 0       |
|    add_ln170_1070_fu_6800_p2                                 | -   |        | add_ln170_1070  | add   | fabric  | 0       |
|    add_ln170_1071_fu_6809_p2                                 | -   |        | add_ln170_1071  | add   | fabric  | 0       |
|    add_ln170_1072_fu_6829_p2                                 | -   |        | add_ln170_1072  | add   | fabric  | 0       |
|    add_ln170_1073_fu_6838_p2                                 | -   |        | add_ln170_1073  | add   | fabric  | 0       |
|    add_ln170_1074_fu_6848_p2                                 | -   |        | add_ln170_1074  | add   | fabric  | 0       |
|    add_ln170_1075_fu_6857_p2                                 | -   |        | add_ln170_1075  | add   | fabric  | 0       |
|    add_ln170_1076_fu_6877_p2                                 | -   |        | add_ln170_1076  | add   | fabric  | 0       |
|    add_ln170_1077_fu_6886_p2                                 | -   |        | add_ln170_1077  | add   | fabric  | 0       |
|    add_ln170_1078_fu_6896_p2                                 | -   |        | add_ln170_1078  | add   | fabric  | 0       |
|    add_ln170_1079_fu_6905_p2                                 | -   |        | add_ln170_1079  | add   | fabric  | 0       |
|    add_ln170_1080_fu_6925_p2                                 | -   |        | add_ln170_1080  | add   | fabric  | 0       |
|    add_ln170_1081_fu_6934_p2                                 | -   |        | add_ln170_1081  | add   | fabric  | 0       |
|    add_ln170_1082_fu_6944_p2                                 | -   |        | add_ln170_1082  | add   | fabric  | 0       |
|    add_ln170_1083_fu_6953_p2                                 | -   |        | add_ln170_1083  | add   | fabric  | 0       |
|    add_ln170_1084_fu_6973_p2                                 | -   |        | add_ln170_1084  | add   | fabric  | 0       |
|    add_ln170_1085_fu_6982_p2                                 | -   |        | add_ln170_1085  | add   | fabric  | 0       |
|    add_ln170_1086_fu_6992_p2                                 | -   |        | add_ln170_1086  | add   | fabric  | 0       |
|    add_ln170_1087_fu_7001_p2                                 | -   |        | add_ln170_1087  | add   | fabric  | 0       |
|    add_ln170_1088_fu_7021_p2                                 | -   |        | add_ln170_1088  | add   | fabric  | 0       |
|    add_ln170_1089_fu_7030_p2                                 | -   |        | add_ln170_1089  | add   | fabric  | 0       |
|    add_ln170_1090_fu_7040_p2                                 | -   |        | add_ln170_1090  | add   | fabric  | 0       |
|    add_ln170_1091_fu_7049_p2                                 | -   |        | add_ln170_1091  | add   | fabric  | 0       |
|    add_ln170_1092_fu_7069_p2                                 | -   |        | add_ln170_1092  | add   | fabric  | 0       |
|    add_ln170_1093_fu_7078_p2                                 | -   |        | add_ln170_1093  | add   | fabric  | 0       |
|    add_ln170_1094_fu_7088_p2                                 | -   |        | add_ln170_1094  | add   | fabric  | 0       |
|    add_ln170_1095_fu_7097_p2                                 | -   |        | add_ln170_1095  | add   | fabric  | 0       |
|    add_ln170_1096_fu_7117_p2                                 | -   |        | add_ln170_1096  | add   | fabric  | 0       |
|    add_ln170_1097_fu_7126_p2                                 | -   |        | add_ln170_1097  | add   | fabric  | 0       |
|    add_ln170_1098_fu_7136_p2                                 | -   |        | add_ln170_1098  | add   | fabric  | 0       |
|    add_ln170_1099_fu_7145_p2                                 | -   |        | add_ln170_1099  | add   | fabric  | 0       |
|    add_ln170_1100_fu_7165_p2                                 | -   |        | add_ln170_1100  | add   | fabric  | 0       |
|    add_ln170_1101_fu_7174_p2                                 | -   |        | add_ln170_1101  | add   | fabric  | 0       |
|    add_ln170_1102_fu_7184_p2                                 | -   |        | add_ln170_1102  | add   | fabric  | 0       |
|    add_ln170_1103_fu_7193_p2                                 | -   |        | add_ln170_1103  | add   | fabric  | 0       |
|    add_ln170_1104_fu_7213_p2                                 | -   |        | add_ln170_1104  | add   | fabric  | 0       |
|    add_ln170_1105_fu_7222_p2                                 | -   |        | add_ln170_1105  | add   | fabric  | 0       |
|    add_ln170_1106_fu_7232_p2                                 | -   |        | add_ln170_1106  | add   | fabric  | 0       |
|    add_ln170_1107_fu_7241_p2                                 | -   |        | add_ln170_1107  | add   | fabric  | 0       |
|    add_ln170_1108_fu_7261_p2                                 | -   |        | add_ln170_1108  | add   | fabric  | 0       |
|    add_ln170_1109_fu_7270_p2                                 | -   |        | add_ln170_1109  | add   | fabric  | 0       |
|    add_ln170_1110_fu_7280_p2                                 | -   |        | add_ln170_1110  | add   | fabric  | 0       |
|    add_ln170_1111_fu_7289_p2                                 | -   |        | add_ln170_1111  | add   | fabric  | 0       |
|    add_ln170_1112_fu_7309_p2                                 | -   |        | add_ln170_1112  | add   | fabric  | 0       |
|    add_ln170_1113_fu_7318_p2                                 | -   |        | add_ln170_1113  | add   | fabric  | 0       |
|    add_ln170_1114_fu_7328_p2                                 | -   |        | add_ln170_1114  | add   | fabric  | 0       |
|    add_ln170_1115_fu_7337_p2                                 | -   |        | add_ln170_1115  | add   | fabric  | 0       |
|    add_ln170_1116_fu_7357_p2                                 | -   |        | add_ln170_1116  | add   | fabric  | 0       |
|    add_ln170_1117_fu_7366_p2                                 | -   |        | add_ln170_1117  | add   | fabric  | 0       |
|    add_ln170_1118_fu_7376_p2                                 | -   |        | add_ln170_1118  | add   | fabric  | 0       |
|    add_ln170_1119_fu_7385_p2                                 | -   |        | add_ln170_1119  | add   | fabric  | 0       |
|    add_ln170_1120_fu_7405_p2                                 | -   |        | add_ln170_1120  | add   | fabric  | 0       |
|    add_ln170_1121_fu_7414_p2                                 | -   |        | add_ln170_1121  | add   | fabric  | 0       |
|    add_ln170_1122_fu_7424_p2                                 | -   |        | add_ln170_1122  | add   | fabric  | 0       |
|    add_ln170_1123_fu_7433_p2                                 | -   |        | add_ln170_1123  | add   | fabric  | 0       |
|    add_ln170_1124_fu_7453_p2                                 | -   |        | add_ln170_1124  | add   | fabric  | 0       |
|    add_ln170_1125_fu_7462_p2                                 | -   |        | add_ln170_1125  | add   | fabric  | 0       |
|    add_ln170_1126_fu_7472_p2                                 | -   |        | add_ln170_1126  | add   | fabric  | 0       |
|    add_ln170_1127_fu_7481_p2                                 | -   |        | add_ln170_1127  | add   | fabric  | 0       |
|    add_ln170_1128_fu_7501_p2                                 | -   |        | add_ln170_1128  | add   | fabric  | 0       |
|    add_ln170_1129_fu_7510_p2                                 | -   |        | add_ln170_1129  | add   | fabric  | 0       |
|    add_ln170_1130_fu_7520_p2                                 | -   |        | add_ln170_1130  | add   | fabric  | 0       |
|    add_ln170_1131_fu_7529_p2                                 | -   |        | add_ln170_1131  | add   | fabric  | 0       |
|    add_ln170_1132_fu_7549_p2                                 | -   |        | add_ln170_1132  | add   | fabric  | 0       |
|    add_ln170_1133_fu_7558_p2                                 | -   |        | add_ln170_1133  | add   | fabric  | 0       |
|    add_ln170_1134_fu_7568_p2                                 | -   |        | add_ln170_1134  | add   | fabric  | 0       |
|    add_ln170_1135_fu_7577_p2                                 | -   |        | add_ln170_1135  | add   | fabric  | 0       |
|    add_ln170_1136_fu_7597_p2                                 | -   |        | add_ln170_1136  | add   | fabric  | 0       |
|    add_ln170_1137_fu_7606_p2                                 | -   |        | add_ln170_1137  | add   | fabric  | 0       |
|    add_ln170_1138_fu_7616_p2                                 | -   |        | add_ln170_1138  | add   | fabric  | 0       |
|    add_ln170_1139_fu_7625_p2                                 | -   |        | add_ln170_1139  | add   | fabric  | 0       |
|    add_ln170_1140_fu_7645_p2                                 | -   |        | add_ln170_1140  | add   | fabric  | 0       |
|    add_ln170_1141_fu_7654_p2                                 | -   |        | add_ln170_1141  | add   | fabric  | 0       |
|    add_ln170_1142_fu_7664_p2                                 | -   |        | add_ln170_1142  | add   | fabric  | 0       |
|    add_ln170_1143_fu_7673_p2                                 | -   |        | add_ln170_1143  | add   | fabric  | 0       |
|    add_ln170_1144_fu_7693_p2                                 | -   |        | add_ln170_1144  | add   | fabric  | 0       |
|    add_ln170_1145_fu_7702_p2                                 | -   |        | add_ln170_1145  | add   | fabric  | 0       |
|    add_ln170_1146_fu_7712_p2                                 | -   |        | add_ln170_1146  | add   | fabric  | 0       |
|    add_ln170_1147_fu_7721_p2                                 | -   |        | add_ln170_1147  | add   | fabric  | 0       |
|    add_ln170_1148_fu_7741_p2                                 | -   |        | add_ln170_1148  | add   | fabric  | 0       |
|    add_ln170_1149_fu_7750_p2                                 | -   |        | add_ln170_1149  | add   | fabric  | 0       |
|    add_ln170_1150_fu_7760_p2                                 | -   |        | add_ln170_1150  | add   | fabric  | 0       |
|    add_ln170_1151_fu_7769_p2                                 | -   |        | add_ln170_1151  | add   | fabric  | 0       |
|    add_ln170_1152_fu_7789_p2                                 | -   |        | add_ln170_1152  | add   | fabric  | 0       |
|    add_ln170_1153_fu_7798_p2                                 | -   |        | add_ln170_1153  | add   | fabric  | 0       |
|    add_ln170_1154_fu_7808_p2                                 | -   |        | add_ln170_1154  | add   | fabric  | 0       |
|    add_ln170_1155_fu_7817_p2                                 | -   |        | add_ln170_1155  | add   | fabric  | 0       |
|    add_ln170_1156_fu_7837_p2                                 | -   |        | add_ln170_1156  | add   | fabric  | 0       |
|    add_ln170_1157_fu_7846_p2                                 | -   |        | add_ln170_1157  | add   | fabric  | 0       |
|    add_ln170_1158_fu_7856_p2                                 | -   |        | add_ln170_1158  | add   | fabric  | 0       |
|    add_ln170_1159_fu_7865_p2                                 | -   |        | add_ln170_1159  | add   | fabric  | 0       |
|    add_ln170_1160_fu_7885_p2                                 | -   |        | add_ln170_1160  | add   | fabric  | 0       |
|    add_ln170_1161_fu_7894_p2                                 | -   |        | add_ln170_1161  | add   | fabric  | 0       |
|    add_ln170_1162_fu_7904_p2                                 | -   |        | add_ln170_1162  | add   | fabric  | 0       |
|    add_ln170_1163_fu_7913_p2                                 | -   |        | add_ln170_1163  | add   | fabric  | 0       |
|    add_ln170_1164_fu_7933_p2                                 | -   |        | add_ln170_1164  | add   | fabric  | 0       |
|    add_ln170_1165_fu_7942_p2                                 | -   |        | add_ln170_1165  | add   | fabric  | 0       |
|    add_ln170_1166_fu_7952_p2                                 | -   |        | add_ln170_1166  | add   | fabric  | 0       |
|    add_ln170_1167_fu_7961_p2                                 | -   |        | add_ln170_1167  | add   | fabric  | 0       |
|    add_ln170_1168_fu_7981_p2                                 | -   |        | add_ln170_1168  | add   | fabric  | 0       |
|    add_ln170_1169_fu_7990_p2                                 | -   |        | add_ln170_1169  | add   | fabric  | 0       |
|    add_ln170_1170_fu_8000_p2                                 | -   |        | add_ln170_1170  | add   | fabric  | 0       |
|    add_ln170_1171_fu_8009_p2                                 | -   |        | add_ln170_1171  | add   | fabric  | 0       |
|    add_ln170_1172_fu_8029_p2                                 | -   |        | add_ln170_1172  | add   | fabric  | 0       |
|    add_ln170_1173_fu_8038_p2                                 | -   |        | add_ln170_1173  | add   | fabric  | 0       |
|    add_ln170_1174_fu_8048_p2                                 | -   |        | add_ln170_1174  | add   | fabric  | 0       |
|    add_ln170_1175_fu_8057_p2                                 | -   |        | add_ln170_1175  | add   | fabric  | 0       |
|    add_ln170_1176_fu_8077_p2                                 | -   |        | add_ln170_1176  | add   | fabric  | 0       |
|    add_ln170_1177_fu_8086_p2                                 | -   |        | add_ln170_1177  | add   | fabric  | 0       |
|    add_ln170_1178_fu_8096_p2                                 | -   |        | add_ln170_1178  | add   | fabric  | 0       |
|    add_ln170_1179_fu_8105_p2                                 | -   |        | add_ln170_1179  | add   | fabric  | 0       |
|    add_ln170_1180_fu_8125_p2                                 | -   |        | add_ln170_1180  | add   | fabric  | 0       |
|    add_ln170_1181_fu_8134_p2                                 | -   |        | add_ln170_1181  | add   | fabric  | 0       |
|    add_ln170_1182_fu_8144_p2                                 | -   |        | add_ln170_1182  | add   | fabric  | 0       |
|    add_ln170_1183_fu_8153_p2                                 | -   |        | add_ln170_1183  | add   | fabric  | 0       |
|    add_ln170_1184_fu_8173_p2                                 | -   |        | add_ln170_1184  | add   | fabric  | 0       |
|    add_ln170_1185_fu_8182_p2                                 | -   |        | add_ln170_1185  | add   | fabric  | 0       |
|    add_ln170_1186_fu_8192_p2                                 | -   |        | add_ln170_1186  | add   | fabric  | 0       |
|    add_ln170_1187_fu_8201_p2                                 | -   |        | add_ln170_1187  | add   | fabric  | 0       |
|    add_ln170_1188_fu_8221_p2                                 | -   |        | add_ln170_1188  | add   | fabric  | 0       |
|    add_ln170_1189_fu_8230_p2                                 | -   |        | add_ln170_1189  | add   | fabric  | 0       |
|    add_ln170_1190_fu_8240_p2                                 | -   |        | add_ln170_1190  | add   | fabric  | 0       |
|    add_ln170_1191_fu_8249_p2                                 | -   |        | add_ln170_1191  | add   | fabric  | 0       |
|    add_ln170_1192_fu_8269_p2                                 | -   |        | add_ln170_1192  | add   | fabric  | 0       |
|    add_ln170_1193_fu_8278_p2                                 | -   |        | add_ln170_1193  | add   | fabric  | 0       |
|    add_ln170_1194_fu_8288_p2                                 | -   |        | add_ln170_1194  | add   | fabric  | 0       |
|    add_ln170_1195_fu_8297_p2                                 | -   |        | add_ln170_1195  | add   | fabric  | 0       |
|    add_ln170_1196_fu_8317_p2                                 | -   |        | add_ln170_1196  | add   | fabric  | 0       |
|    add_ln170_1197_fu_8326_p2                                 | -   |        | add_ln170_1197  | add   | fabric  | 0       |
|    add_ln170_1198_fu_8336_p2                                 | -   |        | add_ln170_1198  | add   | fabric  | 0       |
|    add_ln170_1199_fu_8345_p2                                 | -   |        | add_ln170_1199  | add   | fabric  | 0       |
|    add_ln170_1200_fu_8365_p2                                 | -   |        | add_ln170_1200  | add   | fabric  | 0       |
|    add_ln170_1201_fu_8374_p2                                 | -   |        | add_ln170_1201  | add   | fabric  | 0       |
|    add_ln170_1202_fu_8384_p2                                 | -   |        | add_ln170_1202  | add   | fabric  | 0       |
|    add_ln170_1203_fu_8393_p2                                 | -   |        | add_ln170_1203  | add   | fabric  | 0       |
|    add_ln170_1204_fu_8413_p2                                 | -   |        | add_ln170_1204  | add   | fabric  | 0       |
|    add_ln170_1205_fu_8422_p2                                 | -   |        | add_ln170_1205  | add   | fabric  | 0       |
|    add_ln170_1206_fu_8432_p2                                 | -   |        | add_ln170_1206  | add   | fabric  | 0       |
|    add_ln170_1207_fu_8441_p2                                 | -   |        | add_ln170_1207  | add   | fabric  | 0       |
|    add_ln170_1208_fu_8461_p2                                 | -   |        | add_ln170_1208  | add   | fabric  | 0       |
|    add_ln170_1209_fu_8470_p2                                 | -   |        | add_ln170_1209  | add   | fabric  | 0       |
|    add_ln170_1210_fu_8480_p2                                 | -   |        | add_ln170_1210  | add   | fabric  | 0       |
|    add_ln170_1211_fu_8489_p2                                 | -   |        | add_ln170_1211  | add   | fabric  | 0       |
|    add_ln170_1212_fu_8509_p2                                 | -   |        | add_ln170_1212  | add   | fabric  | 0       |
|    add_ln170_1213_fu_8518_p2                                 | -   |        | add_ln170_1213  | add   | fabric  | 0       |
|    add_ln170_1214_fu_8528_p2                                 | -   |        | add_ln170_1214  | add   | fabric  | 0       |
|    add_ln170_1215_fu_8537_p2                                 | -   |        | add_ln170_1215  | add   | fabric  | 0       |
|    add_ln170_1216_fu_8557_p2                                 | -   |        | add_ln170_1216  | add   | fabric  | 0       |
|    add_ln170_1217_fu_8566_p2                                 | -   |        | add_ln170_1217  | add   | fabric  | 0       |
|    add_ln170_1218_fu_8576_p2                                 | -   |        | add_ln170_1218  | add   | fabric  | 0       |
|    add_ln170_1219_fu_8585_p2                                 | -   |        | add_ln170_1219  | add   | fabric  | 0       |
|    add_ln170_1220_fu_8605_p2                                 | -   |        | add_ln170_1220  | add   | fabric  | 0       |
|    add_ln170_1221_fu_8614_p2                                 | -   |        | add_ln170_1221  | add   | fabric  | 0       |
|    add_ln170_1222_fu_8624_p2                                 | -   |        | add_ln170_1222  | add   | fabric  | 0       |
|    add_ln170_1223_fu_8633_p2                                 | -   |        | add_ln170_1223  | add   | fabric  | 0       |
|    add_ln170_1224_fu_8653_p2                                 | -   |        | add_ln170_1224  | add   | fabric  | 0       |
|    add_ln170_1225_fu_8662_p2                                 | -   |        | add_ln170_1225  | add   | fabric  | 0       |
|    add_ln170_1226_fu_8672_p2                                 | -   |        | add_ln170_1226  | add   | fabric  | 0       |
|    add_ln170_1227_fu_8681_p2                                 | -   |        | add_ln170_1227  | add   | fabric  | 0       |
|    add_ln170_1228_fu_8701_p2                                 | -   |        | add_ln170_1228  | add   | fabric  | 0       |
|    add_ln170_1229_fu_8710_p2                                 | -   |        | add_ln170_1229  | add   | fabric  | 0       |
|    add_ln170_1230_fu_8720_p2                                 | -   |        | add_ln170_1230  | add   | fabric  | 0       |
|    add_ln170_1231_fu_8729_p2                                 | -   |        | add_ln170_1231  | add   | fabric  | 0       |
|    add_ln170_1232_fu_8749_p2                                 | -   |        | add_ln170_1232  | add   | fabric  | 0       |
|    add_ln170_1233_fu_8758_p2                                 | -   |        | add_ln170_1233  | add   | fabric  | 0       |
|    add_ln170_1234_fu_8768_p2                                 | -   |        | add_ln170_1234  | add   | fabric  | 0       |
|    add_ln170_1235_fu_8777_p2                                 | -   |        | add_ln170_1235  | add   | fabric  | 0       |
|    add_ln170_1236_fu_8797_p2                                 | -   |        | add_ln170_1236  | add   | fabric  | 0       |
|    add_ln170_1237_fu_8806_p2                                 | -   |        | add_ln170_1237  | add   | fabric  | 0       |
|    add_ln170_1238_fu_8816_p2                                 | -   |        | add_ln170_1238  | add   | fabric  | 0       |
|    add_ln170_1239_fu_8825_p2                                 | -   |        | add_ln170_1239  | add   | fabric  | 0       |
|    add_ln170_1240_fu_8845_p2                                 | -   |        | add_ln170_1240  | add   | fabric  | 0       |
|    add_ln170_1241_fu_8854_p2                                 | -   |        | add_ln170_1241  | add   | fabric  | 0       |
|    add_ln170_1242_fu_8864_p2                                 | -   |        | add_ln170_1242  | add   | fabric  | 0       |
|    add_ln170_1243_fu_8873_p2                                 | -   |        | add_ln170_1243  | add   | fabric  | 0       |
|    add_ln170_1244_fu_8893_p2                                 | -   |        | add_ln170_1244  | add   | fabric  | 0       |
|    add_ln170_1245_fu_8902_p2                                 | -   |        | add_ln170_1245  | add   | fabric  | 0       |
|    add_ln170_1246_fu_8912_p2                                 | -   |        | add_ln170_1246  | add   | fabric  | 0       |
|    add_ln170_1247_fu_8921_p2                                 | -   |        | add_ln170_1247  | add   | fabric  | 0       |
|    add_ln170_1248_fu_8941_p2                                 | -   |        | add_ln170_1248  | add   | fabric  | 0       |
|    add_ln170_1249_fu_8950_p2                                 | -   |        | add_ln170_1249  | add   | fabric  | 0       |
|    add_ln170_1250_fu_8960_p2                                 | -   |        | add_ln170_1250  | add   | fabric  | 0       |
|    add_ln170_1251_fu_8969_p2                                 | -   |        | add_ln170_1251  | add   | fabric  | 0       |
|    add_ln170_1252_fu_8989_p2                                 | -   |        | add_ln170_1252  | add   | fabric  | 0       |
|    add_ln170_1253_fu_8998_p2                                 | -   |        | add_ln170_1253  | add   | fabric  | 0       |
|    add_ln170_1254_fu_9008_p2                                 | -   |        | add_ln170_1254  | add   | fabric  | 0       |
|    add_ln170_1255_fu_9017_p2                                 | -   |        | add_ln170_1255  | add   | fabric  | 0       |
|    add_ln170_1256_fu_9037_p2                                 | -   |        | add_ln170_1256  | add   | fabric  | 0       |
|    add_ln170_1257_fu_9046_p2                                 | -   |        | add_ln170_1257  | add   | fabric  | 0       |
|    add_ln170_1258_fu_9056_p2                                 | -   |        | add_ln170_1258  | add   | fabric  | 0       |
|    add_ln170_1259_fu_9065_p2                                 | -   |        | add_ln170_1259  | add   | fabric  | 0       |
|    add_ln170_1260_fu_9085_p2                                 | -   |        | add_ln170_1260  | add   | fabric  | 0       |
|    add_ln170_1261_fu_9094_p2                                 | -   |        | add_ln170_1261  | add   | fabric  | 0       |
|    add_ln170_1262_fu_9104_p2                                 | -   |        | add_ln170_1262  | add   | fabric  | 0       |
|    add_ln170_1263_fu_9113_p2                                 | -   |        | add_ln170_1263  | add   | fabric  | 0       |
|    add_ln170_1264_fu_9133_p2                                 | -   |        | add_ln170_1264  | add   | fabric  | 0       |
|    add_ln170_1265_fu_9142_p2                                 | -   |        | add_ln170_1265  | add   | fabric  | 0       |
|    add_ln170_1266_fu_9152_p2                                 | -   |        | add_ln170_1266  | add   | fabric  | 0       |
|    add_ln170_1267_fu_9161_p2                                 | -   |        | add_ln170_1267  | add   | fabric  | 0       |
|    add_ln170_1268_fu_9181_p2                                 | -   |        | add_ln170_1268  | add   | fabric  | 0       |
|    add_ln170_1269_fu_9190_p2                                 | -   |        | add_ln170_1269  | add   | fabric  | 0       |
|    add_ln170_1270_fu_9200_p2                                 | -   |        | add_ln170_1270  | add   | fabric  | 0       |
|    add_ln170_1271_fu_9209_p2                                 | -   |        | add_ln170_1271  | add   | fabric  | 0       |
|    add_ln170_1272_fu_9229_p2                                 | -   |        | add_ln170_1272  | add   | fabric  | 0       |
|    add_ln170_1273_fu_9238_p2                                 | -   |        | add_ln170_1273  | add   | fabric  | 0       |
|    add_ln170_1274_fu_9248_p2                                 | -   |        | add_ln170_1274  | add   | fabric  | 0       |
|    add_ln170_1275_fu_9257_p2                                 | -   |        | add_ln170_1275  | add   | fabric  | 0       |
|    add_ln170_1276_fu_9277_p2                                 | -   |        | add_ln170_1276  | add   | fabric  | 0       |
|    add_ln170_1277_fu_9286_p2                                 | -   |        | add_ln170_1277  | add   | fabric  | 0       |
|    add_ln172_fu_4507_p2                                      | -   |        | add_ln172       | add   | fabric  | 0       |
|    add_ln163_fu_4513_p2                                      | -   |        | add_ln163       | add   | fabric  | 0       |
|  + transformer_blk_s3_top_Pipeline_AR                        | 0   |        |                 |       |         |         |
|    add_ln338_fu_159_p2                                       | -   |        | add_ln338       | add   | fabric  | 0       |
|  + transformer_blk_s3_top_Pipeline_LN_MEAN4                  | 0   |        |                 |       |         |         |
|    add_ln92_fu_847_p2                                        | -   |        | add_ln92        | add   | fabric  | 0       |
|    add_ln97_fu_857_p2                                        | -   |        | add_ln97        | add   | fabric  | 0       |
|  + transformer_blk_s3_top_Pipeline_LF_S_LF_OD7               | 0   |        |                 |       |         |         |
|    empty_fu_4255_p2                                          | -   |        | empty           | sub   | fabric  | 0       |
|    sub_ln170_fu_4084_p2                                      | -   |        | sub_ln170       | sub   | fabric  | 0       |
|    add_ln162_9_fu_4096_p2                                    | -   |        | add_ln162_9     | add   | fabric  | 0       |
|    add_ln162_fu_4119_p2                                      | -   |        | add_ln162       | add   | fabric  | 0       |
|    p_mid11677_fu_4279_p2                                     | -   |        | p_mid11677      | sub   | fabric  | 0       |
|    sub_ln170_1_fu_4145_p2                                    | -   |        | sub_ln170_1     | sub   | fabric  | 0       |
|    add_ln162_258_fu_4823_p2                                  | -   |        | add_ln162_258   | add   | fabric  | 0       |
|    add_ln162_259_fu_4836_p2                                  | -   |        | add_ln162_259   | add   | fabric  | 0       |
|    add_ln162_260_fu_4902_p2                                  | -   |        | add_ln162_260   | add   | fabric  | 0       |
|    add_ln162_261_fu_4915_p2                                  | -   |        | add_ln162_261   | add   | fabric  | 0       |
|    add_ln162_262_fu_4976_p2                                  | -   |        | add_ln162_262   | add   | fabric  | 0       |
|    add_ln162_263_fu_4989_p2                                  | -   |        | add_ln162_263   | add   | fabric  | 0       |
|    add_ln162_264_fu_5050_p2                                  | -   |        | add_ln162_264   | add   | fabric  | 0       |
|    add_ln162_265_fu_5063_p2                                  | -   |        | add_ln162_265   | add   | fabric  | 0       |
|    add_ln162_266_fu_5124_p2                                  | -   |        | add_ln162_266   | add   | fabric  | 0       |
|    add_ln162_267_fu_5137_p2                                  | -   |        | add_ln162_267   | add   | fabric  | 0       |
|    add_ln162_268_fu_5198_p2                                  | -   |        | add_ln162_268   | add   | fabric  | 0       |
|    add_ln162_269_fu_5211_p2                                  | -   |        | add_ln162_269   | add   | fabric  | 0       |
|    add_ln162_270_fu_5272_p2                                  | -   |        | add_ln162_270   | add   | fabric  | 0       |
|    add_ln162_271_fu_5285_p2                                  | -   |        | add_ln162_271   | add   | fabric  | 0       |
|    add_ln162_272_fu_5346_p2                                  | -   |        | add_ln162_272   | add   | fabric  | 0       |
|    add_ln162_273_fu_5359_p2                                  | -   |        | add_ln162_273   | add   | fabric  | 0       |
|    add_ln162_274_fu_5420_p2                                  | -   |        | add_ln162_274   | add   | fabric  | 0       |
|    add_ln162_275_fu_5433_p2                                  | -   |        | add_ln162_275   | add   | fabric  | 0       |
|    add_ln162_276_fu_5494_p2                                  | -   |        | add_ln162_276   | add   | fabric  | 0       |
|    add_ln162_277_fu_5507_p2                                  | -   |        | add_ln162_277   | add   | fabric  | 0       |
|    add_ln162_278_fu_5568_p2                                  | -   |        | add_ln162_278   | add   | fabric  | 0       |
|    add_ln162_279_fu_5581_p2                                  | -   |        | add_ln162_279   | add   | fabric  | 0       |
|    add_ln162_280_fu_5642_p2                                  | -   |        | add_ln162_280   | add   | fabric  | 0       |
|    add_ln162_281_fu_5655_p2                                  | -   |        | add_ln162_281   | add   | fabric  | 0       |
|    add_ln162_282_fu_5716_p2                                  | -   |        | add_ln162_282   | add   | fabric  | 0       |
|    add_ln162_283_fu_5729_p2                                  | -   |        | add_ln162_283   | add   | fabric  | 0       |
|    add_ln162_284_fu_5790_p2                                  | -   |        | add_ln162_284   | add   | fabric  | 0       |
|    add_ln162_285_fu_5803_p2                                  | -   |        | add_ln162_285   | add   | fabric  | 0       |
|    add_ln162_286_fu_5864_p2                                  | -   |        | add_ln162_286   | add   | fabric  | 0       |
|    add_ln162_287_fu_5877_p2                                  | -   |        | add_ln162_287   | add   | fabric  | 0       |
|    add_ln162_288_fu_5938_p2                                  | -   |        | add_ln162_288   | add   | fabric  | 0       |
|    add_ln162_289_fu_5951_p2                                  | -   |        | add_ln162_289   | add   | fabric  | 0       |
|    add_ln165_fu_4205_p2                                      | -   |        | add_ln165       | add   | fabric  | 0       |
|    sub_ln170_2_fu_4343_p2                                    | -   |        | sub_ln170_2     | sub   | fabric  | 0       |
|    add_ln170_fu_4353_p2                                      | -   |        | add_ln170       | add   | fabric  | 0       |
|    add_ln170_640_fu_4373_p2                                  | -   |        | add_ln170_640   | add   | fabric  | 0       |
|    add_ln170_641_fu_4424_p2                                  | -   |        | add_ln170_641   | add   | fabric  | 0       |
|    add_ln170_642_fu_4443_p2                                  | -   |        | add_ln170_642   | add   | fabric  | 0       |
|    add_ln170_643_fu_4498_p2                                  | -   |        | add_ln170_643   | add   | fabric  | 0       |
|    add_ln170_644_fu_4517_p2                                  | -   |        | add_ln170_644   | add   | fabric  | 0       |
|    add_ln170_645_fu_4572_p2                                  | -   |        | add_ln170_645   | add   | fabric  | 0       |
|    add_ln170_646_fu_4591_p2                                  | -   |        | add_ln170_646   | add   | fabric  | 0       |
|    add_ln170_647_fu_4646_p2                                  | -   |        | add_ln170_647   | add   | fabric  | 0       |
|    add_ln170_648_fu_4665_p2                                  | -   |        | add_ln170_648   | add   | fabric  | 0       |
|    add_ln170_649_fu_4720_p2                                  | -   |        | add_ln170_649   | add   | fabric  | 0       |
|    add_ln170_650_fu_4739_p2                                  | -   |        | add_ln170_650   | add   | fabric  | 0       |
|    add_ln170_651_fu_4794_p2                                  | -   |        | add_ln170_651   | add   | fabric  | 0       |
|    add_ln170_652_fu_4813_p2                                  | -   |        | add_ln170_652   | add   | fabric  | 0       |
|    add_ln170_653_fu_4873_p2                                  | -   |        | add_ln170_653   | add   | fabric  | 0       |
|    add_ln170_654_fu_4892_p2                                  | -   |        | add_ln170_654   | add   | fabric  | 0       |
|    add_ln170_655_fu_4947_p2                                  | -   |        | add_ln170_655   | add   | fabric  | 0       |
|    add_ln170_656_fu_4966_p2                                  | -   |        | add_ln170_656   | add   | fabric  | 0       |
|    add_ln170_657_fu_5021_p2                                  | -   |        | add_ln170_657   | add   | fabric  | 0       |
|    add_ln170_658_fu_5040_p2                                  | -   |        | add_ln170_658   | add   | fabric  | 0       |
|    add_ln170_659_fu_5095_p2                                  | -   |        | add_ln170_659   | add   | fabric  | 0       |
|    add_ln170_660_fu_5114_p2                                  | -   |        | add_ln170_660   | add   | fabric  | 0       |
|    add_ln170_661_fu_5169_p2                                  | -   |        | add_ln170_661   | add   | fabric  | 0       |
|    add_ln170_662_fu_5188_p2                                  | -   |        | add_ln170_662   | add   | fabric  | 0       |
|    add_ln170_663_fu_5243_p2                                  | -   |        | add_ln170_663   | add   | fabric  | 0       |
|    add_ln170_664_fu_5262_p2                                  | -   |        | add_ln170_664   | add   | fabric  | 0       |
|    add_ln170_665_fu_5317_p2                                  | -   |        | add_ln170_665   | add   | fabric  | 0       |
|    add_ln170_666_fu_5336_p2                                  | -   |        | add_ln170_666   | add   | fabric  | 0       |
|    add_ln170_667_fu_5391_p2                                  | -   |        | add_ln170_667   | add   | fabric  | 0       |
|    add_ln170_668_fu_5410_p2                                  | -   |        | add_ln170_668   | add   | fabric  | 0       |
|    add_ln170_669_fu_5465_p2                                  | -   |        | add_ln170_669   | add   | fabric  | 0       |
|    add_ln170_670_fu_5484_p2                                  | -   |        | add_ln170_670   | add   | fabric  | 0       |
|    add_ln170_671_fu_5539_p2                                  | -   |        | add_ln170_671   | add   | fabric  | 0       |
|    add_ln170_672_fu_5558_p2                                  | -   |        | add_ln170_672   | add   | fabric  | 0       |
|    add_ln170_673_fu_5613_p2                                  | -   |        | add_ln170_673   | add   | fabric  | 0       |
|    add_ln170_674_fu_5632_p2                                  | -   |        | add_ln170_674   | add   | fabric  | 0       |
|    add_ln170_675_fu_5687_p2                                  | -   |        | add_ln170_675   | add   | fabric  | 0       |
|    add_ln170_676_fu_5706_p2                                  | -   |        | add_ln170_676   | add   | fabric  | 0       |
|    add_ln170_677_fu_5761_p2                                  | -   |        | add_ln170_677   | add   | fabric  | 0       |
|    add_ln170_678_fu_5780_p2                                  | -   |        | add_ln170_678   | add   | fabric  | 0       |
|    add_ln170_679_fu_5835_p2                                  | -   |        | add_ln170_679   | add   | fabric  | 0       |
|    add_ln170_680_fu_5854_p2                                  | -   |        | add_ln170_680   | add   | fabric  | 0       |
|    add_ln170_681_fu_5909_p2                                  | -   |        | add_ln170_681   | add   | fabric  | 0       |
|    add_ln170_682_fu_5928_p2                                  | -   |        | add_ln170_682   | add   | fabric  | 0       |
|    add_ln170_683_fu_5983_p2                                  | -   |        | add_ln170_683   | add   | fabric  | 0       |
|    add_ln170_684_fu_6002_p2                                  | -   |        | add_ln170_684   | add   | fabric  | 0       |
|    add_ln170_685_fu_6031_p2                                  | -   |        | add_ln170_685   | add   | fabric  | 0       |
|    add_ln170_686_fu_6050_p2                                  | -   |        | add_ln170_686   | add   | fabric  | 0       |
|    add_ln170_687_fu_6079_p2                                  | -   |        | add_ln170_687   | add   | fabric  | 0       |
|    add_ln170_688_fu_6098_p2                                  | -   |        | add_ln170_688   | add   | fabric  | 0       |
|    add_ln170_689_fu_6127_p2                                  | -   |        | add_ln170_689   | add   | fabric  | 0       |
|    add_ln170_690_fu_6146_p2                                  | -   |        | add_ln170_690   | add   | fabric  | 0       |
|    add_ln170_691_fu_6175_p2                                  | -   |        | add_ln170_691   | add   | fabric  | 0       |
|    add_ln170_692_fu_6194_p2                                  | -   |        | add_ln170_692   | add   | fabric  | 0       |
|    add_ln170_693_fu_6223_p2                                  | -   |        | add_ln170_693   | add   | fabric  | 0       |
|    add_ln170_694_fu_6242_p2                                  | -   |        | add_ln170_694   | add   | fabric  | 0       |
|    add_ln170_695_fu_6271_p2                                  | -   |        | add_ln170_695   | add   | fabric  | 0       |
|    add_ln170_696_fu_6290_p2                                  | -   |        | add_ln170_696   | add   | fabric  | 0       |
|    add_ln170_697_fu_6319_p2                                  | -   |        | add_ln170_697   | add   | fabric  | 0       |
|    add_ln170_698_fu_6338_p2                                  | -   |        | add_ln170_698   | add   | fabric  | 0       |
|    add_ln170_699_fu_6367_p2                                  | -   |        | add_ln170_699   | add   | fabric  | 0       |
|    add_ln170_700_fu_6386_p2                                  | -   |        | add_ln170_700   | add   | fabric  | 0       |
|    add_ln170_701_fu_6415_p2                                  | -   |        | add_ln170_701   | add   | fabric  | 0       |
|    add_ln170_702_fu_6434_p2                                  | -   |        | add_ln170_702   | add   | fabric  | 0       |
|    add_ln170_703_fu_6454_p2                                  | -   |        | add_ln170_703   | add   | fabric  | 0       |
|    add_ln170_704_fu_6463_p2                                  | -   |        | add_ln170_704   | add   | fabric  | 0       |
|    add_ln170_705_fu_6473_p2                                  | -   |        | add_ln170_705   | add   | fabric  | 0       |
|    add_ln170_706_fu_6482_p2                                  | -   |        | add_ln170_706   | add   | fabric  | 0       |
|    add_ln170_707_fu_6502_p2                                  | -   |        | add_ln170_707   | add   | fabric  | 0       |
|    add_ln170_708_fu_6511_p2                                  | -   |        | add_ln170_708   | add   | fabric  | 0       |
|    add_ln170_709_fu_6521_p2                                  | -   |        | add_ln170_709   | add   | fabric  | 0       |
|    add_ln170_710_fu_6530_p2                                  | -   |        | add_ln170_710   | add   | fabric  | 0       |
|    add_ln170_711_fu_6550_p2                                  | -   |        | add_ln170_711   | add   | fabric  | 0       |
|    add_ln170_712_fu_6559_p2                                  | -   |        | add_ln170_712   | add   | fabric  | 0       |
|    add_ln170_713_fu_6569_p2                                  | -   |        | add_ln170_713   | add   | fabric  | 0       |
|    add_ln170_714_fu_6578_p2                                  | -   |        | add_ln170_714   | add   | fabric  | 0       |
|    add_ln170_715_fu_6598_p2                                  | -   |        | add_ln170_715   | add   | fabric  | 0       |
|    add_ln170_716_fu_6607_p2                                  | -   |        | add_ln170_716   | add   | fabric  | 0       |
|    add_ln170_717_fu_6617_p2                                  | -   |        | add_ln170_717   | add   | fabric  | 0       |
|    add_ln170_718_fu_6626_p2                                  | -   |        | add_ln170_718   | add   | fabric  | 0       |
|    add_ln170_719_fu_6646_p2                                  | -   |        | add_ln170_719   | add   | fabric  | 0       |
|    add_ln170_720_fu_6655_p2                                  | -   |        | add_ln170_720   | add   | fabric  | 0       |
|    add_ln170_721_fu_6665_p2                                  | -   |        | add_ln170_721   | add   | fabric  | 0       |
|    add_ln170_722_fu_6674_p2                                  | -   |        | add_ln170_722   | add   | fabric  | 0       |
|    add_ln170_723_fu_6694_p2                                  | -   |        | add_ln170_723   | add   | fabric  | 0       |
|    add_ln170_724_fu_6703_p2                                  | -   |        | add_ln170_724   | add   | fabric  | 0       |
|    add_ln170_725_fu_6713_p2                                  | -   |        | add_ln170_725   | add   | fabric  | 0       |
|    add_ln170_726_fu_6722_p2                                  | -   |        | add_ln170_726   | add   | fabric  | 0       |
|    add_ln170_727_fu_6742_p2                                  | -   |        | add_ln170_727   | add   | fabric  | 0       |
|    add_ln170_728_fu_6751_p2                                  | -   |        | add_ln170_728   | add   | fabric  | 0       |
|    add_ln170_729_fu_6761_p2                                  | -   |        | add_ln170_729   | add   | fabric  | 0       |
|    add_ln170_730_fu_6770_p2                                  | -   |        | add_ln170_730   | add   | fabric  | 0       |
|    add_ln170_731_fu_6790_p2                                  | -   |        | add_ln170_731   | add   | fabric  | 0       |
|    add_ln170_732_fu_6799_p2                                  | -   |        | add_ln170_732   | add   | fabric  | 0       |
|    add_ln170_733_fu_6809_p2                                  | -   |        | add_ln170_733   | add   | fabric  | 0       |
|    add_ln170_734_fu_6818_p2                                  | -   |        | add_ln170_734   | add   | fabric  | 0       |
|    add_ln170_735_fu_6838_p2                                  | -   |        | add_ln170_735   | add   | fabric  | 0       |
|    add_ln170_736_fu_6847_p2                                  | -   |        | add_ln170_736   | add   | fabric  | 0       |
|    add_ln170_737_fu_6857_p2                                  | -   |        | add_ln170_737   | add   | fabric  | 0       |
|    add_ln170_738_fu_6866_p2                                  | -   |        | add_ln170_738   | add   | fabric  | 0       |
|    add_ln170_739_fu_6886_p2                                  | -   |        | add_ln170_739   | add   | fabric  | 0       |
|    add_ln170_740_fu_6895_p2                                  | -   |        | add_ln170_740   | add   | fabric  | 0       |
|    add_ln170_741_fu_6905_p2                                  | -   |        | add_ln170_741   | add   | fabric  | 0       |
|    add_ln170_742_fu_6914_p2                                  | -   |        | add_ln170_742   | add   | fabric  | 0       |
|    add_ln170_743_fu_6934_p2                                  | -   |        | add_ln170_743   | add   | fabric  | 0       |
|    add_ln170_744_fu_6943_p2                                  | -   |        | add_ln170_744   | add   | fabric  | 0       |
|    add_ln170_745_fu_6953_p2                                  | -   |        | add_ln170_745   | add   | fabric  | 0       |
|    add_ln170_746_fu_6962_p2                                  | -   |        | add_ln170_746   | add   | fabric  | 0       |
|    add_ln170_747_fu_6982_p2                                  | -   |        | add_ln170_747   | add   | fabric  | 0       |
|    add_ln170_748_fu_6991_p2                                  | -   |        | add_ln170_748   | add   | fabric  | 0       |
|    add_ln170_749_fu_7001_p2                                  | -   |        | add_ln170_749   | add   | fabric  | 0       |
|    add_ln170_750_fu_7010_p2                                  | -   |        | add_ln170_750   | add   | fabric  | 0       |
|    add_ln170_751_fu_7030_p2                                  | -   |        | add_ln170_751   | add   | fabric  | 0       |
|    add_ln170_752_fu_7039_p2                                  | -   |        | add_ln170_752   | add   | fabric  | 0       |
|    add_ln170_753_fu_7049_p2                                  | -   |        | add_ln170_753   | add   | fabric  | 0       |
|    add_ln170_754_fu_7058_p2                                  | -   |        | add_ln170_754   | add   | fabric  | 0       |
|    add_ln170_755_fu_7078_p2                                  | -   |        | add_ln170_755   | add   | fabric  | 0       |
|    add_ln170_756_fu_7087_p2                                  | -   |        | add_ln170_756   | add   | fabric  | 0       |
|    add_ln170_757_fu_7097_p2                                  | -   |        | add_ln170_757   | add   | fabric  | 0       |
|    add_ln170_758_fu_7106_p2                                  | -   |        | add_ln170_758   | add   | fabric  | 0       |
|    add_ln170_759_fu_7126_p2                                  | -   |        | add_ln170_759   | add   | fabric  | 0       |
|    add_ln170_760_fu_7135_p2                                  | -   |        | add_ln170_760   | add   | fabric  | 0       |
|    add_ln170_761_fu_7145_p2                                  | -   |        | add_ln170_761   | add   | fabric  | 0       |
|    add_ln170_762_fu_7154_p2                                  | -   |        | add_ln170_762   | add   | fabric  | 0       |
|    add_ln170_763_fu_7174_p2                                  | -   |        | add_ln170_763   | add   | fabric  | 0       |
|    add_ln170_764_fu_7183_p2                                  | -   |        | add_ln170_764   | add   | fabric  | 0       |
|    add_ln170_765_fu_7193_p2                                  | -   |        | add_ln170_765   | add   | fabric  | 0       |
|    add_ln170_766_fu_7202_p2                                  | -   |        | add_ln170_766   | add   | fabric  | 0       |
|    add_ln170_767_fu_7222_p2                                  | -   |        | add_ln170_767   | add   | fabric  | 0       |
|    add_ln170_768_fu_7231_p2                                  | -   |        | add_ln170_768   | add   | fabric  | 0       |
|    add_ln170_769_fu_7241_p2                                  | -   |        | add_ln170_769   | add   | fabric  | 0       |
|    add_ln170_770_fu_7250_p2                                  | -   |        | add_ln170_770   | add   | fabric  | 0       |
|    add_ln170_771_fu_7270_p2                                  | -   |        | add_ln170_771   | add   | fabric  | 0       |
|    add_ln170_772_fu_7279_p2                                  | -   |        | add_ln170_772   | add   | fabric  | 0       |
|    add_ln170_773_fu_7289_p2                                  | -   |        | add_ln170_773   | add   | fabric  | 0       |
|    add_ln170_774_fu_7298_p2                                  | -   |        | add_ln170_774   | add   | fabric  | 0       |
|    add_ln170_775_fu_7318_p2                                  | -   |        | add_ln170_775   | add   | fabric  | 0       |
|    add_ln170_776_fu_7327_p2                                  | -   |        | add_ln170_776   | add   | fabric  | 0       |
|    add_ln170_777_fu_7337_p2                                  | -   |        | add_ln170_777   | add   | fabric  | 0       |
|    add_ln170_778_fu_7346_p2                                  | -   |        | add_ln170_778   | add   | fabric  | 0       |
|    add_ln170_779_fu_7366_p2                                  | -   |        | add_ln170_779   | add   | fabric  | 0       |
|    add_ln170_780_fu_7375_p2                                  | -   |        | add_ln170_780   | add   | fabric  | 0       |
|    add_ln170_781_fu_7385_p2                                  | -   |        | add_ln170_781   | add   | fabric  | 0       |
|    add_ln170_782_fu_7394_p2                                  | -   |        | add_ln170_782   | add   | fabric  | 0       |
|    add_ln170_783_fu_7414_p2                                  | -   |        | add_ln170_783   | add   | fabric  | 0       |
|    add_ln170_784_fu_7423_p2                                  | -   |        | add_ln170_784   | add   | fabric  | 0       |
|    add_ln170_785_fu_7433_p2                                  | -   |        | add_ln170_785   | add   | fabric  | 0       |
|    add_ln170_786_fu_7442_p2                                  | -   |        | add_ln170_786   | add   | fabric  | 0       |
|    add_ln170_787_fu_7462_p2                                  | -   |        | add_ln170_787   | add   | fabric  | 0       |
|    add_ln170_788_fu_7471_p2                                  | -   |        | add_ln170_788   | add   | fabric  | 0       |
|    add_ln170_789_fu_7481_p2                                  | -   |        | add_ln170_789   | add   | fabric  | 0       |
|    add_ln170_790_fu_7490_p2                                  | -   |        | add_ln170_790   | add   | fabric  | 0       |
|    add_ln170_791_fu_7510_p2                                  | -   |        | add_ln170_791   | add   | fabric  | 0       |
|    add_ln170_792_fu_7519_p2                                  | -   |        | add_ln170_792   | add   | fabric  | 0       |
|    add_ln170_793_fu_7529_p2                                  | -   |        | add_ln170_793   | add   | fabric  | 0       |
|    add_ln170_794_fu_7538_p2                                  | -   |        | add_ln170_794   | add   | fabric  | 0       |
|    add_ln170_795_fu_7558_p2                                  | -   |        | add_ln170_795   | add   | fabric  | 0       |
|    add_ln170_796_fu_7567_p2                                  | -   |        | add_ln170_796   | add   | fabric  | 0       |
|    add_ln170_797_fu_7577_p2                                  | -   |        | add_ln170_797   | add   | fabric  | 0       |
|    add_ln170_798_fu_7586_p2                                  | -   |        | add_ln170_798   | add   | fabric  | 0       |
|    add_ln170_799_fu_7606_p2                                  | -   |        | add_ln170_799   | add   | fabric  | 0       |
|    add_ln170_800_fu_7615_p2                                  | -   |        | add_ln170_800   | add   | fabric  | 0       |
|    add_ln170_801_fu_7625_p2                                  | -   |        | add_ln170_801   | add   | fabric  | 0       |
|    add_ln170_802_fu_7634_p2                                  | -   |        | add_ln170_802   | add   | fabric  | 0       |
|    add_ln170_803_fu_7654_p2                                  | -   |        | add_ln170_803   | add   | fabric  | 0       |
|    add_ln170_804_fu_7663_p2                                  | -   |        | add_ln170_804   | add   | fabric  | 0       |
|    add_ln170_805_fu_7673_p2                                  | -   |        | add_ln170_805   | add   | fabric  | 0       |
|    add_ln170_806_fu_7682_p2                                  | -   |        | add_ln170_806   | add   | fabric  | 0       |
|    add_ln170_807_fu_7702_p2                                  | -   |        | add_ln170_807   | add   | fabric  | 0       |
|    add_ln170_808_fu_7711_p2                                  | -   |        | add_ln170_808   | add   | fabric  | 0       |
|    add_ln170_809_fu_7721_p2                                  | -   |        | add_ln170_809   | add   | fabric  | 0       |
|    add_ln170_810_fu_7730_p2                                  | -   |        | add_ln170_810   | add   | fabric  | 0       |
|    add_ln170_811_fu_7750_p2                                  | -   |        | add_ln170_811   | add   | fabric  | 0       |
|    add_ln170_812_fu_7759_p2                                  | -   |        | add_ln170_812   | add   | fabric  | 0       |
|    add_ln170_813_fu_7769_p2                                  | -   |        | add_ln170_813   | add   | fabric  | 0       |
|    add_ln170_814_fu_7778_p2                                  | -   |        | add_ln170_814   | add   | fabric  | 0       |
|    add_ln170_815_fu_7798_p2                                  | -   |        | add_ln170_815   | add   | fabric  | 0       |
|    add_ln170_816_fu_7807_p2                                  | -   |        | add_ln170_816   | add   | fabric  | 0       |
|    add_ln170_817_fu_7817_p2                                  | -   |        | add_ln170_817   | add   | fabric  | 0       |
|    add_ln170_818_fu_7826_p2                                  | -   |        | add_ln170_818   | add   | fabric  | 0       |
|    add_ln170_819_fu_7846_p2                                  | -   |        | add_ln170_819   | add   | fabric  | 0       |
|    add_ln170_820_fu_7855_p2                                  | -   |        | add_ln170_820   | add   | fabric  | 0       |
|    add_ln170_821_fu_7865_p2                                  | -   |        | add_ln170_821   | add   | fabric  | 0       |
|    add_ln170_822_fu_7874_p2                                  | -   |        | add_ln170_822   | add   | fabric  | 0       |
|    add_ln170_823_fu_7894_p2                                  | -   |        | add_ln170_823   | add   | fabric  | 0       |
|    add_ln170_824_fu_7903_p2                                  | -   |        | add_ln170_824   | add   | fabric  | 0       |
|    add_ln170_825_fu_7913_p2                                  | -   |        | add_ln170_825   | add   | fabric  | 0       |
|    add_ln170_826_fu_7922_p2                                  | -   |        | add_ln170_826   | add   | fabric  | 0       |
|    add_ln170_827_fu_7942_p2                                  | -   |        | add_ln170_827   | add   | fabric  | 0       |
|    add_ln170_828_fu_7951_p2                                  | -   |        | add_ln170_828   | add   | fabric  | 0       |
|    add_ln170_829_fu_7961_p2                                  | -   |        | add_ln170_829   | add   | fabric  | 0       |
|    add_ln170_830_fu_7970_p2                                  | -   |        | add_ln170_830   | add   | fabric  | 0       |
|    add_ln170_831_fu_7990_p2                                  | -   |        | add_ln170_831   | add   | fabric  | 0       |
|    add_ln170_832_fu_7999_p2                                  | -   |        | add_ln170_832   | add   | fabric  | 0       |
|    add_ln170_833_fu_8009_p2                                  | -   |        | add_ln170_833   | add   | fabric  | 0       |
|    add_ln170_834_fu_8018_p2                                  | -   |        | add_ln170_834   | add   | fabric  | 0       |
|    add_ln170_835_fu_8038_p2                                  | -   |        | add_ln170_835   | add   | fabric  | 0       |
|    add_ln170_836_fu_8047_p2                                  | -   |        | add_ln170_836   | add   | fabric  | 0       |
|    add_ln170_837_fu_8057_p2                                  | -   |        | add_ln170_837   | add   | fabric  | 0       |
|    add_ln170_838_fu_8066_p2                                  | -   |        | add_ln170_838   | add   | fabric  | 0       |
|    add_ln170_839_fu_8086_p2                                  | -   |        | add_ln170_839   | add   | fabric  | 0       |
|    add_ln170_840_fu_8095_p2                                  | -   |        | add_ln170_840   | add   | fabric  | 0       |
|    add_ln170_841_fu_8105_p2                                  | -   |        | add_ln170_841   | add   | fabric  | 0       |
|    add_ln170_842_fu_8114_p2                                  | -   |        | add_ln170_842   | add   | fabric  | 0       |
|    add_ln170_843_fu_8134_p2                                  | -   |        | add_ln170_843   | add   | fabric  | 0       |
|    add_ln170_844_fu_8143_p2                                  | -   |        | add_ln170_844   | add   | fabric  | 0       |
|    add_ln170_845_fu_8153_p2                                  | -   |        | add_ln170_845   | add   | fabric  | 0       |
|    add_ln170_846_fu_8162_p2                                  | -   |        | add_ln170_846   | add   | fabric  | 0       |
|    add_ln170_847_fu_8182_p2                                  | -   |        | add_ln170_847   | add   | fabric  | 0       |
|    add_ln170_848_fu_8191_p2                                  | -   |        | add_ln170_848   | add   | fabric  | 0       |
|    add_ln170_849_fu_8201_p2                                  | -   |        | add_ln170_849   | add   | fabric  | 0       |
|    add_ln170_850_fu_8210_p2                                  | -   |        | add_ln170_850   | add   | fabric  | 0       |
|    add_ln170_851_fu_8230_p2                                  | -   |        | add_ln170_851   | add   | fabric  | 0       |
|    add_ln170_852_fu_8239_p2                                  | -   |        | add_ln170_852   | add   | fabric  | 0       |
|    add_ln170_853_fu_8249_p2                                  | -   |        | add_ln170_853   | add   | fabric  | 0       |
|    add_ln170_854_fu_8258_p2                                  | -   |        | add_ln170_854   | add   | fabric  | 0       |
|    add_ln170_855_fu_8278_p2                                  | -   |        | add_ln170_855   | add   | fabric  | 0       |
|    add_ln170_856_fu_8287_p2                                  | -   |        | add_ln170_856   | add   | fabric  | 0       |
|    add_ln170_857_fu_8297_p2                                  | -   |        | add_ln170_857   | add   | fabric  | 0       |
|    add_ln170_858_fu_8306_p2                                  | -   |        | add_ln170_858   | add   | fabric  | 0       |
|    add_ln170_859_fu_8326_p2                                  | -   |        | add_ln170_859   | add   | fabric  | 0       |
|    add_ln170_860_fu_8335_p2                                  | -   |        | add_ln170_860   | add   | fabric  | 0       |
|    add_ln170_861_fu_8345_p2                                  | -   |        | add_ln170_861   | add   | fabric  | 0       |
|    add_ln170_862_fu_8354_p2                                  | -   |        | add_ln170_862   | add   | fabric  | 0       |
|    add_ln170_863_fu_8374_p2                                  | -   |        | add_ln170_863   | add   | fabric  | 0       |
|    add_ln170_864_fu_8383_p2                                  | -   |        | add_ln170_864   | add   | fabric  | 0       |
|    add_ln170_865_fu_8393_p2                                  | -   |        | add_ln170_865   | add   | fabric  | 0       |
|    add_ln170_866_fu_8402_p2                                  | -   |        | add_ln170_866   | add   | fabric  | 0       |
|    add_ln170_867_fu_8422_p2                                  | -   |        | add_ln170_867   | add   | fabric  | 0       |
|    add_ln170_868_fu_8431_p2                                  | -   |        | add_ln170_868   | add   | fabric  | 0       |
|    add_ln170_869_fu_8441_p2                                  | -   |        | add_ln170_869   | add   | fabric  | 0       |
|    add_ln170_870_fu_8450_p2                                  | -   |        | add_ln170_870   | add   | fabric  | 0       |
|    add_ln170_871_fu_8470_p2                                  | -   |        | add_ln170_871   | add   | fabric  | 0       |
|    add_ln170_872_fu_8479_p2                                  | -   |        | add_ln170_872   | add   | fabric  | 0       |
|    add_ln170_873_fu_8489_p2                                  | -   |        | add_ln170_873   | add   | fabric  | 0       |
|    add_ln170_874_fu_8498_p2                                  | -   |        | add_ln170_874   | add   | fabric  | 0       |
|    add_ln170_875_fu_8518_p2                                  | -   |        | add_ln170_875   | add   | fabric  | 0       |
|    add_ln170_876_fu_8527_p2                                  | -   |        | add_ln170_876   | add   | fabric  | 0       |
|    add_ln170_877_fu_8537_p2                                  | -   |        | add_ln170_877   | add   | fabric  | 0       |
|    add_ln170_878_fu_8546_p2                                  | -   |        | add_ln170_878   | add   | fabric  | 0       |
|    add_ln170_879_fu_8566_p2                                  | -   |        | add_ln170_879   | add   | fabric  | 0       |
|    add_ln170_880_fu_8575_p2                                  | -   |        | add_ln170_880   | add   | fabric  | 0       |
|    add_ln170_881_fu_8585_p2                                  | -   |        | add_ln170_881   | add   | fabric  | 0       |
|    add_ln170_882_fu_8594_p2                                  | -   |        | add_ln170_882   | add   | fabric  | 0       |
|    add_ln170_883_fu_8614_p2                                  | -   |        | add_ln170_883   | add   | fabric  | 0       |
|    add_ln170_884_fu_8623_p2                                  | -   |        | add_ln170_884   | add   | fabric  | 0       |
|    add_ln170_885_fu_8633_p2                                  | -   |        | add_ln170_885   | add   | fabric  | 0       |
|    add_ln170_886_fu_8642_p2                                  | -   |        | add_ln170_886   | add   | fabric  | 0       |
|    add_ln170_887_fu_8662_p2                                  | -   |        | add_ln170_887   | add   | fabric  | 0       |
|    add_ln170_888_fu_8671_p2                                  | -   |        | add_ln170_888   | add   | fabric  | 0       |
|    add_ln170_889_fu_8681_p2                                  | -   |        | add_ln170_889   | add   | fabric  | 0       |
|    add_ln170_890_fu_8690_p2                                  | -   |        | add_ln170_890   | add   | fabric  | 0       |
|    add_ln170_891_fu_8710_p2                                  | -   |        | add_ln170_891   | add   | fabric  | 0       |
|    add_ln170_892_fu_8719_p2                                  | -   |        | add_ln170_892   | add   | fabric  | 0       |
|    add_ln170_893_fu_8729_p2                                  | -   |        | add_ln170_893   | add   | fabric  | 0       |
|    add_ln170_894_fu_8738_p2                                  | -   |        | add_ln170_894   | add   | fabric  | 0       |
|    add_ln170_895_fu_8758_p2                                  | -   |        | add_ln170_895   | add   | fabric  | 0       |
|    add_ln170_896_fu_8767_p2                                  | -   |        | add_ln170_896   | add   | fabric  | 0       |
|    add_ln170_897_fu_8777_p2                                  | -   |        | add_ln170_897   | add   | fabric  | 0       |
|    add_ln170_898_fu_8786_p2                                  | -   |        | add_ln170_898   | add   | fabric  | 0       |
|    add_ln170_899_fu_8806_p2                                  | -   |        | add_ln170_899   | add   | fabric  | 0       |
|    add_ln170_900_fu_8815_p2                                  | -   |        | add_ln170_900   | add   | fabric  | 0       |
|    add_ln170_901_fu_8825_p2                                  | -   |        | add_ln170_901   | add   | fabric  | 0       |
|    add_ln170_902_fu_8834_p2                                  | -   |        | add_ln170_902   | add   | fabric  | 0       |
|    add_ln170_903_fu_8854_p2                                  | -   |        | add_ln170_903   | add   | fabric  | 0       |
|    add_ln170_904_fu_8863_p2                                  | -   |        | add_ln170_904   | add   | fabric  | 0       |
|    add_ln170_905_fu_8873_p2                                  | -   |        | add_ln170_905   | add   | fabric  | 0       |
|    add_ln170_906_fu_8882_p2                                  | -   |        | add_ln170_906   | add   | fabric  | 0       |
|    add_ln170_907_fu_8902_p2                                  | -   |        | add_ln170_907   | add   | fabric  | 0       |
|    add_ln170_908_fu_8911_p2                                  | -   |        | add_ln170_908   | add   | fabric  | 0       |
|    add_ln170_909_fu_8921_p2                                  | -   |        | add_ln170_909   | add   | fabric  | 0       |
|    add_ln170_910_fu_8930_p2                                  | -   |        | add_ln170_910   | add   | fabric  | 0       |
|    add_ln170_911_fu_8950_p2                                  | -   |        | add_ln170_911   | add   | fabric  | 0       |
|    add_ln170_912_fu_8959_p2                                  | -   |        | add_ln170_912   | add   | fabric  | 0       |
|    add_ln170_913_fu_8969_p2                                  | -   |        | add_ln170_913   | add   | fabric  | 0       |
|    add_ln170_914_fu_8978_p2                                  | -   |        | add_ln170_914   | add   | fabric  | 0       |
|    add_ln170_915_fu_8998_p2                                  | -   |        | add_ln170_915   | add   | fabric  | 0       |
|    add_ln170_916_fu_9007_p2                                  | -   |        | add_ln170_916   | add   | fabric  | 0       |
|    add_ln170_917_fu_9017_p2                                  | -   |        | add_ln170_917   | add   | fabric  | 0       |
|    add_ln170_918_fu_9026_p2                                  | -   |        | add_ln170_918   | add   | fabric  | 0       |
|    add_ln170_919_fu_9046_p2                                  | -   |        | add_ln170_919   | add   | fabric  | 0       |
|    add_ln170_920_fu_9055_p2                                  | -   |        | add_ln170_920   | add   | fabric  | 0       |
|    add_ln170_921_fu_9065_p2                                  | -   |        | add_ln170_921   | add   | fabric  | 0       |
|    add_ln170_922_fu_9074_p2                                  | -   |        | add_ln170_922   | add   | fabric  | 0       |
|    add_ln170_923_fu_9094_p2                                  | -   |        | add_ln170_923   | add   | fabric  | 0       |
|    add_ln170_924_fu_9103_p2                                  | -   |        | add_ln170_924   | add   | fabric  | 0       |
|    add_ln170_925_fu_9113_p2                                  | -   |        | add_ln170_925   | add   | fabric  | 0       |
|    add_ln170_926_fu_9122_p2                                  | -   |        | add_ln170_926   | add   | fabric  | 0       |
|    add_ln170_927_fu_9142_p2                                  | -   |        | add_ln170_927   | add   | fabric  | 0       |
|    add_ln170_928_fu_9151_p2                                  | -   |        | add_ln170_928   | add   | fabric  | 0       |
|    add_ln170_929_fu_9161_p2                                  | -   |        | add_ln170_929   | add   | fabric  | 0       |
|    add_ln170_930_fu_9170_p2                                  | -   |        | add_ln170_930   | add   | fabric  | 0       |
|    add_ln170_931_fu_9190_p2                                  | -   |        | add_ln170_931   | add   | fabric  | 0       |
|    add_ln170_932_fu_9199_p2                                  | -   |        | add_ln170_932   | add   | fabric  | 0       |
|    add_ln170_933_fu_9209_p2                                  | -   |        | add_ln170_933   | add   | fabric  | 0       |
|    add_ln170_934_fu_9218_p2                                  | -   |        | add_ln170_934   | add   | fabric  | 0       |
|    add_ln170_935_fu_9238_p2                                  | -   |        | add_ln170_935   | add   | fabric  | 0       |
|    add_ln170_936_fu_9247_p2                                  | -   |        | add_ln170_936   | add   | fabric  | 0       |
|    add_ln170_937_fu_9257_p2                                  | -   |        | add_ln170_937   | add   | fabric  | 0       |
|    add_ln170_938_fu_9266_p2                                  | -   |        | add_ln170_938   | add   | fabric  | 0       |
|    add_ln170_939_fu_9286_p2                                  | -   |        | add_ln170_939   | add   | fabric  | 0       |
|    add_ln170_940_fu_9295_p2                                  | -   |        | add_ln170_940   | add   | fabric  | 0       |
|    add_ln170_941_fu_9305_p2                                  | -   |        | add_ln170_941   | add   | fabric  | 0       |
|    add_ln170_942_fu_9314_p2                                  | -   |        | add_ln170_942   | add   | fabric  | 0       |
|    add_ln170_943_fu_9334_p2                                  | -   |        | add_ln170_943   | add   | fabric  | 0       |
|    add_ln170_944_fu_9343_p2                                  | -   |        | add_ln170_944   | add   | fabric  | 0       |
|    add_ln170_945_fu_9353_p2                                  | -   |        | add_ln170_945   | add   | fabric  | 0       |
|    add_ln170_946_fu_9362_p2                                  | -   |        | add_ln170_946   | add   | fabric  | 0       |
|    add_ln170_947_fu_9382_p2                                  | -   |        | add_ln170_947   | add   | fabric  | 0       |
|    add_ln170_948_fu_9391_p2                                  | -   |        | add_ln170_948   | add   | fabric  | 0       |
|    add_ln170_949_fu_9401_p2                                  | -   |        | add_ln170_949   | add   | fabric  | 0       |
|    add_ln170_950_fu_9410_p2                                  | -   |        | add_ln170_950   | add   | fabric  | 0       |
|    add_ln170_951_fu_9430_p2                                  | -   |        | add_ln170_951   | add   | fabric  | 0       |
|    add_ln170_952_fu_9439_p2                                  | -   |        | add_ln170_952   | add   | fabric  | 0       |
|    add_ln170_953_fu_9449_p2                                  | -   |        | add_ln170_953   | add   | fabric  | 0       |
|    add_ln170_954_fu_9458_p2                                  | -   |        | add_ln170_954   | add   | fabric  | 0       |
|    add_ln170_955_fu_9478_p2                                  | -   |        | add_ln170_955   | add   | fabric  | 0       |
|    add_ln170_956_fu_9487_p2                                  | -   |        | add_ln170_956   | add   | fabric  | 0       |
|    add_ln170_957_fu_9497_p2                                  | -   |        | add_ln170_957   | add   | fabric  | 0       |
|    add_ln170_958_fu_9506_p2                                  | -   |        | add_ln170_958   | add   | fabric  | 0       |
|    add_ln172_fu_4383_p2                                      | -   |        | add_ln172       | add   | fabric  | 0       |
|    add_ln163_fu_4216_p2                                      | -   |        | add_ln163       | add   | fabric  | 0       |
|  + transformer_blk_s3_top_Pipeline_LN_VAR5                   | 0   |        |                 |       |         |         |
|    add_ln113_fu_889_p2                                       | -   |        | add_ln113       | add   | fabric  | 0       |
|    add_ln118_fu_899_p2                                       | -   |        | add_ln118       | add   | fabric  | 0       |
|  + transformer_blk_s3_top_Pipeline_LN_NORM6                  | 0   |        |                 |       |         |         |
|    add_ln131_fu_263_p2                                       | -   |        | add_ln131       | add   | fabric  | 0       |
|    add_ln133_fu_283_p2                                       | -   |        | add_ln133       | add   | fabric  | 0       |
|    add_ln134_fu_326_p2                                       | -   |        | add_ln134       | add   | fabric  | 0       |
|    add_ln134_1_fu_336_p2                                     | -   |        | add_ln134_1     | add   | fabric  | 0       |
|    add_ln134_2_fu_350_p2                                     | -   |        | add_ln134_2     | add   | fabric  | 0       |
|    add_ln134_3_fu_359_p2                                     | -   |        | add_ln134_3     | add   | fabric  | 0       |
|  + transformer_blk_s3_top_Pipeline_MLP_ACT                   | 0   |        |                 |       |         |         |
|    add_ln71_fu_115_p2                                        | -   |        | add_ln71        | add   | fabric  | 0       |
|  + transformer_blk_s3_top_Pipeline_LF_S_LF_OD8               | 0   |        |                 |       |         |         |
|    empty_fu_8068_p2                                          | -   |        | empty           | sub   | fabric  | 0       |
|    empty_86_fu_8094_p2                                       | -   |        | empty_86        | sub   | fabric  | 0       |
|    add_ln162_fu_8106_p2                                      | -   |        | add_ln162       | add   | fabric  | 0       |
|    add_ln162_1_fu_8129_p2                                    | -   |        | add_ln162_1     | add   | fabric  | 0       |
|    p_mid12549_fu_8155_p2                                     | -   |        | p_mid12549      | sub   | fabric  | 0       |
|    p_mid12551_fu_8181_p2                                     | -   |        | p_mid12551      | sub   | fabric  | 0       |
|    add_ln162_2_fu_12549_p2                                   | -   |        | add_ln162_2     | add   | fabric  | 0       |
|    add_ln162_3_fu_12559_p2                                   | -   |        | add_ln162_3     | add   | fabric  | 0       |
|    add_ln162_4_fu_12617_p2                                   | -   |        | add_ln162_4     | add   | fabric  | 0       |
|    add_ln162_5_fu_12627_p2                                   | -   |        | add_ln162_5     | add   | fabric  | 0       |
|    add_ln162_6_fu_12689_p2                                   | -   |        | add_ln162_6     | add   | fabric  | 0       |
|    add_ln162_7_fu_12699_p2                                   | -   |        | add_ln162_7     | add   | fabric  | 0       |
|    add_ln162_8_fu_12757_p2                                   | -   |        | add_ln162_8     | add   | fabric  | 0       |
|    add_ln162_9_fu_12767_p2                                   | -   |        | add_ln162_9     | add   | fabric  | 0       |
|    add_ln162_10_fu_12825_p2                                  | -   |        | add_ln162_10    | add   | fabric  | 0       |
|    add_ln162_11_fu_12835_p2                                  | -   |        | add_ln162_11    | add   | fabric  | 0       |
|    add_ln162_12_fu_12893_p2                                  | -   |        | add_ln162_12    | add   | fabric  | 0       |
|    add_ln162_13_fu_12903_p2                                  | -   |        | add_ln162_13    | add   | fabric  | 0       |
|    add_ln162_14_fu_12961_p2                                  | -   |        | add_ln162_14    | add   | fabric  | 0       |
|    add_ln162_15_fu_12971_p2                                  | -   |        | add_ln162_15    | add   | fabric  | 0       |
|    add_ln162_16_fu_13029_p2                                  | -   |        | add_ln162_16    | add   | fabric  | 0       |
|    add_ln162_17_fu_13039_p2                                  | -   |        | add_ln162_17    | add   | fabric  | 0       |
|    add_ln162_18_fu_13097_p2                                  | -   |        | add_ln162_18    | add   | fabric  | 0       |
|    add_ln162_19_fu_13107_p2                                  | -   |        | add_ln162_19    | add   | fabric  | 0       |
|    add_ln162_20_fu_13165_p2                                  | -   |        | add_ln162_20    | add   | fabric  | 0       |
|    add_ln162_21_fu_13175_p2                                  | -   |        | add_ln162_21    | add   | fabric  | 0       |
|    add_ln162_22_fu_13233_p2                                  | -   |        | add_ln162_22    | add   | fabric  | 0       |
|    add_ln162_23_fu_13243_p2                                  | -   |        | add_ln162_23    | add   | fabric  | 0       |
|    add_ln162_24_fu_13301_p2                                  | -   |        | add_ln162_24    | add   | fabric  | 0       |
|    add_ln162_25_fu_13311_p2                                  | -   |        | add_ln162_25    | add   | fabric  | 0       |
|    add_ln162_26_fu_13369_p2                                  | -   |        | add_ln162_26    | add   | fabric  | 0       |
|    add_ln162_27_fu_13379_p2                                  | -   |        | add_ln162_27    | add   | fabric  | 0       |
|    add_ln162_28_fu_13437_p2                                  | -   |        | add_ln162_28    | add   | fabric  | 0       |
|    add_ln162_29_fu_13447_p2                                  | -   |        | add_ln162_29    | add   | fabric  | 0       |
|    add_ln162_30_fu_13505_p2                                  | -   |        | add_ln162_30    | add   | fabric  | 0       |
|    add_ln162_31_fu_13515_p2                                  | -   |        | add_ln162_31    | add   | fabric  | 0       |
|    add_ln162_32_fu_13573_p2                                  | -   |        | add_ln162_32    | add   | fabric  | 0       |
|    add_ln162_33_fu_13583_p2                                  | -   |        | add_ln162_33    | add   | fabric  | 0       |
|    add_ln162_34_fu_13641_p2                                  | -   |        | add_ln162_34    | add   | fabric  | 0       |
|    add_ln162_35_fu_13651_p2                                  | -   |        | add_ln162_35    | add   | fabric  | 0       |
|    add_ln162_36_fu_13709_p2                                  | -   |        | add_ln162_36    | add   | fabric  | 0       |
|    add_ln162_37_fu_13719_p2                                  | -   |        | add_ln162_37    | add   | fabric  | 0       |
|    add_ln162_38_fu_13777_p2                                  | -   |        | add_ln162_38    | add   | fabric  | 0       |
|    add_ln162_39_fu_13787_p2                                  | -   |        | add_ln162_39    | add   | fabric  | 0       |
|    add_ln162_40_fu_13845_p2                                  | -   |        | add_ln162_40    | add   | fabric  | 0       |
|    add_ln162_41_fu_13855_p2                                  | -   |        | add_ln162_41    | add   | fabric  | 0       |
|    add_ln162_42_fu_13913_p2                                  | -   |        | add_ln162_42    | add   | fabric  | 0       |
|    add_ln162_43_fu_13923_p2                                  | -   |        | add_ln162_43    | add   | fabric  | 0       |
|    add_ln162_44_fu_13981_p2                                  | -   |        | add_ln162_44    | add   | fabric  | 0       |
|    add_ln162_45_fu_13991_p2                                  | -   |        | add_ln162_45    | add   | fabric  | 0       |
|    add_ln162_46_fu_14049_p2                                  | -   |        | add_ln162_46    | add   | fabric  | 0       |
|    add_ln162_47_fu_14059_p2                                  | -   |        | add_ln162_47    | add   | fabric  | 0       |
|    add_ln162_48_fu_14117_p2                                  | -   |        | add_ln162_48    | add   | fabric  | 0       |
|    add_ln162_49_fu_14127_p2                                  | -   |        | add_ln162_49    | add   | fabric  | 0       |
|    add_ln162_50_fu_14185_p2                                  | -   |        | add_ln162_50    | add   | fabric  | 0       |
|    add_ln162_51_fu_14195_p2                                  | -   |        | add_ln162_51    | add   | fabric  | 0       |
|    add_ln162_52_fu_14253_p2                                  | -   |        | add_ln162_52    | add   | fabric  | 0       |
|    add_ln162_53_fu_14263_p2                                  | -   |        | add_ln162_53    | add   | fabric  | 0       |
|    add_ln162_54_fu_14321_p2                                  | -   |        | add_ln162_54    | add   | fabric  | 0       |
|    add_ln162_55_fu_14331_p2                                  | -   |        | add_ln162_55    | add   | fabric  | 0       |
|    add_ln162_56_fu_14389_p2                                  | -   |        | add_ln162_56    | add   | fabric  | 0       |
|    add_ln162_57_fu_14399_p2                                  | -   |        | add_ln162_57    | add   | fabric  | 0       |
|    add_ln162_58_fu_14457_p2                                  | -   |        | add_ln162_58    | add   | fabric  | 0       |
|    add_ln162_59_fu_14467_p2                                  | -   |        | add_ln162_59    | add   | fabric  | 0       |
|    add_ln162_60_fu_14525_p2                                  | -   |        | add_ln162_60    | add   | fabric  | 0       |
|    add_ln162_61_fu_14535_p2                                  | -   |        | add_ln162_61    | add   | fabric  | 0       |
|    add_ln162_62_fu_14593_p2                                  | -   |        | add_ln162_62    | add   | fabric  | 0       |
|    add_ln162_63_fu_14603_p2                                  | -   |        | add_ln162_63    | add   | fabric  | 0       |
|    add_ln162_64_fu_14661_p2                                  | -   |        | add_ln162_64    | add   | fabric  | 0       |
|    add_ln162_65_fu_14671_p2                                  | -   |        | add_ln162_65    | add   | fabric  | 0       |
|    add_ln162_66_fu_14729_p2                                  | -   |        | add_ln162_66    | add   | fabric  | 0       |
|    add_ln162_67_fu_14739_p2                                  | -   |        | add_ln162_67    | add   | fabric  | 0       |
|    add_ln162_68_fu_14797_p2                                  | -   |        | add_ln162_68    | add   | fabric  | 0       |
|    add_ln162_69_fu_14807_p2                                  | -   |        | add_ln162_69    | add   | fabric  | 0       |
|    add_ln162_70_fu_14865_p2                                  | -   |        | add_ln162_70    | add   | fabric  | 0       |
|    add_ln162_71_fu_14875_p2                                  | -   |        | add_ln162_71    | add   | fabric  | 0       |
|    add_ln162_72_fu_14933_p2                                  | -   |        | add_ln162_72    | add   | fabric  | 0       |
|    add_ln162_73_fu_14943_p2                                  | -   |        | add_ln162_73    | add   | fabric  | 0       |
|    add_ln162_74_fu_15001_p2                                  | -   |        | add_ln162_74    | add   | fabric  | 0       |
|    add_ln162_75_fu_15011_p2                                  | -   |        | add_ln162_75    | add   | fabric  | 0       |
|    add_ln162_76_fu_15069_p2                                  | -   |        | add_ln162_76    | add   | fabric  | 0       |
|    add_ln162_77_fu_15079_p2                                  | -   |        | add_ln162_77    | add   | fabric  | 0       |
|    add_ln162_78_fu_15137_p2                                  | -   |        | add_ln162_78    | add   | fabric  | 0       |
|    add_ln162_79_fu_15147_p2                                  | -   |        | add_ln162_79    | add   | fabric  | 0       |
|    add_ln162_80_fu_15205_p2                                  | -   |        | add_ln162_80    | add   | fabric  | 0       |
|    add_ln162_81_fu_15215_p2                                  | -   |        | add_ln162_81    | add   | fabric  | 0       |
|    add_ln162_82_fu_15273_p2                                  | -   |        | add_ln162_82    | add   | fabric  | 0       |
|    add_ln162_83_fu_15283_p2                                  | -   |        | add_ln162_83    | add   | fabric  | 0       |
|    add_ln162_84_fu_15341_p2                                  | -   |        | add_ln162_84    | add   | fabric  | 0       |
|    add_ln162_85_fu_15351_p2                                  | -   |        | add_ln162_85    | add   | fabric  | 0       |
|    add_ln162_86_fu_15409_p2                                  | -   |        | add_ln162_86    | add   | fabric  | 0       |
|    add_ln162_87_fu_15419_p2                                  | -   |        | add_ln162_87    | add   | fabric  | 0       |
|    add_ln162_88_fu_15477_p2                                  | -   |        | add_ln162_88    | add   | fabric  | 0       |
|    add_ln162_89_fu_15487_p2                                  | -   |        | add_ln162_89    | add   | fabric  | 0       |
|    add_ln162_90_fu_15545_p2                                  | -   |        | add_ln162_90    | add   | fabric  | 0       |
|    add_ln162_91_fu_15555_p2                                  | -   |        | add_ln162_91    | add   | fabric  | 0       |
|    add_ln162_92_fu_15613_p2                                  | -   |        | add_ln162_92    | add   | fabric  | 0       |
|    add_ln162_93_fu_15623_p2                                  | -   |        | add_ln162_93    | add   | fabric  | 0       |
|    add_ln162_94_fu_15681_p2                                  | -   |        | add_ln162_94    | add   | fabric  | 0       |
|    add_ln162_95_fu_15691_p2                                  | -   |        | add_ln162_95    | add   | fabric  | 0       |
|    add_ln162_96_fu_15749_p2                                  | -   |        | add_ln162_96    | add   | fabric  | 0       |
|    add_ln162_97_fu_15759_p2                                  | -   |        | add_ln162_97    | add   | fabric  | 0       |
|    add_ln162_98_fu_15817_p2                                  | -   |        | add_ln162_98    | add   | fabric  | 0       |
|    add_ln162_99_fu_15827_p2                                  | -   |        | add_ln162_99    | add   | fabric  | 0       |
|    add_ln162_100_fu_15885_p2                                 | -   |        | add_ln162_100   | add   | fabric  | 0       |
|    add_ln162_101_fu_15895_p2                                 | -   |        | add_ln162_101   | add   | fabric  | 0       |
|    add_ln162_102_fu_15953_p2                                 | -   |        | add_ln162_102   | add   | fabric  | 0       |
|    add_ln162_103_fu_15963_p2                                 | -   |        | add_ln162_103   | add   | fabric  | 0       |
|    add_ln162_104_fu_16021_p2                                 | -   |        | add_ln162_104   | add   | fabric  | 0       |
|    add_ln162_105_fu_16031_p2                                 | -   |        | add_ln162_105   | add   | fabric  | 0       |
|    add_ln162_106_fu_16089_p2                                 | -   |        | add_ln162_106   | add   | fabric  | 0       |
|    add_ln162_107_fu_16099_p2                                 | -   |        | add_ln162_107   | add   | fabric  | 0       |
|    add_ln162_108_fu_16157_p2                                 | -   |        | add_ln162_108   | add   | fabric  | 0       |
|    add_ln162_109_fu_16167_p2                                 | -   |        | add_ln162_109   | add   | fabric  | 0       |
|    add_ln162_110_fu_16225_p2                                 | -   |        | add_ln162_110   | add   | fabric  | 0       |
|    add_ln162_111_fu_16235_p2                                 | -   |        | add_ln162_111   | add   | fabric  | 0       |
|    add_ln162_112_fu_16293_p2                                 | -   |        | add_ln162_112   | add   | fabric  | 0       |
|    add_ln162_113_fu_16303_p2                                 | -   |        | add_ln162_113   | add   | fabric  | 0       |
|    add_ln162_114_fu_16361_p2                                 | -   |        | add_ln162_114   | add   | fabric  | 0       |
|    add_ln162_115_fu_16371_p2                                 | -   |        | add_ln162_115   | add   | fabric  | 0       |
|    add_ln162_116_fu_16429_p2                                 | -   |        | add_ln162_116   | add   | fabric  | 0       |
|    add_ln162_117_fu_16439_p2                                 | -   |        | add_ln162_117   | add   | fabric  | 0       |
|    add_ln162_118_fu_16497_p2                                 | -   |        | add_ln162_118   | add   | fabric  | 0       |
|    add_ln162_119_fu_16507_p2                                 | -   |        | add_ln162_119   | add   | fabric  | 0       |
|    add_ln162_120_fu_16565_p2                                 | -   |        | add_ln162_120   | add   | fabric  | 0       |
|    add_ln162_121_fu_16575_p2                                 | -   |        | add_ln162_121   | add   | fabric  | 0       |
|    add_ln162_122_fu_16633_p2                                 | -   |        | add_ln162_122   | add   | fabric  | 0       |
|    add_ln162_123_fu_16643_p2                                 | -   |        | add_ln162_123   | add   | fabric  | 0       |
|    add_ln162_124_fu_16701_p2                                 | -   |        | add_ln162_124   | add   | fabric  | 0       |
|    add_ln162_125_fu_16711_p2                                 | -   |        | add_ln162_125   | add   | fabric  | 0       |
|    add_ln162_126_fu_16769_p2                                 | -   |        | add_ln162_126   | add   | fabric  | 0       |
|    add_ln162_127_fu_16779_p2                                 | -   |        | add_ln162_127   | add   | fabric  | 0       |
|    add_ln162_128_fu_16837_p2                                 | -   |        | add_ln162_128   | add   | fabric  | 0       |
|    add_ln162_129_fu_16847_p2                                 | -   |        | add_ln162_129   | add   | fabric  | 0       |
|    add_ln162_130_fu_16905_p2                                 | -   |        | add_ln162_130   | add   | fabric  | 0       |
|    add_ln162_131_fu_16915_p2                                 | -   |        | add_ln162_131   | add   | fabric  | 0       |
|    add_ln162_132_fu_16973_p2                                 | -   |        | add_ln162_132   | add   | fabric  | 0       |
|    add_ln162_133_fu_16983_p2                                 | -   |        | add_ln162_133   | add   | fabric  | 0       |
|    add_ln162_134_fu_17041_p2                                 | -   |        | add_ln162_134   | add   | fabric  | 0       |
|    add_ln162_135_fu_17051_p2                                 | -   |        | add_ln162_135   | add   | fabric  | 0       |
|    add_ln162_136_fu_17109_p2                                 | -   |        | add_ln162_136   | add   | fabric  | 0       |
|    add_ln162_137_fu_17119_p2                                 | -   |        | add_ln162_137   | add   | fabric  | 0       |
|    add_ln162_138_fu_17177_p2                                 | -   |        | add_ln162_138   | add   | fabric  | 0       |
|    add_ln162_139_fu_17187_p2                                 | -   |        | add_ln162_139   | add   | fabric  | 0       |
|    add_ln162_140_fu_17245_p2                                 | -   |        | add_ln162_140   | add   | fabric  | 0       |
|    add_ln162_141_fu_17255_p2                                 | -   |        | add_ln162_141   | add   | fabric  | 0       |
|    add_ln162_142_fu_17313_p2                                 | -   |        | add_ln162_142   | add   | fabric  | 0       |
|    add_ln162_143_fu_17323_p2                                 | -   |        | add_ln162_143   | add   | fabric  | 0       |
|    add_ln162_144_fu_17381_p2                                 | -   |        | add_ln162_144   | add   | fabric  | 0       |
|    add_ln162_145_fu_17391_p2                                 | -   |        | add_ln162_145   | add   | fabric  | 0       |
|    add_ln162_146_fu_17449_p2                                 | -   |        | add_ln162_146   | add   | fabric  | 0       |
|    add_ln162_147_fu_17459_p2                                 | -   |        | add_ln162_147   | add   | fabric  | 0       |
|    add_ln162_148_fu_17517_p2                                 | -   |        | add_ln162_148   | add   | fabric  | 0       |
|    add_ln162_149_fu_17527_p2                                 | -   |        | add_ln162_149   | add   | fabric  | 0       |
|    add_ln162_150_fu_17585_p2                                 | -   |        | add_ln162_150   | add   | fabric  | 0       |
|    add_ln162_151_fu_17595_p2                                 | -   |        | add_ln162_151   | add   | fabric  | 0       |
|    add_ln162_152_fu_17653_p2                                 | -   |        | add_ln162_152   | add   | fabric  | 0       |
|    add_ln162_153_fu_17663_p2                                 | -   |        | add_ln162_153   | add   | fabric  | 0       |
|    add_ln162_154_fu_17721_p2                                 | -   |        | add_ln162_154   | add   | fabric  | 0       |
|    add_ln162_155_fu_17731_p2                                 | -   |        | add_ln162_155   | add   | fabric  | 0       |
|    add_ln162_156_fu_17789_p2                                 | -   |        | add_ln162_156   | add   | fabric  | 0       |
|    add_ln162_157_fu_17799_p2                                 | -   |        | add_ln162_157   | add   | fabric  | 0       |
|    add_ln162_158_fu_17857_p2                                 | -   |        | add_ln162_158   | add   | fabric  | 0       |
|    add_ln162_159_fu_17867_p2                                 | -   |        | add_ln162_159   | add   | fabric  | 0       |
|    add_ln162_160_fu_17925_p2                                 | -   |        | add_ln162_160   | add   | fabric  | 0       |
|    add_ln162_161_fu_17935_p2                                 | -   |        | add_ln162_161   | add   | fabric  | 0       |
|    add_ln162_162_fu_17993_p2                                 | -   |        | add_ln162_162   | add   | fabric  | 0       |
|    add_ln162_163_fu_18003_p2                                 | -   |        | add_ln162_163   | add   | fabric  | 0       |
|    add_ln162_164_fu_18061_p2                                 | -   |        | add_ln162_164   | add   | fabric  | 0       |
|    add_ln162_165_fu_18071_p2                                 | -   |        | add_ln162_165   | add   | fabric  | 0       |
|    add_ln162_166_fu_18129_p2                                 | -   |        | add_ln162_166   | add   | fabric  | 0       |
|    add_ln162_167_fu_18139_p2                                 | -   |        | add_ln162_167   | add   | fabric  | 0       |
|    add_ln162_168_fu_18197_p2                                 | -   |        | add_ln162_168   | add   | fabric  | 0       |
|    add_ln162_169_fu_18207_p2                                 | -   |        | add_ln162_169   | add   | fabric  | 0       |
|    add_ln162_170_fu_18265_p2                                 | -   |        | add_ln162_170   | add   | fabric  | 0       |
|    add_ln162_171_fu_18275_p2                                 | -   |        | add_ln162_171   | add   | fabric  | 0       |
|    add_ln162_172_fu_18333_p2                                 | -   |        | add_ln162_172   | add   | fabric  | 0       |
|    add_ln162_173_fu_18343_p2                                 | -   |        | add_ln162_173   | add   | fabric  | 0       |
|    add_ln162_174_fu_18401_p2                                 | -   |        | add_ln162_174   | add   | fabric  | 0       |
|    add_ln162_175_fu_18411_p2                                 | -   |        | add_ln162_175   | add   | fabric  | 0       |
|    add_ln162_176_fu_18469_p2                                 | -   |        | add_ln162_176   | add   | fabric  | 0       |
|    add_ln162_177_fu_18479_p2                                 | -   |        | add_ln162_177   | add   | fabric  | 0       |
|    add_ln162_178_fu_18537_p2                                 | -   |        | add_ln162_178   | add   | fabric  | 0       |
|    add_ln162_179_fu_18547_p2                                 | -   |        | add_ln162_179   | add   | fabric  | 0       |
|    add_ln162_180_fu_18605_p2                                 | -   |        | add_ln162_180   | add   | fabric  | 0       |
|    add_ln162_181_fu_18615_p2                                 | -   |        | add_ln162_181   | add   | fabric  | 0       |
|    add_ln162_182_fu_18673_p2                                 | -   |        | add_ln162_182   | add   | fabric  | 0       |
|    add_ln162_183_fu_18683_p2                                 | -   |        | add_ln162_183   | add   | fabric  | 0       |
|    add_ln162_184_fu_18741_p2                                 | -   |        | add_ln162_184   | add   | fabric  | 0       |
|    add_ln162_185_fu_18751_p2                                 | -   |        | add_ln162_185   | add   | fabric  | 0       |
|    add_ln162_186_fu_18809_p2                                 | -   |        | add_ln162_186   | add   | fabric  | 0       |
|    add_ln162_187_fu_18819_p2                                 | -   |        | add_ln162_187   | add   | fabric  | 0       |
|    add_ln162_188_fu_18877_p2                                 | -   |        | add_ln162_188   | add   | fabric  | 0       |
|    add_ln162_189_fu_18887_p2                                 | -   |        | add_ln162_189   | add   | fabric  | 0       |
|    add_ln162_190_fu_18945_p2                                 | -   |        | add_ln162_190   | add   | fabric  | 0       |
|    add_ln162_191_fu_18955_p2                                 | -   |        | add_ln162_191   | add   | fabric  | 0       |
|    add_ln162_192_fu_19013_p2                                 | -   |        | add_ln162_192   | add   | fabric  | 0       |
|    add_ln162_193_fu_19023_p2                                 | -   |        | add_ln162_193   | add   | fabric  | 0       |
|    add_ln162_194_fu_19081_p2                                 | -   |        | add_ln162_194   | add   | fabric  | 0       |
|    add_ln162_195_fu_19091_p2                                 | -   |        | add_ln162_195   | add   | fabric  | 0       |
|    add_ln162_196_fu_19149_p2                                 | -   |        | add_ln162_196   | add   | fabric  | 0       |
|    add_ln162_197_fu_19159_p2                                 | -   |        | add_ln162_197   | add   | fabric  | 0       |
|    add_ln162_198_fu_19217_p2                                 | -   |        | add_ln162_198   | add   | fabric  | 0       |
|    add_ln162_199_fu_19227_p2                                 | -   |        | add_ln162_199   | add   | fabric  | 0       |
|    add_ln162_200_fu_19285_p2                                 | -   |        | add_ln162_200   | add   | fabric  | 0       |
|    add_ln162_201_fu_19295_p2                                 | -   |        | add_ln162_201   | add   | fabric  | 0       |
|    add_ln162_202_fu_19353_p2                                 | -   |        | add_ln162_202   | add   | fabric  | 0       |
|    add_ln162_203_fu_19363_p2                                 | -   |        | add_ln162_203   | add   | fabric  | 0       |
|    add_ln162_204_fu_19421_p2                                 | -   |        | add_ln162_204   | add   | fabric  | 0       |
|    add_ln162_205_fu_19431_p2                                 | -   |        | add_ln162_205   | add   | fabric  | 0       |
|    add_ln162_206_fu_19489_p2                                 | -   |        | add_ln162_206   | add   | fabric  | 0       |
|    add_ln162_207_fu_19499_p2                                 | -   |        | add_ln162_207   | add   | fabric  | 0       |
|    add_ln162_208_fu_19557_p2                                 | -   |        | add_ln162_208   | add   | fabric  | 0       |
|    add_ln162_209_fu_19567_p2                                 | -   |        | add_ln162_209   | add   | fabric  | 0       |
|    add_ln162_210_fu_19625_p2                                 | -   |        | add_ln162_210   | add   | fabric  | 0       |
|    add_ln162_211_fu_19635_p2                                 | -   |        | add_ln162_211   | add   | fabric  | 0       |
|    add_ln162_212_fu_19693_p2                                 | -   |        | add_ln162_212   | add   | fabric  | 0       |
|    add_ln162_213_fu_19703_p2                                 | -   |        | add_ln162_213   | add   | fabric  | 0       |
|    add_ln162_214_fu_19761_p2                                 | -   |        | add_ln162_214   | add   | fabric  | 0       |
|    add_ln162_215_fu_19771_p2                                 | -   |        | add_ln162_215   | add   | fabric  | 0       |
|    add_ln162_216_fu_19829_p2                                 | -   |        | add_ln162_216   | add   | fabric  | 0       |
|    add_ln162_217_fu_19839_p2                                 | -   |        | add_ln162_217   | add   | fabric  | 0       |
|    add_ln162_218_fu_19897_p2                                 | -   |        | add_ln162_218   | add   | fabric  | 0       |
|    add_ln162_219_fu_19907_p2                                 | -   |        | add_ln162_219   | add   | fabric  | 0       |
|    add_ln162_220_fu_19965_p2                                 | -   |        | add_ln162_220   | add   | fabric  | 0       |
|    add_ln162_221_fu_19975_p2                                 | -   |        | add_ln162_221   | add   | fabric  | 0       |
|    add_ln162_222_fu_20033_p2                                 | -   |        | add_ln162_222   | add   | fabric  | 0       |
|    add_ln162_223_fu_20043_p2                                 | -   |        | add_ln162_223   | add   | fabric  | 0       |
|    add_ln162_224_fu_20101_p2                                 | -   |        | add_ln162_224   | add   | fabric  | 0       |
|    add_ln162_225_fu_20111_p2                                 | -   |        | add_ln162_225   | add   | fabric  | 0       |
|    add_ln162_226_fu_20169_p2                                 | -   |        | add_ln162_226   | add   | fabric  | 0       |
|    add_ln162_227_fu_20179_p2                                 | -   |        | add_ln162_227   | add   | fabric  | 0       |
|    add_ln162_228_fu_20237_p2                                 | -   |        | add_ln162_228   | add   | fabric  | 0       |
|    add_ln162_229_fu_20247_p2                                 | -   |        | add_ln162_229   | add   | fabric  | 0       |
|    add_ln162_230_fu_20305_p2                                 | -   |        | add_ln162_230   | add   | fabric  | 0       |
|    add_ln162_231_fu_20315_p2                                 | -   |        | add_ln162_231   | add   | fabric  | 0       |
|    add_ln162_232_fu_20373_p2                                 | -   |        | add_ln162_232   | add   | fabric  | 0       |
|    add_ln162_233_fu_20383_p2                                 | -   |        | add_ln162_233   | add   | fabric  | 0       |
|    add_ln162_234_fu_20441_p2                                 | -   |        | add_ln162_234   | add   | fabric  | 0       |
|    add_ln162_235_fu_20451_p2                                 | -   |        | add_ln162_235   | add   | fabric  | 0       |
|    add_ln162_236_fu_20509_p2                                 | -   |        | add_ln162_236   | add   | fabric  | 0       |
|    add_ln162_237_fu_20519_p2                                 | -   |        | add_ln162_237   | add   | fabric  | 0       |
|    add_ln162_238_fu_20577_p2                                 | -   |        | add_ln162_238   | add   | fabric  | 0       |
|    add_ln162_239_fu_20587_p2                                 | -   |        | add_ln162_239   | add   | fabric  | 0       |
|    add_ln162_240_fu_20645_p2                                 | -   |        | add_ln162_240   | add   | fabric  | 0       |
|    add_ln162_241_fu_20655_p2                                 | -   |        | add_ln162_241   | add   | fabric  | 0       |
|    add_ln162_242_fu_20713_p2                                 | -   |        | add_ln162_242   | add   | fabric  | 0       |
|    add_ln162_243_fu_20723_p2                                 | -   |        | add_ln162_243   | add   | fabric  | 0       |
|    add_ln162_244_fu_20781_p2                                 | -   |        | add_ln162_244   | add   | fabric  | 0       |
|    add_ln162_245_fu_20791_p2                                 | -   |        | add_ln162_245   | add   | fabric  | 0       |
|    add_ln162_246_fu_20849_p2                                 | -   |        | add_ln162_246   | add   | fabric  | 0       |
|    add_ln162_247_fu_20859_p2                                 | -   |        | add_ln162_247   | add   | fabric  | 0       |
|    add_ln162_248_fu_20917_p2                                 | -   |        | add_ln162_248   | add   | fabric  | 0       |
|    add_ln162_249_fu_20927_p2                                 | -   |        | add_ln162_249   | add   | fabric  | 0       |
|    add_ln162_250_fu_20985_p2                                 | -   |        | add_ln162_250   | add   | fabric  | 0       |
|    add_ln162_251_fu_20995_p2                                 | -   |        | add_ln162_251   | add   | fabric  | 0       |
|    add_ln162_252_fu_21053_p2                                 | -   |        | add_ln162_252   | add   | fabric  | 0       |
|    add_ln162_253_fu_21063_p2                                 | -   |        | add_ln162_253   | add   | fabric  | 0       |
|    add_ln162_254_fu_21121_p2                                 | -   |        | add_ln162_254   | add   | fabric  | 0       |
|    add_ln162_255_fu_21131_p2                                 | -   |        | add_ln162_255   | add   | fabric  | 0       |
|    add_ln162_256_fu_21189_p2                                 | -   |        | add_ln162_256   | add   | fabric  | 0       |
|    add_ln162_257_fu_21199_p2                                 | -   |        | add_ln162_257   | add   | fabric  | 0       |
|    add_ln165_fu_8281_p2                                      | -   |        | add_ln165       | add   | fabric  | 0       |
|    add_ln165_1_fu_8291_p2                                    | -   |        | add_ln165_1     | add   | fabric  | 0       |
|    sub_ln170_fu_8323_p2                                      | -   |        | sub_ln170       | sub   | fabric  | 0       |
|    add_ln170_fu_8333_p2                                      | -   |        | add_ln170       | add   | fabric  | 0       |
|    add_ln170_1_fu_8372_p2                                    | -   |        | add_ln170_1     | add   | fabric  | 0       |
|    add_ln170_2_fu_8391_p2                                    | -   |        | add_ln170_2     | add   | fabric  | 0       |
|    add_ln170_3_fu_8435_p2                                    | -   |        | add_ln170_3     | add   | fabric  | 0       |
|    add_ln170_4_fu_8454_p2                                    | -   |        | add_ln170_4     | add   | fabric  | 0       |
|    add_ln170_5_fu_8503_p2                                    | -   |        | add_ln170_5     | add   | fabric  | 0       |
|    add_ln170_6_fu_8522_p2                                    | -   |        | add_ln170_6     | add   | fabric  | 0       |
|    add_ln170_7_fu_8571_p2                                    | -   |        | add_ln170_7     | add   | fabric  | 0       |
|    add_ln170_8_fu_8590_p2                                    | -   |        | add_ln170_8     | add   | fabric  | 0       |
|    add_ln170_9_fu_8639_p2                                    | -   |        | add_ln170_9     | add   | fabric  | 0       |
|    add_ln170_10_fu_8658_p2                                   | -   |        | add_ln170_10    | add   | fabric  | 0       |
|    add_ln170_11_fu_8707_p2                                   | -   |        | add_ln170_11    | add   | fabric  | 0       |
|    add_ln170_12_fu_8726_p2                                   | -   |        | add_ln170_12    | add   | fabric  | 0       |
|    add_ln170_13_fu_8780_p2                                   | -   |        | add_ln170_13    | add   | fabric  | 0       |
|    add_ln170_14_fu_8799_p2                                   | -   |        | add_ln170_14    | add   | fabric  | 0       |
|    add_ln170_15_fu_8848_p2                                   | -   |        | add_ln170_15    | add   | fabric  | 0       |
|    add_ln170_16_fu_8867_p2                                   | -   |        | add_ln170_16    | add   | fabric  | 0       |
|    add_ln170_17_fu_8916_p2                                   | -   |        | add_ln170_17    | add   | fabric  | 0       |
|    add_ln170_18_fu_8935_p2                                   | -   |        | add_ln170_18    | add   | fabric  | 0       |
|    add_ln170_19_fu_8984_p2                                   | -   |        | add_ln170_19    | add   | fabric  | 0       |
|    add_ln170_20_fu_9003_p2                                   | -   |        | add_ln170_20    | add   | fabric  | 0       |
|    add_ln170_21_fu_9052_p2                                   | -   |        | add_ln170_21    | add   | fabric  | 0       |
|    add_ln170_22_fu_9071_p2                                   | -   |        | add_ln170_22    | add   | fabric  | 0       |
|    add_ln170_23_fu_9120_p2                                   | -   |        | add_ln170_23    | add   | fabric  | 0       |
|    add_ln170_24_fu_9139_p2                                   | -   |        | add_ln170_24    | add   | fabric  | 0       |
|    add_ln170_25_fu_9188_p2                                   | -   |        | add_ln170_25    | add   | fabric  | 0       |
|    add_ln170_26_fu_9207_p2                                   | -   |        | add_ln170_26    | add   | fabric  | 0       |
|    add_ln170_27_fu_9256_p2                                   | -   |        | add_ln170_27    | add   | fabric  | 0       |
|    add_ln170_28_fu_9275_p2                                   | -   |        | add_ln170_28    | add   | fabric  | 0       |
|    add_ln170_29_fu_9324_p2                                   | -   |        | add_ln170_29    | add   | fabric  | 0       |
|    add_ln170_30_fu_9343_p2                                   | -   |        | add_ln170_30    | add   | fabric  | 0       |
|    add_ln170_31_fu_9392_p2                                   | -   |        | add_ln170_31    | add   | fabric  | 0       |
|    add_ln170_32_fu_9411_p2                                   | -   |        | add_ln170_32    | add   | fabric  | 0       |
|    add_ln170_33_fu_9460_p2                                   | -   |        | add_ln170_33    | add   | fabric  | 0       |
|    add_ln170_34_fu_9479_p2                                   | -   |        | add_ln170_34    | add   | fabric  | 0       |
|    add_ln170_35_fu_9528_p2                                   | -   |        | add_ln170_35    | add   | fabric  | 0       |
|    add_ln170_36_fu_9547_p2                                   | -   |        | add_ln170_36    | add   | fabric  | 0       |
|    add_ln170_37_fu_9596_p2                                   | -   |        | add_ln170_37    | add   | fabric  | 0       |
|    add_ln170_38_fu_9615_p2                                   | -   |        | add_ln170_38    | add   | fabric  | 0       |
|    add_ln170_39_fu_9664_p2                                   | -   |        | add_ln170_39    | add   | fabric  | 0       |
|    add_ln170_40_fu_9683_p2                                   | -   |        | add_ln170_40    | add   | fabric  | 0       |
|    add_ln170_41_fu_9732_p2                                   | -   |        | add_ln170_41    | add   | fabric  | 0       |
|    add_ln170_42_fu_9751_p2                                   | -   |        | add_ln170_42    | add   | fabric  | 0       |
|    add_ln170_43_fu_9800_p2                                   | -   |        | add_ln170_43    | add   | fabric  | 0       |
|    add_ln170_44_fu_9819_p2                                   | -   |        | add_ln170_44    | add   | fabric  | 0       |
|    add_ln170_45_fu_9868_p2                                   | -   |        | add_ln170_45    | add   | fabric  | 0       |
|    add_ln170_46_fu_9887_p2                                   | -   |        | add_ln170_46    | add   | fabric  | 0       |
|    add_ln170_47_fu_9936_p2                                   | -   |        | add_ln170_47    | add   | fabric  | 0       |
|    add_ln170_48_fu_9955_p2                                   | -   |        | add_ln170_48    | add   | fabric  | 0       |
|    add_ln170_49_fu_10004_p2                                  | -   |        | add_ln170_49    | add   | fabric  | 0       |
|    add_ln170_50_fu_10023_p2                                  | -   |        | add_ln170_50    | add   | fabric  | 0       |
|    add_ln170_51_fu_10072_p2                                  | -   |        | add_ln170_51    | add   | fabric  | 0       |
|    add_ln170_52_fu_10091_p2                                  | -   |        | add_ln170_52    | add   | fabric  | 0       |
|    add_ln170_53_fu_10140_p2                                  | -   |        | add_ln170_53    | add   | fabric  | 0       |
|    add_ln170_54_fu_10159_p2                                  | -   |        | add_ln170_54    | add   | fabric  | 0       |
|    add_ln170_55_fu_10208_p2                                  | -   |        | add_ln170_55    | add   | fabric  | 0       |
|    add_ln170_56_fu_10227_p2                                  | -   |        | add_ln170_56    | add   | fabric  | 0       |
|    add_ln170_57_fu_10276_p2                                  | -   |        | add_ln170_57    | add   | fabric  | 0       |
|    add_ln170_58_fu_10295_p2                                  | -   |        | add_ln170_58    | add   | fabric  | 0       |
|    add_ln170_59_fu_10344_p2                                  | -   |        | add_ln170_59    | add   | fabric  | 0       |
|    add_ln170_60_fu_10363_p2                                  | -   |        | add_ln170_60    | add   | fabric  | 0       |
|    add_ln170_61_fu_10412_p2                                  | -   |        | add_ln170_61    | add   | fabric  | 0       |
|    add_ln170_62_fu_10431_p2                                  | -   |        | add_ln170_62    | add   | fabric  | 0       |
|    add_ln170_63_fu_10480_p2                                  | -   |        | add_ln170_63    | add   | fabric  | 0       |
|    add_ln170_64_fu_10499_p2                                  | -   |        | add_ln170_64    | add   | fabric  | 0       |
|    add_ln170_65_fu_10548_p2                                  | -   |        | add_ln170_65    | add   | fabric  | 0       |
|    add_ln170_66_fu_10567_p2                                  | -   |        | add_ln170_66    | add   | fabric  | 0       |
|    add_ln170_67_fu_10616_p2                                  | -   |        | add_ln170_67    | add   | fabric  | 0       |
|    add_ln170_68_fu_10635_p2                                  | -   |        | add_ln170_68    | add   | fabric  | 0       |
|    add_ln170_69_fu_10684_p2                                  | -   |        | add_ln170_69    | add   | fabric  | 0       |
|    add_ln170_70_fu_10703_p2                                  | -   |        | add_ln170_70    | add   | fabric  | 0       |
|    add_ln170_71_fu_10752_p2                                  | -   |        | add_ln170_71    | add   | fabric  | 0       |
|    add_ln170_72_fu_10771_p2                                  | -   |        | add_ln170_72    | add   | fabric  | 0       |
|    add_ln170_73_fu_10820_p2                                  | -   |        | add_ln170_73    | add   | fabric  | 0       |
|    add_ln170_74_fu_10839_p2                                  | -   |        | add_ln170_74    | add   | fabric  | 0       |
|    add_ln170_75_fu_10888_p2                                  | -   |        | add_ln170_75    | add   | fabric  | 0       |
|    add_ln170_76_fu_10907_p2                                  | -   |        | add_ln170_76    | add   | fabric  | 0       |
|    add_ln170_77_fu_10956_p2                                  | -   |        | add_ln170_77    | add   | fabric  | 0       |
|    add_ln170_78_fu_10975_p2                                  | -   |        | add_ln170_78    | add   | fabric  | 0       |
|    add_ln170_79_fu_11024_p2                                  | -   |        | add_ln170_79    | add   | fabric  | 0       |
|    add_ln170_80_fu_11043_p2                                  | -   |        | add_ln170_80    | add   | fabric  | 0       |
|    add_ln170_81_fu_11092_p2                                  | -   |        | add_ln170_81    | add   | fabric  | 0       |
|    add_ln170_82_fu_11111_p2                                  | -   |        | add_ln170_82    | add   | fabric  | 0       |
|    add_ln170_83_fu_11160_p2                                  | -   |        | add_ln170_83    | add   | fabric  | 0       |
|    add_ln170_84_fu_11179_p2                                  | -   |        | add_ln170_84    | add   | fabric  | 0       |
|    add_ln170_85_fu_11228_p2                                  | -   |        | add_ln170_85    | add   | fabric  | 0       |
|    add_ln170_86_fu_11247_p2                                  | -   |        | add_ln170_86    | add   | fabric  | 0       |
|    add_ln170_87_fu_11296_p2                                  | -   |        | add_ln170_87    | add   | fabric  | 0       |
|    add_ln170_88_fu_11315_p2                                  | -   |        | add_ln170_88    | add   | fabric  | 0       |
|    add_ln170_89_fu_11364_p2                                  | -   |        | add_ln170_89    | add   | fabric  | 0       |
|    add_ln170_90_fu_11383_p2                                  | -   |        | add_ln170_90    | add   | fabric  | 0       |
|    add_ln170_91_fu_11432_p2                                  | -   |        | add_ln170_91    | add   | fabric  | 0       |
|    add_ln170_92_fu_11451_p2                                  | -   |        | add_ln170_92    | add   | fabric  | 0       |
|    add_ln170_93_fu_11500_p2                                  | -   |        | add_ln170_93    | add   | fabric  | 0       |
|    add_ln170_94_fu_11519_p2                                  | -   |        | add_ln170_94    | add   | fabric  | 0       |
|    add_ln170_95_fu_11568_p2                                  | -   |        | add_ln170_95    | add   | fabric  | 0       |
|    add_ln170_96_fu_11587_p2                                  | -   |        | add_ln170_96    | add   | fabric  | 0       |
|    add_ln170_97_fu_11636_p2                                  | -   |        | add_ln170_97    | add   | fabric  | 0       |
|    add_ln170_98_fu_11655_p2                                  | -   |        | add_ln170_98    | add   | fabric  | 0       |
|    add_ln170_99_fu_11704_p2                                  | -   |        | add_ln170_99    | add   | fabric  | 0       |
|    add_ln170_100_fu_11723_p2                                 | -   |        | add_ln170_100   | add   | fabric  | 0       |
|    add_ln170_101_fu_11772_p2                                 | -   |        | add_ln170_101   | add   | fabric  | 0       |
|    add_ln170_102_fu_11791_p2                                 | -   |        | add_ln170_102   | add   | fabric  | 0       |
|    add_ln170_103_fu_11840_p2                                 | -   |        | add_ln170_103   | add   | fabric  | 0       |
|    add_ln170_104_fu_11859_p2                                 | -   |        | add_ln170_104   | add   | fabric  | 0       |
|    add_ln170_105_fu_11908_p2                                 | -   |        | add_ln170_105   | add   | fabric  | 0       |
|    add_ln170_106_fu_11927_p2                                 | -   |        | add_ln170_106   | add   | fabric  | 0       |
|    add_ln170_107_fu_11976_p2                                 | -   |        | add_ln170_107   | add   | fabric  | 0       |
|    add_ln170_108_fu_11995_p2                                 | -   |        | add_ln170_108   | add   | fabric  | 0       |
|    add_ln170_109_fu_12044_p2                                 | -   |        | add_ln170_109   | add   | fabric  | 0       |
|    add_ln170_110_fu_12063_p2                                 | -   |        | add_ln170_110   | add   | fabric  | 0       |
|    add_ln170_111_fu_12112_p2                                 | -   |        | add_ln170_111   | add   | fabric  | 0       |
|    add_ln170_112_fu_12131_p2                                 | -   |        | add_ln170_112   | add   | fabric  | 0       |
|    add_ln170_113_fu_12180_p2                                 | -   |        | add_ln170_113   | add   | fabric  | 0       |
|    add_ln170_114_fu_12199_p2                                 | -   |        | add_ln170_114   | add   | fabric  | 0       |
|    add_ln170_115_fu_12248_p2                                 | -   |        | add_ln170_115   | add   | fabric  | 0       |
|    add_ln170_116_fu_12267_p2                                 | -   |        | add_ln170_116   | add   | fabric  | 0       |
|    add_ln170_117_fu_12316_p2                                 | -   |        | add_ln170_117   | add   | fabric  | 0       |
|    add_ln170_118_fu_12335_p2                                 | -   |        | add_ln170_118   | add   | fabric  | 0       |
|    add_ln170_119_fu_12384_p2                                 | -   |        | add_ln170_119   | add   | fabric  | 0       |
|    add_ln170_120_fu_12403_p2                                 | -   |        | add_ln170_120   | add   | fabric  | 0       |
|    add_ln170_121_fu_12452_p2                                 | -   |        | add_ln170_121   | add   | fabric  | 0       |
|    add_ln170_122_fu_12471_p2                                 | -   |        | add_ln170_122   | add   | fabric  | 0       |
|    add_ln170_123_fu_12520_p2                                 | -   |        | add_ln170_123   | add   | fabric  | 0       |
|    add_ln170_124_fu_12539_p2                                 | -   |        | add_ln170_124   | add   | fabric  | 0       |
|    add_ln170_125_fu_12588_p2                                 | -   |        | add_ln170_125   | add   | fabric  | 0       |
|    add_ln170_126_fu_12607_p2                                 | -   |        | add_ln170_126   | add   | fabric  | 0       |
|    add_ln170_127_fu_12659_p2                                 | -   |        | add_ln170_127   | add   | fabric  | 0       |
|    add_ln170_128_fu_12669_p2                                 | -   |        | add_ln170_128   | add   | fabric  | 0       |
|    add_ln170_129_fu_12679_p2                                 | -   |        | add_ln170_129   | add   | fabric  | 0       |
|    add_ln170_130_fu_12719_p2                                 | -   |        | add_ln170_130   | add   | fabric  | 0       |
|    add_ln170_131_fu_12728_p2                                 | -   |        | add_ln170_131   | add   | fabric  | 0       |
|    add_ln170_132_fu_12738_p2                                 | -   |        | add_ln170_132   | add   | fabric  | 0       |
|    add_ln170_133_fu_12747_p2                                 | -   |        | add_ln170_133   | add   | fabric  | 0       |
|    add_ln170_134_fu_12787_p2                                 | -   |        | add_ln170_134   | add   | fabric  | 0       |
|    add_ln170_135_fu_12796_p2                                 | -   |        | add_ln170_135   | add   | fabric  | 0       |
|    add_ln170_136_fu_12806_p2                                 | -   |        | add_ln170_136   | add   | fabric  | 0       |
|    add_ln170_137_fu_12815_p2                                 | -   |        | add_ln170_137   | add   | fabric  | 0       |
|    add_ln170_138_fu_12855_p2                                 | -   |        | add_ln170_138   | add   | fabric  | 0       |
|    add_ln170_139_fu_12864_p2                                 | -   |        | add_ln170_139   | add   | fabric  | 0       |
|    add_ln170_140_fu_12874_p2                                 | -   |        | add_ln170_140   | add   | fabric  | 0       |
|    add_ln170_141_fu_12883_p2                                 | -   |        | add_ln170_141   | add   | fabric  | 0       |
|    add_ln170_142_fu_12923_p2                                 | -   |        | add_ln170_142   | add   | fabric  | 0       |
|    add_ln170_143_fu_12932_p2                                 | -   |        | add_ln170_143   | add   | fabric  | 0       |
|    add_ln170_144_fu_12942_p2                                 | -   |        | add_ln170_144   | add   | fabric  | 0       |
|    add_ln170_145_fu_12951_p2                                 | -   |        | add_ln170_145   | add   | fabric  | 0       |
|    add_ln170_146_fu_12991_p2                                 | -   |        | add_ln170_146   | add   | fabric  | 0       |
|    add_ln170_147_fu_13000_p2                                 | -   |        | add_ln170_147   | add   | fabric  | 0       |
|    add_ln170_148_fu_13010_p2                                 | -   |        | add_ln170_148   | add   | fabric  | 0       |
|    add_ln170_149_fu_13019_p2                                 | -   |        | add_ln170_149   | add   | fabric  | 0       |
|    add_ln170_150_fu_13059_p2                                 | -   |        | add_ln170_150   | add   | fabric  | 0       |
|    add_ln170_151_fu_13068_p2                                 | -   |        | add_ln170_151   | add   | fabric  | 0       |
|    add_ln170_152_fu_13078_p2                                 | -   |        | add_ln170_152   | add   | fabric  | 0       |
|    add_ln170_153_fu_13087_p2                                 | -   |        | add_ln170_153   | add   | fabric  | 0       |
|    add_ln170_154_fu_13127_p2                                 | -   |        | add_ln170_154   | add   | fabric  | 0       |
|    add_ln170_155_fu_13136_p2                                 | -   |        | add_ln170_155   | add   | fabric  | 0       |
|    add_ln170_156_fu_13146_p2                                 | -   |        | add_ln170_156   | add   | fabric  | 0       |
|    add_ln170_157_fu_13155_p2                                 | -   |        | add_ln170_157   | add   | fabric  | 0       |
|    add_ln170_158_fu_13195_p2                                 | -   |        | add_ln170_158   | add   | fabric  | 0       |
|    add_ln170_159_fu_13204_p2                                 | -   |        | add_ln170_159   | add   | fabric  | 0       |
|    add_ln170_160_fu_13214_p2                                 | -   |        | add_ln170_160   | add   | fabric  | 0       |
|    add_ln170_161_fu_13223_p2                                 | -   |        | add_ln170_161   | add   | fabric  | 0       |
|    add_ln170_162_fu_13263_p2                                 | -   |        | add_ln170_162   | add   | fabric  | 0       |
|    add_ln170_163_fu_13272_p2                                 | -   |        | add_ln170_163   | add   | fabric  | 0       |
|    add_ln170_164_fu_13282_p2                                 | -   |        | add_ln170_164   | add   | fabric  | 0       |
|    add_ln170_165_fu_13291_p2                                 | -   |        | add_ln170_165   | add   | fabric  | 0       |
|    add_ln170_166_fu_13331_p2                                 | -   |        | add_ln170_166   | add   | fabric  | 0       |
|    add_ln170_167_fu_13340_p2                                 | -   |        | add_ln170_167   | add   | fabric  | 0       |
|    add_ln170_168_fu_13350_p2                                 | -   |        | add_ln170_168   | add   | fabric  | 0       |
|    add_ln170_169_fu_13359_p2                                 | -   |        | add_ln170_169   | add   | fabric  | 0       |
|    add_ln170_170_fu_13399_p2                                 | -   |        | add_ln170_170   | add   | fabric  | 0       |
|    add_ln170_171_fu_13408_p2                                 | -   |        | add_ln170_171   | add   | fabric  | 0       |
|    add_ln170_172_fu_13418_p2                                 | -   |        | add_ln170_172   | add   | fabric  | 0       |
|    add_ln170_173_fu_13427_p2                                 | -   |        | add_ln170_173   | add   | fabric  | 0       |
|    add_ln170_174_fu_13467_p2                                 | -   |        | add_ln170_174   | add   | fabric  | 0       |
|    add_ln170_175_fu_13476_p2                                 | -   |        | add_ln170_175   | add   | fabric  | 0       |
|    add_ln170_176_fu_13486_p2                                 | -   |        | add_ln170_176   | add   | fabric  | 0       |
|    add_ln170_177_fu_13495_p2                                 | -   |        | add_ln170_177   | add   | fabric  | 0       |
|    add_ln170_178_fu_13535_p2                                 | -   |        | add_ln170_178   | add   | fabric  | 0       |
|    add_ln170_179_fu_13544_p2                                 | -   |        | add_ln170_179   | add   | fabric  | 0       |
|    add_ln170_180_fu_13554_p2                                 | -   |        | add_ln170_180   | add   | fabric  | 0       |
|    add_ln170_181_fu_13563_p2                                 | -   |        | add_ln170_181   | add   | fabric  | 0       |
|    add_ln170_182_fu_13603_p2                                 | -   |        | add_ln170_182   | add   | fabric  | 0       |
|    add_ln170_183_fu_13612_p2                                 | -   |        | add_ln170_183   | add   | fabric  | 0       |
|    add_ln170_184_fu_13622_p2                                 | -   |        | add_ln170_184   | add   | fabric  | 0       |
|    add_ln170_185_fu_13631_p2                                 | -   |        | add_ln170_185   | add   | fabric  | 0       |
|    add_ln170_186_fu_13671_p2                                 | -   |        | add_ln170_186   | add   | fabric  | 0       |
|    add_ln170_187_fu_13680_p2                                 | -   |        | add_ln170_187   | add   | fabric  | 0       |
|    add_ln170_188_fu_13690_p2                                 | -   |        | add_ln170_188   | add   | fabric  | 0       |
|    add_ln170_189_fu_13699_p2                                 | -   |        | add_ln170_189   | add   | fabric  | 0       |
|    add_ln170_190_fu_13739_p2                                 | -   |        | add_ln170_190   | add   | fabric  | 0       |
|    add_ln170_191_fu_13748_p2                                 | -   |        | add_ln170_191   | add   | fabric  | 0       |
|    add_ln170_192_fu_13758_p2                                 | -   |        | add_ln170_192   | add   | fabric  | 0       |
|    add_ln170_193_fu_13767_p2                                 | -   |        | add_ln170_193   | add   | fabric  | 0       |
|    add_ln170_194_fu_13807_p2                                 | -   |        | add_ln170_194   | add   | fabric  | 0       |
|    add_ln170_195_fu_13816_p2                                 | -   |        | add_ln170_195   | add   | fabric  | 0       |
|    add_ln170_196_fu_13826_p2                                 | -   |        | add_ln170_196   | add   | fabric  | 0       |
|    add_ln170_197_fu_13835_p2                                 | -   |        | add_ln170_197   | add   | fabric  | 0       |
|    add_ln170_198_fu_13875_p2                                 | -   |        | add_ln170_198   | add   | fabric  | 0       |
|    add_ln170_199_fu_13884_p2                                 | -   |        | add_ln170_199   | add   | fabric  | 0       |
|    add_ln170_200_fu_13894_p2                                 | -   |        | add_ln170_200   | add   | fabric  | 0       |
|    add_ln170_201_fu_13903_p2                                 | -   |        | add_ln170_201   | add   | fabric  | 0       |
|    add_ln170_202_fu_13943_p2                                 | -   |        | add_ln170_202   | add   | fabric  | 0       |
|    add_ln170_203_fu_13952_p2                                 | -   |        | add_ln170_203   | add   | fabric  | 0       |
|    add_ln170_204_fu_13962_p2                                 | -   |        | add_ln170_204   | add   | fabric  | 0       |
|    add_ln170_205_fu_13971_p2                                 | -   |        | add_ln170_205   | add   | fabric  | 0       |
|    add_ln170_206_fu_14011_p2                                 | -   |        | add_ln170_206   | add   | fabric  | 0       |
|    add_ln170_207_fu_14020_p2                                 | -   |        | add_ln170_207   | add   | fabric  | 0       |
|    add_ln170_208_fu_14030_p2                                 | -   |        | add_ln170_208   | add   | fabric  | 0       |
|    add_ln170_209_fu_14039_p2                                 | -   |        | add_ln170_209   | add   | fabric  | 0       |
|    add_ln170_210_fu_14079_p2                                 | -   |        | add_ln170_210   | add   | fabric  | 0       |
|    add_ln170_211_fu_14088_p2                                 | -   |        | add_ln170_211   | add   | fabric  | 0       |
|    add_ln170_212_fu_14098_p2                                 | -   |        | add_ln170_212   | add   | fabric  | 0       |
|    add_ln170_213_fu_14107_p2                                 | -   |        | add_ln170_213   | add   | fabric  | 0       |
|    add_ln170_214_fu_14147_p2                                 | -   |        | add_ln170_214   | add   | fabric  | 0       |
|    add_ln170_215_fu_14156_p2                                 | -   |        | add_ln170_215   | add   | fabric  | 0       |
|    add_ln170_216_fu_14166_p2                                 | -   |        | add_ln170_216   | add   | fabric  | 0       |
|    add_ln170_217_fu_14175_p2                                 | -   |        | add_ln170_217   | add   | fabric  | 0       |
|    add_ln170_218_fu_14215_p2                                 | -   |        | add_ln170_218   | add   | fabric  | 0       |
|    add_ln170_219_fu_14224_p2                                 | -   |        | add_ln170_219   | add   | fabric  | 0       |
|    add_ln170_220_fu_14234_p2                                 | -   |        | add_ln170_220   | add   | fabric  | 0       |
|    add_ln170_221_fu_14243_p2                                 | -   |        | add_ln170_221   | add   | fabric  | 0       |
|    add_ln170_222_fu_14283_p2                                 | -   |        | add_ln170_222   | add   | fabric  | 0       |
|    add_ln170_223_fu_14292_p2                                 | -   |        | add_ln170_223   | add   | fabric  | 0       |
|    add_ln170_224_fu_14302_p2                                 | -   |        | add_ln170_224   | add   | fabric  | 0       |
|    add_ln170_225_fu_14311_p2                                 | -   |        | add_ln170_225   | add   | fabric  | 0       |
|    add_ln170_226_fu_14351_p2                                 | -   |        | add_ln170_226   | add   | fabric  | 0       |
|    add_ln170_227_fu_14360_p2                                 | -   |        | add_ln170_227   | add   | fabric  | 0       |
|    add_ln170_228_fu_14370_p2                                 | -   |        | add_ln170_228   | add   | fabric  | 0       |
|    add_ln170_229_fu_14379_p2                                 | -   |        | add_ln170_229   | add   | fabric  | 0       |
|    add_ln170_230_fu_14419_p2                                 | -   |        | add_ln170_230   | add   | fabric  | 0       |
|    add_ln170_231_fu_14428_p2                                 | -   |        | add_ln170_231   | add   | fabric  | 0       |
|    add_ln170_232_fu_14438_p2                                 | -   |        | add_ln170_232   | add   | fabric  | 0       |
|    add_ln170_233_fu_14447_p2                                 | -   |        | add_ln170_233   | add   | fabric  | 0       |
|    add_ln170_234_fu_14487_p2                                 | -   |        | add_ln170_234   | add   | fabric  | 0       |
|    add_ln170_235_fu_14496_p2                                 | -   |        | add_ln170_235   | add   | fabric  | 0       |
|    add_ln170_236_fu_14506_p2                                 | -   |        | add_ln170_236   | add   | fabric  | 0       |
|    add_ln170_237_fu_14515_p2                                 | -   |        | add_ln170_237   | add   | fabric  | 0       |
|    add_ln170_238_fu_14555_p2                                 | -   |        | add_ln170_238   | add   | fabric  | 0       |
|    add_ln170_239_fu_14564_p2                                 | -   |        | add_ln170_239   | add   | fabric  | 0       |
|    add_ln170_240_fu_14574_p2                                 | -   |        | add_ln170_240   | add   | fabric  | 0       |
|    add_ln170_241_fu_14583_p2                                 | -   |        | add_ln170_241   | add   | fabric  | 0       |
|    add_ln170_242_fu_14623_p2                                 | -   |        | add_ln170_242   | add   | fabric  | 0       |
|    add_ln170_243_fu_14632_p2                                 | -   |        | add_ln170_243   | add   | fabric  | 0       |
|    add_ln170_244_fu_14642_p2                                 | -   |        | add_ln170_244   | add   | fabric  | 0       |
|    add_ln170_245_fu_14651_p2                                 | -   |        | add_ln170_245   | add   | fabric  | 0       |
|    add_ln170_246_fu_14691_p2                                 | -   |        | add_ln170_246   | add   | fabric  | 0       |
|    add_ln170_247_fu_14700_p2                                 | -   |        | add_ln170_247   | add   | fabric  | 0       |
|    add_ln170_248_fu_14710_p2                                 | -   |        | add_ln170_248   | add   | fabric  | 0       |
|    add_ln170_249_fu_14719_p2                                 | -   |        | add_ln170_249   | add   | fabric  | 0       |
|    add_ln170_250_fu_14759_p2                                 | -   |        | add_ln170_250   | add   | fabric  | 0       |
|    add_ln170_251_fu_14768_p2                                 | -   |        | add_ln170_251   | add   | fabric  | 0       |
|    add_ln170_252_fu_14778_p2                                 | -   |        | add_ln170_252   | add   | fabric  | 0       |
|    add_ln170_253_fu_14787_p2                                 | -   |        | add_ln170_253   | add   | fabric  | 0       |
|    add_ln170_254_fu_14827_p2                                 | -   |        | add_ln170_254   | add   | fabric  | 0       |
|    add_ln170_255_fu_14836_p2                                 | -   |        | add_ln170_255   | add   | fabric  | 0       |
|    add_ln170_256_fu_14846_p2                                 | -   |        | add_ln170_256   | add   | fabric  | 0       |
|    add_ln170_257_fu_14855_p2                                 | -   |        | add_ln170_257   | add   | fabric  | 0       |
|    add_ln170_258_fu_14895_p2                                 | -   |        | add_ln170_258   | add   | fabric  | 0       |
|    add_ln170_259_fu_14904_p2                                 | -   |        | add_ln170_259   | add   | fabric  | 0       |
|    add_ln170_260_fu_14914_p2                                 | -   |        | add_ln170_260   | add   | fabric  | 0       |
|    add_ln170_261_fu_14923_p2                                 | -   |        | add_ln170_261   | add   | fabric  | 0       |
|    add_ln170_262_fu_14963_p2                                 | -   |        | add_ln170_262   | add   | fabric  | 0       |
|    add_ln170_263_fu_14972_p2                                 | -   |        | add_ln170_263   | add   | fabric  | 0       |
|    add_ln170_264_fu_14982_p2                                 | -   |        | add_ln170_264   | add   | fabric  | 0       |
|    add_ln170_265_fu_14991_p2                                 | -   |        | add_ln170_265   | add   | fabric  | 0       |
|    add_ln170_266_fu_15031_p2                                 | -   |        | add_ln170_266   | add   | fabric  | 0       |
|    add_ln170_267_fu_15040_p2                                 | -   |        | add_ln170_267   | add   | fabric  | 0       |
|    add_ln170_268_fu_15050_p2                                 | -   |        | add_ln170_268   | add   | fabric  | 0       |
|    add_ln170_269_fu_15059_p2                                 | -   |        | add_ln170_269   | add   | fabric  | 0       |
|    add_ln170_270_fu_15099_p2                                 | -   |        | add_ln170_270   | add   | fabric  | 0       |
|    add_ln170_271_fu_15108_p2                                 | -   |        | add_ln170_271   | add   | fabric  | 0       |
|    add_ln170_272_fu_15118_p2                                 | -   |        | add_ln170_272   | add   | fabric  | 0       |
|    add_ln170_273_fu_15127_p2                                 | -   |        | add_ln170_273   | add   | fabric  | 0       |
|    add_ln170_274_fu_15167_p2                                 | -   |        | add_ln170_274   | add   | fabric  | 0       |
|    add_ln170_275_fu_15176_p2                                 | -   |        | add_ln170_275   | add   | fabric  | 0       |
|    add_ln170_276_fu_15186_p2                                 | -   |        | add_ln170_276   | add   | fabric  | 0       |
|    add_ln170_277_fu_15195_p2                                 | -   |        | add_ln170_277   | add   | fabric  | 0       |
|    add_ln170_278_fu_15235_p2                                 | -   |        | add_ln170_278   | add   | fabric  | 0       |
|    add_ln170_279_fu_15244_p2                                 | -   |        | add_ln170_279   | add   | fabric  | 0       |
|    add_ln170_280_fu_15254_p2                                 | -   |        | add_ln170_280   | add   | fabric  | 0       |
|    add_ln170_281_fu_15263_p2                                 | -   |        | add_ln170_281   | add   | fabric  | 0       |
|    add_ln170_282_fu_15303_p2                                 | -   |        | add_ln170_282   | add   | fabric  | 0       |
|    add_ln170_283_fu_15312_p2                                 | -   |        | add_ln170_283   | add   | fabric  | 0       |
|    add_ln170_284_fu_15322_p2                                 | -   |        | add_ln170_284   | add   | fabric  | 0       |
|    add_ln170_285_fu_15331_p2                                 | -   |        | add_ln170_285   | add   | fabric  | 0       |
|    add_ln170_286_fu_15371_p2                                 | -   |        | add_ln170_286   | add   | fabric  | 0       |
|    add_ln170_287_fu_15380_p2                                 | -   |        | add_ln170_287   | add   | fabric  | 0       |
|    add_ln170_288_fu_15390_p2                                 | -   |        | add_ln170_288   | add   | fabric  | 0       |
|    add_ln170_289_fu_15399_p2                                 | -   |        | add_ln170_289   | add   | fabric  | 0       |
|    add_ln170_290_fu_15439_p2                                 | -   |        | add_ln170_290   | add   | fabric  | 0       |
|    add_ln170_291_fu_15448_p2                                 | -   |        | add_ln170_291   | add   | fabric  | 0       |
|    add_ln170_292_fu_15458_p2                                 | -   |        | add_ln170_292   | add   | fabric  | 0       |
|    add_ln170_293_fu_15467_p2                                 | -   |        | add_ln170_293   | add   | fabric  | 0       |
|    add_ln170_294_fu_15507_p2                                 | -   |        | add_ln170_294   | add   | fabric  | 0       |
|    add_ln170_295_fu_15516_p2                                 | -   |        | add_ln170_295   | add   | fabric  | 0       |
|    add_ln170_296_fu_15526_p2                                 | -   |        | add_ln170_296   | add   | fabric  | 0       |
|    add_ln170_297_fu_15535_p2                                 | -   |        | add_ln170_297   | add   | fabric  | 0       |
|    add_ln170_298_fu_15575_p2                                 | -   |        | add_ln170_298   | add   | fabric  | 0       |
|    add_ln170_299_fu_15584_p2                                 | -   |        | add_ln170_299   | add   | fabric  | 0       |
|    add_ln170_300_fu_15594_p2                                 | -   |        | add_ln170_300   | add   | fabric  | 0       |
|    add_ln170_301_fu_15603_p2                                 | -   |        | add_ln170_301   | add   | fabric  | 0       |
|    add_ln170_302_fu_15643_p2                                 | -   |        | add_ln170_302   | add   | fabric  | 0       |
|    add_ln170_303_fu_15652_p2                                 | -   |        | add_ln170_303   | add   | fabric  | 0       |
|    add_ln170_304_fu_15662_p2                                 | -   |        | add_ln170_304   | add   | fabric  | 0       |
|    add_ln170_305_fu_15671_p2                                 | -   |        | add_ln170_305   | add   | fabric  | 0       |
|    add_ln170_306_fu_15711_p2                                 | -   |        | add_ln170_306   | add   | fabric  | 0       |
|    add_ln170_307_fu_15720_p2                                 | -   |        | add_ln170_307   | add   | fabric  | 0       |
|    add_ln170_308_fu_15730_p2                                 | -   |        | add_ln170_308   | add   | fabric  | 0       |
|    add_ln170_309_fu_15739_p2                                 | -   |        | add_ln170_309   | add   | fabric  | 0       |
|    add_ln170_310_fu_15779_p2                                 | -   |        | add_ln170_310   | add   | fabric  | 0       |
|    add_ln170_311_fu_15788_p2                                 | -   |        | add_ln170_311   | add   | fabric  | 0       |
|    add_ln170_312_fu_15798_p2                                 | -   |        | add_ln170_312   | add   | fabric  | 0       |
|    add_ln170_313_fu_15807_p2                                 | -   |        | add_ln170_313   | add   | fabric  | 0       |
|    add_ln170_314_fu_15847_p2                                 | -   |        | add_ln170_314   | add   | fabric  | 0       |
|    add_ln170_315_fu_15856_p2                                 | -   |        | add_ln170_315   | add   | fabric  | 0       |
|    add_ln170_316_fu_15866_p2                                 | -   |        | add_ln170_316   | add   | fabric  | 0       |
|    add_ln170_317_fu_15875_p2                                 | -   |        | add_ln170_317   | add   | fabric  | 0       |
|    add_ln170_318_fu_15915_p2                                 | -   |        | add_ln170_318   | add   | fabric  | 0       |
|    add_ln170_319_fu_15924_p2                                 | -   |        | add_ln170_319   | add   | fabric  | 0       |
|    add_ln170_320_fu_15934_p2                                 | -   |        | add_ln170_320   | add   | fabric  | 0       |
|    add_ln170_321_fu_15943_p2                                 | -   |        | add_ln170_321   | add   | fabric  | 0       |
|    add_ln170_322_fu_15983_p2                                 | -   |        | add_ln170_322   | add   | fabric  | 0       |
|    add_ln170_323_fu_15992_p2                                 | -   |        | add_ln170_323   | add   | fabric  | 0       |
|    add_ln170_324_fu_16002_p2                                 | -   |        | add_ln170_324   | add   | fabric  | 0       |
|    add_ln170_325_fu_16011_p2                                 | -   |        | add_ln170_325   | add   | fabric  | 0       |
|    add_ln170_326_fu_16051_p2                                 | -   |        | add_ln170_326   | add   | fabric  | 0       |
|    add_ln170_327_fu_16060_p2                                 | -   |        | add_ln170_327   | add   | fabric  | 0       |
|    add_ln170_328_fu_16070_p2                                 | -   |        | add_ln170_328   | add   | fabric  | 0       |
|    add_ln170_329_fu_16079_p2                                 | -   |        | add_ln170_329   | add   | fabric  | 0       |
|    add_ln170_330_fu_16119_p2                                 | -   |        | add_ln170_330   | add   | fabric  | 0       |
|    add_ln170_331_fu_16128_p2                                 | -   |        | add_ln170_331   | add   | fabric  | 0       |
|    add_ln170_332_fu_16138_p2                                 | -   |        | add_ln170_332   | add   | fabric  | 0       |
|    add_ln170_333_fu_16147_p2                                 | -   |        | add_ln170_333   | add   | fabric  | 0       |
|    add_ln170_334_fu_16187_p2                                 | -   |        | add_ln170_334   | add   | fabric  | 0       |
|    add_ln170_335_fu_16196_p2                                 | -   |        | add_ln170_335   | add   | fabric  | 0       |
|    add_ln170_336_fu_16206_p2                                 | -   |        | add_ln170_336   | add   | fabric  | 0       |
|    add_ln170_337_fu_16215_p2                                 | -   |        | add_ln170_337   | add   | fabric  | 0       |
|    add_ln170_338_fu_16255_p2                                 | -   |        | add_ln170_338   | add   | fabric  | 0       |
|    add_ln170_339_fu_16264_p2                                 | -   |        | add_ln170_339   | add   | fabric  | 0       |
|    add_ln170_340_fu_16274_p2                                 | -   |        | add_ln170_340   | add   | fabric  | 0       |
|    add_ln170_341_fu_16283_p2                                 | -   |        | add_ln170_341   | add   | fabric  | 0       |
|    add_ln170_342_fu_16323_p2                                 | -   |        | add_ln170_342   | add   | fabric  | 0       |
|    add_ln170_343_fu_16332_p2                                 | -   |        | add_ln170_343   | add   | fabric  | 0       |
|    add_ln170_344_fu_16342_p2                                 | -   |        | add_ln170_344   | add   | fabric  | 0       |
|    add_ln170_345_fu_16351_p2                                 | -   |        | add_ln170_345   | add   | fabric  | 0       |
|    add_ln170_346_fu_16391_p2                                 | -   |        | add_ln170_346   | add   | fabric  | 0       |
|    add_ln170_347_fu_16400_p2                                 | -   |        | add_ln170_347   | add   | fabric  | 0       |
|    add_ln170_348_fu_16410_p2                                 | -   |        | add_ln170_348   | add   | fabric  | 0       |
|    add_ln170_349_fu_16419_p2                                 | -   |        | add_ln170_349   | add   | fabric  | 0       |
|    add_ln170_350_fu_16459_p2                                 | -   |        | add_ln170_350   | add   | fabric  | 0       |
|    add_ln170_351_fu_16468_p2                                 | -   |        | add_ln170_351   | add   | fabric  | 0       |
|    add_ln170_352_fu_16478_p2                                 | -   |        | add_ln170_352   | add   | fabric  | 0       |
|    add_ln170_353_fu_16487_p2                                 | -   |        | add_ln170_353   | add   | fabric  | 0       |
|    add_ln170_354_fu_16527_p2                                 | -   |        | add_ln170_354   | add   | fabric  | 0       |
|    add_ln170_355_fu_16536_p2                                 | -   |        | add_ln170_355   | add   | fabric  | 0       |
|    add_ln170_356_fu_16546_p2                                 | -   |        | add_ln170_356   | add   | fabric  | 0       |
|    add_ln170_357_fu_16555_p2                                 | -   |        | add_ln170_357   | add   | fabric  | 0       |
|    add_ln170_358_fu_16595_p2                                 | -   |        | add_ln170_358   | add   | fabric  | 0       |
|    add_ln170_359_fu_16604_p2                                 | -   |        | add_ln170_359   | add   | fabric  | 0       |
|    add_ln170_360_fu_16614_p2                                 | -   |        | add_ln170_360   | add   | fabric  | 0       |
|    add_ln170_361_fu_16623_p2                                 | -   |        | add_ln170_361   | add   | fabric  | 0       |
|    add_ln170_362_fu_16663_p2                                 | -   |        | add_ln170_362   | add   | fabric  | 0       |
|    add_ln170_363_fu_16672_p2                                 | -   |        | add_ln170_363   | add   | fabric  | 0       |
|    add_ln170_364_fu_16682_p2                                 | -   |        | add_ln170_364   | add   | fabric  | 0       |
|    add_ln170_365_fu_16691_p2                                 | -   |        | add_ln170_365   | add   | fabric  | 0       |
|    add_ln170_366_fu_16731_p2                                 | -   |        | add_ln170_366   | add   | fabric  | 0       |
|    add_ln170_367_fu_16740_p2                                 | -   |        | add_ln170_367   | add   | fabric  | 0       |
|    add_ln170_368_fu_16750_p2                                 | -   |        | add_ln170_368   | add   | fabric  | 0       |
|    add_ln170_369_fu_16759_p2                                 | -   |        | add_ln170_369   | add   | fabric  | 0       |
|    add_ln170_370_fu_16799_p2                                 | -   |        | add_ln170_370   | add   | fabric  | 0       |
|    add_ln170_371_fu_16808_p2                                 | -   |        | add_ln170_371   | add   | fabric  | 0       |
|    add_ln170_372_fu_16818_p2                                 | -   |        | add_ln170_372   | add   | fabric  | 0       |
|    add_ln170_373_fu_16827_p2                                 | -   |        | add_ln170_373   | add   | fabric  | 0       |
|    add_ln170_374_fu_16867_p2                                 | -   |        | add_ln170_374   | add   | fabric  | 0       |
|    add_ln170_375_fu_16876_p2                                 | -   |        | add_ln170_375   | add   | fabric  | 0       |
|    add_ln170_376_fu_16886_p2                                 | -   |        | add_ln170_376   | add   | fabric  | 0       |
|    add_ln170_377_fu_16895_p2                                 | -   |        | add_ln170_377   | add   | fabric  | 0       |
|    add_ln170_378_fu_16935_p2                                 | -   |        | add_ln170_378   | add   | fabric  | 0       |
|    add_ln170_379_fu_16944_p2                                 | -   |        | add_ln170_379   | add   | fabric  | 0       |
|    add_ln170_380_fu_16954_p2                                 | -   |        | add_ln170_380   | add   | fabric  | 0       |
|    add_ln170_381_fu_16963_p2                                 | -   |        | add_ln170_381   | add   | fabric  | 0       |
|    add_ln170_382_fu_17003_p2                                 | -   |        | add_ln170_382   | add   | fabric  | 0       |
|    add_ln170_383_fu_17012_p2                                 | -   |        | add_ln170_383   | add   | fabric  | 0       |
|    add_ln170_384_fu_17022_p2                                 | -   |        | add_ln170_384   | add   | fabric  | 0       |
|    add_ln170_385_fu_17031_p2                                 | -   |        | add_ln170_385   | add   | fabric  | 0       |
|    add_ln170_386_fu_17071_p2                                 | -   |        | add_ln170_386   | add   | fabric  | 0       |
|    add_ln170_387_fu_17080_p2                                 | -   |        | add_ln170_387   | add   | fabric  | 0       |
|    add_ln170_388_fu_17090_p2                                 | -   |        | add_ln170_388   | add   | fabric  | 0       |
|    add_ln170_389_fu_17099_p2                                 | -   |        | add_ln170_389   | add   | fabric  | 0       |
|    add_ln170_390_fu_17139_p2                                 | -   |        | add_ln170_390   | add   | fabric  | 0       |
|    add_ln170_391_fu_17148_p2                                 | -   |        | add_ln170_391   | add   | fabric  | 0       |
|    add_ln170_392_fu_17158_p2                                 | -   |        | add_ln170_392   | add   | fabric  | 0       |
|    add_ln170_393_fu_17167_p2                                 | -   |        | add_ln170_393   | add   | fabric  | 0       |
|    add_ln170_394_fu_17207_p2                                 | -   |        | add_ln170_394   | add   | fabric  | 0       |
|    add_ln170_395_fu_17216_p2                                 | -   |        | add_ln170_395   | add   | fabric  | 0       |
|    add_ln170_396_fu_17226_p2                                 | -   |        | add_ln170_396   | add   | fabric  | 0       |
|    add_ln170_397_fu_17235_p2                                 | -   |        | add_ln170_397   | add   | fabric  | 0       |
|    add_ln170_398_fu_17275_p2                                 | -   |        | add_ln170_398   | add   | fabric  | 0       |
|    add_ln170_399_fu_17284_p2                                 | -   |        | add_ln170_399   | add   | fabric  | 0       |
|    add_ln170_400_fu_17294_p2                                 | -   |        | add_ln170_400   | add   | fabric  | 0       |
|    add_ln170_401_fu_17303_p2                                 | -   |        | add_ln170_401   | add   | fabric  | 0       |
|    add_ln170_402_fu_17343_p2                                 | -   |        | add_ln170_402   | add   | fabric  | 0       |
|    add_ln170_403_fu_17352_p2                                 | -   |        | add_ln170_403   | add   | fabric  | 0       |
|    add_ln170_404_fu_17362_p2                                 | -   |        | add_ln170_404   | add   | fabric  | 0       |
|    add_ln170_405_fu_17371_p2                                 | -   |        | add_ln170_405   | add   | fabric  | 0       |
|    add_ln170_406_fu_17411_p2                                 | -   |        | add_ln170_406   | add   | fabric  | 0       |
|    add_ln170_407_fu_17420_p2                                 | -   |        | add_ln170_407   | add   | fabric  | 0       |
|    add_ln170_408_fu_17430_p2                                 | -   |        | add_ln170_408   | add   | fabric  | 0       |
|    add_ln170_409_fu_17439_p2                                 | -   |        | add_ln170_409   | add   | fabric  | 0       |
|    add_ln170_410_fu_17479_p2                                 | -   |        | add_ln170_410   | add   | fabric  | 0       |
|    add_ln170_411_fu_17488_p2                                 | -   |        | add_ln170_411   | add   | fabric  | 0       |
|    add_ln170_412_fu_17498_p2                                 | -   |        | add_ln170_412   | add   | fabric  | 0       |
|    add_ln170_413_fu_17507_p2                                 | -   |        | add_ln170_413   | add   | fabric  | 0       |
|    add_ln170_414_fu_17547_p2                                 | -   |        | add_ln170_414   | add   | fabric  | 0       |
|    add_ln170_415_fu_17556_p2                                 | -   |        | add_ln170_415   | add   | fabric  | 0       |
|    add_ln170_416_fu_17566_p2                                 | -   |        | add_ln170_416   | add   | fabric  | 0       |
|    add_ln170_417_fu_17575_p2                                 | -   |        | add_ln170_417   | add   | fabric  | 0       |
|    add_ln170_418_fu_17615_p2                                 | -   |        | add_ln170_418   | add   | fabric  | 0       |
|    add_ln170_419_fu_17624_p2                                 | -   |        | add_ln170_419   | add   | fabric  | 0       |
|    add_ln170_420_fu_17634_p2                                 | -   |        | add_ln170_420   | add   | fabric  | 0       |
|    add_ln170_421_fu_17643_p2                                 | -   |        | add_ln170_421   | add   | fabric  | 0       |
|    add_ln170_422_fu_17683_p2                                 | -   |        | add_ln170_422   | add   | fabric  | 0       |
|    add_ln170_423_fu_17692_p2                                 | -   |        | add_ln170_423   | add   | fabric  | 0       |
|    add_ln170_424_fu_17702_p2                                 | -   |        | add_ln170_424   | add   | fabric  | 0       |
|    add_ln170_425_fu_17711_p2                                 | -   |        | add_ln170_425   | add   | fabric  | 0       |
|    add_ln170_426_fu_17751_p2                                 | -   |        | add_ln170_426   | add   | fabric  | 0       |
|    add_ln170_427_fu_17760_p2                                 | -   |        | add_ln170_427   | add   | fabric  | 0       |
|    add_ln170_428_fu_17770_p2                                 | -   |        | add_ln170_428   | add   | fabric  | 0       |
|    add_ln170_429_fu_17779_p2                                 | -   |        | add_ln170_429   | add   | fabric  | 0       |
|    add_ln170_430_fu_17819_p2                                 | -   |        | add_ln170_430   | add   | fabric  | 0       |
|    add_ln170_431_fu_17828_p2                                 | -   |        | add_ln170_431   | add   | fabric  | 0       |
|    add_ln170_432_fu_17838_p2                                 | -   |        | add_ln170_432   | add   | fabric  | 0       |
|    add_ln170_433_fu_17847_p2                                 | -   |        | add_ln170_433   | add   | fabric  | 0       |
|    add_ln170_434_fu_17887_p2                                 | -   |        | add_ln170_434   | add   | fabric  | 0       |
|    add_ln170_435_fu_17896_p2                                 | -   |        | add_ln170_435   | add   | fabric  | 0       |
|    add_ln170_436_fu_17906_p2                                 | -   |        | add_ln170_436   | add   | fabric  | 0       |
|    add_ln170_437_fu_17915_p2                                 | -   |        | add_ln170_437   | add   | fabric  | 0       |
|    add_ln170_438_fu_17955_p2                                 | -   |        | add_ln170_438   | add   | fabric  | 0       |
|    add_ln170_439_fu_17964_p2                                 | -   |        | add_ln170_439   | add   | fabric  | 0       |
|    add_ln170_440_fu_17974_p2                                 | -   |        | add_ln170_440   | add   | fabric  | 0       |
|    add_ln170_441_fu_17983_p2                                 | -   |        | add_ln170_441   | add   | fabric  | 0       |
|    add_ln170_442_fu_18023_p2                                 | -   |        | add_ln170_442   | add   | fabric  | 0       |
|    add_ln170_443_fu_18032_p2                                 | -   |        | add_ln170_443   | add   | fabric  | 0       |
|    add_ln170_444_fu_18042_p2                                 | -   |        | add_ln170_444   | add   | fabric  | 0       |
|    add_ln170_445_fu_18051_p2                                 | -   |        | add_ln170_445   | add   | fabric  | 0       |
|    add_ln170_446_fu_18091_p2                                 | -   |        | add_ln170_446   | add   | fabric  | 0       |
|    add_ln170_447_fu_18100_p2                                 | -   |        | add_ln170_447   | add   | fabric  | 0       |
|    add_ln170_448_fu_18110_p2                                 | -   |        | add_ln170_448   | add   | fabric  | 0       |
|    add_ln170_449_fu_18119_p2                                 | -   |        | add_ln170_449   | add   | fabric  | 0       |
|    add_ln170_450_fu_18159_p2                                 | -   |        | add_ln170_450   | add   | fabric  | 0       |
|    add_ln170_451_fu_18168_p2                                 | -   |        | add_ln170_451   | add   | fabric  | 0       |
|    add_ln170_452_fu_18178_p2                                 | -   |        | add_ln170_452   | add   | fabric  | 0       |
|    add_ln170_453_fu_18187_p2                                 | -   |        | add_ln170_453   | add   | fabric  | 0       |
|    add_ln170_454_fu_18227_p2                                 | -   |        | add_ln170_454   | add   | fabric  | 0       |
|    add_ln170_455_fu_18236_p2                                 | -   |        | add_ln170_455   | add   | fabric  | 0       |
|    add_ln170_456_fu_18246_p2                                 | -   |        | add_ln170_456   | add   | fabric  | 0       |
|    add_ln170_457_fu_18255_p2                                 | -   |        | add_ln170_457   | add   | fabric  | 0       |
|    add_ln170_458_fu_18295_p2                                 | -   |        | add_ln170_458   | add   | fabric  | 0       |
|    add_ln170_459_fu_18304_p2                                 | -   |        | add_ln170_459   | add   | fabric  | 0       |
|    add_ln170_460_fu_18314_p2                                 | -   |        | add_ln170_460   | add   | fabric  | 0       |
|    add_ln170_461_fu_18323_p2                                 | -   |        | add_ln170_461   | add   | fabric  | 0       |
|    add_ln170_462_fu_18363_p2                                 | -   |        | add_ln170_462   | add   | fabric  | 0       |
|    add_ln170_463_fu_18372_p2                                 | -   |        | add_ln170_463   | add   | fabric  | 0       |
|    add_ln170_464_fu_18382_p2                                 | -   |        | add_ln170_464   | add   | fabric  | 0       |
|    add_ln170_465_fu_18391_p2                                 | -   |        | add_ln170_465   | add   | fabric  | 0       |
|    add_ln170_466_fu_18431_p2                                 | -   |        | add_ln170_466   | add   | fabric  | 0       |
|    add_ln170_467_fu_18440_p2                                 | -   |        | add_ln170_467   | add   | fabric  | 0       |
|    add_ln170_468_fu_18450_p2                                 | -   |        | add_ln170_468   | add   | fabric  | 0       |
|    add_ln170_469_fu_18459_p2                                 | -   |        | add_ln170_469   | add   | fabric  | 0       |
|    add_ln170_470_fu_18499_p2                                 | -   |        | add_ln170_470   | add   | fabric  | 0       |
|    add_ln170_471_fu_18508_p2                                 | -   |        | add_ln170_471   | add   | fabric  | 0       |
|    add_ln170_472_fu_18518_p2                                 | -   |        | add_ln170_472   | add   | fabric  | 0       |
|    add_ln170_473_fu_18527_p2                                 | -   |        | add_ln170_473   | add   | fabric  | 0       |
|    add_ln170_474_fu_18567_p2                                 | -   |        | add_ln170_474   | add   | fabric  | 0       |
|    add_ln170_475_fu_18576_p2                                 | -   |        | add_ln170_475   | add   | fabric  | 0       |
|    add_ln170_476_fu_18586_p2                                 | -   |        | add_ln170_476   | add   | fabric  | 0       |
|    add_ln170_477_fu_18595_p2                                 | -   |        | add_ln170_477   | add   | fabric  | 0       |
|    add_ln170_478_fu_18635_p2                                 | -   |        | add_ln170_478   | add   | fabric  | 0       |
|    add_ln170_479_fu_18644_p2                                 | -   |        | add_ln170_479   | add   | fabric  | 0       |
|    add_ln170_480_fu_18654_p2                                 | -   |        | add_ln170_480   | add   | fabric  | 0       |
|    add_ln170_481_fu_18663_p2                                 | -   |        | add_ln170_481   | add   | fabric  | 0       |
|    add_ln170_482_fu_18703_p2                                 | -   |        | add_ln170_482   | add   | fabric  | 0       |
|    add_ln170_483_fu_18712_p2                                 | -   |        | add_ln170_483   | add   | fabric  | 0       |
|    add_ln170_484_fu_18722_p2                                 | -   |        | add_ln170_484   | add   | fabric  | 0       |
|    add_ln170_485_fu_18731_p2                                 | -   |        | add_ln170_485   | add   | fabric  | 0       |
|    add_ln170_486_fu_18771_p2                                 | -   |        | add_ln170_486   | add   | fabric  | 0       |
|    add_ln170_487_fu_18780_p2                                 | -   |        | add_ln170_487   | add   | fabric  | 0       |
|    add_ln170_488_fu_18790_p2                                 | -   |        | add_ln170_488   | add   | fabric  | 0       |
|    add_ln170_489_fu_18799_p2                                 | -   |        | add_ln170_489   | add   | fabric  | 0       |
|    add_ln170_490_fu_18839_p2                                 | -   |        | add_ln170_490   | add   | fabric  | 0       |
|    add_ln170_491_fu_18848_p2                                 | -   |        | add_ln170_491   | add   | fabric  | 0       |
|    add_ln170_492_fu_18858_p2                                 | -   |        | add_ln170_492   | add   | fabric  | 0       |
|    add_ln170_493_fu_18867_p2                                 | -   |        | add_ln170_493   | add   | fabric  | 0       |
|    add_ln170_494_fu_18907_p2                                 | -   |        | add_ln170_494   | add   | fabric  | 0       |
|    add_ln170_495_fu_18916_p2                                 | -   |        | add_ln170_495   | add   | fabric  | 0       |
|    add_ln170_496_fu_18926_p2                                 | -   |        | add_ln170_496   | add   | fabric  | 0       |
|    add_ln170_497_fu_18935_p2                                 | -   |        | add_ln170_497   | add   | fabric  | 0       |
|    add_ln170_498_fu_18975_p2                                 | -   |        | add_ln170_498   | add   | fabric  | 0       |
|    add_ln170_499_fu_18984_p2                                 | -   |        | add_ln170_499   | add   | fabric  | 0       |
|    add_ln170_500_fu_18994_p2                                 | -   |        | add_ln170_500   | add   | fabric  | 0       |
|    add_ln170_501_fu_19003_p2                                 | -   |        | add_ln170_501   | add   | fabric  | 0       |
|    add_ln170_502_fu_19043_p2                                 | -   |        | add_ln170_502   | add   | fabric  | 0       |
|    add_ln170_503_fu_19052_p2                                 | -   |        | add_ln170_503   | add   | fabric  | 0       |
|    add_ln170_504_fu_19062_p2                                 | -   |        | add_ln170_504   | add   | fabric  | 0       |
|    add_ln170_505_fu_19071_p2                                 | -   |        | add_ln170_505   | add   | fabric  | 0       |
|    add_ln170_506_fu_19111_p2                                 | -   |        | add_ln170_506   | add   | fabric  | 0       |
|    add_ln170_507_fu_19120_p2                                 | -   |        | add_ln170_507   | add   | fabric  | 0       |
|    add_ln170_508_fu_19130_p2                                 | -   |        | add_ln170_508   | add   | fabric  | 0       |
|    add_ln170_509_fu_19139_p2                                 | -   |        | add_ln170_509   | add   | fabric  | 0       |
|    add_ln170_510_fu_19179_p2                                 | -   |        | add_ln170_510   | add   | fabric  | 0       |
|    add_ln170_511_fu_19188_p2                                 | -   |        | add_ln170_511   | add   | fabric  | 0       |
|    add_ln170_512_fu_19198_p2                                 | -   |        | add_ln170_512   | add   | fabric  | 0       |
|    add_ln170_513_fu_19207_p2                                 | -   |        | add_ln170_513   | add   | fabric  | 0       |
|    add_ln170_514_fu_19247_p2                                 | -   |        | add_ln170_514   | add   | fabric  | 0       |
|    add_ln170_515_fu_19256_p2                                 | -   |        | add_ln170_515   | add   | fabric  | 0       |
|    add_ln170_516_fu_19266_p2                                 | -   |        | add_ln170_516   | add   | fabric  | 0       |
|    add_ln170_517_fu_19275_p2                                 | -   |        | add_ln170_517   | add   | fabric  | 0       |
|    add_ln170_518_fu_19315_p2                                 | -   |        | add_ln170_518   | add   | fabric  | 0       |
|    add_ln170_519_fu_19324_p2                                 | -   |        | add_ln170_519   | add   | fabric  | 0       |
|    add_ln170_520_fu_19334_p2                                 | -   |        | add_ln170_520   | add   | fabric  | 0       |
|    add_ln170_521_fu_19343_p2                                 | -   |        | add_ln170_521   | add   | fabric  | 0       |
|    add_ln170_522_fu_19383_p2                                 | -   |        | add_ln170_522   | add   | fabric  | 0       |
|    add_ln170_523_fu_19392_p2                                 | -   |        | add_ln170_523   | add   | fabric  | 0       |
|    add_ln170_524_fu_19402_p2                                 | -   |        | add_ln170_524   | add   | fabric  | 0       |
|    add_ln170_525_fu_19411_p2                                 | -   |        | add_ln170_525   | add   | fabric  | 0       |
|    add_ln170_526_fu_19451_p2                                 | -   |        | add_ln170_526   | add   | fabric  | 0       |
|    add_ln170_527_fu_19460_p2                                 | -   |        | add_ln170_527   | add   | fabric  | 0       |
|    add_ln170_528_fu_19470_p2                                 | -   |        | add_ln170_528   | add   | fabric  | 0       |
|    add_ln170_529_fu_19479_p2                                 | -   |        | add_ln170_529   | add   | fabric  | 0       |
|    add_ln170_530_fu_19519_p2                                 | -   |        | add_ln170_530   | add   | fabric  | 0       |
|    add_ln170_531_fu_19528_p2                                 | -   |        | add_ln170_531   | add   | fabric  | 0       |
|    add_ln170_532_fu_19538_p2                                 | -   |        | add_ln170_532   | add   | fabric  | 0       |
|    add_ln170_533_fu_19547_p2                                 | -   |        | add_ln170_533   | add   | fabric  | 0       |
|    add_ln170_534_fu_19587_p2                                 | -   |        | add_ln170_534   | add   | fabric  | 0       |
|    add_ln170_535_fu_19596_p2                                 | -   |        | add_ln170_535   | add   | fabric  | 0       |
|    add_ln170_536_fu_19606_p2                                 | -   |        | add_ln170_536   | add   | fabric  | 0       |
|    add_ln170_537_fu_19615_p2                                 | -   |        | add_ln170_537   | add   | fabric  | 0       |
|    add_ln170_538_fu_19655_p2                                 | -   |        | add_ln170_538   | add   | fabric  | 0       |
|    add_ln170_539_fu_19664_p2                                 | -   |        | add_ln170_539   | add   | fabric  | 0       |
|    add_ln170_540_fu_19674_p2                                 | -   |        | add_ln170_540   | add   | fabric  | 0       |
|    add_ln170_541_fu_19683_p2                                 | -   |        | add_ln170_541   | add   | fabric  | 0       |
|    add_ln170_542_fu_19723_p2                                 | -   |        | add_ln170_542   | add   | fabric  | 0       |
|    add_ln170_543_fu_19732_p2                                 | -   |        | add_ln170_543   | add   | fabric  | 0       |
|    add_ln170_544_fu_19742_p2                                 | -   |        | add_ln170_544   | add   | fabric  | 0       |
|    add_ln170_545_fu_19751_p2                                 | -   |        | add_ln170_545   | add   | fabric  | 0       |
|    add_ln170_546_fu_19791_p2                                 | -   |        | add_ln170_546   | add   | fabric  | 0       |
|    add_ln170_547_fu_19800_p2                                 | -   |        | add_ln170_547   | add   | fabric  | 0       |
|    add_ln170_548_fu_19810_p2                                 | -   |        | add_ln170_548   | add   | fabric  | 0       |
|    add_ln170_549_fu_19819_p2                                 | -   |        | add_ln170_549   | add   | fabric  | 0       |
|    add_ln170_550_fu_19859_p2                                 | -   |        | add_ln170_550   | add   | fabric  | 0       |
|    add_ln170_551_fu_19868_p2                                 | -   |        | add_ln170_551   | add   | fabric  | 0       |
|    add_ln170_552_fu_19878_p2                                 | -   |        | add_ln170_552   | add   | fabric  | 0       |
|    add_ln170_553_fu_19887_p2                                 | -   |        | add_ln170_553   | add   | fabric  | 0       |
|    add_ln170_554_fu_19927_p2                                 | -   |        | add_ln170_554   | add   | fabric  | 0       |
|    add_ln170_555_fu_19936_p2                                 | -   |        | add_ln170_555   | add   | fabric  | 0       |
|    add_ln170_556_fu_19946_p2                                 | -   |        | add_ln170_556   | add   | fabric  | 0       |
|    add_ln170_557_fu_19955_p2                                 | -   |        | add_ln170_557   | add   | fabric  | 0       |
|    add_ln170_558_fu_19995_p2                                 | -   |        | add_ln170_558   | add   | fabric  | 0       |
|    add_ln170_559_fu_20004_p2                                 | -   |        | add_ln170_559   | add   | fabric  | 0       |
|    add_ln170_560_fu_20014_p2                                 | -   |        | add_ln170_560   | add   | fabric  | 0       |
|    add_ln170_561_fu_20023_p2                                 | -   |        | add_ln170_561   | add   | fabric  | 0       |
|    add_ln170_562_fu_20063_p2                                 | -   |        | add_ln170_562   | add   | fabric  | 0       |
|    add_ln170_563_fu_20072_p2                                 | -   |        | add_ln170_563   | add   | fabric  | 0       |
|    add_ln170_564_fu_20082_p2                                 | -   |        | add_ln170_564   | add   | fabric  | 0       |
|    add_ln170_565_fu_20091_p2                                 | -   |        | add_ln170_565   | add   | fabric  | 0       |
|    add_ln170_566_fu_20131_p2                                 | -   |        | add_ln170_566   | add   | fabric  | 0       |
|    add_ln170_567_fu_20140_p2                                 | -   |        | add_ln170_567   | add   | fabric  | 0       |
|    add_ln170_568_fu_20150_p2                                 | -   |        | add_ln170_568   | add   | fabric  | 0       |
|    add_ln170_569_fu_20159_p2                                 | -   |        | add_ln170_569   | add   | fabric  | 0       |
|    add_ln170_570_fu_20199_p2                                 | -   |        | add_ln170_570   | add   | fabric  | 0       |
|    add_ln170_571_fu_20208_p2                                 | -   |        | add_ln170_571   | add   | fabric  | 0       |
|    add_ln170_572_fu_20218_p2                                 | -   |        | add_ln170_572   | add   | fabric  | 0       |
|    add_ln170_573_fu_20227_p2                                 | -   |        | add_ln170_573   | add   | fabric  | 0       |
|    add_ln170_574_fu_20267_p2                                 | -   |        | add_ln170_574   | add   | fabric  | 0       |
|    add_ln170_575_fu_20276_p2                                 | -   |        | add_ln170_575   | add   | fabric  | 0       |
|    add_ln170_576_fu_20286_p2                                 | -   |        | add_ln170_576   | add   | fabric  | 0       |
|    add_ln170_577_fu_20295_p2                                 | -   |        | add_ln170_577   | add   | fabric  | 0       |
|    add_ln170_578_fu_20335_p2                                 | -   |        | add_ln170_578   | add   | fabric  | 0       |
|    add_ln170_579_fu_20344_p2                                 | -   |        | add_ln170_579   | add   | fabric  | 0       |
|    add_ln170_580_fu_20354_p2                                 | -   |        | add_ln170_580   | add   | fabric  | 0       |
|    add_ln170_581_fu_20363_p2                                 | -   |        | add_ln170_581   | add   | fabric  | 0       |
|    add_ln170_582_fu_20403_p2                                 | -   |        | add_ln170_582   | add   | fabric  | 0       |
|    add_ln170_583_fu_20412_p2                                 | -   |        | add_ln170_583   | add   | fabric  | 0       |
|    add_ln170_584_fu_20422_p2                                 | -   |        | add_ln170_584   | add   | fabric  | 0       |
|    add_ln170_585_fu_20431_p2                                 | -   |        | add_ln170_585   | add   | fabric  | 0       |
|    add_ln170_586_fu_20471_p2                                 | -   |        | add_ln170_586   | add   | fabric  | 0       |
|    add_ln170_587_fu_20480_p2                                 | -   |        | add_ln170_587   | add   | fabric  | 0       |
|    add_ln170_588_fu_20490_p2                                 | -   |        | add_ln170_588   | add   | fabric  | 0       |
|    add_ln170_589_fu_20499_p2                                 | -   |        | add_ln170_589   | add   | fabric  | 0       |
|    add_ln170_590_fu_20539_p2                                 | -   |        | add_ln170_590   | add   | fabric  | 0       |
|    add_ln170_591_fu_20548_p2                                 | -   |        | add_ln170_591   | add   | fabric  | 0       |
|    add_ln170_592_fu_20558_p2                                 | -   |        | add_ln170_592   | add   | fabric  | 0       |
|    add_ln170_593_fu_20567_p2                                 | -   |        | add_ln170_593   | add   | fabric  | 0       |
|    add_ln170_594_fu_20607_p2                                 | -   |        | add_ln170_594   | add   | fabric  | 0       |
|    add_ln170_595_fu_20616_p2                                 | -   |        | add_ln170_595   | add   | fabric  | 0       |
|    add_ln170_596_fu_20626_p2                                 | -   |        | add_ln170_596   | add   | fabric  | 0       |
|    add_ln170_597_fu_20635_p2                                 | -   |        | add_ln170_597   | add   | fabric  | 0       |
|    add_ln170_598_fu_20675_p2                                 | -   |        | add_ln170_598   | add   | fabric  | 0       |
|    add_ln170_599_fu_20684_p2                                 | -   |        | add_ln170_599   | add   | fabric  | 0       |
|    add_ln170_600_fu_20694_p2                                 | -   |        | add_ln170_600   | add   | fabric  | 0       |
|    add_ln170_601_fu_20703_p2                                 | -   |        | add_ln170_601   | add   | fabric  | 0       |
|    add_ln170_602_fu_20743_p2                                 | -   |        | add_ln170_602   | add   | fabric  | 0       |
|    add_ln170_603_fu_20752_p2                                 | -   |        | add_ln170_603   | add   | fabric  | 0       |
|    add_ln170_604_fu_20762_p2                                 | -   |        | add_ln170_604   | add   | fabric  | 0       |
|    add_ln170_605_fu_20771_p2                                 | -   |        | add_ln170_605   | add   | fabric  | 0       |
|    add_ln170_606_fu_20811_p2                                 | -   |        | add_ln170_606   | add   | fabric  | 0       |
|    add_ln170_607_fu_20820_p2                                 | -   |        | add_ln170_607   | add   | fabric  | 0       |
|    add_ln170_608_fu_20830_p2                                 | -   |        | add_ln170_608   | add   | fabric  | 0       |
|    add_ln170_609_fu_20839_p2                                 | -   |        | add_ln170_609   | add   | fabric  | 0       |
|    add_ln170_610_fu_20879_p2                                 | -   |        | add_ln170_610   | add   | fabric  | 0       |
|    add_ln170_611_fu_20888_p2                                 | -   |        | add_ln170_611   | add   | fabric  | 0       |
|    add_ln170_612_fu_20898_p2                                 | -   |        | add_ln170_612   | add   | fabric  | 0       |
|    add_ln170_613_fu_20907_p2                                 | -   |        | add_ln170_613   | add   | fabric  | 0       |
|    add_ln170_614_fu_20947_p2                                 | -   |        | add_ln170_614   | add   | fabric  | 0       |
|    add_ln170_615_fu_20956_p2                                 | -   |        | add_ln170_615   | add   | fabric  | 0       |
|    add_ln170_616_fu_20966_p2                                 | -   |        | add_ln170_616   | add   | fabric  | 0       |
|    add_ln170_617_fu_20975_p2                                 | -   |        | add_ln170_617   | add   | fabric  | 0       |
|    add_ln170_618_fu_21015_p2                                 | -   |        | add_ln170_618   | add   | fabric  | 0       |
|    add_ln170_619_fu_21024_p2                                 | -   |        | add_ln170_619   | add   | fabric  | 0       |
|    add_ln170_620_fu_21034_p2                                 | -   |        | add_ln170_620   | add   | fabric  | 0       |
|    add_ln170_621_fu_21043_p2                                 | -   |        | add_ln170_621   | add   | fabric  | 0       |
|    add_ln170_622_fu_21083_p2                                 | -   |        | add_ln170_622   | add   | fabric  | 0       |
|    add_ln170_623_fu_21092_p2                                 | -   |        | add_ln170_623   | add   | fabric  | 0       |
|    add_ln170_624_fu_21102_p2                                 | -   |        | add_ln170_624   | add   | fabric  | 0       |
|    add_ln170_625_fu_21111_p2                                 | -   |        | add_ln170_625   | add   | fabric  | 0       |
|    add_ln170_626_fu_21151_p2                                 | -   |        | add_ln170_626   | add   | fabric  | 0       |
|    add_ln170_627_fu_21160_p2                                 | -   |        | add_ln170_627   | add   | fabric  | 0       |
|    add_ln170_628_fu_21170_p2                                 | -   |        | add_ln170_628   | add   | fabric  | 0       |
|    add_ln170_629_fu_21179_p2                                 | -   |        | add_ln170_629   | add   | fabric  | 0       |
|    add_ln170_630_fu_21219_p2                                 | -   |        | add_ln170_630   | add   | fabric  | 0       |
|    add_ln170_631_fu_21228_p2                                 | -   |        | add_ln170_631   | add   | fabric  | 0       |
|    add_ln170_632_fu_21238_p2                                 | -   |        | add_ln170_632   | add   | fabric  | 0       |
|    add_ln170_633_fu_21247_p2                                 | -   |        | add_ln170_633   | add   | fabric  | 0       |
|    add_ln170_634_fu_21267_p2                                 | -   |        | add_ln170_634   | add   | fabric  | 0       |
|    add_ln170_635_fu_21276_p2                                 | -   |        | add_ln170_635   | add   | fabric  | 0       |
|    add_ln170_636_fu_21286_p2                                 | -   |        | add_ln170_636   | add   | fabric  | 0       |
|    add_ln170_637_fu_21295_p2                                 | -   |        | add_ln170_637   | add   | fabric  | 0       |
|    add_ln170_638_fu_21315_p2                                 | -   |        | add_ln170_638   | add   | fabric  | 0       |
|    add_ln170_639_fu_21324_p2                                 | -   |        | add_ln170_639   | add   | fabric  | 0       |
|    add_ln172_fu_8231_p2                                      | -   |        | add_ln172       | add   | fabric  | 0       |
|    add_ln163_fu_8237_p2                                      | -   |        | add_ln163       | add   | fabric  | 0       |
|  + transformer_blk_s3_top_Pipeline_AR9                       | 0   |        |                 |       |         |         |
|    add_ln338_fu_159_p2                                       | -   |        | add_ln338       | add   | fabric  | 0       |
+--------------------------------------------------------------+-----+--------+-----------------+-------+---------+---------+


================================================================
== Bind Storage Report
================================================================
+--------------------------------------------------------------------+------+------+--------+----------------------------------------------------------------+---------+------+---------+
| Name                                                               | BRAM | URAM | Pragma | Variable                                                       | Storage | Impl | Latency |
+--------------------------------------------------------------------+------+------+--------+----------------------------------------------------------------+---------+------+---------+
| + transformer_blk_s3_top                                           | 426  | 0    |        |                                                                |         |      |         |
|   transformer_blk_s3_top_float_const_float_float_const_x_buf_U     | 14   | -    |        | transformer_blk_s3_top_float_const_float_float_const_x_buf     | ram_s2p | auto | 1       |
|   transformer_blk_s3_top_float_const_float_float_const_x_buf_5_U   | 14   | -    |        | transformer_blk_s3_top_float_const_float_float_const_x_buf_5   | ram_s2p | auto | 1       |
|   transformer_blk_s3_top_float_const_float_float_const_x_buf_6_U   | 14   | -    |        | transformer_blk_s3_top_float_const_float_float_const_x_buf_6   | ram_s2p | auto | 1       |
|   transformer_blk_s3_top_float_const_float_float_const_x_buf_7_U   | 14   | -    |        | transformer_blk_s3_top_float_const_float_float_const_x_buf_7   | ram_s2p | auto | 1       |
|   transformer_blk_s3_top_float_const_float_float_const_q_buf_U     | 2    | -    |        | transformer_blk_s3_top_float_const_float_float_const_q_buf     | ram_s2p | auto | 1       |
|   transformer_blk_s3_top_float_const_float_float_const_ln_buf_U    | 14   | -    |        | transformer_blk_s3_top_float_const_float_float_const_ln_buf    | ram_s2p | auto | 1       |
|   transformer_blk_s3_top_float_const_float_float_const_ln_buf_8_U  | 14   | -    |        | transformer_blk_s3_top_float_const_float_float_const_ln_buf_8  | ram_s2p | auto | 1       |
|   transformer_blk_s3_top_float_const_float_float_const_ln_buf_9_U  | 14   | -    |        | transformer_blk_s3_top_float_const_float_float_const_ln_buf_9  | ram_s2p | auto | 1       |
|   transformer_blk_s3_top_float_const_float_float_const_ln_buf_10_U | 14   | -    |        | transformer_blk_s3_top_float_const_float_float_const_ln_buf_10 | ram_s2p | auto | 1       |
|   transformer_blk_s3_top_float_const_float_float_const_q_buf_11_U  | 2    | -    |        | transformer_blk_s3_top_float_const_float_float_const_q_buf_11  | ram_s2p | auto | 1       |
|   transformer_blk_s3_top_float_const_float_float_const_q_buf_12_U  | 2    | -    |        | transformer_blk_s3_top_float_const_float_float_const_q_buf_12  | ram_s2p | auto | 1       |
|   transformer_blk_s3_top_float_const_float_float_const_q_buf_13_U  | 2    | -    |        | transformer_blk_s3_top_float_const_float_float_const_q_buf_13  | ram_s2p | auto | 1       |
|   transformer_blk_s3_top_float_const_float_float_const_q_buf_14_U  | 2    | -    |        | transformer_blk_s3_top_float_const_float_float_const_q_buf_14  | ram_s2p | auto | 1       |
|   transformer_blk_s3_top_float_const_float_float_const_q_buf_15_U  | 2    | -    |        | transformer_blk_s3_top_float_const_float_float_const_q_buf_15  | ram_s2p | auto | 1       |
|   transformer_blk_s3_top_float_const_float_float_const_q_buf_16_U  | 2    | -    |        | transformer_blk_s3_top_float_const_float_float_const_q_buf_16  | ram_s2p | auto | 1       |
|   transformer_blk_s3_top_float_const_float_float_const_q_buf_17_U  | 2    | -    |        | transformer_blk_s3_top_float_const_float_float_const_q_buf_17  | ram_s2p | auto | 1       |
|   transformer_blk_s3_top_float_const_float_float_const_q_buf_18_U  | 2    | -    |        | transformer_blk_s3_top_float_const_float_float_const_q_buf_18  | ram_s2p | auto | 1       |
|   transformer_blk_s3_top_float_const_float_float_const_q_buf_19_U  | 2    | -    |        | transformer_blk_s3_top_float_const_float_float_const_q_buf_19  | ram_s2p | auto | 1       |
|   p_ZZ22transformer_blk_s3_topPKfPfS0_E5q_buf_10_U                 | 2    | -    |        | p_ZZ22transformer_blk_s3_topPKfPfS0_E5q_buf_10                 | ram_s2p | auto | 1       |
|   p_ZZ22transformer_blk_s3_topPKfPfS0_E5q_buf_11_U                 | 2    | -    |        | p_ZZ22transformer_blk_s3_topPKfPfS0_E5q_buf_11                 | ram_s2p | auto | 1       |
|   p_ZZ22transformer_blk_s3_topPKfPfS0_E5q_buf_12_U                 | 2    | -    |        | p_ZZ22transformer_blk_s3_topPKfPfS0_E5q_buf_12                 | ram_s2p | auto | 1       |
|   p_ZZ22transformer_blk_s3_topPKfPfS0_E5q_buf_13_U                 | 2    | -    |        | p_ZZ22transformer_blk_s3_topPKfPfS0_E5q_buf_13                 | ram_s2p | auto | 1       |
|   p_ZZ22transformer_blk_s3_topPKfPfS0_E5q_buf_14_U                 | 2    | -    |        | p_ZZ22transformer_blk_s3_topPKfPfS0_E5q_buf_14                 | ram_s2p | auto | 1       |
|   p_ZZ22transformer_blk_s3_topPKfPfS0_E5q_buf_15_U                 | 2    | -    |        | p_ZZ22transformer_blk_s3_topPKfPfS0_E5q_buf_15                 | ram_s2p | auto | 1       |
|   p_ZZ22transformer_blk_s3_topPKfPfS0_E5q_buf_16_U                 | 2    | -    |        | p_ZZ22transformer_blk_s3_topPKfPfS0_E5q_buf_16                 | ram_s2p | auto | 1       |
|   p_ZZ22transformer_blk_s3_topPKfPfS0_E5q_buf_17_U                 | 2    | -    |        | p_ZZ22transformer_blk_s3_topPKfPfS0_E5q_buf_17                 | ram_s2p | auto | 1       |
|   p_ZZ22transformer_blk_s3_topPKfPfS0_E5q_buf_18_U                 | 2    | -    |        | p_ZZ22transformer_blk_s3_topPKfPfS0_E5q_buf_18                 | ram_s2p | auto | 1       |
|   p_ZZ22transformer_blk_s3_topPKfPfS0_E5q_buf_19_U                 | 2    | -    |        | p_ZZ22transformer_blk_s3_topPKfPfS0_E5q_buf_19                 | ram_s2p | auto | 1       |
|   p_ZZ22transformer_blk_s3_topPKfPfS0_E5q_buf_20_U                 | 2    | -    |        | p_ZZ22transformer_blk_s3_topPKfPfS0_E5q_buf_20                 | ram_s2p | auto | 1       |
|   p_ZZ22transformer_blk_s3_topPKfPfS0_E5q_buf_21_U                 | 2    | -    |        | p_ZZ22transformer_blk_s3_topPKfPfS0_E5q_buf_21                 | ram_s2p | auto | 1       |
|   p_ZZ22transformer_blk_s3_topPKfPfS0_E5q_buf_22_U                 | 2    | -    |        | p_ZZ22transformer_blk_s3_topPKfPfS0_E5q_buf_22                 | ram_s2p | auto | 1       |
|   p_ZZ22transformer_blk_s3_topPKfPfS0_E5q_buf_23_U                 | 2    | -    |        | p_ZZ22transformer_blk_s3_topPKfPfS0_E5q_buf_23                 | ram_s2p | auto | 1       |
|   p_ZZ22transformer_blk_s3_topPKfPfS0_E5q_buf_24_U                 | 2    | -    |        | p_ZZ22transformer_blk_s3_topPKfPfS0_E5q_buf_24                 | ram_s2p | auto | 1       |
|   p_ZZ22transformer_blk_s3_topPKfPfS0_E5q_buf_25_U                 | 2    | -    |        | p_ZZ22transformer_blk_s3_topPKfPfS0_E5q_buf_25                 | ram_s2p | auto | 1       |
|   p_ZZ22transformer_blk_s3_topPKfPfS0_E5q_buf_26_U                 | 2    | -    |        | p_ZZ22transformer_blk_s3_topPKfPfS0_E5q_buf_26                 | ram_s2p | auto | 1       |
|   p_ZZ22transformer_blk_s3_topPKfPfS0_E5q_buf_27_U                 | 2    | -    |        | p_ZZ22transformer_blk_s3_topPKfPfS0_E5q_buf_27                 | ram_s2p | auto | 1       |
|   p_ZZ22transformer_blk_s3_topPKfPfS0_E5q_buf_28_U                 | 2    | -    |        | p_ZZ22transformer_blk_s3_topPKfPfS0_E5q_buf_28                 | ram_s2p | auto | 1       |
|   p_ZZ22transformer_blk_s3_topPKfPfS0_E5q_buf_29_U                 | 2    | -    |        | p_ZZ22transformer_blk_s3_topPKfPfS0_E5q_buf_29                 | ram_s2p | auto | 1       |
|   p_ZZ22transformer_blk_s3_topPKfPfS0_E5q_buf_30_U                 | 2    | -    |        | p_ZZ22transformer_blk_s3_topPKfPfS0_E5q_buf_30                 | ram_s2p | auto | 1       |
|   p_ZZ22transformer_blk_s3_topPKfPfS0_E5q_buf_31_U                 | 2    | -    |        | p_ZZ22transformer_blk_s3_topPKfPfS0_E5q_buf_31                 | ram_s2p | auto | 1       |
|   p_ZZ22transformer_blk_s3_topPKfPfS0_E5q_buf_32_U                 | 2    | -    |        | p_ZZ22transformer_blk_s3_topPKfPfS0_E5q_buf_32                 | ram_s2p | auto | 1       |
|   p_ZZ22transformer_blk_s3_topPKfPfS0_E5q_buf_33_U                 | 2    | -    |        | p_ZZ22transformer_blk_s3_topPKfPfS0_E5q_buf_33                 | ram_s2p | auto | 1       |
|   p_ZZ22transformer_blk_s3_topPKfPfS0_E5q_buf_34_U                 | 2    | -    |        | p_ZZ22transformer_blk_s3_topPKfPfS0_E5q_buf_34                 | ram_s2p | auto | 1       |
|   p_ZZ22transformer_blk_s3_topPKfPfS0_E5q_buf_35_U                 | 2    | -    |        | p_ZZ22transformer_blk_s3_topPKfPfS0_E5q_buf_35                 | ram_s2p | auto | 1       |
|   p_ZZ22transformer_blk_s3_topPKfPfS0_E5q_buf_36_U                 | 2    | -    |        | p_ZZ22transformer_blk_s3_topPKfPfS0_E5q_buf_36                 | ram_s2p | auto | 1       |
|   p_ZZ22transformer_blk_s3_topPKfPfS0_E5q_buf_37_U                 | 2    | -    |        | p_ZZ22transformer_blk_s3_topPKfPfS0_E5q_buf_37                 | ram_s2p | auto | 1       |
|   p_ZZ22transformer_blk_s3_topPKfPfS0_E5q_buf_38_U                 | 2    | -    |        | p_ZZ22transformer_blk_s3_topPKfPfS0_E5q_buf_38                 | ram_s2p | auto | 1       |
|   p_ZZ22transformer_blk_s3_topPKfPfS0_E5q_buf_39_U                 | 2    | -    |        | p_ZZ22transformer_blk_s3_topPKfPfS0_E5q_buf_39                 | ram_s2p | auto | 1       |
|   p_ZZ22transformer_blk_s3_topPKfPfS0_E5q_buf_40_U                 | 2    | -    |        | p_ZZ22transformer_blk_s3_topPKfPfS0_E5q_buf_40                 | ram_s2p | auto | 1       |
|   p_ZZ22transformer_blk_s3_topPKfPfS0_E5q_buf_41_U                 | 2    | -    |        | p_ZZ22transformer_blk_s3_topPKfPfS0_E5q_buf_41                 | ram_s2p | auto | 1       |
|   p_ZZ22transformer_blk_s3_topPKfPfS0_E5q_buf_42_U                 | 2    | -    |        | p_ZZ22transformer_blk_s3_topPKfPfS0_E5q_buf_42                 | ram_s2p | auto | 1       |
|   p_ZZ22transformer_blk_s3_topPKfPfS0_E5q_buf_43_U                 | 2    | -    |        | p_ZZ22transformer_blk_s3_topPKfPfS0_E5q_buf_43                 | ram_s2p | auto | 1       |
|   p_ZZ22transformer_blk_s3_topPKfPfS0_E5q_buf_44_U                 | 2    | -    |        | p_ZZ22transformer_blk_s3_topPKfPfS0_E5q_buf_44                 | ram_s2p | auto | 1       |
|   p_ZZ22transformer_blk_s3_topPKfPfS0_E5q_buf_45_U                 | 2    | -    |        | p_ZZ22transformer_blk_s3_topPKfPfS0_E5q_buf_45                 | ram_s2p | auto | 1       |
|   p_ZZ22transformer_blk_s3_topPKfPfS0_E5q_buf_46_U                 | 2    | -    |        | p_ZZ22transformer_blk_s3_topPKfPfS0_E5q_buf_46                 | ram_s2p | auto | 1       |
|   p_ZZ22transformer_blk_s3_topPKfPfS0_E5q_buf_47_U                 | 2    | -    |        | p_ZZ22transformer_blk_s3_topPKfPfS0_E5q_buf_47                 | ram_s2p | auto | 1       |
|   transformer_blk_s3_top_float_const_float_float_const_k_buf_U     | 1    | -    |        | transformer_blk_s3_top_float_const_float_float_const_k_buf     | ram_1p  | auto | 1       |
|   transformer_blk_s3_top_float_const_float_float_const_k_buf_20_U  | 1    | -    |        | transformer_blk_s3_top_float_const_float_float_const_k_buf_20  | ram_1p  | auto | 1       |
|   transformer_blk_s3_top_float_const_float_float_const_k_buf_21_U  | 1    | -    |        | transformer_blk_s3_top_float_const_float_float_const_k_buf_21  | ram_1p  | auto | 1       |
|   transformer_blk_s3_top_float_const_float_float_const_k_buf_22_U  | 1    | -    |        | transformer_blk_s3_top_float_const_float_float_const_k_buf_22  | ram_1p  | auto | 1       |
|   transformer_blk_s3_top_float_const_float_float_const_k_buf_23_U  | 1    | -    |        | transformer_blk_s3_top_float_const_float_float_const_k_buf_23  | ram_1p  | auto | 1       |
|   transformer_blk_s3_top_float_const_float_float_const_k_buf_24_U  | 1    | -    |        | transformer_blk_s3_top_float_const_float_float_const_k_buf_24  | ram_1p  | auto | 1       |
|   transformer_blk_s3_top_float_const_float_float_const_k_buf_25_U  | 1    | -    |        | transformer_blk_s3_top_float_const_float_float_const_k_buf_25  | ram_1p  | auto | 1       |
|   transformer_blk_s3_top_float_const_float_float_const_k_buf_26_U  | 1    | -    |        | transformer_blk_s3_top_float_const_float_float_const_k_buf_26  | ram_1p  | auto | 1       |
|   transformer_blk_s3_top_float_const_float_float_const_k_buf_27_U  | 1    | -    |        | transformer_blk_s3_top_float_const_float_float_const_k_buf_27  | ram_1p  | auto | 1       |
|   transformer_blk_s3_top_float_const_float_float_const_k_buf_28_U  | 1    | -    |        | transformer_blk_s3_top_float_const_float_float_const_k_buf_28  | ram_1p  | auto | 1       |
|   p_ZZ22transformer_blk_s3_topPKfPfS0_E5k_buf_10_U                 | 1    | -    |        | p_ZZ22transformer_blk_s3_topPKfPfS0_E5k_buf_10                 | ram_1p  | auto | 1       |
|   p_ZZ22transformer_blk_s3_topPKfPfS0_E5k_buf_11_U                 | 1    | -    |        | p_ZZ22transformer_blk_s3_topPKfPfS0_E5k_buf_11                 | ram_1p  | auto | 1       |
|   p_ZZ22transformer_blk_s3_topPKfPfS0_E5k_buf_12_U                 | 1    | -    |        | p_ZZ22transformer_blk_s3_topPKfPfS0_E5k_buf_12                 | ram_1p  | auto | 1       |
|   p_ZZ22transformer_blk_s3_topPKfPfS0_E5k_buf_13_U                 | 1    | -    |        | p_ZZ22transformer_blk_s3_topPKfPfS0_E5k_buf_13                 | ram_1p  | auto | 1       |
|   p_ZZ22transformer_blk_s3_topPKfPfS0_E5k_buf_14_U                 | 1    | -    |        | p_ZZ22transformer_blk_s3_topPKfPfS0_E5k_buf_14                 | ram_1p  | auto | 1       |
|   p_ZZ22transformer_blk_s3_topPKfPfS0_E5k_buf_15_U                 | 1    | -    |        | p_ZZ22transformer_blk_s3_topPKfPfS0_E5k_buf_15                 | ram_1p  | auto | 1       |
|   p_ZZ22transformer_blk_s3_topPKfPfS0_E5k_buf_16_U                 | 1    | -    |        | p_ZZ22transformer_blk_s3_topPKfPfS0_E5k_buf_16                 | ram_1p  | auto | 1       |
|   p_ZZ22transformer_blk_s3_topPKfPfS0_E5k_buf_17_U                 | 1    | -    |        | p_ZZ22transformer_blk_s3_topPKfPfS0_E5k_buf_17                 | ram_1p  | auto | 1       |
|   p_ZZ22transformer_blk_s3_topPKfPfS0_E5k_buf_18_U                 | 1    | -    |        | p_ZZ22transformer_blk_s3_topPKfPfS0_E5k_buf_18                 | ram_1p  | auto | 1       |
|   p_ZZ22transformer_blk_s3_topPKfPfS0_E5k_buf_19_U                 | 1    | -    |        | p_ZZ22transformer_blk_s3_topPKfPfS0_E5k_buf_19                 | ram_1p  | auto | 1       |
|   p_ZZ22transformer_blk_s3_topPKfPfS0_E5k_buf_20_U                 | 1    | -    |        | p_ZZ22transformer_blk_s3_topPKfPfS0_E5k_buf_20                 | ram_1p  | auto | 1       |
|   p_ZZ22transformer_blk_s3_topPKfPfS0_E5k_buf_21_U                 | 1    | -    |        | p_ZZ22transformer_blk_s3_topPKfPfS0_E5k_buf_21                 | ram_1p  | auto | 1       |
|   p_ZZ22transformer_blk_s3_topPKfPfS0_E5k_buf_22_U                 | 1    | -    |        | p_ZZ22transformer_blk_s3_topPKfPfS0_E5k_buf_22                 | ram_1p  | auto | 1       |
|   p_ZZ22transformer_blk_s3_topPKfPfS0_E5k_buf_23_U                 | 1    | -    |        | p_ZZ22transformer_blk_s3_topPKfPfS0_E5k_buf_23                 | ram_1p  | auto | 1       |
|   p_ZZ22transformer_blk_s3_topPKfPfS0_E5k_buf_24_U                 | 1    | -    |        | p_ZZ22transformer_blk_s3_topPKfPfS0_E5k_buf_24                 | ram_1p  | auto | 1       |
|   p_ZZ22transformer_blk_s3_topPKfPfS0_E5k_buf_25_U                 | 1    | -    |        | p_ZZ22transformer_blk_s3_topPKfPfS0_E5k_buf_25                 | ram_1p  | auto | 1       |
|   p_ZZ22transformer_blk_s3_topPKfPfS0_E5k_buf_26_U                 | 1    | -    |        | p_ZZ22transformer_blk_s3_topPKfPfS0_E5k_buf_26                 | ram_1p  | auto | 1       |
|   p_ZZ22transformer_blk_s3_topPKfPfS0_E5k_buf_27_U                 | 1    | -    |        | p_ZZ22transformer_blk_s3_topPKfPfS0_E5k_buf_27                 | ram_1p  | auto | 1       |
|   p_ZZ22transformer_blk_s3_topPKfPfS0_E5k_buf_28_U                 | 1    | -    |        | p_ZZ22transformer_blk_s3_topPKfPfS0_E5k_buf_28                 | ram_1p  | auto | 1       |
|   p_ZZ22transformer_blk_s3_topPKfPfS0_E5k_buf_29_U                 | 1    | -    |        | p_ZZ22transformer_blk_s3_topPKfPfS0_E5k_buf_29                 | ram_1p  | auto | 1       |
|   p_ZZ22transformer_blk_s3_topPKfPfS0_E5k_buf_30_U                 | 1    | -    |        | p_ZZ22transformer_blk_s3_topPKfPfS0_E5k_buf_30                 | ram_1p  | auto | 1       |
|   p_ZZ22transformer_blk_s3_topPKfPfS0_E5k_buf_31_U                 | 1    | -    |        | p_ZZ22transformer_blk_s3_topPKfPfS0_E5k_buf_31                 | ram_1p  | auto | 1       |
|   p_ZZ22transformer_blk_s3_topPKfPfS0_E5k_buf_32_U                 | 1    | -    |        | p_ZZ22transformer_blk_s3_topPKfPfS0_E5k_buf_32                 | ram_1p  | auto | 1       |
|   p_ZZ22transformer_blk_s3_topPKfPfS0_E5k_buf_33_U                 | 1    | -    |        | p_ZZ22transformer_blk_s3_topPKfPfS0_E5k_buf_33                 | ram_1p  | auto | 1       |
|   p_ZZ22transformer_blk_s3_topPKfPfS0_E5k_buf_34_U                 | 1    | -    |        | p_ZZ22transformer_blk_s3_topPKfPfS0_E5k_buf_34                 | ram_1p  | auto | 1       |
|   p_ZZ22transformer_blk_s3_topPKfPfS0_E5k_buf_35_U                 | 1    | -    |        | p_ZZ22transformer_blk_s3_topPKfPfS0_E5k_buf_35                 | ram_1p  | auto | 1       |
|   p_ZZ22transformer_blk_s3_topPKfPfS0_E5k_buf_36_U                 | 1    | -    |        | p_ZZ22transformer_blk_s3_topPKfPfS0_E5k_buf_36                 | ram_1p  | auto | 1       |
|   p_ZZ22transformer_blk_s3_topPKfPfS0_E5k_buf_37_U                 | 1    | -    |        | p_ZZ22transformer_blk_s3_topPKfPfS0_E5k_buf_37                 | ram_1p  | auto | 1       |
|   p_ZZ22transformer_blk_s3_topPKfPfS0_E5k_buf_38_U                 | 1    | -    |        | p_ZZ22transformer_blk_s3_topPKfPfS0_E5k_buf_38                 | ram_1p  | auto | 1       |
|   p_ZZ22transformer_blk_s3_topPKfPfS0_E5k_buf_39_U                 | 1    | -    |        | p_ZZ22transformer_blk_s3_topPKfPfS0_E5k_buf_39                 | ram_1p  | auto | 1       |
|   p_ZZ22transformer_blk_s3_topPKfPfS0_E5k_buf_40_U                 | 1    | -    |        | p_ZZ22transformer_blk_s3_topPKfPfS0_E5k_buf_40                 | ram_1p  | auto | 1       |
|   p_ZZ22transformer_blk_s3_topPKfPfS0_E5k_buf_41_U                 | 1    | -    |        | p_ZZ22transformer_blk_s3_topPKfPfS0_E5k_buf_41                 | ram_1p  | auto | 1       |
|   p_ZZ22transformer_blk_s3_topPKfPfS0_E5k_buf_42_U                 | 1    | -    |        | p_ZZ22transformer_blk_s3_topPKfPfS0_E5k_buf_42                 | ram_1p  | auto | 1       |
|   p_ZZ22transformer_blk_s3_topPKfPfS0_E5k_buf_43_U                 | 1    | -    |        | p_ZZ22transformer_blk_s3_topPKfPfS0_E5k_buf_43                 | ram_1p  | auto | 1       |
|   p_ZZ22transformer_blk_s3_topPKfPfS0_E5k_buf_44_U                 | 1    | -    |        | p_ZZ22transformer_blk_s3_topPKfPfS0_E5k_buf_44                 | ram_1p  | auto | 1       |
|   p_ZZ22transformer_blk_s3_topPKfPfS0_E5k_buf_45_U                 | 1    | -    |        | p_ZZ22transformer_blk_s3_topPKfPfS0_E5k_buf_45                 | ram_1p  | auto | 1       |
|   p_ZZ22transformer_blk_s3_topPKfPfS0_E5k_buf_46_U                 | 1    | -    |        | p_ZZ22transformer_blk_s3_topPKfPfS0_E5k_buf_46                 | ram_1p  | auto | 1       |
|   p_ZZ22transformer_blk_s3_topPKfPfS0_E5k_buf_47_U                 | 1    | -    |        | p_ZZ22transformer_blk_s3_topPKfPfS0_E5k_buf_47                 | ram_1p  | auto | 1       |
|   transformer_blk_s3_top_float_const_float_float_const_v_buf_U     | 8    | -    |        | transformer_blk_s3_top_float_const_float_float_const_v_buf     | ram_s2p | auto | 1       |
|   transformer_blk_s3_top_float_const_float_float_const_v_buf_29_U  | 8    | -    |        | transformer_blk_s3_top_float_const_float_float_const_v_buf_29  | ram_s2p | auto | 1       |
|   transformer_blk_s3_top_float_const_float_float_const_v_buf_30_U  | 8    | -    |        | transformer_blk_s3_top_float_const_float_float_const_v_buf_30  | ram_s2p | auto | 1       |
|   transformer_blk_s3_top_float_const_float_float_const_v_buf_31_U  | 8    | -    |        | transformer_blk_s3_top_float_const_float_float_const_v_buf_31  | ram_s2p | auto | 1       |
|   transformer_blk_s3_top_float_const_float_float_const_v_buf_32_U  | 8    | -    |        | transformer_blk_s3_top_float_const_float_float_const_v_buf_32  | ram_s2p | auto | 1       |
|   attn_out_U                                                       | 38   | -    | pragma | attn_out                                                       | ram_t2p | bram | 1       |
|   transformer_blk_s3_top_float_const_float_float_const_a_buf_U     | 4    | -    |        | transformer_blk_s3_top_float_const_float_float_const_a_buf     | ram_t2p | auto | 1       |
|   transformer_blk_s3_top_float_const_float_float_const_a_buf_1_U   | 4    | -    |        | transformer_blk_s3_top_float_const_float_float_const_a_buf_1   | ram_t2p | auto | 1       |
|   transformer_blk_s3_top_float_const_float_float_const_a_buf_2_U   | 4    | -    |        | transformer_blk_s3_top_float_const_float_float_const_a_buf_2   | ram_t2p | auto | 1       |
|   transformer_blk_s3_top_float_const_float_float_const_a_buf_3_U   | 4    | -    |        | transformer_blk_s3_top_float_const_float_float_const_a_buf_3   | ram_t2p | auto | 1       |
|   transformer_blk_s3_top_float_const_float_float_const_a_buf_4_U   | 4    | -    |        | transformer_blk_s3_top_float_const_float_float_const_a_buf_4   | ram_t2p | auto | 1       |
|   mlp_buf_U                                                        | 72   | -    | pragma | mlp_buf                                                        | ram_t2p | bram | 1       |
+--------------------------------------------------------------------+------+------+--------+----------------------------------------------------------------+---------+------+---------+


================================================================
== Pragma Report
================================================================
* Valid Pragma Syntax
+-----------------+----------------------------------------------+-------------------------------------------------------------------------------+
| Type            | Options                                      | Location                                                                      |
+-----------------+----------------------------------------------+-------------------------------------------------------------------------------+
| inline          |                                              | s3_transformer_block/t_blk_s3_top.cpp:41 in transformer_block                 |
| pipeline        | II=1                                         | s3_transformer_block/t_blk_s3_top.cpp:72 in transformer_block                 |
| interface       | bram port=in                                 | s3_transformer_block/t_blk_s3_top.cpp:91 in transformer_blk_s3_top, in        |
| interface       | bram port=out                                | s3_transformer_block/t_blk_s3_top.cpp:92 in transformer_blk_s3_top, out       |
| interface       | bram port=w                                  | s3_transformer_block/t_blk_s3_top.cpp:93 in transformer_blk_s3_top, w         |
| interface       | ap_ctrl_hs port=return                       | s3_transformer_block/t_blk_s3_top.cpp:94 in transformer_blk_s3_top, return    |
| bind_storage    | variable=attn_out type=RAM_T2P impl=BRAM     | s3_transformer_block/t_blk_s3_top.cpp:106 in transformer_blk_s3_top, attn_out |
| bind_storage    | variable=mlp_buf type=RAM_T2P impl=BRAM      | s3_transformer_block/t_blk_s3_top.cpp:107 in transformer_blk_s3_top, mlp_buf  |
| array_partition | variable=a_buf cyclic factor=5 dim=1         | s3_transformer_block/t_blk_s3_top.cpp:118 in transformer_blk_s3_top, a_buf    |
| dependence      | variable=a_buf inter false                   | s3_transformer_block/t_blk_s3_top.cpp:119 in transformer_blk_s3_top, a_buf    |
| array_partition | variable=x_buf cyclic factor=4 dim=1         | s3_transformer_block/t_blk_s3_top.cpp:124 in transformer_blk_s3_top, x_buf    |
| array_partition | variable=ln_buf cyclic factor=4 dim=1        | s3_transformer_block/t_blk_s3_top.cpp:125 in transformer_blk_s3_top, ln_buf   |
| array_partition | variable=q_buf cyclic factor=(192 / 4) dim=1 | s3_transformer_block/t_blk_s3_top.cpp:132 in transformer_blk_s3_top, q_buf    |
| array_partition | variable=k_buf cyclic factor=(192 / 4) dim=1 | s3_transformer_block/t_blk_s3_top.cpp:133 in transformer_blk_s3_top, k_buf    |
| array_partition | variable=v_buf cyclic factor=5 dim=1         | s3_transformer_block/t_blk_s3_top.cpp:142 in transformer_blk_s3_top, v_buf    |
| pipeline        | II=1                                         | s3_transformer_block/t_blk_s3_top.cpp:146 in transformer_blk_s3_top           |
| pipeline        | II=1                                         | s3_transformer_block/t_blk_s3_top.cpp:162 in transformer_blk_s3_top           |
| inline          |                                              | s3_transformer_block/t_blk_s3_utils.h:50 in silu_f                            |
| inline          |                                              | s3_transformer_block/t_blk_s3_utils.h:81 in layer_norm                        |
| array_partition | variable=mp complete dim=1                   | s3_transformer_block/t_blk_s3_utils.h:90 in layer_norm, mp                    |
| pipeline        | II=1                                         | s3_transformer_block/t_blk_s3_utils.h:93 in layer_norm                        |
| unroll          |                                              | s3_transformer_block/t_blk_s3_utils.h:96 in layer_norm                        |
| unroll          |                                              | s3_transformer_block/t_blk_s3_utils.h:104 in layer_norm                       |
| array_partition | variable=vp complete dim=1                   | s3_transformer_block/t_blk_s3_utils.h:111 in layer_norm, vp                   |
| pipeline        | II=1                                         | s3_transformer_block/t_blk_s3_utils.h:114 in layer_norm                       |
| unroll          |                                              | s3_transformer_block/t_blk_s3_utils.h:117 in layer_norm                       |
| unroll          |                                              | s3_transformer_block/t_blk_s3_utils.h:125 in layer_norm                       |
| pipeline        | II=1                                         | s3_transformer_block/t_blk_s3_utils.h:132 in layer_norm                       |
| inline          |                                              | s3_transformer_block/t_blk_s3_utils.h:161 in linear_f                         |
| pipeline        | II=1                                         | s3_transformer_block/t_blk_s3_utils.h:164 in linear_f                         |
| unroll          | factor=2                                     | s3_transformer_block/t_blk_s3_utils.h:169 in linear_f                         |
| inline          |                                              | s3_transformer_block/t_blk_s3_utils.h:194 in softmax_vec                      |
| pipeline        | II=1                                         | s3_transformer_block/t_blk_s3_utils.h:201 in softmax_vec                      |
| array_partition | variable=ex complete dim=1                   | s3_transformer_block/t_blk_s3_utils.h:207 in softmax_vec, ex                  |
| pipeline        | II=1                                         | s3_transformer_block/t_blk_s3_utils.h:209 in softmax_vec                      |
| array_partition | variable=sp complete dim=1                   | s3_transformer_block/t_blk_s3_utils.h:216 in softmax_vec, sp                  |
| pipeline        | II=1                                         | s3_transformer_block/t_blk_s3_utils.h:218 in softmax_vec                      |
| unroll          |                                              | s3_transformer_block/t_blk_s3_utils.h:221 in softmax_vec                      |
| unroll          |                                              | s3_transformer_block/t_blk_s3_utils.h:228 in softmax_vec                      |
| pipeline        | II=1                                         | s3_transformer_block/t_blk_s3_utils.h:234 in softmax_vec                      |
| inline          |                                              | s3_transformer_block/t_blk_s3_utils.h:251 in mhsa                             |
| pipeline        | II=1                                         | s3_transformer_block/t_blk_s3_utils.h:267 in mhsa                             |
| unroll          |                                              | s3_transformer_block/t_blk_s3_utils.h:270 in mhsa                             |
| pipeline        |                                              | s3_transformer_block/t_blk_s3_utils.h:289 in mhsa                             |
| dependence      | variable=a_buf inter false direction=RAW     | s3_transformer_block/t_blk_s3_utils.h:290 in mhsa, a_buf                      |
| array_partition | variable=op complete dim=1                   | s3_transformer_block/t_blk_s3_utils.h:303 in mhsa, op                         |
| pipeline        | II=1                                         | s3_transformer_block/t_blk_s3_utils.h:305 in mhsa                             |
| unroll          |                                              | s3_transformer_block/t_blk_s3_utils.h:308 in mhsa                             |
| unroll          |                                              | s3_transformer_block/t_blk_s3_utils.h:317 in mhsa                             |
| pipeline        | II=1                                         | s3_transformer_block/t_blk_s3_utils.h:327 in mhsa                             |
| inline          |                                              | s3_transformer_block/t_blk_s3_utils.h:337 in add_residual                     |
| pipeline        | II=1                                         | s3_transformer_block/t_blk_s3_utils.h:339 in add_residual                     |
+-----------------+----------------------------------------------+-------------------------------------------------------------------------------+


