

================================================================
== Vitis HLS Report for 'transformer_blk_s3_top_Pipeline_MHSA_SM'
================================================================
* Date:           Mon Jun  1 14:14:41 2026

* Version:        2022.2 (Build 3670227 on Oct 13 2022)
* Project:        s3_transformer_block
* Solution:       solution1 (Vivado IP Flow Target)
* Product family: zynquplus
* Target device:  xczu9eg-ffvb1156-2-e


================================================================
== Performance Estimates
================================================================
+ Timing: 
    * Summary: 
    +--------+---------+----------+------------+
    |  Clock |  Target | Estimated| Uncertainty|
    +--------+---------+----------+------------+
    |ap_clk  |  5.00 ns|  4.025 ns|     1.35 ns|
    +--------+---------+----------+------------+

+ Latency: 
    * Summary: 
    +---------+---------+-----------+-----------+------+------+---------+
    |  Latency (cycles) |   Latency (absolute)  |   Interval  | Pipeline|
    |   min   |   max   |    min    |    max    |  min |  max |   Type  |
    +---------+---------+-----------+-----------+------+------+---------+
    |     2601|     2601|  13.005 us|  13.005 us|  2601|  2601|       no|
    +---------+---------+-----------+-----------+------+------+---------+

    + Detail: 
        * Instance: 
        N/A

        * Loop: 
        +-----------+---------+---------+----------+-----------+-----------+------+----------+
        |           |  Latency (cycles) | Iteration|  Initiation Interval  | Trip |          |
        | Loop Name |   min   |   max   |  Latency |  achieved |   target  | Count| Pipelined|
        +-----------+---------+---------+----------+-----------+-----------+------+----------+
        |- MHSA_SM  |     2599|     2599|       620|         20|          1|   100|       yes|
        +-----------+---------+---------+----------+-----------+-----------+------+----------+



================================================================
== Utilization Estimates
================================================================
* Summary: 
+-----------------+---------+------+--------+--------+-----+
|       Name      | BRAM_18K|  DSP |   FF   |   LUT  | URAM|
+-----------------+---------+------+--------+--------+-----+
|DSP              |        -|     -|       -|       -|    -|
|Expression       |        -|     -|       0|    9719|    -|
|FIFO             |        -|     -|       -|       -|    -|
|Instance         |        -|    35|    1905|    4695|    -|
|Memory           |        -|     -|       -|       -|    -|
|Multiplexer      |        -|     -|       -|    5810|    -|
|Register         |        -|     -|   39847|   10240|    -|
+-----------------+---------+------+--------+--------+-----+
|Total            |        0|    35|   41752|   30464|    0|
+-----------------+---------+------+--------+--------+-----+
|Available        |     1824|  2520|  548160|  274080|    0|
+-----------------+---------+------+--------+--------+-----+
|Utilization (%)  |        0|     1|       7|      11|    0|
+-----------------+---------+------+--------+--------+-----+

+ Detail: 
    * Instance: 
    +--------------------------------------+---------------------------------+---------+----+-----+-----+-----+
    |               Instance               |              Module             | BRAM_18K| DSP|  FF | LUT | URAM|
    +--------------------------------------+---------------------------------+---------+----+-----+-----+-----+
    |fcmp_32ns_32ns_1_2_no_dsp_1_U511      |fcmp_32ns_32ns_1_2_no_dsp_1      |        0|   0|    0|    0|    0|
    |fcmp_32ns_32ns_1_2_no_dsp_1_U512      |fcmp_32ns_32ns_1_2_no_dsp_1      |        0|   0|    0|    0|    0|
    |fcmp_32ns_32ns_1_2_no_dsp_1_U513      |fcmp_32ns_32ns_1_2_no_dsp_1      |        0|   0|    0|    0|    0|
    |fdiv_32ns_32ns_32_16_no_dsp_1_U505    |fdiv_32ns_32ns_32_16_no_dsp_1    |        0|   0|    0|    0|    0|
    |fdiv_32ns_32ns_32_16_no_dsp_1_U506    |fdiv_32ns_32ns_32_16_no_dsp_1    |        0|   0|    0|    0|    0|
    |fdiv_32ns_32ns_32_16_no_dsp_1_U507    |fdiv_32ns_32ns_32_16_no_dsp_1    |        0|   0|    0|    0|    0|
    |fdiv_32ns_32ns_32_16_no_dsp_1_U508    |fdiv_32ns_32ns_32_16_no_dsp_1    |        0|   0|    0|    0|    0|
    |fexp_32ns_32ns_32_13_full_dsp_1_U514  |fexp_32ns_32ns_32_13_full_dsp_1  |        0|   7|  381|  939|    0|
    |fexp_32ns_32ns_32_13_full_dsp_1_U515  |fexp_32ns_32ns_32_13_full_dsp_1  |        0|   7|  381|  939|    0|
    |fexp_32ns_32ns_32_13_full_dsp_1_U516  |fexp_32ns_32ns_32_13_full_dsp_1  |        0|   7|  381|  939|    0|
    |fexp_32ns_32ns_32_13_full_dsp_1_U517  |fexp_32ns_32ns_32_13_full_dsp_1  |        0|   7|  381|  939|    0|
    |fexp_32ns_32ns_32_13_full_dsp_1_U518  |fexp_32ns_32ns_32_13_full_dsp_1  |        0|   7|  381|  939|    0|
    +--------------------------------------+---------------------------------+---------+----+-----+-----+-----+
    |Total                                 |                                 |        0|  35| 1905| 4695|    0|
    +--------------------------------------+---------------------------------+---------+----+-----+-----+-----+

    * DSP: 
    N/A

    * Memory: 
    N/A

    * FIFO: 
    N/A

    * Expression: 
    +---------------------------------------+----------+----+---+----+------------+------------+
    |             Variable Name             | Operation| DSP| FF| LUT| Bitwidth P0| Bitwidth P1|
    +---------------------------------------+----------+----+---+----+------------+------------+
    |add_ln202_10_fu_1737_p2                |         +|   0|  0|  18|          11|           4|
    |add_ln202_11_fu_1751_p2                |         +|   0|  0|  18|          11|           4|
    |add_ln202_12_fu_1765_p2                |         +|   0|  0|  18|          11|           5|
    |add_ln202_13_fu_1779_p2                |         +|   0|  0|  18|          11|           5|
    |add_ln202_14_fu_1881_p2                |         +|   0|  0|  18|          11|           5|
    |add_ln202_15_fu_1895_p2                |         +|   0|  0|  18|          11|           5|
    |add_ln202_1_fu_1347_p2                 |         +|   0|  0|  18|          11|           3|
    |add_ln202_2_fu_1443_p2                 |         +|   0|  0|  18|          11|           3|
    |add_ln202_3_fu_1457_p2                 |         +|   0|  0|  18|          11|           3|
    |add_ln202_4_fu_1477_p2                 |         +|   0|  0|  18|          11|           4|
    |add_ln202_5_fu_1491_p2                 |         +|   0|  0|  18|          11|           4|
    |add_ln202_6_fu_1593_p2                 |         +|   0|  0|  18|          11|           4|
    |add_ln202_7_fu_1607_p2                 |         +|   0|  0|  18|          11|           4|
    |add_ln202_8_fu_1621_p2                 |         +|   0|  0|  18|          11|           4|
    |add_ln202_9_fu_1635_p2                 |         +|   0|  0|  18|          11|           4|
    |add_ln202_fu_1333_p2                   |         +|   0|  0|  18|          11|           3|
    |add_ln288_fu_1244_p2                   |         +|   0|  0|  14|           7|           1|
    |add_ln291_fu_1270_p2                   |         +|   0|  0|  18|          11|          11|
    |and_ln202_100_fu_6027_p2               |       and|   0|  0|   2|           1|           1|
    |and_ln202_101_fu_6033_p2               |       and|   0|  0|   2|           1|           1|
    |and_ln202_102_fu_6115_p2               |       and|   0|  0|   2|           1|           1|
    |and_ln202_103_fu_6121_p2               |       and|   0|  0|   2|           1|           1|
    |and_ln202_104_fu_6203_p2               |       and|   0|  0|   2|           1|           1|
    |and_ln202_105_fu_6209_p2               |       and|   0|  0|   2|           1|           1|
    |and_ln202_106_fu_6291_p2               |       and|   0|  0|   2|           1|           1|
    |and_ln202_107_fu_6297_p2               |       and|   0|  0|   2|           1|           1|
    |and_ln202_108_fu_6379_p2               |       and|   0|  0|   2|           1|           1|
    |and_ln202_109_fu_6385_p2               |       and|   0|  0|   2|           1|           1|
    |and_ln202_10_fu_2067_p2                |       and|   0|  0|   2|           1|           1|
    |and_ln202_110_fu_6467_p2               |       and|   0|  0|   2|           1|           1|
    |and_ln202_111_fu_6473_p2               |       and|   0|  0|   2|           1|           1|
    |and_ln202_112_fu_6555_p2               |       and|   0|  0|   2|           1|           1|
    |and_ln202_113_fu_6561_p2               |       and|   0|  0|   2|           1|           1|
    |and_ln202_114_fu_6643_p2               |       and|   0|  0|   2|           1|           1|
    |and_ln202_115_fu_6649_p2               |       and|   0|  0|   2|           1|           1|
    |and_ln202_116_fu_6731_p2               |       and|   0|  0|   2|           1|           1|
    |and_ln202_117_fu_6737_p2               |       and|   0|  0|   2|           1|           1|
    |and_ln202_118_fu_6819_p2               |       and|   0|  0|   2|           1|           1|
    |and_ln202_119_fu_6825_p2               |       and|   0|  0|   2|           1|           1|
    |and_ln202_11_fu_2073_p2                |       and|   0|  0|   2|           1|           1|
    |and_ln202_120_fu_6907_p2               |       and|   0|  0|   2|           1|           1|
    |and_ln202_121_fu_6913_p2               |       and|   0|  0|   2|           1|           1|
    |and_ln202_122_fu_6995_p2               |       and|   0|  0|   2|           1|           1|
    |and_ln202_123_fu_7001_p2               |       and|   0|  0|   2|           1|           1|
    |and_ln202_124_fu_7083_p2               |       and|   0|  0|   2|           1|           1|
    |and_ln202_125_fu_7089_p2               |       and|   0|  0|   2|           1|           1|
    |and_ln202_126_fu_7171_p2               |       and|   0|  0|   2|           1|           1|
    |and_ln202_127_fu_7177_p2               |       and|   0|  0|   2|           1|           1|
    |and_ln202_128_fu_7259_p2               |       and|   0|  0|   2|           1|           1|
    |and_ln202_129_fu_7265_p2               |       and|   0|  0|   2|           1|           1|
    |and_ln202_12_fu_2155_p2                |       and|   0|  0|   2|           1|           1|
    |and_ln202_130_fu_7347_p2               |       and|   0|  0|   2|           1|           1|
    |and_ln202_131_fu_7353_p2               |       and|   0|  0|   2|           1|           1|
    |and_ln202_132_fu_7435_p2               |       and|   0|  0|   2|           1|           1|
    |and_ln202_133_fu_7441_p2               |       and|   0|  0|   2|           1|           1|
    |and_ln202_134_fu_7523_p2               |       and|   0|  0|   2|           1|           1|
    |and_ln202_135_fu_7529_p2               |       and|   0|  0|   2|           1|           1|
    |and_ln202_136_fu_7611_p2               |       and|   0|  0|   2|           1|           1|
    |and_ln202_137_fu_7617_p2               |       and|   0|  0|   2|           1|           1|
    |and_ln202_138_fu_7699_p2               |       and|   0|  0|   2|           1|           1|
    |and_ln202_139_fu_7705_p2               |       and|   0|  0|   2|           1|           1|
    |and_ln202_13_fu_2161_p2                |       and|   0|  0|   2|           1|           1|
    |and_ln202_140_fu_7787_p2               |       and|   0|  0|   2|           1|           1|
    |and_ln202_141_fu_7793_p2               |       and|   0|  0|   2|           1|           1|
    |and_ln202_142_fu_7875_p2               |       and|   0|  0|   2|           1|           1|
    |and_ln202_143_fu_7881_p2               |       and|   0|  0|   2|           1|           1|
    |and_ln202_144_fu_7963_p2               |       and|   0|  0|   2|           1|           1|
    |and_ln202_145_fu_7969_p2               |       and|   0|  0|   2|           1|           1|
    |and_ln202_146_fu_8051_p2               |       and|   0|  0|   2|           1|           1|
    |and_ln202_147_fu_8057_p2               |       and|   0|  0|   2|           1|           1|
    |and_ln202_148_fu_8139_p2               |       and|   0|  0|   2|           1|           1|
    |and_ln202_149_fu_8145_p2               |       and|   0|  0|   2|           1|           1|
    |and_ln202_14_fu_2243_p2                |       and|   0|  0|   2|           1|           1|
    |and_ln202_150_fu_8227_p2               |       and|   0|  0|   2|           1|           1|
    |and_ln202_151_fu_8233_p2               |       and|   0|  0|   2|           1|           1|
    |and_ln202_152_fu_8315_p2               |       and|   0|  0|   2|           1|           1|
    |and_ln202_153_fu_8321_p2               |       and|   0|  0|   2|           1|           1|
    |and_ln202_154_fu_8403_p2               |       and|   0|  0|   2|           1|           1|
    |and_ln202_155_fu_8409_p2               |       and|   0|  0|   2|           1|           1|
    |and_ln202_156_fu_8491_p2               |       and|   0|  0|   2|           1|           1|
    |and_ln202_157_fu_8497_p2               |       and|   0|  0|   2|           1|           1|
    |and_ln202_158_fu_8579_p2               |       and|   0|  0|   2|           1|           1|
    |and_ln202_159_fu_8585_p2               |       and|   0|  0|   2|           1|           1|
    |and_ln202_15_fu_2249_p2                |       and|   0|  0|   2|           1|           1|
    |and_ln202_160_fu_8667_p2               |       and|   0|  0|   2|           1|           1|
    |and_ln202_161_fu_8673_p2               |       and|   0|  0|   2|           1|           1|
    |and_ln202_162_fu_8755_p2               |       and|   0|  0|   2|           1|           1|
    |and_ln202_163_fu_8761_p2               |       and|   0|  0|   2|           1|           1|
    |and_ln202_164_fu_8843_p2               |       and|   0|  0|   2|           1|           1|
    |and_ln202_165_fu_8849_p2               |       and|   0|  0|   2|           1|           1|
    |and_ln202_166_fu_8931_p2               |       and|   0|  0|   2|           1|           1|
    |and_ln202_167_fu_8937_p2               |       and|   0|  0|   2|           1|           1|
    |and_ln202_168_fu_9019_p2               |       and|   0|  0|   2|           1|           1|
    |and_ln202_169_fu_9025_p2               |       and|   0|  0|   2|           1|           1|
    |and_ln202_16_fu_2331_p2                |       and|   0|  0|   2|           1|           1|
    |and_ln202_170_fu_9107_p2               |       and|   0|  0|   2|           1|           1|
    |and_ln202_171_fu_9113_p2               |       and|   0|  0|   2|           1|           1|
    |and_ln202_172_fu_9195_p2               |       and|   0|  0|   2|           1|           1|
    |and_ln202_173_fu_9201_p2               |       and|   0|  0|   2|           1|           1|
    |and_ln202_174_fu_9283_p2               |       and|   0|  0|   2|           1|           1|
    |and_ln202_175_fu_9289_p2               |       and|   0|  0|   2|           1|           1|
    |and_ln202_176_fu_9371_p2               |       and|   0|  0|   2|           1|           1|
    |and_ln202_177_fu_9377_p2               |       and|   0|  0|   2|           1|           1|
    |and_ln202_178_fu_9459_p2               |       and|   0|  0|   2|           1|           1|
    |and_ln202_179_fu_9465_p2               |       and|   0|  0|   2|           1|           1|
    |and_ln202_17_fu_2337_p2                |       and|   0|  0|   2|           1|           1|
    |and_ln202_180_fu_9547_p2               |       and|   0|  0|   2|           1|           1|
    |and_ln202_181_fu_9553_p2               |       and|   0|  0|   2|           1|           1|
    |and_ln202_182_fu_9635_p2               |       and|   0|  0|   2|           1|           1|
    |and_ln202_183_fu_9641_p2               |       and|   0|  0|   2|           1|           1|
    |and_ln202_184_fu_9723_p2               |       and|   0|  0|   2|           1|           1|
    |and_ln202_185_fu_9729_p2               |       and|   0|  0|   2|           1|           1|
    |and_ln202_186_fu_9811_p2               |       and|   0|  0|   2|           1|           1|
    |and_ln202_187_fu_9817_p2               |       and|   0|  0|   2|           1|           1|
    |and_ln202_188_fu_9899_p2               |       and|   0|  0|   2|           1|           1|
    |and_ln202_189_fu_9905_p2               |       and|   0|  0|   2|           1|           1|
    |and_ln202_18_fu_2419_p2                |       and|   0|  0|   2|           1|           1|
    |and_ln202_190_fu_9987_p2               |       and|   0|  0|   2|           1|           1|
    |and_ln202_191_fu_9993_p2               |       and|   0|  0|   2|           1|           1|
    |and_ln202_192_fu_10075_p2              |       and|   0|  0|   2|           1|           1|
    |and_ln202_193_fu_10081_p2              |       and|   0|  0|   2|           1|           1|
    |and_ln202_194_fu_10163_p2              |       and|   0|  0|   2|           1|           1|
    |and_ln202_195_fu_10169_p2              |       and|   0|  0|   2|           1|           1|
    |and_ln202_196_fu_10251_p2              |       and|   0|  0|   2|           1|           1|
    |and_ln202_197_fu_10257_p2              |       and|   0|  0|   2|           1|           1|
    |and_ln202_19_fu_2425_p2                |       and|   0|  0|   2|           1|           1|
    |and_ln202_1_fu_1437_p2                 |       and|   0|  0|   2|           1|           1|
    |and_ln202_20_fu_2507_p2                |       and|   0|  0|   2|           1|           1|
    |and_ln202_21_fu_2513_p2                |       and|   0|  0|   2|           1|           1|
    |and_ln202_22_fu_2595_p2                |       and|   0|  0|   2|           1|           1|
    |and_ln202_23_fu_2601_p2                |       and|   0|  0|   2|           1|           1|
    |and_ln202_24_fu_2683_p2                |       and|   0|  0|   2|           1|           1|
    |and_ln202_25_fu_2689_p2                |       and|   0|  0|   2|           1|           1|
    |and_ln202_26_fu_2771_p2                |       and|   0|  0|   2|           1|           1|
    |and_ln202_27_fu_2777_p2                |       and|   0|  0|   2|           1|           1|
    |and_ln202_28_fu_2859_p2                |       and|   0|  0|   2|           1|           1|
    |and_ln202_29_fu_2865_p2                |       and|   0|  0|   2|           1|           1|
    |and_ln202_2_fu_1575_p2                 |       and|   0|  0|   2|           1|           1|
    |and_ln202_30_fu_2947_p2                |       and|   0|  0|   2|           1|           1|
    |and_ln202_31_fu_2953_p2                |       and|   0|  0|   2|           1|           1|
    |and_ln202_32_fu_3035_p2                |       and|   0|  0|   2|           1|           1|
    |and_ln202_33_fu_3041_p2                |       and|   0|  0|   2|           1|           1|
    |and_ln202_34_fu_3123_p2                |       and|   0|  0|   2|           1|           1|
    |and_ln202_35_fu_3129_p2                |       and|   0|  0|   2|           1|           1|
    |and_ln202_36_fu_3211_p2                |       and|   0|  0|   2|           1|           1|
    |and_ln202_37_fu_3217_p2                |       and|   0|  0|   2|           1|           1|
    |and_ln202_38_fu_3299_p2                |       and|   0|  0|   2|           1|           1|
    |and_ln202_39_fu_3305_p2                |       and|   0|  0|   2|           1|           1|
    |and_ln202_3_fu_1581_p2                 |       and|   0|  0|   2|           1|           1|
    |and_ln202_40_fu_3387_p2                |       and|   0|  0|   2|           1|           1|
    |and_ln202_41_fu_3393_p2                |       and|   0|  0|   2|           1|           1|
    |and_ln202_42_fu_3475_p2                |       and|   0|  0|   2|           1|           1|
    |and_ln202_43_fu_3481_p2                |       and|   0|  0|   2|           1|           1|
    |and_ln202_44_fu_3563_p2                |       and|   0|  0|   2|           1|           1|
    |and_ln202_45_fu_3569_p2                |       and|   0|  0|   2|           1|           1|
    |and_ln202_46_fu_3651_p2                |       and|   0|  0|   2|           1|           1|
    |and_ln202_47_fu_3657_p2                |       and|   0|  0|   2|           1|           1|
    |and_ln202_48_fu_3739_p2                |       and|   0|  0|   2|           1|           1|
    |and_ln202_49_fu_3745_p2                |       and|   0|  0|   2|           1|           1|
    |and_ln202_4_fu_1719_p2                 |       and|   0|  0|   2|           1|           1|
    |and_ln202_50_fu_3827_p2                |       and|   0|  0|   2|           1|           1|
    |and_ln202_51_fu_3833_p2                |       and|   0|  0|   2|           1|           1|
    |and_ln202_52_fu_3915_p2                |       and|   0|  0|   2|           1|           1|
    |and_ln202_53_fu_3921_p2                |       and|   0|  0|   2|           1|           1|
    |and_ln202_54_fu_4003_p2                |       and|   0|  0|   2|           1|           1|
    |and_ln202_55_fu_4009_p2                |       and|   0|  0|   2|           1|           1|
    |and_ln202_56_fu_4091_p2                |       and|   0|  0|   2|           1|           1|
    |and_ln202_57_fu_4097_p2                |       and|   0|  0|   2|           1|           1|
    |and_ln202_58_fu_4179_p2                |       and|   0|  0|   2|           1|           1|
    |and_ln202_59_fu_4185_p2                |       and|   0|  0|   2|           1|           1|
    |and_ln202_5_fu_1725_p2                 |       and|   0|  0|   2|           1|           1|
    |and_ln202_60_fu_4267_p2                |       and|   0|  0|   2|           1|           1|
    |and_ln202_61_fu_4273_p2                |       and|   0|  0|   2|           1|           1|
    |and_ln202_62_fu_4355_p2                |       and|   0|  0|   2|           1|           1|
    |and_ln202_63_fu_4361_p2                |       and|   0|  0|   2|           1|           1|
    |and_ln202_64_fu_4443_p2                |       and|   0|  0|   2|           1|           1|
    |and_ln202_65_fu_4449_p2                |       and|   0|  0|   2|           1|           1|
    |and_ln202_66_fu_4531_p2                |       and|   0|  0|   2|           1|           1|
    |and_ln202_67_fu_4537_p2                |       and|   0|  0|   2|           1|           1|
    |and_ln202_68_fu_4619_p2                |       and|   0|  0|   2|           1|           1|
    |and_ln202_69_fu_4625_p2                |       and|   0|  0|   2|           1|           1|
    |and_ln202_6_fu_1863_p2                 |       and|   0|  0|   2|           1|           1|
    |and_ln202_70_fu_4707_p2                |       and|   0|  0|   2|           1|           1|
    |and_ln202_71_fu_4713_p2                |       and|   0|  0|   2|           1|           1|
    |and_ln202_72_fu_4795_p2                |       and|   0|  0|   2|           1|           1|
    |and_ln202_73_fu_4801_p2                |       and|   0|  0|   2|           1|           1|
    |and_ln202_74_fu_4883_p2                |       and|   0|  0|   2|           1|           1|
    |and_ln202_75_fu_4889_p2                |       and|   0|  0|   2|           1|           1|
    |and_ln202_76_fu_4971_p2                |       and|   0|  0|   2|           1|           1|
    |and_ln202_77_fu_4977_p2                |       and|   0|  0|   2|           1|           1|
    |and_ln202_78_fu_5059_p2                |       and|   0|  0|   2|           1|           1|
    |and_ln202_79_fu_5065_p2                |       and|   0|  0|   2|           1|           1|
    |and_ln202_7_fu_1869_p2                 |       and|   0|  0|   2|           1|           1|
    |and_ln202_80_fu_5147_p2                |       and|   0|  0|   2|           1|           1|
    |and_ln202_81_fu_5153_p2                |       and|   0|  0|   2|           1|           1|
    |and_ln202_82_fu_5235_p2                |       and|   0|  0|   2|           1|           1|
    |and_ln202_83_fu_5241_p2                |       and|   0|  0|   2|           1|           1|
    |and_ln202_84_fu_5323_p2                |       and|   0|  0|   2|           1|           1|
    |and_ln202_85_fu_5329_p2                |       and|   0|  0|   2|           1|           1|
    |and_ln202_86_fu_5411_p2                |       and|   0|  0|   2|           1|           1|
    |and_ln202_87_fu_5417_p2                |       and|   0|  0|   2|           1|           1|
    |and_ln202_88_fu_5499_p2                |       and|   0|  0|   2|           1|           1|
    |and_ln202_89_fu_5505_p2                |       and|   0|  0|   2|           1|           1|
    |and_ln202_8_fu_1979_p2                 |       and|   0|  0|   2|           1|           1|
    |and_ln202_90_fu_5587_p2                |       and|   0|  0|   2|           1|           1|
    |and_ln202_91_fu_5593_p2                |       and|   0|  0|   2|           1|           1|
    |and_ln202_92_fu_5675_p2                |       and|   0|  0|   2|           1|           1|
    |and_ln202_93_fu_5681_p2                |       and|   0|  0|   2|           1|           1|
    |and_ln202_94_fu_5763_p2                |       and|   0|  0|   2|           1|           1|
    |and_ln202_95_fu_5769_p2                |       and|   0|  0|   2|           1|           1|
    |and_ln202_96_fu_5851_p2                |       and|   0|  0|   2|           1|           1|
    |and_ln202_97_fu_5857_p2                |       and|   0|  0|   2|           1|           1|
    |and_ln202_98_fu_5939_p2                |       and|   0|  0|   2|           1|           1|
    |and_ln202_99_fu_5945_p2                |       and|   0|  0|   2|           1|           1|
    |and_ln202_9_fu_1985_p2                 |       and|   0|  0|   2|           1|           1|
    |and_ln202_fu_1431_p2                   |       and|   0|  0|   2|           1|           1|
    |ap_enable_state10_pp0_iter0_stage9     |       and|   0|  0|   2|           1|           1|
    |ap_enable_state11_pp0_iter0_stage10    |       and|   0|  0|   2|           1|           1|
    |ap_enable_state1_pp0_iter0_stage0      |       and|   0|  0|   2|           1|           1|
    |ap_enable_state2_pp0_iter0_stage1      |       and|   0|  0|   2|           1|           1|
    |ap_enable_state3_pp0_iter0_stage2      |       and|   0|  0|   2|           1|           1|
    |ap_enable_state4_pp0_iter0_stage3      |       and|   0|  0|   2|           1|           1|
    |ap_enable_state591_pp0_iter29_stage10  |       and|   0|  0|   2|           1|           1|
    |ap_enable_state592_pp0_iter29_stage11  |       and|   0|  0|   2|           1|           1|
    |ap_enable_state593_pp0_iter29_stage12  |       and|   0|  0|   2|           1|           1|
    |ap_enable_state594_pp0_iter29_stage13  |       and|   0|  0|   2|           1|           1|
    |ap_enable_state595_pp0_iter29_stage14  |       and|   0|  0|   2|           1|           1|
    |ap_enable_state596_pp0_iter29_stage15  |       and|   0|  0|   2|           1|           1|
    |ap_enable_state597_pp0_iter29_stage16  |       and|   0|  0|   2|           1|           1|
    |ap_enable_state598_pp0_iter29_stage17  |       and|   0|  0|   2|           1|           1|
    |ap_enable_state599_pp0_iter29_stage18  |       and|   0|  0|   2|           1|           1|
    |ap_enable_state5_pp0_iter0_stage4      |       and|   0|  0|   2|           1|           1|
    |ap_enable_state600_pp0_iter29_stage19  |       and|   0|  0|   2|           1|           1|
    |ap_enable_state619_pp0_iter30_stage18  |       and|   0|  0|   2|           1|           1|
    |ap_enable_state620_pp0_iter30_stage19  |       and|   0|  0|   2|           1|           1|
    |ap_enable_state6_pp0_iter0_stage5      |       and|   0|  0|   2|           1|           1|
    |ap_enable_state7_pp0_iter0_stage6      |       and|   0|  0|   2|           1|           1|
    |ap_enable_state8_pp0_iter0_stage7      |       and|   0|  0|   2|           1|           1|
    |ap_enable_state9_pp0_iter0_stage8      |       and|   0|  0|   2|           1|           1|
    |icmp_ln202_100_fu_3791_p2              |      icmp|   0|  0|  11|           8|           2|
    |icmp_ln202_101_fu_3797_p2              |      icmp|   0|  0|  16|          23|           1|
    |icmp_ln202_102_fu_3809_p2              |      icmp|   0|  0|  11|           8|           2|
    |icmp_ln202_103_fu_3815_p2              |      icmp|   0|  0|  16|          23|           1|
    |icmp_ln202_104_fu_3879_p2              |      icmp|   0|  0|  11|           8|           2|
    |icmp_ln202_105_fu_3885_p2              |      icmp|   0|  0|  16|          23|           1|
    |icmp_ln202_106_fu_3897_p2              |      icmp|   0|  0|  11|           8|           2|
    |icmp_ln202_107_fu_3903_p2              |      icmp|   0|  0|  16|          23|           1|
    |icmp_ln202_108_fu_3967_p2              |      icmp|   0|  0|  11|           8|           2|
    |icmp_ln202_109_fu_3973_p2              |      icmp|   0|  0|  16|          23|           1|
    |icmp_ln202_10_fu_1701_p2               |      icmp|   0|  0|  11|           8|           2|
    |icmp_ln202_110_fu_3985_p2              |      icmp|   0|  0|  11|           8|           2|
    |icmp_ln202_111_fu_3991_p2              |      icmp|   0|  0|  16|          23|           1|
    |icmp_ln202_112_fu_4055_p2              |      icmp|   0|  0|  11|           8|           2|
    |icmp_ln202_113_fu_4061_p2              |      icmp|   0|  0|  16|          23|           1|
    |icmp_ln202_114_fu_4073_p2              |      icmp|   0|  0|  11|           8|           2|
    |icmp_ln202_115_fu_4079_p2              |      icmp|   0|  0|  16|          23|           1|
    |icmp_ln202_116_fu_4143_p2              |      icmp|   0|  0|  11|           8|           2|
    |icmp_ln202_117_fu_4149_p2              |      icmp|   0|  0|  16|          23|           1|
    |icmp_ln202_118_fu_4161_p2              |      icmp|   0|  0|  11|           8|           2|
    |icmp_ln202_119_fu_4167_p2              |      icmp|   0|  0|  16|          23|           1|
    |icmp_ln202_11_fu_1707_p2               |      icmp|   0|  0|  16|          23|           1|
    |icmp_ln202_120_fu_4231_p2              |      icmp|   0|  0|  11|           8|           2|
    |icmp_ln202_121_fu_4237_p2              |      icmp|   0|  0|  16|          23|           1|
    |icmp_ln202_122_fu_4249_p2              |      icmp|   0|  0|  11|           8|           2|
    |icmp_ln202_123_fu_4255_p2              |      icmp|   0|  0|  16|          23|           1|
    |icmp_ln202_124_fu_4319_p2              |      icmp|   0|  0|  11|           8|           2|
    |icmp_ln202_125_fu_4325_p2              |      icmp|   0|  0|  16|          23|           1|
    |icmp_ln202_126_fu_4337_p2              |      icmp|   0|  0|  11|           8|           2|
    |icmp_ln202_127_fu_4343_p2              |      icmp|   0|  0|  16|          23|           1|
    |icmp_ln202_128_fu_4407_p2              |      icmp|   0|  0|  11|           8|           2|
    |icmp_ln202_129_fu_4413_p2              |      icmp|   0|  0|  16|          23|           1|
    |icmp_ln202_12_fu_1827_p2               |      icmp|   0|  0|  11|           8|           2|
    |icmp_ln202_130_fu_4425_p2              |      icmp|   0|  0|  11|           8|           2|
    |icmp_ln202_131_fu_4431_p2              |      icmp|   0|  0|  16|          23|           1|
    |icmp_ln202_132_fu_4495_p2              |      icmp|   0|  0|  11|           8|           2|
    |icmp_ln202_133_fu_4501_p2              |      icmp|   0|  0|  16|          23|           1|
    |icmp_ln202_134_fu_4513_p2              |      icmp|   0|  0|  11|           8|           2|
    |icmp_ln202_135_fu_4519_p2              |      icmp|   0|  0|  16|          23|           1|
    |icmp_ln202_136_fu_4583_p2              |      icmp|   0|  0|  11|           8|           2|
    |icmp_ln202_137_fu_4589_p2              |      icmp|   0|  0|  16|          23|           1|
    |icmp_ln202_138_fu_4601_p2              |      icmp|   0|  0|  11|           8|           2|
    |icmp_ln202_139_fu_4607_p2              |      icmp|   0|  0|  16|          23|           1|
    |icmp_ln202_13_fu_1833_p2               |      icmp|   0|  0|  16|          23|           1|
    |icmp_ln202_140_fu_4671_p2              |      icmp|   0|  0|  11|           8|           2|
    |icmp_ln202_141_fu_4677_p2              |      icmp|   0|  0|  16|          23|           1|
    |icmp_ln202_142_fu_4689_p2              |      icmp|   0|  0|  11|           8|           2|
    |icmp_ln202_143_fu_4695_p2              |      icmp|   0|  0|  16|          23|           1|
    |icmp_ln202_144_fu_4759_p2              |      icmp|   0|  0|  11|           8|           2|
    |icmp_ln202_145_fu_4765_p2              |      icmp|   0|  0|  16|          23|           1|
    |icmp_ln202_146_fu_4777_p2              |      icmp|   0|  0|  11|           8|           2|
    |icmp_ln202_147_fu_4783_p2              |      icmp|   0|  0|  16|          23|           1|
    |icmp_ln202_148_fu_4847_p2              |      icmp|   0|  0|  11|           8|           2|
    |icmp_ln202_149_fu_4853_p2              |      icmp|   0|  0|  16|          23|           1|
    |icmp_ln202_14_fu_1845_p2               |      icmp|   0|  0|  11|           8|           2|
    |icmp_ln202_150_fu_4865_p2              |      icmp|   0|  0|  11|           8|           2|
    |icmp_ln202_151_fu_4871_p2              |      icmp|   0|  0|  16|          23|           1|
    |icmp_ln202_152_fu_4935_p2              |      icmp|   0|  0|  11|           8|           2|
    |icmp_ln202_153_fu_4941_p2              |      icmp|   0|  0|  16|          23|           1|
    |icmp_ln202_154_fu_4953_p2              |      icmp|   0|  0|  11|           8|           2|
    |icmp_ln202_155_fu_4959_p2              |      icmp|   0|  0|  16|          23|           1|
    |icmp_ln202_156_fu_5023_p2              |      icmp|   0|  0|  11|           8|           2|
    |icmp_ln202_157_fu_5029_p2              |      icmp|   0|  0|  16|          23|           1|
    |icmp_ln202_158_fu_5041_p2              |      icmp|   0|  0|  11|           8|           2|
    |icmp_ln202_159_fu_5047_p2              |      icmp|   0|  0|  16|          23|           1|
    |icmp_ln202_15_fu_1851_p2               |      icmp|   0|  0|  16|          23|           1|
    |icmp_ln202_160_fu_5111_p2              |      icmp|   0|  0|  11|           8|           2|
    |icmp_ln202_161_fu_5117_p2              |      icmp|   0|  0|  16|          23|           1|
    |icmp_ln202_162_fu_5129_p2              |      icmp|   0|  0|  11|           8|           2|
    |icmp_ln202_163_fu_5135_p2              |      icmp|   0|  0|  16|          23|           1|
    |icmp_ln202_164_fu_5199_p2              |      icmp|   0|  0|  11|           8|           2|
    |icmp_ln202_165_fu_5205_p2              |      icmp|   0|  0|  16|          23|           1|
    |icmp_ln202_166_fu_5217_p2              |      icmp|   0|  0|  11|           8|           2|
    |icmp_ln202_167_fu_5223_p2              |      icmp|   0|  0|  16|          23|           1|
    |icmp_ln202_168_fu_5287_p2              |      icmp|   0|  0|  11|           8|           2|
    |icmp_ln202_169_fu_5293_p2              |      icmp|   0|  0|  16|          23|           1|
    |icmp_ln202_16_fu_1943_p2               |      icmp|   0|  0|  11|           8|           2|
    |icmp_ln202_170_fu_5305_p2              |      icmp|   0|  0|  11|           8|           2|
    |icmp_ln202_171_fu_5311_p2              |      icmp|   0|  0|  16|          23|           1|
    |icmp_ln202_172_fu_5375_p2              |      icmp|   0|  0|  11|           8|           2|
    |icmp_ln202_173_fu_5381_p2              |      icmp|   0|  0|  16|          23|           1|
    |icmp_ln202_174_fu_5393_p2              |      icmp|   0|  0|  11|           8|           2|
    |icmp_ln202_175_fu_5399_p2              |      icmp|   0|  0|  16|          23|           1|
    |icmp_ln202_176_fu_5463_p2              |      icmp|   0|  0|  11|           8|           2|
    |icmp_ln202_177_fu_5469_p2              |      icmp|   0|  0|  16|          23|           1|
    |icmp_ln202_178_fu_5481_p2              |      icmp|   0|  0|  11|           8|           2|
    |icmp_ln202_179_fu_5487_p2              |      icmp|   0|  0|  16|          23|           1|
    |icmp_ln202_17_fu_1949_p2               |      icmp|   0|  0|  16|          23|           1|
    |icmp_ln202_180_fu_5551_p2              |      icmp|   0|  0|  11|           8|           2|
    |icmp_ln202_181_fu_5557_p2              |      icmp|   0|  0|  16|          23|           1|
    |icmp_ln202_182_fu_5569_p2              |      icmp|   0|  0|  11|           8|           2|
    |icmp_ln202_183_fu_5575_p2              |      icmp|   0|  0|  16|          23|           1|
    |icmp_ln202_184_fu_5639_p2              |      icmp|   0|  0|  11|           8|           2|
    |icmp_ln202_185_fu_5645_p2              |      icmp|   0|  0|  16|          23|           1|
    |icmp_ln202_186_fu_5657_p2              |      icmp|   0|  0|  11|           8|           2|
    |icmp_ln202_187_fu_5663_p2              |      icmp|   0|  0|  16|          23|           1|
    |icmp_ln202_188_fu_5727_p2              |      icmp|   0|  0|  11|           8|           2|
    |icmp_ln202_189_fu_5733_p2              |      icmp|   0|  0|  16|          23|           1|
    |icmp_ln202_18_fu_1961_p2               |      icmp|   0|  0|  11|           8|           2|
    |icmp_ln202_190_fu_5745_p2              |      icmp|   0|  0|  11|           8|           2|
    |icmp_ln202_191_fu_5751_p2              |      icmp|   0|  0|  16|          23|           1|
    |icmp_ln202_192_fu_5815_p2              |      icmp|   0|  0|  11|           8|           2|
    |icmp_ln202_193_fu_5821_p2              |      icmp|   0|  0|  16|          23|           1|
    |icmp_ln202_194_fu_5833_p2              |      icmp|   0|  0|  11|           8|           2|
    |icmp_ln202_195_fu_5839_p2              |      icmp|   0|  0|  16|          23|           1|
    |icmp_ln202_196_fu_5903_p2              |      icmp|   0|  0|  11|           8|           2|
    |icmp_ln202_197_fu_5909_p2              |      icmp|   0|  0|  16|          23|           1|
    |icmp_ln202_198_fu_5921_p2              |      icmp|   0|  0|  11|           8|           2|
    |icmp_ln202_199_fu_5927_p2              |      icmp|   0|  0|  16|          23|           1|
    |icmp_ln202_19_fu_1967_p2               |      icmp|   0|  0|  16|          23|           1|
    |icmp_ln202_1_fu_1401_p2                |      icmp|   0|  0|  16|          23|           1|
    |icmp_ln202_200_fu_5991_p2              |      icmp|   0|  0|  11|           8|           2|
    |icmp_ln202_201_fu_5997_p2              |      icmp|   0|  0|  16|          23|           1|
    |icmp_ln202_202_fu_6009_p2              |      icmp|   0|  0|  11|           8|           2|
    |icmp_ln202_203_fu_6015_p2              |      icmp|   0|  0|  16|          23|           1|
    |icmp_ln202_204_fu_6079_p2              |      icmp|   0|  0|  11|           8|           2|
    |icmp_ln202_205_fu_6085_p2              |      icmp|   0|  0|  16|          23|           1|
    |icmp_ln202_206_fu_6097_p2              |      icmp|   0|  0|  11|           8|           2|
    |icmp_ln202_207_fu_6103_p2              |      icmp|   0|  0|  16|          23|           1|
    |icmp_ln202_208_fu_6167_p2              |      icmp|   0|  0|  11|           8|           2|
    |icmp_ln202_209_fu_6173_p2              |      icmp|   0|  0|  16|          23|           1|
    |icmp_ln202_20_fu_2031_p2               |      icmp|   0|  0|  11|           8|           2|
    |icmp_ln202_210_fu_6185_p2              |      icmp|   0|  0|  11|           8|           2|
    |icmp_ln202_211_fu_6191_p2              |      icmp|   0|  0|  16|          23|           1|
    |icmp_ln202_212_fu_6255_p2              |      icmp|   0|  0|  11|           8|           2|
    |icmp_ln202_213_fu_6261_p2              |      icmp|   0|  0|  16|          23|           1|
    |icmp_ln202_214_fu_6273_p2              |      icmp|   0|  0|  11|           8|           2|
    |icmp_ln202_215_fu_6279_p2              |      icmp|   0|  0|  16|          23|           1|
    |icmp_ln202_216_fu_6343_p2              |      icmp|   0|  0|  11|           8|           2|
    |icmp_ln202_217_fu_6349_p2              |      icmp|   0|  0|  16|          23|           1|
    |icmp_ln202_218_fu_6361_p2              |      icmp|   0|  0|  11|           8|           2|
    |icmp_ln202_219_fu_6367_p2              |      icmp|   0|  0|  16|          23|           1|
    |icmp_ln202_21_fu_2037_p2               |      icmp|   0|  0|  16|          23|           1|
    |icmp_ln202_220_fu_6431_p2              |      icmp|   0|  0|  11|           8|           2|
    |icmp_ln202_221_fu_6437_p2              |      icmp|   0|  0|  16|          23|           1|
    |icmp_ln202_222_fu_6449_p2              |      icmp|   0|  0|  11|           8|           2|
    |icmp_ln202_223_fu_6455_p2              |      icmp|   0|  0|  16|          23|           1|
    |icmp_ln202_224_fu_6519_p2              |      icmp|   0|  0|  11|           8|           2|
    |icmp_ln202_225_fu_6525_p2              |      icmp|   0|  0|  16|          23|           1|
    |icmp_ln202_226_fu_6537_p2              |      icmp|   0|  0|  11|           8|           2|
    |icmp_ln202_227_fu_6543_p2              |      icmp|   0|  0|  16|          23|           1|
    |icmp_ln202_228_fu_6607_p2              |      icmp|   0|  0|  11|           8|           2|
    |icmp_ln202_229_fu_6613_p2              |      icmp|   0|  0|  16|          23|           1|
    |icmp_ln202_22_fu_2049_p2               |      icmp|   0|  0|  11|           8|           2|
    |icmp_ln202_230_fu_6625_p2              |      icmp|   0|  0|  11|           8|           2|
    |icmp_ln202_231_fu_6631_p2              |      icmp|   0|  0|  16|          23|           1|
    |icmp_ln202_232_fu_6695_p2              |      icmp|   0|  0|  11|           8|           2|
    |icmp_ln202_233_fu_6701_p2              |      icmp|   0|  0|  16|          23|           1|
    |icmp_ln202_234_fu_6713_p2              |      icmp|   0|  0|  11|           8|           2|
    |icmp_ln202_235_fu_6719_p2              |      icmp|   0|  0|  16|          23|           1|
    |icmp_ln202_236_fu_6783_p2              |      icmp|   0|  0|  11|           8|           2|
    |icmp_ln202_237_fu_6789_p2              |      icmp|   0|  0|  16|          23|           1|
    |icmp_ln202_238_fu_6801_p2              |      icmp|   0|  0|  11|           8|           2|
    |icmp_ln202_239_fu_6807_p2              |      icmp|   0|  0|  16|          23|           1|
    |icmp_ln202_23_fu_2055_p2               |      icmp|   0|  0|  16|          23|           1|
    |icmp_ln202_240_fu_6871_p2              |      icmp|   0|  0|  11|           8|           2|
    |icmp_ln202_241_fu_6877_p2              |      icmp|   0|  0|  16|          23|           1|
    |icmp_ln202_242_fu_6889_p2              |      icmp|   0|  0|  11|           8|           2|
    |icmp_ln202_243_fu_6895_p2              |      icmp|   0|  0|  16|          23|           1|
    |icmp_ln202_244_fu_6959_p2              |      icmp|   0|  0|  11|           8|           2|
    |icmp_ln202_245_fu_6965_p2              |      icmp|   0|  0|  16|          23|           1|
    |icmp_ln202_246_fu_6977_p2              |      icmp|   0|  0|  11|           8|           2|
    |icmp_ln202_247_fu_6983_p2              |      icmp|   0|  0|  16|          23|           1|
    |icmp_ln202_248_fu_7047_p2              |      icmp|   0|  0|  11|           8|           2|
    |icmp_ln202_249_fu_7053_p2              |      icmp|   0|  0|  16|          23|           1|
    |icmp_ln202_24_fu_2119_p2               |      icmp|   0|  0|  11|           8|           2|
    |icmp_ln202_250_fu_7065_p2              |      icmp|   0|  0|  11|           8|           2|
    |icmp_ln202_251_fu_7071_p2              |      icmp|   0|  0|  16|          23|           1|
    |icmp_ln202_252_fu_7135_p2              |      icmp|   0|  0|  11|           8|           2|
    |icmp_ln202_253_fu_7141_p2              |      icmp|   0|  0|  16|          23|           1|
    |icmp_ln202_254_fu_7153_p2              |      icmp|   0|  0|  11|           8|           2|
    |icmp_ln202_255_fu_7159_p2              |      icmp|   0|  0|  16|          23|           1|
    |icmp_ln202_256_fu_7223_p2              |      icmp|   0|  0|  11|           8|           2|
    |icmp_ln202_257_fu_7229_p2              |      icmp|   0|  0|  16|          23|           1|
    |icmp_ln202_258_fu_7241_p2              |      icmp|   0|  0|  11|           8|           2|
    |icmp_ln202_259_fu_7247_p2              |      icmp|   0|  0|  16|          23|           1|
    |icmp_ln202_25_fu_2125_p2               |      icmp|   0|  0|  16|          23|           1|
    |icmp_ln202_260_fu_7311_p2              |      icmp|   0|  0|  11|           8|           2|
    |icmp_ln202_261_fu_7317_p2              |      icmp|   0|  0|  16|          23|           1|
    |icmp_ln202_262_fu_7329_p2              |      icmp|   0|  0|  11|           8|           2|
    |icmp_ln202_263_fu_7335_p2              |      icmp|   0|  0|  16|          23|           1|
    |icmp_ln202_264_fu_7399_p2              |      icmp|   0|  0|  11|           8|           2|
    |icmp_ln202_265_fu_7405_p2              |      icmp|   0|  0|  16|          23|           1|
    |icmp_ln202_266_fu_7417_p2              |      icmp|   0|  0|  11|           8|           2|
    |icmp_ln202_267_fu_7423_p2              |      icmp|   0|  0|  16|          23|           1|
    |icmp_ln202_268_fu_7487_p2              |      icmp|   0|  0|  11|           8|           2|
    |icmp_ln202_269_fu_7493_p2              |      icmp|   0|  0|  16|          23|           1|
    |icmp_ln202_26_fu_2137_p2               |      icmp|   0|  0|  11|           8|           2|
    |icmp_ln202_270_fu_7505_p2              |      icmp|   0|  0|  11|           8|           2|
    |icmp_ln202_271_fu_7511_p2              |      icmp|   0|  0|  16|          23|           1|
    |icmp_ln202_272_fu_7575_p2              |      icmp|   0|  0|  11|           8|           2|
    |icmp_ln202_273_fu_7581_p2              |      icmp|   0|  0|  16|          23|           1|
    |icmp_ln202_274_fu_7593_p2              |      icmp|   0|  0|  11|           8|           2|
    |icmp_ln202_275_fu_7599_p2              |      icmp|   0|  0|  16|          23|           1|
    |icmp_ln202_276_fu_7663_p2              |      icmp|   0|  0|  11|           8|           2|
    |icmp_ln202_277_fu_7669_p2              |      icmp|   0|  0|  16|          23|           1|
    |icmp_ln202_278_fu_7681_p2              |      icmp|   0|  0|  11|           8|           2|
    |icmp_ln202_279_fu_7687_p2              |      icmp|   0|  0|  16|          23|           1|
    |icmp_ln202_27_fu_2143_p2               |      icmp|   0|  0|  16|          23|           1|
    |icmp_ln202_280_fu_7751_p2              |      icmp|   0|  0|  11|           8|           2|
    |icmp_ln202_281_fu_7757_p2              |      icmp|   0|  0|  16|          23|           1|
    |icmp_ln202_282_fu_7769_p2              |      icmp|   0|  0|  11|           8|           2|
    |icmp_ln202_283_fu_7775_p2              |      icmp|   0|  0|  16|          23|           1|
    |icmp_ln202_284_fu_7839_p2              |      icmp|   0|  0|  11|           8|           2|
    |icmp_ln202_285_fu_7845_p2              |      icmp|   0|  0|  16|          23|           1|
    |icmp_ln202_286_fu_7857_p2              |      icmp|   0|  0|  11|           8|           2|
    |icmp_ln202_287_fu_7863_p2              |      icmp|   0|  0|  16|          23|           1|
    |icmp_ln202_288_fu_7927_p2              |      icmp|   0|  0|  11|           8|           2|
    |icmp_ln202_289_fu_7933_p2              |      icmp|   0|  0|  16|          23|           1|
    |icmp_ln202_28_fu_2207_p2               |      icmp|   0|  0|  11|           8|           2|
    |icmp_ln202_290_fu_7945_p2              |      icmp|   0|  0|  11|           8|           2|
    |icmp_ln202_291_fu_7951_p2              |      icmp|   0|  0|  16|          23|           1|
    |icmp_ln202_292_fu_8015_p2              |      icmp|   0|  0|  11|           8|           2|
    |icmp_ln202_293_fu_8021_p2              |      icmp|   0|  0|  16|          23|           1|
    |icmp_ln202_294_fu_8033_p2              |      icmp|   0|  0|  11|           8|           2|
    |icmp_ln202_295_fu_8039_p2              |      icmp|   0|  0|  16|          23|           1|
    |icmp_ln202_296_fu_8103_p2              |      icmp|   0|  0|  11|           8|           2|
    |icmp_ln202_297_fu_8109_p2              |      icmp|   0|  0|  16|          23|           1|
    |icmp_ln202_298_fu_8121_p2              |      icmp|   0|  0|  11|           8|           2|
    |icmp_ln202_299_fu_8127_p2              |      icmp|   0|  0|  16|          23|           1|
    |icmp_ln202_29_fu_2213_p2               |      icmp|   0|  0|  16|          23|           1|
    |icmp_ln202_2_fu_1413_p2                |      icmp|   0|  0|  11|           8|           2|
    |icmp_ln202_300_fu_8191_p2              |      icmp|   0|  0|  11|           8|           2|
    |icmp_ln202_301_fu_8197_p2              |      icmp|   0|  0|  16|          23|           1|
    |icmp_ln202_302_fu_8209_p2              |      icmp|   0|  0|  11|           8|           2|
    |icmp_ln202_303_fu_8215_p2              |      icmp|   0|  0|  16|          23|           1|
    |icmp_ln202_304_fu_8279_p2              |      icmp|   0|  0|  11|           8|           2|
    |icmp_ln202_305_fu_8285_p2              |      icmp|   0|  0|  16|          23|           1|
    |icmp_ln202_306_fu_8297_p2              |      icmp|   0|  0|  11|           8|           2|
    |icmp_ln202_307_fu_8303_p2              |      icmp|   0|  0|  16|          23|           1|
    |icmp_ln202_308_fu_8367_p2              |      icmp|   0|  0|  11|           8|           2|
    |icmp_ln202_309_fu_8373_p2              |      icmp|   0|  0|  16|          23|           1|
    |icmp_ln202_30_fu_2225_p2               |      icmp|   0|  0|  11|           8|           2|
    |icmp_ln202_310_fu_8385_p2              |      icmp|   0|  0|  11|           8|           2|
    |icmp_ln202_311_fu_8391_p2              |      icmp|   0|  0|  16|          23|           1|
    |icmp_ln202_312_fu_8455_p2              |      icmp|   0|  0|  11|           8|           2|
    |icmp_ln202_313_fu_8461_p2              |      icmp|   0|  0|  16|          23|           1|
    |icmp_ln202_314_fu_8473_p2              |      icmp|   0|  0|  11|           8|           2|
    |icmp_ln202_315_fu_8479_p2              |      icmp|   0|  0|  16|          23|           1|
    |icmp_ln202_316_fu_8543_p2              |      icmp|   0|  0|  11|           8|           2|
    |icmp_ln202_317_fu_8549_p2              |      icmp|   0|  0|  16|          23|           1|
    |icmp_ln202_318_fu_8561_p2              |      icmp|   0|  0|  11|           8|           2|
    |icmp_ln202_319_fu_8567_p2              |      icmp|   0|  0|  16|          23|           1|
    |icmp_ln202_31_fu_2231_p2               |      icmp|   0|  0|  16|          23|           1|
    |icmp_ln202_320_fu_8631_p2              |      icmp|   0|  0|  11|           8|           2|
    |icmp_ln202_321_fu_8637_p2              |      icmp|   0|  0|  16|          23|           1|
    |icmp_ln202_322_fu_8649_p2              |      icmp|   0|  0|  11|           8|           2|
    |icmp_ln202_323_fu_8655_p2              |      icmp|   0|  0|  16|          23|           1|
    |icmp_ln202_324_fu_8719_p2              |      icmp|   0|  0|  11|           8|           2|
    |icmp_ln202_325_fu_8725_p2              |      icmp|   0|  0|  16|          23|           1|
    |icmp_ln202_326_fu_8737_p2              |      icmp|   0|  0|  11|           8|           2|
    |icmp_ln202_327_fu_8743_p2              |      icmp|   0|  0|  16|          23|           1|
    |icmp_ln202_328_fu_8807_p2              |      icmp|   0|  0|  11|           8|           2|
    |icmp_ln202_329_fu_8813_p2              |      icmp|   0|  0|  16|          23|           1|
    |icmp_ln202_32_fu_2295_p2               |      icmp|   0|  0|  11|           8|           2|
    |icmp_ln202_330_fu_8825_p2              |      icmp|   0|  0|  11|           8|           2|
    |icmp_ln202_331_fu_8831_p2              |      icmp|   0|  0|  16|          23|           1|
    |icmp_ln202_332_fu_8895_p2              |      icmp|   0|  0|  11|           8|           2|
    |icmp_ln202_333_fu_8901_p2              |      icmp|   0|  0|  16|          23|           1|
    |icmp_ln202_334_fu_8913_p2              |      icmp|   0|  0|  11|           8|           2|
    |icmp_ln202_335_fu_8919_p2              |      icmp|   0|  0|  16|          23|           1|
    |icmp_ln202_336_fu_8983_p2              |      icmp|   0|  0|  11|           8|           2|
    |icmp_ln202_337_fu_8989_p2              |      icmp|   0|  0|  16|          23|           1|
    |icmp_ln202_338_fu_9001_p2              |      icmp|   0|  0|  11|           8|           2|
    |icmp_ln202_339_fu_9007_p2              |      icmp|   0|  0|  16|          23|           1|
    |icmp_ln202_33_fu_2301_p2               |      icmp|   0|  0|  16|          23|           1|
    |icmp_ln202_340_fu_9071_p2              |      icmp|   0|  0|  11|           8|           2|
    |icmp_ln202_341_fu_9077_p2              |      icmp|   0|  0|  16|          23|           1|
    |icmp_ln202_342_fu_9089_p2              |      icmp|   0|  0|  11|           8|           2|
    |icmp_ln202_343_fu_9095_p2              |      icmp|   0|  0|  16|          23|           1|
    |icmp_ln202_344_fu_9159_p2              |      icmp|   0|  0|  11|           8|           2|
    |icmp_ln202_345_fu_9165_p2              |      icmp|   0|  0|  16|          23|           1|
    |icmp_ln202_346_fu_9177_p2              |      icmp|   0|  0|  11|           8|           2|
    |icmp_ln202_347_fu_9183_p2              |      icmp|   0|  0|  16|          23|           1|
    |icmp_ln202_348_fu_9247_p2              |      icmp|   0|  0|  11|           8|           2|
    |icmp_ln202_349_fu_9253_p2              |      icmp|   0|  0|  16|          23|           1|
    |icmp_ln202_34_fu_2313_p2               |      icmp|   0|  0|  11|           8|           2|
    |icmp_ln202_350_fu_9265_p2              |      icmp|   0|  0|  11|           8|           2|
    |icmp_ln202_351_fu_9271_p2              |      icmp|   0|  0|  16|          23|           1|
    |icmp_ln202_352_fu_9335_p2              |      icmp|   0|  0|  11|           8|           2|
    |icmp_ln202_353_fu_9341_p2              |      icmp|   0|  0|  16|          23|           1|
    |icmp_ln202_354_fu_9353_p2              |      icmp|   0|  0|  11|           8|           2|
    |icmp_ln202_355_fu_9359_p2              |      icmp|   0|  0|  16|          23|           1|
    |icmp_ln202_356_fu_9423_p2              |      icmp|   0|  0|  11|           8|           2|
    |icmp_ln202_357_fu_9429_p2              |      icmp|   0|  0|  16|          23|           1|
    |icmp_ln202_358_fu_9441_p2              |      icmp|   0|  0|  11|           8|           2|
    |icmp_ln202_359_fu_9447_p2              |      icmp|   0|  0|  16|          23|           1|
    |icmp_ln202_35_fu_2319_p2               |      icmp|   0|  0|  16|          23|           1|
    |icmp_ln202_360_fu_9511_p2              |      icmp|   0|  0|  11|           8|           2|
    |icmp_ln202_361_fu_9517_p2              |      icmp|   0|  0|  16|          23|           1|
    |icmp_ln202_362_fu_9529_p2              |      icmp|   0|  0|  11|           8|           2|
    |icmp_ln202_363_fu_9535_p2              |      icmp|   0|  0|  16|          23|           1|
    |icmp_ln202_364_fu_9599_p2              |      icmp|   0|  0|  11|           8|           2|
    |icmp_ln202_365_fu_9605_p2              |      icmp|   0|  0|  16|          23|           1|
    |icmp_ln202_366_fu_9617_p2              |      icmp|   0|  0|  11|           8|           2|
    |icmp_ln202_367_fu_9623_p2              |      icmp|   0|  0|  16|          23|           1|
    |icmp_ln202_368_fu_9687_p2              |      icmp|   0|  0|  11|           8|           2|
    |icmp_ln202_369_fu_9693_p2              |      icmp|   0|  0|  16|          23|           1|
    |icmp_ln202_36_fu_2383_p2               |      icmp|   0|  0|  11|           8|           2|
    |icmp_ln202_370_fu_9705_p2              |      icmp|   0|  0|  11|           8|           2|
    |icmp_ln202_371_fu_9711_p2              |      icmp|   0|  0|  16|          23|           1|
    |icmp_ln202_372_fu_9775_p2              |      icmp|   0|  0|  11|           8|           2|
    |icmp_ln202_373_fu_9781_p2              |      icmp|   0|  0|  16|          23|           1|
    |icmp_ln202_374_fu_9793_p2              |      icmp|   0|  0|  11|           8|           2|
    |icmp_ln202_375_fu_9799_p2              |      icmp|   0|  0|  16|          23|           1|
    |icmp_ln202_376_fu_9863_p2              |      icmp|   0|  0|  11|           8|           2|
    |icmp_ln202_377_fu_9869_p2              |      icmp|   0|  0|  16|          23|           1|
    |icmp_ln202_378_fu_9881_p2              |      icmp|   0|  0|  11|           8|           2|
    |icmp_ln202_379_fu_9887_p2              |      icmp|   0|  0|  16|          23|           1|
    |icmp_ln202_37_fu_2389_p2               |      icmp|   0|  0|  16|          23|           1|
    |icmp_ln202_380_fu_9951_p2              |      icmp|   0|  0|  11|           8|           2|
    |icmp_ln202_381_fu_9957_p2              |      icmp|   0|  0|  16|          23|           1|
    |icmp_ln202_382_fu_9969_p2              |      icmp|   0|  0|  11|           8|           2|
    |icmp_ln202_383_fu_9975_p2              |      icmp|   0|  0|  16|          23|           1|
    |icmp_ln202_384_fu_10039_p2             |      icmp|   0|  0|  11|           8|           2|
    |icmp_ln202_385_fu_10045_p2             |      icmp|   0|  0|  16|          23|           1|
    |icmp_ln202_386_fu_10057_p2             |      icmp|   0|  0|  11|           8|           2|
    |icmp_ln202_387_fu_10063_p2             |      icmp|   0|  0|  16|          23|           1|
    |icmp_ln202_388_fu_10127_p2             |      icmp|   0|  0|  11|           8|           2|
    |icmp_ln202_389_fu_10133_p2             |      icmp|   0|  0|  16|          23|           1|
    |icmp_ln202_38_fu_2401_p2               |      icmp|   0|  0|  11|           8|           2|
    |icmp_ln202_390_fu_10145_p2             |      icmp|   0|  0|  11|           8|           2|
    |icmp_ln202_391_fu_10151_p2             |      icmp|   0|  0|  16|          23|           1|
    |icmp_ln202_392_fu_10215_p2             |      icmp|   0|  0|  11|           8|           2|
    |icmp_ln202_393_fu_10221_p2             |      icmp|   0|  0|  16|          23|           1|
    |icmp_ln202_394_fu_10233_p2             |      icmp|   0|  0|  11|           8|           2|
    |icmp_ln202_395_fu_10239_p2             |      icmp|   0|  0|  16|          23|           1|
    |icmp_ln202_39_fu_2407_p2               |      icmp|   0|  0|  16|          23|           1|
    |icmp_ln202_3_fu_1419_p2                |      icmp|   0|  0|  16|          23|           1|
    |icmp_ln202_40_fu_2471_p2               |      icmp|   0|  0|  11|           8|           2|
    |icmp_ln202_41_fu_2477_p2               |      icmp|   0|  0|  16|          23|           1|
    |icmp_ln202_42_fu_2489_p2               |      icmp|   0|  0|  11|           8|           2|
    |icmp_ln202_43_fu_2495_p2               |      icmp|   0|  0|  16|          23|           1|
    |icmp_ln202_44_fu_2559_p2               |      icmp|   0|  0|  11|           8|           2|
    |icmp_ln202_45_fu_2565_p2               |      icmp|   0|  0|  16|          23|           1|
    |icmp_ln202_46_fu_2577_p2               |      icmp|   0|  0|  11|           8|           2|
    |icmp_ln202_47_fu_2583_p2               |      icmp|   0|  0|  16|          23|           1|
    |icmp_ln202_48_fu_2647_p2               |      icmp|   0|  0|  11|           8|           2|
    |icmp_ln202_49_fu_2653_p2               |      icmp|   0|  0|  16|          23|           1|
    |icmp_ln202_4_fu_1539_p2                |      icmp|   0|  0|  11|           8|           2|
    |icmp_ln202_50_fu_2665_p2               |      icmp|   0|  0|  11|           8|           2|
    |icmp_ln202_51_fu_2671_p2               |      icmp|   0|  0|  16|          23|           1|
    |icmp_ln202_52_fu_2735_p2               |      icmp|   0|  0|  11|           8|           2|
    |icmp_ln202_53_fu_2741_p2               |      icmp|   0|  0|  16|          23|           1|
    |icmp_ln202_54_fu_2753_p2               |      icmp|   0|  0|  11|           8|           2|
    |icmp_ln202_55_fu_2759_p2               |      icmp|   0|  0|  16|          23|           1|
    |icmp_ln202_56_fu_2823_p2               |      icmp|   0|  0|  11|           8|           2|
    |icmp_ln202_57_fu_2829_p2               |      icmp|   0|  0|  16|          23|           1|
    |icmp_ln202_58_fu_2841_p2               |      icmp|   0|  0|  11|           8|           2|
    |icmp_ln202_59_fu_2847_p2               |      icmp|   0|  0|  16|          23|           1|
    |icmp_ln202_5_fu_1545_p2                |      icmp|   0|  0|  16|          23|           1|
    |icmp_ln202_60_fu_2911_p2               |      icmp|   0|  0|  11|           8|           2|
    |icmp_ln202_61_fu_2917_p2               |      icmp|   0|  0|  16|          23|           1|
    |icmp_ln202_62_fu_2929_p2               |      icmp|   0|  0|  11|           8|           2|
    |icmp_ln202_63_fu_2935_p2               |      icmp|   0|  0|  16|          23|           1|
    |icmp_ln202_64_fu_2999_p2               |      icmp|   0|  0|  11|           8|           2|
    |icmp_ln202_65_fu_3005_p2               |      icmp|   0|  0|  16|          23|           1|
    |icmp_ln202_66_fu_3017_p2               |      icmp|   0|  0|  11|           8|           2|
    |icmp_ln202_67_fu_3023_p2               |      icmp|   0|  0|  16|          23|           1|
    |icmp_ln202_68_fu_3087_p2               |      icmp|   0|  0|  11|           8|           2|
    |icmp_ln202_69_fu_3093_p2               |      icmp|   0|  0|  16|          23|           1|
    |icmp_ln202_6_fu_1557_p2                |      icmp|   0|  0|  11|           8|           2|
    |icmp_ln202_70_fu_3105_p2               |      icmp|   0|  0|  11|           8|           2|
    |icmp_ln202_71_fu_3111_p2               |      icmp|   0|  0|  16|          23|           1|
    |icmp_ln202_72_fu_3175_p2               |      icmp|   0|  0|  11|           8|           2|
    |icmp_ln202_73_fu_3181_p2               |      icmp|   0|  0|  16|          23|           1|
    |icmp_ln202_74_fu_3193_p2               |      icmp|   0|  0|  11|           8|           2|
    |icmp_ln202_75_fu_3199_p2               |      icmp|   0|  0|  16|          23|           1|
    |icmp_ln202_76_fu_3263_p2               |      icmp|   0|  0|  11|           8|           2|
    |icmp_ln202_77_fu_3269_p2               |      icmp|   0|  0|  16|          23|           1|
    |icmp_ln202_78_fu_3281_p2               |      icmp|   0|  0|  11|           8|           2|
    |icmp_ln202_79_fu_3287_p2               |      icmp|   0|  0|  16|          23|           1|
    |icmp_ln202_7_fu_1563_p2                |      icmp|   0|  0|  16|          23|           1|
    |icmp_ln202_80_fu_3351_p2               |      icmp|   0|  0|  11|           8|           2|
    |icmp_ln202_81_fu_3357_p2               |      icmp|   0|  0|  16|          23|           1|
    |icmp_ln202_82_fu_3369_p2               |      icmp|   0|  0|  11|           8|           2|
    |icmp_ln202_83_fu_3375_p2               |      icmp|   0|  0|  16|          23|           1|
    |icmp_ln202_84_fu_3439_p2               |      icmp|   0|  0|  11|           8|           2|
    |icmp_ln202_85_fu_3445_p2               |      icmp|   0|  0|  16|          23|           1|
    |icmp_ln202_86_fu_3457_p2               |      icmp|   0|  0|  11|           8|           2|
    |icmp_ln202_87_fu_3463_p2               |      icmp|   0|  0|  16|          23|           1|
    |icmp_ln202_88_fu_3527_p2               |      icmp|   0|  0|  11|           8|           2|
    |icmp_ln202_89_fu_3533_p2               |      icmp|   0|  0|  16|          23|           1|
    |icmp_ln202_8_fu_1683_p2                |      icmp|   0|  0|  11|           8|           2|
    |icmp_ln202_90_fu_3545_p2               |      icmp|   0|  0|  11|           8|           2|
    |icmp_ln202_91_fu_3551_p2               |      icmp|   0|  0|  16|          23|           1|
    |icmp_ln202_92_fu_3615_p2               |      icmp|   0|  0|  11|           8|           2|
    |icmp_ln202_93_fu_3621_p2               |      icmp|   0|  0|  16|          23|           1|
    |icmp_ln202_94_fu_3633_p2               |      icmp|   0|  0|  11|           8|           2|
    |icmp_ln202_95_fu_3639_p2               |      icmp|   0|  0|  16|          23|           1|
    |icmp_ln202_96_fu_3703_p2               |      icmp|   0|  0|  11|           8|           2|
    |icmp_ln202_97_fu_3709_p2               |      icmp|   0|  0|  16|          23|           1|
    |icmp_ln202_98_fu_3721_p2               |      icmp|   0|  0|  11|           8|           2|
    |icmp_ln202_99_fu_3727_p2               |      icmp|   0|  0|  16|          23|           1|
    |icmp_ln202_9_fu_1689_p2                |      icmp|   0|  0|  16|          23|           1|
    |icmp_ln202_fu_1395_p2                  |      icmp|   0|  0|  11|           8|           2|
    |icmp_ln288_fu_1238_p2                  |      icmp|   0|  0|  10|           7|           6|
    |ap_block_pp0                           |        or|   0|  0|   2|           1|           1|
    |or_ln202_100_fu_5845_p2                |        or|   0|  0|   2|           1|           1|
    |or_ln202_101_fu_5915_p2                |        or|   0|  0|   2|           1|           1|
    |or_ln202_102_fu_5933_p2                |        or|   0|  0|   2|           1|           1|
    |or_ln202_103_fu_6003_p2                |        or|   0|  0|   2|           1|           1|
    |or_ln202_104_fu_6021_p2                |        or|   0|  0|   2|           1|           1|
    |or_ln202_105_fu_6091_p2                |        or|   0|  0|   2|           1|           1|
    |or_ln202_106_fu_6109_p2                |        or|   0|  0|   2|           1|           1|
    |or_ln202_107_fu_6179_p2                |        or|   0|  0|   2|           1|           1|
    |or_ln202_108_fu_6197_p2                |        or|   0|  0|   2|           1|           1|
    |or_ln202_109_fu_6267_p2                |        or|   0|  0|   2|           1|           1|
    |or_ln202_10_fu_1857_p2                 |        or|   0|  0|   2|           1|           1|
    |or_ln202_110_fu_6285_p2                |        or|   0|  0|   2|           1|           1|
    |or_ln202_111_fu_6355_p2                |        or|   0|  0|   2|           1|           1|
    |or_ln202_112_fu_6373_p2                |        or|   0|  0|   2|           1|           1|
    |or_ln202_113_fu_6443_p2                |        or|   0|  0|   2|           1|           1|
    |or_ln202_114_fu_6461_p2                |        or|   0|  0|   2|           1|           1|
    |or_ln202_115_fu_6531_p2                |        or|   0|  0|   2|           1|           1|
    |or_ln202_116_fu_6549_p2                |        or|   0|  0|   2|           1|           1|
    |or_ln202_117_fu_6619_p2                |        or|   0|  0|   2|           1|           1|
    |or_ln202_118_fu_6637_p2                |        or|   0|  0|   2|           1|           1|
    |or_ln202_119_fu_6707_p2                |        or|   0|  0|   2|           1|           1|
    |or_ln202_11_fu_1955_p2                 |        or|   0|  0|   2|           1|           1|
    |or_ln202_120_fu_6725_p2                |        or|   0|  0|   2|           1|           1|
    |or_ln202_121_fu_6795_p2                |        or|   0|  0|   2|           1|           1|
    |or_ln202_122_fu_6813_p2                |        or|   0|  0|   2|           1|           1|
    |or_ln202_123_fu_6883_p2                |        or|   0|  0|   2|           1|           1|
    |or_ln202_124_fu_6901_p2                |        or|   0|  0|   2|           1|           1|
    |or_ln202_125_fu_6971_p2                |        or|   0|  0|   2|           1|           1|
    |or_ln202_126_fu_6989_p2                |        or|   0|  0|   2|           1|           1|
    |or_ln202_127_fu_7059_p2                |        or|   0|  0|   2|           1|           1|
    |or_ln202_128_fu_7077_p2                |        or|   0|  0|   2|           1|           1|
    |or_ln202_129_fu_7147_p2                |        or|   0|  0|   2|           1|           1|
    |or_ln202_12_fu_1973_p2                 |        or|   0|  0|   2|           1|           1|
    |or_ln202_130_fu_7165_p2                |        or|   0|  0|   2|           1|           1|
    |or_ln202_131_fu_7235_p2                |        or|   0|  0|   2|           1|           1|
    |or_ln202_132_fu_7253_p2                |        or|   0|  0|   2|           1|           1|
    |or_ln202_133_fu_7323_p2                |        or|   0|  0|   2|           1|           1|
    |or_ln202_134_fu_7341_p2                |        or|   0|  0|   2|           1|           1|
    |or_ln202_135_fu_7411_p2                |        or|   0|  0|   2|           1|           1|
    |or_ln202_136_fu_7429_p2                |        or|   0|  0|   2|           1|           1|
    |or_ln202_137_fu_7499_p2                |        or|   0|  0|   2|           1|           1|
    |or_ln202_138_fu_7517_p2                |        or|   0|  0|   2|           1|           1|
    |or_ln202_139_fu_7587_p2                |        or|   0|  0|   2|           1|           1|
    |or_ln202_13_fu_2043_p2                 |        or|   0|  0|   2|           1|           1|
    |or_ln202_140_fu_7605_p2                |        or|   0|  0|   2|           1|           1|
    |or_ln202_141_fu_7675_p2                |        or|   0|  0|   2|           1|           1|
    |or_ln202_142_fu_7693_p2                |        or|   0|  0|   2|           1|           1|
    |or_ln202_143_fu_7763_p2                |        or|   0|  0|   2|           1|           1|
    |or_ln202_144_fu_7781_p2                |        or|   0|  0|   2|           1|           1|
    |or_ln202_145_fu_7851_p2                |        or|   0|  0|   2|           1|           1|
    |or_ln202_146_fu_7869_p2                |        or|   0|  0|   2|           1|           1|
    |or_ln202_147_fu_7939_p2                |        or|   0|  0|   2|           1|           1|
    |or_ln202_148_fu_7957_p2                |        or|   0|  0|   2|           1|           1|
    |or_ln202_149_fu_8027_p2                |        or|   0|  0|   2|           1|           1|
    |or_ln202_14_fu_2061_p2                 |        or|   0|  0|   2|           1|           1|
    |or_ln202_150_fu_8045_p2                |        or|   0|  0|   2|           1|           1|
    |or_ln202_151_fu_8115_p2                |        or|   0|  0|   2|           1|           1|
    |or_ln202_152_fu_8133_p2                |        or|   0|  0|   2|           1|           1|
    |or_ln202_153_fu_8203_p2                |        or|   0|  0|   2|           1|           1|
    |or_ln202_154_fu_8221_p2                |        or|   0|  0|   2|           1|           1|
    |or_ln202_155_fu_8291_p2                |        or|   0|  0|   2|           1|           1|
    |or_ln202_156_fu_8309_p2                |        or|   0|  0|   2|           1|           1|
    |or_ln202_157_fu_8379_p2                |        or|   0|  0|   2|           1|           1|
    |or_ln202_158_fu_8397_p2                |        or|   0|  0|   2|           1|           1|
    |or_ln202_159_fu_8467_p2                |        or|   0|  0|   2|           1|           1|
    |or_ln202_15_fu_2131_p2                 |        or|   0|  0|   2|           1|           1|
    |or_ln202_160_fu_8485_p2                |        or|   0|  0|   2|           1|           1|
    |or_ln202_161_fu_8555_p2                |        or|   0|  0|   2|           1|           1|
    |or_ln202_162_fu_8573_p2                |        or|   0|  0|   2|           1|           1|
    |or_ln202_163_fu_8643_p2                |        or|   0|  0|   2|           1|           1|
    |or_ln202_164_fu_8661_p2                |        or|   0|  0|   2|           1|           1|
    |or_ln202_165_fu_8731_p2                |        or|   0|  0|   2|           1|           1|
    |or_ln202_166_fu_8749_p2                |        or|   0|  0|   2|           1|           1|
    |or_ln202_167_fu_8819_p2                |        or|   0|  0|   2|           1|           1|
    |or_ln202_168_fu_8837_p2                |        or|   0|  0|   2|           1|           1|
    |or_ln202_169_fu_8907_p2                |        or|   0|  0|   2|           1|           1|
    |or_ln202_16_fu_2149_p2                 |        or|   0|  0|   2|           1|           1|
    |or_ln202_170_fu_8925_p2                |        or|   0|  0|   2|           1|           1|
    |or_ln202_171_fu_8995_p2                |        or|   0|  0|   2|           1|           1|
    |or_ln202_172_fu_9013_p2                |        or|   0|  0|   2|           1|           1|
    |or_ln202_173_fu_9083_p2                |        or|   0|  0|   2|           1|           1|
    |or_ln202_174_fu_9101_p2                |        or|   0|  0|   2|           1|           1|
    |or_ln202_175_fu_9171_p2                |        or|   0|  0|   2|           1|           1|
    |or_ln202_176_fu_9189_p2                |        or|   0|  0|   2|           1|           1|
    |or_ln202_177_fu_9259_p2                |        or|   0|  0|   2|           1|           1|
    |or_ln202_178_fu_9277_p2                |        or|   0|  0|   2|           1|           1|
    |or_ln202_179_fu_9347_p2                |        or|   0|  0|   2|           1|           1|
    |or_ln202_17_fu_2219_p2                 |        or|   0|  0|   2|           1|           1|
    |or_ln202_180_fu_9365_p2                |        or|   0|  0|   2|           1|           1|
    |or_ln202_181_fu_9435_p2                |        or|   0|  0|   2|           1|           1|
    |or_ln202_182_fu_9453_p2                |        or|   0|  0|   2|           1|           1|
    |or_ln202_183_fu_9523_p2                |        or|   0|  0|   2|           1|           1|
    |or_ln202_184_fu_9541_p2                |        or|   0|  0|   2|           1|           1|
    |or_ln202_185_fu_9611_p2                |        or|   0|  0|   2|           1|           1|
    |or_ln202_186_fu_9629_p2                |        or|   0|  0|   2|           1|           1|
    |or_ln202_187_fu_9699_p2                |        or|   0|  0|   2|           1|           1|
    |or_ln202_188_fu_9717_p2                |        or|   0|  0|   2|           1|           1|
    |or_ln202_189_fu_9787_p2                |        or|   0|  0|   2|           1|           1|
    |or_ln202_18_fu_2237_p2                 |        or|   0|  0|   2|           1|           1|
    |or_ln202_190_fu_9805_p2                |        or|   0|  0|   2|           1|           1|
    |or_ln202_191_fu_9875_p2                |        or|   0|  0|   2|           1|           1|
    |or_ln202_192_fu_9893_p2                |        or|   0|  0|   2|           1|           1|
    |or_ln202_193_fu_9963_p2                |        or|   0|  0|   2|           1|           1|
    |or_ln202_194_fu_9981_p2                |        or|   0|  0|   2|           1|           1|
    |or_ln202_195_fu_10051_p2               |        or|   0|  0|   2|           1|           1|
    |or_ln202_196_fu_10069_p2               |        or|   0|  0|   2|           1|           1|
    |or_ln202_197_fu_10139_p2               |        or|   0|  0|   2|           1|           1|
    |or_ln202_198_fu_10157_p2               |        or|   0|  0|   2|           1|           1|
    |or_ln202_199_fu_10227_p2               |        or|   0|  0|   2|           1|           1|
    |or_ln202_19_fu_2307_p2                 |        or|   0|  0|   2|           1|           1|
    |or_ln202_1_fu_1305_p2                  |        or|   0|  0|  11|           2|          11|
    |or_ln202_200_fu_10245_p2               |        or|   0|  0|   2|           1|           1|
    |or_ln202_20_fu_2325_p2                 |        or|   0|  0|   2|           1|           1|
    |or_ln202_21_fu_2395_p2                 |        or|   0|  0|   2|           1|           1|
    |or_ln202_22_fu_2413_p2                 |        or|   0|  0|   2|           1|           1|
    |or_ln202_23_fu_2483_p2                 |        or|   0|  0|   2|           1|           1|
    |or_ln202_24_fu_2501_p2                 |        or|   0|  0|   2|           1|           1|
    |or_ln202_25_fu_2571_p2                 |        or|   0|  0|   2|           1|           1|
    |or_ln202_26_fu_2589_p2                 |        or|   0|  0|   2|           1|           1|
    |or_ln202_27_fu_2659_p2                 |        or|   0|  0|   2|           1|           1|
    |or_ln202_28_fu_2677_p2                 |        or|   0|  0|   2|           1|           1|
    |or_ln202_29_fu_2747_p2                 |        or|   0|  0|   2|           1|           1|
    |or_ln202_2_fu_1319_p2                  |        or|   0|  0|  11|           2|          11|
    |or_ln202_30_fu_2765_p2                 |        or|   0|  0|   2|           1|           1|
    |or_ln202_31_fu_2835_p2                 |        or|   0|  0|   2|           1|           1|
    |or_ln202_32_fu_2853_p2                 |        or|   0|  0|   2|           1|           1|
    |or_ln202_33_fu_2923_p2                 |        or|   0|  0|   2|           1|           1|
    |or_ln202_34_fu_2941_p2                 |        or|   0|  0|   2|           1|           1|
    |or_ln202_35_fu_3011_p2                 |        or|   0|  0|   2|           1|           1|
    |or_ln202_36_fu_3029_p2                 |        or|   0|  0|   2|           1|           1|
    |or_ln202_37_fu_3099_p2                 |        or|   0|  0|   2|           1|           1|
    |or_ln202_38_fu_3117_p2                 |        or|   0|  0|   2|           1|           1|
    |or_ln202_39_fu_3187_p2                 |        or|   0|  0|   2|           1|           1|
    |or_ln202_3_fu_1407_p2                  |        or|   0|  0|   2|           1|           1|
    |or_ln202_40_fu_3205_p2                 |        or|   0|  0|   2|           1|           1|
    |or_ln202_41_fu_3275_p2                 |        or|   0|  0|   2|           1|           1|
    |or_ln202_42_fu_3293_p2                 |        or|   0|  0|   2|           1|           1|
    |or_ln202_43_fu_3363_p2                 |        or|   0|  0|   2|           1|           1|
    |or_ln202_44_fu_3381_p2                 |        or|   0|  0|   2|           1|           1|
    |or_ln202_45_fu_3451_p2                 |        or|   0|  0|   2|           1|           1|
    |or_ln202_46_fu_3469_p2                 |        or|   0|  0|   2|           1|           1|
    |or_ln202_47_fu_3539_p2                 |        or|   0|  0|   2|           1|           1|
    |or_ln202_48_fu_3557_p2                 |        or|   0|  0|   2|           1|           1|
    |or_ln202_49_fu_3627_p2                 |        or|   0|  0|   2|           1|           1|
    |or_ln202_4_fu_1425_p2                  |        or|   0|  0|   2|           1|           1|
    |or_ln202_50_fu_3645_p2                 |        or|   0|  0|   2|           1|           1|
    |or_ln202_51_fu_3715_p2                 |        or|   0|  0|   2|           1|           1|
    |or_ln202_52_fu_3733_p2                 |        or|   0|  0|   2|           1|           1|
    |or_ln202_53_fu_3803_p2                 |        or|   0|  0|   2|           1|           1|
    |or_ln202_54_fu_3821_p2                 |        or|   0|  0|   2|           1|           1|
    |or_ln202_55_fu_3891_p2                 |        or|   0|  0|   2|           1|           1|
    |or_ln202_56_fu_3909_p2                 |        or|   0|  0|   2|           1|           1|
    |or_ln202_57_fu_3979_p2                 |        or|   0|  0|   2|           1|           1|
    |or_ln202_58_fu_3997_p2                 |        or|   0|  0|   2|           1|           1|
    |or_ln202_59_fu_4067_p2                 |        or|   0|  0|   2|           1|           1|
    |or_ln202_5_fu_1551_p2                  |        or|   0|  0|   2|           1|           1|
    |or_ln202_60_fu_4085_p2                 |        or|   0|  0|   2|           1|           1|
    |or_ln202_61_fu_4155_p2                 |        or|   0|  0|   2|           1|           1|
    |or_ln202_62_fu_4173_p2                 |        or|   0|  0|   2|           1|           1|
    |or_ln202_63_fu_4243_p2                 |        or|   0|  0|   2|           1|           1|
    |or_ln202_64_fu_4261_p2                 |        or|   0|  0|   2|           1|           1|
    |or_ln202_65_fu_4331_p2                 |        or|   0|  0|   2|           1|           1|
    |or_ln202_66_fu_4349_p2                 |        or|   0|  0|   2|           1|           1|
    |or_ln202_67_fu_4419_p2                 |        or|   0|  0|   2|           1|           1|
    |or_ln202_68_fu_4437_p2                 |        or|   0|  0|   2|           1|           1|
    |or_ln202_69_fu_4507_p2                 |        or|   0|  0|   2|           1|           1|
    |or_ln202_6_fu_1569_p2                  |        or|   0|  0|   2|           1|           1|
    |or_ln202_70_fu_4525_p2                 |        or|   0|  0|   2|           1|           1|
    |or_ln202_71_fu_4595_p2                 |        or|   0|  0|   2|           1|           1|
    |or_ln202_72_fu_4613_p2                 |        or|   0|  0|   2|           1|           1|
    |or_ln202_73_fu_4683_p2                 |        or|   0|  0|   2|           1|           1|
    |or_ln202_74_fu_4701_p2                 |        or|   0|  0|   2|           1|           1|
    |or_ln202_75_fu_4771_p2                 |        or|   0|  0|   2|           1|           1|
    |or_ln202_76_fu_4789_p2                 |        or|   0|  0|   2|           1|           1|
    |or_ln202_77_fu_4859_p2                 |        or|   0|  0|   2|           1|           1|
    |or_ln202_78_fu_4877_p2                 |        or|   0|  0|   2|           1|           1|
    |or_ln202_79_fu_4947_p2                 |        or|   0|  0|   2|           1|           1|
    |or_ln202_7_fu_1695_p2                  |        or|   0|  0|   2|           1|           1|
    |or_ln202_80_fu_4965_p2                 |        or|   0|  0|   2|           1|           1|
    |or_ln202_81_fu_5035_p2                 |        or|   0|  0|   2|           1|           1|
    |or_ln202_82_fu_5053_p2                 |        or|   0|  0|   2|           1|           1|
    |or_ln202_83_fu_5123_p2                 |        or|   0|  0|   2|           1|           1|
    |or_ln202_84_fu_5141_p2                 |        or|   0|  0|   2|           1|           1|
    |or_ln202_85_fu_5211_p2                 |        or|   0|  0|   2|           1|           1|
    |or_ln202_86_fu_5229_p2                 |        or|   0|  0|   2|           1|           1|
    |or_ln202_87_fu_5299_p2                 |        or|   0|  0|   2|           1|           1|
    |or_ln202_88_fu_5317_p2                 |        or|   0|  0|   2|           1|           1|
    |or_ln202_89_fu_5387_p2                 |        or|   0|  0|   2|           1|           1|
    |or_ln202_8_fu_1713_p2                  |        or|   0|  0|   2|           1|           1|
    |or_ln202_90_fu_5405_p2                 |        or|   0|  0|   2|           1|           1|
    |or_ln202_91_fu_5475_p2                 |        or|   0|  0|   2|           1|           1|
    |or_ln202_92_fu_5493_p2                 |        or|   0|  0|   2|           1|           1|
    |or_ln202_93_fu_5563_p2                 |        or|   0|  0|   2|           1|           1|
    |or_ln202_94_fu_5581_p2                 |        or|   0|  0|   2|           1|           1|
    |or_ln202_95_fu_5651_p2                 |        or|   0|  0|   2|           1|           1|
    |or_ln202_96_fu_5669_p2                 |        or|   0|  0|   2|           1|           1|
    |or_ln202_97_fu_5739_p2                 |        or|   0|  0|   2|           1|           1|
    |or_ln202_98_fu_5757_p2                 |        or|   0|  0|   2|           1|           1|
    |or_ln202_99_fu_5827_p2                 |        or|   0|  0|   2|           1|           1|
    |or_ln202_9_fu_1839_p2                  |        or|   0|  0|   2|           1|           1|
    |or_ln202_fu_1285_p2                    |        or|   0|  0|  11|           1|          11|
    |mx_100_fu_5951_p3                      |    select|   0|  0|  32|           1|          32|
    |mx_102_fu_6039_p3                      |    select|   0|  0|  32|           1|          32|
    |mx_104_fu_6127_p3                      |    select|   0|  0|  32|           1|          32|
    |mx_106_fu_6215_p3                      |    select|   0|  0|  32|           1|          32|
    |mx_108_fu_6303_p3                      |    select|   0|  0|  32|           1|          32|
    |mx_10_fu_1991_p3                       |    select|   0|  0|  32|           1|          32|
    |mx_110_fu_6391_p3                      |    select|   0|  0|  32|           1|          32|
    |mx_112_fu_6479_p3                      |    select|   0|  0|  32|           1|          32|
    |mx_114_fu_6567_p3                      |    select|   0|  0|  32|           1|          32|
    |mx_116_fu_6655_p3                      |    select|   0|  0|  32|           1|          32|
    |mx_118_fu_6743_p3                      |    select|   0|  0|  32|           1|          32|
    |mx_120_fu_6831_p3                      |    select|   0|  0|  32|           1|          32|
    |mx_122_fu_6919_p3                      |    select|   0|  0|  32|           1|          32|
    |mx_124_fu_7007_p3                      |    select|   0|  0|  32|           1|          32|
    |mx_126_fu_7095_p3                      |    select|   0|  0|  32|           1|          32|
    |mx_128_fu_7183_p3                      |    select|   0|  0|  32|           1|          32|
    |mx_12_fu_2079_p3                       |    select|   0|  0|  32|           1|          32|
    |mx_130_fu_7271_p3                      |    select|   0|  0|  32|           1|          32|
    |mx_132_fu_7359_p3                      |    select|   0|  0|  32|           1|          32|
    |mx_134_fu_7447_p3                      |    select|   0|  0|  32|           1|          32|
    |mx_136_fu_7535_p3                      |    select|   0|  0|  32|           1|          32|
    |mx_138_fu_7623_p3                      |    select|   0|  0|  32|           1|          32|
    |mx_140_fu_7711_p3                      |    select|   0|  0|  32|           1|          32|
    |mx_142_fu_7799_p3                      |    select|   0|  0|  32|           1|          32|
    |mx_144_fu_7887_p3                      |    select|   0|  0|  32|           1|          32|
    |mx_146_fu_7975_p3                      |    select|   0|  0|  32|           1|          32|
    |mx_148_fu_8063_p3                      |    select|   0|  0|  32|           1|          32|
    |mx_14_fu_2167_p3                       |    select|   0|  0|  32|           1|          32|
    |mx_150_fu_8151_p3                      |    select|   0|  0|  32|           1|          32|
    |mx_152_fu_8239_p3                      |    select|   0|  0|  32|           1|          32|
    |mx_154_fu_8327_p3                      |    select|   0|  0|  32|           1|          32|
    |mx_156_fu_8415_p3                      |    select|   0|  0|  32|           1|          32|
    |mx_158_fu_8503_p3                      |    select|   0|  0|  32|           1|          32|
    |mx_160_fu_8591_p3                      |    select|   0|  0|  32|           1|          32|
    |mx_162_fu_8679_p3                      |    select|   0|  0|  32|           1|          32|
    |mx_164_fu_8767_p3                      |    select|   0|  0|  32|           1|          32|
    |mx_166_fu_8855_p3                      |    select|   0|  0|  32|           1|          32|
    |mx_168_fu_8943_p3                      |    select|   0|  0|  32|           1|          32|
    |mx_16_fu_2255_p3                       |    select|   0|  0|  32|           1|          32|
    |mx_170_fu_9031_p3                      |    select|   0|  0|  32|           1|          32|
    |mx_172_fu_9119_p3                      |    select|   0|  0|  32|           1|          32|
    |mx_174_fu_9207_p3                      |    select|   0|  0|  32|           1|          32|
    |mx_176_fu_9295_p3                      |    select|   0|  0|  32|           1|          32|
    |mx_178_fu_9383_p3                      |    select|   0|  0|  32|           1|          32|
    |mx_180_fu_9471_p3                      |    select|   0|  0|  32|           1|          32|
    |mx_182_fu_9559_p3                      |    select|   0|  0|  32|           1|          32|
    |mx_184_fu_9647_p3                      |    select|   0|  0|  32|           1|          32|
    |mx_186_fu_9735_p3                      |    select|   0|  0|  32|           1|          32|
    |mx_188_fu_9823_p3                      |    select|   0|  0|  32|           1|          32|
    |mx_18_fu_2343_p3                       |    select|   0|  0|  32|           1|          32|
    |mx_190_fu_9911_p3                      |    select|   0|  0|  32|           1|          32|
    |mx_192_fu_9999_p3                      |    select|   0|  0|  32|           1|          32|
    |mx_194_fu_10087_p3                     |    select|   0|  0|  32|           1|          32|
    |mx_196_fu_10175_p3                     |    select|   0|  0|  32|           1|          32|
    |mx_198_fu_10263_p3                     |    select|   0|  0|  32|           1|          32|
    |mx_20_fu_2431_p3                       |    select|   0|  0|  32|           1|          32|
    |mx_22_fu_2519_p3                       |    select|   0|  0|  32|           1|          32|
    |mx_24_fu_2607_p3                       |    select|   0|  0|  32|           1|          32|
    |mx_26_fu_2695_p3                       |    select|   0|  0|  32|           1|          32|
    |mx_28_fu_2783_p3                       |    select|   0|  0|  32|           1|          32|
    |mx_2_fu_1471_p3                        |    select|   0|  0|  32|           1|          32|
    |mx_30_fu_2871_p3                       |    select|   0|  0|  32|           1|          32|
    |mx_32_fu_2959_p3                       |    select|   0|  0|  32|           1|          32|
    |mx_34_fu_3047_p3                       |    select|   0|  0|  32|           1|          32|
    |mx_36_fu_3135_p3                       |    select|   0|  0|  32|           1|          32|
    |mx_38_fu_3223_p3                       |    select|   0|  0|  32|           1|          32|
    |mx_40_fu_3311_p3                       |    select|   0|  0|  32|           1|          32|
    |mx_42_fu_3399_p3                       |    select|   0|  0|  32|           1|          32|
    |mx_44_fu_3487_p3                       |    select|   0|  0|  32|           1|          32|
    |mx_46_fu_3575_p3                       |    select|   0|  0|  32|           1|          32|
    |mx_48_fu_3663_p3                       |    select|   0|  0|  32|           1|          32|
    |mx_4_fu_1587_p3                        |    select|   0|  0|  32|           1|          32|
    |mx_50_fu_3751_p3                       |    select|   0|  0|  32|           1|          32|
    |mx_52_fu_3839_p3                       |    select|   0|  0|  32|           1|          32|
    |mx_54_fu_3927_p3                       |    select|   0|  0|  32|           1|          32|
    |mx_56_fu_4015_p3                       |    select|   0|  0|  32|           1|          32|
    |mx_58_fu_4103_p3                       |    select|   0|  0|  32|           1|          32|
    |mx_60_fu_4191_p3                       |    select|   0|  0|  32|           1|          32|
    |mx_62_fu_4279_p3                       |    select|   0|  0|  32|           1|          32|
    |mx_64_fu_4367_p3                       |    select|   0|  0|  32|           1|          32|
    |mx_66_fu_4455_p3                       |    select|   0|  0|  32|           1|          32|
    |mx_68_fu_4543_p3                       |    select|   0|  0|  32|           1|          32|
    |mx_6_fu_1731_p3                        |    select|   0|  0|  32|           1|          32|
    |mx_70_fu_4631_p3                       |    select|   0|  0|  32|           1|          32|
    |mx_72_fu_4719_p3                       |    select|   0|  0|  32|           1|          32|
    |mx_74_fu_4807_p3                       |    select|   0|  0|  32|           1|          32|
    |mx_76_fu_4895_p3                       |    select|   0|  0|  32|           1|          32|
    |mx_78_fu_4983_p3                       |    select|   0|  0|  32|           1|          32|
    |mx_80_fu_5071_p3                       |    select|   0|  0|  32|           1|          32|
    |mx_82_fu_5159_p3                       |    select|   0|  0|  32|           1|          32|
    |mx_84_fu_5247_p3                       |    select|   0|  0|  32|           1|          32|
    |mx_86_fu_5335_p3                       |    select|   0|  0|  32|           1|          32|
    |mx_88_fu_5423_p3                       |    select|   0|  0|  32|           1|          32|
    |mx_8_fu_1875_p3                        |    select|   0|  0|  32|           1|          32|
    |mx_90_fu_5511_p3                       |    select|   0|  0|  32|           1|          32|
    |mx_92_fu_5599_p3                       |    select|   0|  0|  32|           1|          32|
    |mx_94_fu_5687_p3                       |    select|   0|  0|  32|           1|          32|
    |mx_96_fu_5775_p3                       |    select|   0|  0|  32|           1|          32|
    |mx_98_fu_5863_p3                       |    select|   0|  0|  32|           1|          32|
    |ap_enable_pp0                          |       xor|   0|  0|   2|           1|           2|
    +---------------------------------------+----------+----+---+----+------------+------------+
    |Total                                  |          |   0|  0|9719|        6864|        4299|
    +---------------------------------------+----------+----+---+----+------------+------------+

    * Multiplexer: 
    +-----------------------------------------------------------------------+-----+-----------+-----+-----------+
    |                                  Name                                 | LUT | Input Size| Bits| Total Bits|
    +-----------------------------------------------------------------------+-----+-----------+-----+-----------+
    |ap_NS_fsm                                                              |  106|         21|    1|         21|
    |ap_done_int                                                            |    9|          2|    1|          2|
    |ap_enable_reg_pp0_iter0                                                |    9|          2|    1|          2|
    |ap_enable_reg_pp0_iter1                                                |    9|          2|    1|          2|
    |ap_sig_allocacmp_qi_1                                                  |    9|          2|    7|         14|
    |grp_fu_1004_p0                                                         |  106|         21|   32|        672|
    |grp_fu_1008_p0                                                         |  106|         21|   32|        672|
    |grp_fu_1012_p0                                                         |  106|         21|   32|        672|
    |grp_fu_1016_p0                                                         |  106|         21|   32|        672|
    |grp_fu_1020_p0                                                         |  106|         21|   32|        672|
    |grp_fu_1024_p0                                                         |  106|         21|   32|        672|
    |grp_fu_1024_p1                                                         |  106|         21|   32|        672|
    |grp_fu_1028_p0                                                         |  106|         21|   32|        672|
    |grp_fu_1028_p1                                                         |  106|         21|   32|        672|
    |grp_fu_1032_p0                                                         |  106|         21|   32|        672|
    |grp_fu_1032_p1                                                         |  106|         21|   32|        672|
    |grp_fu_1036_p0                                                         |  106|         21|   32|        672|
    |grp_fu_1036_p1                                                         |  106|         21|   32|        672|
    |grp_fu_1040_p0                                                         |  101|         20|   32|        640|
    |grp_fu_1040_p1                                                         |  101|         20|   32|        640|
    |grp_fu_1044_p1                                                         |  106|         21|   32|        672|
    |grp_fu_1049_p1                                                         |  106|         21|   32|        672|
    |grp_fu_1054_p1                                                         |  106|         21|   32|        672|
    |grp_fu_1059_p1                                                         |  106|         21|   32|        672|
    |grp_fu_1064_p1                                                         |  106|         21|   32|        672|
    |grp_fu_945_opcode                                                      |   14|          3|    2|          6|
    |grp_fu_945_p0                                                          |  106|         21|   32|        672|
    |grp_fu_945_p1                                                          |   31|          6|   32|        192|
    |grp_fu_949_opcode                                                      |   14|          3|    2|          6|
    |grp_fu_949_p0                                                          |  106|         21|   32|        672|
    |grp_fu_949_p1                                                          |   37|          7|   32|        224|
    |grp_fu_953_opcode                                                      |   14|          3|    2|          6|
    |grp_fu_953_p0                                                          |  106|         21|   32|        672|
    |grp_fu_953_p1                                                          |   37|          7|   32|        224|
    |grp_fu_957_opcode                                                      |   14|          3|    2|          6|
    |grp_fu_957_p0                                                          |  106|         21|   32|        672|
    |grp_fu_957_p1                                                          |   49|          9|   32|        288|
    |grp_fu_961_opcode                                                      |   14|          3|    2|          6|
    |grp_fu_961_p0                                                          |  106|         21|   32|        672|
    |grp_fu_961_p1                                                          |   43|          8|   32|        256|
    |grp_fu_965_opcode                                                      |   14|          3|    2|          6|
    |grp_fu_965_p0                                                          |  101|         20|   32|        640|
    |grp_fu_965_p1                                                          |   49|          9|   32|        288|
    |grp_fu_969_opcode                                                      |   14|          3|    2|          6|
    |grp_fu_969_p0                                                          |  101|         20|   32|        640|
    |grp_fu_969_p1                                                          |   65|         12|   32|        384|
    |grp_fu_973_opcode                                                      |   14|          3|    2|          6|
    |grp_fu_973_p0                                                          |   97|         19|   32|        608|
    |grp_fu_973_p1                                                          |   65|         12|   32|        384|
    |grp_fu_977_opcode                                                      |   14|          3|    2|          6|
    |grp_fu_977_p0                                                          |   89|         18|   32|        576|
    |grp_fu_977_p1                                                          |   65|         13|   32|        416|
    |grp_fu_981_opcode                                                      |   14|          3|    2|          6|
    |grp_fu_981_p0                                                          |   89|         18|   32|        576|
    |grp_fu_981_p1                                                          |   65|         16|   32|        512|
    |grp_fu_985_opcode                                                      |   14|          3|    2|          6|
    |grp_fu_985_p0                                                          |   89|         18|   32|        576|
    |grp_fu_985_p1                                                          |   81|         17|   32|        544|
    |grp_fu_989_opcode                                                      |   14|          3|    2|          6|
    |grp_fu_989_p0                                                          |   89|         18|   32|        576|
    |grp_fu_989_p1                                                          |   89|         18|   32|        576|
    |qi_fu_96                                                               |    9|          2|    7|         14|
    |transformer_blk_s3_top_float_const_float_float_const_a_buf_1_address0  |  106|         21|   11|        231|
    |transformer_blk_s3_top_float_const_float_float_const_a_buf_1_address1  |  106|         21|   11|        231|
    |transformer_blk_s3_top_float_const_float_float_const_a_buf_1_d0        |   49|          9|   32|        288|
    |transformer_blk_s3_top_float_const_float_float_const_a_buf_1_d1        |   43|          8|   32|        256|
    |transformer_blk_s3_top_float_const_float_float_const_a_buf_2_address0  |  106|         21|   11|        231|
    |transformer_blk_s3_top_float_const_float_float_const_a_buf_2_address1  |  106|         21|   11|        231|
    |transformer_blk_s3_top_float_const_float_float_const_a_buf_2_d0        |   49|          9|   32|        288|
    |transformer_blk_s3_top_float_const_float_float_const_a_buf_2_d1        |   43|          8|   32|        256|
    |transformer_blk_s3_top_float_const_float_float_const_a_buf_3_address0  |  106|         21|   11|        231|
    |transformer_blk_s3_top_float_const_float_float_const_a_buf_3_address1  |  106|         21|   11|        231|
    |transformer_blk_s3_top_float_const_float_float_const_a_buf_3_d0        |   49|          9|   32|        288|
    |transformer_blk_s3_top_float_const_float_float_const_a_buf_3_d1        |   43|          8|   32|        256|
    |transformer_blk_s3_top_float_const_float_float_const_a_buf_4_address0  |  106|         21|   11|        231|
    |transformer_blk_s3_top_float_const_float_float_const_a_buf_4_address1  |  106|         21|   11|        231|
    |transformer_blk_s3_top_float_const_float_float_const_a_buf_4_d0        |   49|          9|   32|        288|
    |transformer_blk_s3_top_float_const_float_float_const_a_buf_4_d1        |   43|          8|   32|        256|
    |transformer_blk_s3_top_float_const_float_float_const_a_buf_address0    |  106|         21|   11|        231|
    |transformer_blk_s3_top_float_const_float_float_const_a_buf_address1    |  106|         21|   11|        231|
    |transformer_blk_s3_top_float_const_float_float_const_a_buf_d0          |   49|          9|   32|        288|
    |transformer_blk_s3_top_float_const_float_float_const_a_buf_d1          |   43|          8|   32|        256|
    +-----------------------------------------------------------------------+-----+-----------+-----+-----------+
    |Total                                                                  | 5810|       1150| 1880|      30373|
    +-----------------------------------------------------------------------+-----+-----------+-----+-----------+

    * Register: 
    +--------------------------------------------------------------------------------+-----+-----+-----+-----------+
    |                                      Name                                      |  FF | LUT | Bits| Const Bits|
    +--------------------------------------------------------------------------------+-----+-----+-----+-----------+
    |add_ln291_reg_10280                                                             |    9|    0|   11|          2|
    |and_ln202_1_reg_10612                                                           |    1|    0|    1|          0|
    |ap_CS_fsm                                                                       |   20|    0|   20|          0|
    |ap_done_reg                                                                     |    1|    0|    1|          0|
    |ap_enable_reg_pp0_iter0_reg                                                     |    1|    0|    1|          0|
    |ap_enable_reg_pp0_iter1                                                         |    1|    0|    1|          0|
    |ap_enable_reg_pp0_iter10                                                        |    1|    0|    1|          0|
    |ap_enable_reg_pp0_iter11                                                        |    1|    0|    1|          0|
    |ap_enable_reg_pp0_iter12                                                        |    1|    0|    1|          0|
    |ap_enable_reg_pp0_iter13                                                        |    1|    0|    1|          0|
    |ap_enable_reg_pp0_iter14                                                        |    1|    0|    1|          0|
    |ap_enable_reg_pp0_iter15                                                        |    1|    0|    1|          0|
    |ap_enable_reg_pp0_iter16                                                        |    1|    0|    1|          0|
    |ap_enable_reg_pp0_iter17                                                        |    1|    0|    1|          0|
    |ap_enable_reg_pp0_iter18                                                        |    1|    0|    1|          0|
    |ap_enable_reg_pp0_iter19                                                        |    1|    0|    1|          0|
    |ap_enable_reg_pp0_iter2                                                         |    1|    0|    1|          0|
    |ap_enable_reg_pp0_iter20                                                        |    1|    0|    1|          0|
    |ap_enable_reg_pp0_iter21                                                        |    1|    0|    1|          0|
    |ap_enable_reg_pp0_iter22                                                        |    1|    0|    1|          0|
    |ap_enable_reg_pp0_iter23                                                        |    1|    0|    1|          0|
    |ap_enable_reg_pp0_iter24                                                        |    1|    0|    1|          0|
    |ap_enable_reg_pp0_iter25                                                        |    1|    0|    1|          0|
    |ap_enable_reg_pp0_iter26                                                        |    1|    0|    1|          0|
    |ap_enable_reg_pp0_iter27                                                        |    1|    0|    1|          0|
    |ap_enable_reg_pp0_iter28                                                        |    1|    0|    1|          0|
    |ap_enable_reg_pp0_iter29                                                        |    1|    0|    1|          0|
    |ap_enable_reg_pp0_iter3                                                         |    1|    0|    1|          0|
    |ap_enable_reg_pp0_iter30                                                        |    1|    0|    1|          0|
    |ap_enable_reg_pp0_iter4                                                         |    1|    0|    1|          0|
    |ap_enable_reg_pp0_iter5                                                         |    1|    0|    1|          0|
    |ap_enable_reg_pp0_iter6                                                         |    1|    0|    1|          0|
    |ap_enable_reg_pp0_iter7                                                         |    1|    0|    1|          0|
    |ap_enable_reg_pp0_iter8                                                         |    1|    0|    1|          0|
    |ap_enable_reg_pp0_iter9                                                         |    1|    0|    1|          0|
    |ap_loop_exit_ready_pp0_iter10_reg                                               |    1|    0|    1|          0|
    |ap_loop_exit_ready_pp0_iter11_reg                                               |    1|    0|    1|          0|
    |ap_loop_exit_ready_pp0_iter12_reg                                               |    1|    0|    1|          0|
    |ap_loop_exit_ready_pp0_iter13_reg                                               |    1|    0|    1|          0|
    |ap_loop_exit_ready_pp0_iter14_reg                                               |    1|    0|    1|          0|
    |ap_loop_exit_ready_pp0_iter15_reg                                               |    1|    0|    1|          0|
    |ap_loop_exit_ready_pp0_iter16_reg                                               |    1|    0|    1|          0|
    |ap_loop_exit_ready_pp0_iter17_reg                                               |    1|    0|    1|          0|
    |ap_loop_exit_ready_pp0_iter18_reg                                               |    1|    0|    1|          0|
    |ap_loop_exit_ready_pp0_iter19_reg                                               |    1|    0|    1|          0|
    |ap_loop_exit_ready_pp0_iter1_reg                                                |    1|    0|    1|          0|
    |ap_loop_exit_ready_pp0_iter20_reg                                               |    1|    0|    1|          0|
    |ap_loop_exit_ready_pp0_iter21_reg                                               |    1|    0|    1|          0|
    |ap_loop_exit_ready_pp0_iter22_reg                                               |    1|    0|    1|          0|
    |ap_loop_exit_ready_pp0_iter23_reg                                               |    1|    0|    1|          0|
    |ap_loop_exit_ready_pp0_iter24_reg                                               |    1|    0|    1|          0|
    |ap_loop_exit_ready_pp0_iter25_reg                                               |    1|    0|    1|          0|
    |ap_loop_exit_ready_pp0_iter26_reg                                               |    1|    0|    1|          0|
    |ap_loop_exit_ready_pp0_iter27_reg                                               |    1|    0|    1|          0|
    |ap_loop_exit_ready_pp0_iter28_reg                                               |    1|    0|    1|          0|
    |ap_loop_exit_ready_pp0_iter29_reg                                               |    1|    0|    1|          0|
    |ap_loop_exit_ready_pp0_iter2_reg                                                |    1|    0|    1|          0|
    |ap_loop_exit_ready_pp0_iter3_reg                                                |    1|    0|    1|          0|
    |ap_loop_exit_ready_pp0_iter4_reg                                                |    1|    0|    1|          0|
    |ap_loop_exit_ready_pp0_iter5_reg                                                |    1|    0|    1|          0|
    |ap_loop_exit_ready_pp0_iter6_reg                                                |    1|    0|    1|          0|
    |ap_loop_exit_ready_pp0_iter7_reg                                                |    1|    0|    1|          0|
    |ap_loop_exit_ready_pp0_iter8_reg                                                |    1|    0|    1|          0|
    |ap_loop_exit_ready_pp0_iter9_reg                                                |    1|    0|    1|          0|
    |div_i_i_i_19_reg_13978                                                          |   32|    0|   32|          0|
    |div_i_i_i_20_reg_13983                                                          |   32|    0|   32|          0|
    |div_i_i_i_21_reg_13988                                                          |   32|    0|   32|          0|
    |div_i_i_i_22_reg_13993                                                          |   32|    0|   32|          0|
    |div_i_i_i_23_reg_13998                                                          |   32|    0|   32|          0|
    |div_i_i_i_24_reg_14003                                                          |   32|    0|   32|          0|
    |div_i_i_i_25_reg_14008                                                          |   32|    0|   32|          0|
    |div_i_i_i_26_reg_14013                                                          |   32|    0|   32|          0|
    |div_i_i_i_27_reg_14018                                                          |   32|    0|   32|          0|
    |div_i_i_i_28_reg_14023                                                          |   32|    0|   32|          0|
    |div_i_i_i_29_reg_14028                                                          |   32|    0|   32|          0|
    |div_i_i_i_30_reg_14033                                                          |   32|    0|   32|          0|
    |div_i_i_i_31_reg_14038                                                          |   32|    0|   32|          0|
    |div_i_i_i_32_reg_14043                                                          |   32|    0|   32|          0|
    |div_i_i_i_33_reg_14048                                                          |   32|    0|   32|          0|
    |div_i_i_i_34_reg_14053                                                          |   32|    0|   32|          0|
    |div_i_i_i_35_reg_14058                                                          |   32|    0|   32|          0|
    |div_i_i_i_36_reg_14063                                                          |   32|    0|   32|          0|
    |div_i_i_i_37_reg_14068                                                          |   32|    0|   32|          0|
    |div_i_i_i_38_reg_14073                                                          |   32|    0|   32|          0|
    |div_i_i_i_39_reg_14078                                                          |   32|    0|   32|          0|
    |div_i_i_i_40_reg_14083                                                          |   32|    0|   32|          0|
    |div_i_i_i_41_reg_14088                                                          |   32|    0|   32|          0|
    |div_i_i_i_42_reg_14093                                                          |   32|    0|   32|          0|
    |div_i_i_i_43_reg_14098                                                          |   32|    0|   32|          0|
    |div_i_i_i_89_reg_14103                                                          |   32|    0|   32|          0|
    |div_i_i_i_90_reg_14108                                                          |   32|    0|   32|          0|
    |div_i_i_i_91_reg_14113                                                          |   32|    0|   32|          0|
    |div_i_i_i_92_reg_14118                                                          |   32|    0|   32|          0|
    |div_i_i_i_93_reg_14123                                                          |   32|    0|   32|          0|
    |div_i_i_i_94_reg_14128                                                          |   32|    0|   32|          0|
    |div_i_i_i_95_reg_14133                                                          |   32|    0|   32|          0|
    |div_i_i_i_96_reg_14138                                                          |   32|    0|   32|          0|
    |div_i_i_i_97_reg_14143                                                          |   32|    0|   32|          0|
    |div_i_i_i_98_reg_14148                                                          |   32|    0|   32|          0|
    |icmp_ln288_reg_10276                                                            |    1|    0|    1|          0|
    |mx_100_reg_11960                                                                |   32|    0|   32|          0|
    |mx_101_reg_11029                                                                |   32|    0|   32|          0|
    |mx_102_reg_11967                                                                |   32|    0|   32|          0|
    |mx_103_reg_11037                                                                |   32|    0|   32|          0|
    |mx_104_reg_11974                                                                |   32|    0|   32|          0|
    |mx_105_reg_11045                                                                |   32|    0|   32|          0|
    |mx_106_reg_11981                                                                |   32|    0|   32|          0|
    |mx_107_reg_11053                                                                |   32|    0|   32|          0|
    |mx_108_reg_11988                                                                |   32|    0|   32|          0|
    |mx_109_reg_11061                                                                |   32|    0|   32|          0|
    |mx_10_reg_11645                                                                 |   32|    0|   32|          0|
    |mx_110_reg_11995                                                                |   32|    0|   32|          0|
    |mx_111_reg_11069                                                                |   32|    0|   32|          0|
    |mx_112_reg_12002                                                                |   32|    0|   32|          0|
    |mx_113_reg_11077                                                                |   32|    0|   32|          0|
    |mx_114_reg_12009                                                                |   32|    0|   32|          0|
    |mx_115_reg_11085                                                                |   32|    0|   32|          0|
    |mx_116_reg_12016                                                                |   32|    0|   32|          0|
    |mx_117_reg_11093                                                                |   32|    0|   32|          0|
    |mx_118_reg_12023                                                                |   32|    0|   32|          0|
    |mx_119_reg_11158                                                                |   32|    0|   32|          0|
    |mx_11_reg_10400                                                                 |   32|    0|   32|          0|
    |mx_120_reg_12030                                                                |   32|    0|   32|          0|
    |mx_121_reg_11166                                                                |   32|    0|   32|          0|
    |mx_122_reg_12037                                                                |   32|    0|   32|          0|
    |mx_123_reg_11174                                                                |   32|    0|   32|          0|
    |mx_124_reg_12044                                                                |   32|    0|   32|          0|
    |mx_125_reg_11182                                                                |   32|    0|   32|          0|
    |mx_126_reg_12051                                                                |   32|    0|   32|          0|
    |mx_127_reg_11190                                                                |   32|    0|   32|          0|
    |mx_128_reg_12058                                                                |   32|    0|   32|          0|
    |mx_129_reg_11198                                                                |   32|    0|   32|          0|
    |mx_12_reg_11652                                                                 |   32|    0|   32|          0|
    |mx_130_reg_12065                                                                |   32|    0|   32|          0|
    |mx_131_reg_11206                                                                |   32|    0|   32|          0|
    |mx_132_reg_12072                                                                |   32|    0|   32|          0|
    |mx_133_reg_11214                                                                |   32|    0|   32|          0|
    |mx_134_reg_12079                                                                |   32|    0|   32|          0|
    |mx_135_reg_11222                                                                |   32|    0|   32|          0|
    |mx_136_reg_12086                                                                |   32|    0|   32|          0|
    |mx_137_reg_11230                                                                |   32|    0|   32|          0|
    |mx_138_reg_12093                                                                |   32|    0|   32|          0|
    |mx_139_reg_11288                                                                |   32|    0|   32|          0|
    |mx_13_reg_10408                                                                 |   32|    0|   32|          0|
    |mx_140_reg_12100                                                                |   32|    0|   32|          0|
    |mx_141_reg_11296                                                                |   32|    0|   32|          0|
    |mx_142_reg_12107                                                                |   32|    0|   32|          0|
    |mx_143_reg_11304                                                                |   32|    0|   32|          0|
    |mx_144_reg_12114                                                                |   32|    0|   32|          0|
    |mx_145_reg_11312                                                                |   32|    0|   32|          0|
    |mx_146_reg_12121                                                                |   32|    0|   32|          0|
    |mx_147_reg_11320                                                                |   32|    0|   32|          0|
    |mx_148_reg_12128                                                                |   32|    0|   32|          0|
    |mx_149_reg_11328                                                                |   32|    0|   32|          0|
    |mx_14_reg_11659                                                                 |   32|    0|   32|          0|
    |mx_150_reg_12135                                                                |   32|    0|   32|          0|
    |mx_151_reg_11336                                                                |   32|    0|   32|          0|
    |mx_152_reg_12142                                                                |   32|    0|   32|          0|
    |mx_153_reg_11344                                                                |   32|    0|   32|          0|
    |mx_154_reg_12149                                                                |   32|    0|   32|          0|
    |mx_155_reg_11352                                                                |   32|    0|   32|          0|
    |mx_156_reg_12156                                                                |   32|    0|   32|          0|
    |mx_157_reg_11360                                                                |   32|    0|   32|          0|
    |mx_158_reg_12163                                                                |   32|    0|   32|          0|
    |mx_159_reg_11430                                                                |   32|    0|   32|          0|
    |mx_15_reg_10416                                                                 |   32|    0|   32|          0|
    |mx_160_reg_12170                                                                |   32|    0|   32|          0|
    |mx_161_reg_11438                                                                |   32|    0|   32|          0|
    |mx_162_reg_12177                                                                |   32|    0|   32|          0|
    |mx_163_reg_11446                                                                |   32|    0|   32|          0|
    |mx_164_reg_12184                                                                |   32|    0|   32|          0|
    |mx_165_reg_11454                                                                |   32|    0|   32|          0|
    |mx_166_reg_12191                                                                |   32|    0|   32|          0|
    |mx_167_reg_11462                                                                |   32|    0|   32|          0|
    |mx_168_reg_12198                                                                |   32|    0|   32|          0|
    |mx_169_reg_11470                                                                |   32|    0|   32|          0|
    |mx_16_reg_11666                                                                 |   32|    0|   32|          0|
    |mx_170_reg_12205                                                                |   32|    0|   32|          0|
    |mx_171_reg_11478                                                                |   32|    0|   32|          0|
    |mx_172_reg_12212                                                                |   32|    0|   32|          0|
    |mx_173_reg_11486                                                                |   32|    0|   32|          0|
    |mx_174_reg_12219                                                                |   32|    0|   32|          0|
    |mx_175_reg_11494                                                                |   32|    0|   32|          0|
    |mx_176_reg_12226                                                                |   32|    0|   32|          0|
    |mx_177_reg_11502                                                                |   32|    0|   32|          0|
    |mx_178_reg_12233                                                                |   32|    0|   32|          0|
    |mx_179_reg_11565                                                                |   32|    0|   32|          0|
    |mx_17_reg_10424                                                                 |   32|    0|   32|          0|
    |mx_180_reg_12240                                                                |   32|    0|   32|          0|
    |mx_181_reg_11573                                                                |   32|    0|   32|          0|
    |mx_182_reg_12247                                                                |   32|    0|   32|          0|
    |mx_183_reg_11581                                                                |   32|    0|   32|          0|
    |mx_184_reg_12254                                                                |   32|    0|   32|          0|
    |mx_185_reg_11589                                                                |   32|    0|   32|          0|
    |mx_186_reg_12261                                                                |   32|    0|   32|          0|
    |mx_187_reg_11597                                                                |   32|    0|   32|          0|
    |mx_188_reg_12268                                                                |   32|    0|   32|          0|
    |mx_189_reg_11605                                                                |   32|    0|   32|          0|
    |mx_18_reg_11673                                                                 |   32|    0|   32|          0|
    |mx_190_reg_12275                                                                |   32|    0|   32|          0|
    |mx_191_reg_11613                                                                |   32|    0|   32|          0|
    |mx_192_reg_12282                                                                |   32|    0|   32|          0|
    |mx_193_reg_11621                                                                |   32|    0|   32|          0|
    |mx_194_reg_12289                                                                |   32|    0|   32|          0|
    |mx_195_reg_11629                                                                |   32|    0|   32|          0|
    |mx_196_reg_12296                                                                |   32|    0|   32|          0|
    |mx_197_reg_11637                                                                |   32|    0|   32|          0|
    |mx_198_reg_12303                                                                |   32|    0|   32|          0|
    |mx_19_reg_10482                                                                 |   32|    0|   32|          0|
    |mx_1_reg_10360                                                                  |   32|    0|   32|          0|
    |mx_20_reg_11680                                                                 |   32|    0|   32|          0|
    |mx_21_reg_10490                                                                 |   32|    0|   32|          0|
    |mx_22_reg_11687                                                                 |   32|    0|   32|          0|
    |mx_23_reg_10498                                                                 |   32|    0|   32|          0|
    |mx_24_reg_11694                                                                 |   32|    0|   32|          0|
    |mx_25_reg_10506                                                                 |   32|    0|   32|          0|
    |mx_26_reg_11701                                                                 |   32|    0|   32|          0|
    |mx_27_reg_10514                                                                 |   32|    0|   32|          0|
    |mx_28_reg_11708                                                                 |   32|    0|   32|          0|
    |mx_29_reg_10522                                                                 |   32|    0|   32|          0|
    |mx_2_reg_10747                                                                  |   32|    0|   32|          0|
    |mx_30_reg_11715                                                                 |   32|    0|   32|          0|
    |mx_31_reg_10530                                                                 |   32|    0|   32|          0|
    |mx_32_reg_11722                                                                 |   32|    0|   32|          0|
    |mx_33_reg_10538                                                                 |   32|    0|   32|          0|
    |mx_34_reg_11729                                                                 |   32|    0|   32|          0|
    |mx_35_reg_10546                                                                 |   32|    0|   32|          0|
    |mx_36_reg_11736                                                                 |   32|    0|   32|          0|
    |mx_37_reg_10554                                                                 |   32|    0|   32|          0|
    |mx_38_reg_11743                                                                 |   32|    0|   32|          0|
    |mx_39_reg_10617                                                                 |   32|    0|   32|          0|
    |mx_3_reg_10368                                                                  |   32|    0|   32|          0|
    |mx_40_reg_11750                                                                 |   32|    0|   32|          0|
    |mx_41_reg_10625                                                                 |   32|    0|   32|          0|
    |mx_42_reg_11757                                                                 |   32|    0|   32|          0|
    |mx_43_reg_10633                                                                 |   32|    0|   32|          0|
    |mx_44_reg_11764                                                                 |   32|    0|   32|          0|
    |mx_45_reg_10641                                                                 |   32|    0|   32|          0|
    |mx_46_reg_11771                                                                 |   32|    0|   32|          0|
    |mx_47_reg_10649                                                                 |   32|    0|   32|          0|
    |mx_48_reg_11778                                                                 |   32|    0|   32|          0|
    |mx_49_reg_10657                                                                 |   32|    0|   32|          0|
    |mx_4_reg_10884                                                                  |   32|    0|   32|          0|
    |mx_50_reg_11785                                                                 |   32|    0|   32|          0|
    |mx_51_reg_10665                                                                 |   32|    0|   32|          0|
    |mx_52_reg_11792                                                                 |   32|    0|   32|          0|
    |mx_53_reg_10673                                                                 |   32|    0|   32|          0|
    |mx_54_reg_11799                                                                 |   32|    0|   32|          0|
    |mx_55_reg_10681                                                                 |   32|    0|   32|          0|
    |mx_56_reg_11806                                                                 |   32|    0|   32|          0|
    |mx_57_reg_10689                                                                 |   32|    0|   32|          0|
    |mx_58_reg_11813                                                                 |   32|    0|   32|          0|
    |mx_59_reg_10754                                                                 |   32|    0|   32|          0|
    |mx_5_reg_10376                                                                  |   32|    0|   32|          0|
    |mx_60_reg_11820                                                                 |   32|    0|   32|          0|
    |mx_61_reg_10762                                                                 |   32|    0|   32|          0|
    |mx_62_reg_11827                                                                 |   32|    0|   32|          0|
    |mx_63_reg_10770                                                                 |   32|    0|   32|          0|
    |mx_64_reg_11834                                                                 |   32|    0|   32|          0|
    |mx_65_reg_10778                                                                 |   32|    0|   32|          0|
    |mx_66_reg_11841                                                                 |   32|    0|   32|          0|
    |mx_67_reg_10786                                                                 |   32|    0|   32|          0|
    |mx_68_reg_11848                                                                 |   32|    0|   32|          0|
    |mx_69_reg_10794                                                                 |   32|    0|   32|          0|
    |mx_6_reg_11151                                                                  |   32|    0|   32|          0|
    |mx_70_reg_11855                                                                 |   32|    0|   32|          0|
    |mx_71_reg_10802                                                                 |   32|    0|   32|          0|
    |mx_72_reg_11862                                                                 |   32|    0|   32|          0|
    |mx_73_reg_10810                                                                 |   32|    0|   32|          0|
    |mx_74_reg_11869                                                                 |   32|    0|   32|          0|
    |mx_75_reg_10818                                                                 |   32|    0|   32|          0|
    |mx_76_reg_11876                                                                 |   32|    0|   32|          0|
    |mx_77_reg_10826                                                                 |   32|    0|   32|          0|
    |mx_78_reg_11883                                                                 |   32|    0|   32|          0|
    |mx_79_reg_10891                                                                 |   32|    0|   32|          0|
    |mx_7_reg_10384                                                                  |   32|    0|   32|          0|
    |mx_80_reg_11890                                                                 |   32|    0|   32|          0|
    |mx_81_reg_10899                                                                 |   32|    0|   32|          0|
    |mx_82_reg_11897                                                                 |   32|    0|   32|          0|
    |mx_83_reg_10907                                                                 |   32|    0|   32|          0|
    |mx_84_reg_11904                                                                 |   32|    0|   32|          0|
    |mx_85_reg_10915                                                                 |   32|    0|   32|          0|
    |mx_86_reg_11911                                                                 |   32|    0|   32|          0|
    |mx_87_reg_10923                                                                 |   32|    0|   32|          0|
    |mx_88_reg_11918                                                                 |   32|    0|   32|          0|
    |mx_89_reg_10931                                                                 |   32|    0|   32|          0|
    |mx_8_reg_11423                                                                  |   32|    0|   32|          0|
    |mx_90_reg_11925                                                                 |   32|    0|   32|          0|
    |mx_91_reg_10939                                                                 |   32|    0|   32|          0|
    |mx_92_reg_11932                                                                 |   32|    0|   32|          0|
    |mx_93_reg_10947                                                                 |   32|    0|   32|          0|
    |mx_94_reg_11939                                                                 |   32|    0|   32|          0|
    |mx_95_reg_10955                                                                 |   32|    0|   32|          0|
    |mx_96_reg_11946                                                                 |   32|    0|   32|          0|
    |mx_97_reg_10963                                                                 |   32|    0|   32|          0|
    |mx_98_reg_11953                                                                 |   32|    0|   32|          0|
    |mx_99_reg_11021                                                                 |   32|    0|   32|          0|
    |mx_9_reg_10392                                                                  |   32|    0|   32|          0|
    |mx_reg_10352                                                                    |   32|    0|   32|          0|
    |qi_fu_96                                                                        |    7|    0|    7|          0|
    |reg_1069                                                                        |   32|    0|   32|          0|
    |reg_1074                                                                        |   32|    0|   32|          0|
    |reg_1080                                                                        |   32|    0|   32|          0|
    |reg_1086                                                                        |   32|    0|   32|          0|
    |reg_1092                                                                        |   32|    0|   32|          0|
    |reg_1098                                                                        |   32|    0|   32|          0|
    |reg_1104                                                                        |   32|    0|   32|          0|
    |reg_1110                                                                        |   32|    0|   32|          0|
    |reg_1116                                                                        |   32|    0|   32|          0|
    |reg_1122                                                                        |   32|    0|   32|          0|
    |reg_1128                                                                        |   32|    0|   32|          0|
    |reg_1134                                                                        |   32|    0|   32|          0|
    |reg_1140                                                                        |   32|    0|   32|          0|
    |reg_1146                                                                        |   32|    0|   32|          0|
    |reg_1152                                                                        |   32|    0|   32|          0|
    |reg_1158                                                                        |   32|    0|   32|          0|
    |reg_1164                                                                        |   32|    0|   32|          0|
    |reg_1170                                                                        |   32|    0|   32|          0|
    |reg_1176                                                                        |   32|    0|   32|          0|
    |reg_1182                                                                        |   32|    0|   32|          0|
    |reg_1188                                                                        |   32|    0|   32|          0|
    |reg_1194                                                                        |   32|    0|   32|          0|
    |reg_1200                                                                        |   32|    0|   32|          0|
    |reg_1206                                                                        |   32|    0|   32|          0|
    |reg_1212                                                                        |   32|    0|   32|          0|
    |reg_1218                                                                        |   32|    0|   32|          0|
    |reg_1224                                                                        |   32|    0|   32|          0|
    |s_10_reg_13904                                                                  |   32|    0|   32|          0|
    |s_11_reg_13909                                                                  |   32|    0|   32|          0|
    |s_12_reg_13914                                                                  |   32|    0|   32|          0|
    |s_13_reg_13919                                                                  |   32|    0|   32|          0|
    |s_14_reg_13924                                                                  |   32|    0|   32|          0|
    |s_15_reg_13929                                                                  |   32|    0|   32|          0|
    |s_17_reg_13934                                                                  |   32|    0|   32|          0|
    |s_18_reg_13939                                                                  |   32|    0|   32|          0|
    |s_19_reg_13944                                                                  |   32|    0|   32|          0|
    |s_1_reg_13799                                                                   |   32|    0|   32|          0|
    |s_20_reg_13949                                                                  |   32|    0|   32|          0|
    |s_21_reg_13954                                                                  |   32|    0|   32|          0|
    |s_22_reg_13959                                                                  |   32|    0|   32|          0|
    |s_23_reg_13964                                                                  |   32|    0|   32|          0|
    |s_24_reg_13969                                                                  |   32|    0|   32|          0|
    |s_4_reg_13854                                                                   |   32|    0|   32|          0|
    |s_6_reg_13884                                                                   |   32|    0|   32|          0|
    |s_7_reg_13889                                                                   |   32|    0|   32|          0|
    |s_8_reg_13894                                                                   |   32|    0|   32|          0|
    |s_9_reg_13899                                                                   |   32|    0|   32|          0|
    |sub_i_i_i_10_reg_12379                                                          |   32|    0|   32|          0|
    |sub_i_i_i_11_reg_12374                                                          |   32|    0|   32|          0|
    |sub_i_i_i_12_reg_12384                                                          |   32|    0|   32|          0|
    |sub_i_i_i_13_reg_12389                                                          |   32|    0|   32|          0|
    |sub_i_i_i_14_reg_12394                                                          |   32|    0|   32|          0|
    |sub_i_i_i_15_reg_12399                                                          |   32|    0|   32|          0|
    |sub_i_i_i_16_reg_12404                                                          |   32|    0|   32|          0|
    |sub_i_i_i_17_reg_12409                                                          |   32|    0|   32|          0|
    |sub_i_i_i_18_reg_12429                                                          |   32|    0|   32|          0|
    |sub_i_i_i_19_reg_12414                                                          |   32|    0|   32|          0|
    |sub_i_i_i_1_reg_12324                                                           |   32|    0|   32|          0|
    |sub_i_i_i_20_reg_12419                                                          |   32|    0|   32|          0|
    |sub_i_i_i_21_reg_12434                                                          |   32|    0|   32|          0|
    |sub_i_i_i_22_reg_12439                                                          |   32|    0|   32|          0|
    |sub_i_i_i_23_reg_12424                                                          |   32|    0|   32|          0|
    |sub_i_i_i_24_reg_12444                                                          |   32|    0|   32|          0|
    |sub_i_i_i_25_reg_12449                                                          |   32|    0|   32|          0|
    |sub_i_i_i_26_reg_12454                                                          |   32|    0|   32|          0|
    |sub_i_i_i_27_reg_12459                                                          |   32|    0|   32|          0|
    |sub_i_i_i_28_reg_12464                                                          |   32|    0|   32|          0|
    |sub_i_i_i_29_reg_12474                                                          |   32|    0|   32|          0|
    |sub_i_i_i_2_reg_12329                                                           |   32|    0|   32|          0|
    |sub_i_i_i_30_reg_12479                                                          |   32|    0|   32|          0|
    |sub_i_i_i_31_reg_12469                                                          |   32|    0|   32|          0|
    |sub_i_i_i_32_reg_12484                                                          |   32|    0|   32|          0|
    |sub_i_i_i_33_reg_12489                                                          |   32|    0|   32|          0|
    |sub_i_i_i_34_reg_12494                                                          |   32|    0|   32|          0|
    |sub_i_i_i_35_reg_12499                                                          |   32|    0|   32|          0|
    |sub_i_i_i_36_reg_12504                                                          |   32|    0|   32|          0|
    |sub_i_i_i_37_reg_12509                                                          |   32|    0|   32|          0|
    |sub_i_i_i_38_reg_12519                                                          |   32|    0|   32|          0|
    |sub_i_i_i_39_reg_12514                                                          |   32|    0|   32|          0|
    |sub_i_i_i_3_reg_12334                                                           |   32|    0|   32|          0|
    |sub_i_i_i_40_reg_12524                                                          |   32|    0|   32|          0|
    |sub_i_i_i_41_reg_12529                                                          |   32|    0|   32|          0|
    |sub_i_i_i_42_reg_12534                                                          |   32|    0|   32|          0|
    |sub_i_i_i_43_reg_12539                                                          |   32|    0|   32|          0|
    |sub_i_i_i_44_reg_12544                                                          |   32|    0|   32|          0|
    |sub_i_i_i_45_reg_12549                                                          |   32|    0|   32|          0|
    |sub_i_i_i_46_reg_12559                                                          |   32|    0|   32|          0|
    |sub_i_i_i_47_reg_12554                                                          |   32|    0|   32|          0|
    |sub_i_i_i_48_reg_12564                                                          |   32|    0|   32|          0|
    |sub_i_i_i_49_reg_12569                                                          |   32|    0|   32|          0|
    |sub_i_i_i_4_reg_12339                                                           |   32|    0|   32|          0|
    |sub_i_i_i_50_reg_12589                                                          |   32|    0|   32|          0|
    |sub_i_i_i_51_reg_12574                                                          |   32|    0|   32|          0|
    |sub_i_i_i_52_reg_12579                                                          |   32|    0|   32|          0|
    |sub_i_i_i_53_reg_12594                                                          |   32|    0|   32|          0|
    |sub_i_i_i_54_reg_12599                                                          |   32|    0|   32|          0|
    |sub_i_i_i_55_reg_12584                                                          |   32|    0|   32|          0|
    |sub_i_i_i_56_reg_12604                                                          |   32|    0|   32|          0|
    |sub_i_i_i_57_reg_12609                                                          |   32|    0|   32|          0|
    |sub_i_i_i_58_reg_12619                                                          |   32|    0|   32|          0|
    |sub_i_i_i_59_reg_12614                                                          |   32|    0|   32|          0|
    |sub_i_i_i_5_reg_12344                                                           |   32|    0|   32|          0|
    |sub_i_i_i_60_reg_12624                                                          |   32|    0|   32|          0|
    |sub_i_i_i_61_reg_12629                                                          |   32|    0|   32|          0|
    |sub_i_i_i_62_reg_12634                                                          |   32|    0|   32|          0|
    |sub_i_i_i_63_reg_12639                                                          |   32|    0|   32|          0|
    |sub_i_i_i_64_reg_12644                                                          |   32|    0|   32|          0|
    |sub_i_i_i_65_reg_12654                                                          |   32|    0|   32|          0|
    |sub_i_i_i_66_reg_12659                                                          |   32|    0|   32|          0|
    |sub_i_i_i_67_reg_12649                                                          |   32|    0|   32|          0|
    |sub_i_i_i_68_reg_12664                                                          |   32|    0|   32|          0|
    |sub_i_i_i_69_reg_12669                                                          |   32|    0|   32|          0|
    |sub_i_i_i_6_reg_12349                                                           |   32|    0|   32|          0|
    |sub_i_i_i_70_reg_12689                                                          |   32|    0|   32|          0|
    |sub_i_i_i_71_reg_12674                                                          |   32|    0|   32|          0|
    |sub_i_i_i_72_reg_12679                                                          |   32|    0|   32|          0|
    |sub_i_i_i_73_reg_12694                                                          |   32|    0|   32|          0|
    |sub_i_i_i_74_reg_12699                                                          |   32|    0|   32|          0|
    |sub_i_i_i_75_reg_12684                                                          |   32|    0|   32|          0|
    |sub_i_i_i_76_reg_12704                                                          |   32|    0|   32|          0|
    |sub_i_i_i_77_reg_12709                                                          |   32|    0|   32|          0|
    |sub_i_i_i_78_reg_12719                                                          |   32|    0|   32|          0|
    |sub_i_i_i_79_reg_12714                                                          |   32|    0|   32|          0|
    |sub_i_i_i_7_reg_12354                                                           |   32|    0|   32|          0|
    |sub_i_i_i_80_reg_12724                                                          |   32|    0|   32|          0|
    |sub_i_i_i_81_reg_12729                                                          |   32|    0|   32|          0|
    |sub_i_i_i_82_reg_12744                                                          |   32|    0|   32|          0|
    |sub_i_i_i_83_reg_12734                                                          |   32|    0|   32|          0|
    |sub_i_i_i_84_reg_12739                                                          |   32|    0|   32|          0|
    |sub_i_i_i_85_reg_12749                                                          |   32|    0|   32|          0|
    |sub_i_i_i_86_reg_12769                                                          |   32|    0|   32|          0|
    |sub_i_i_i_87_reg_12754                                                          |   32|    0|   32|          0|
    |sub_i_i_i_88_reg_12759                                                          |   32|    0|   32|          0|
    |sub_i_i_i_89_reg_12774                                                          |   32|    0|   32|          0|
    |sub_i_i_i_8_reg_12359                                                           |   32|    0|   32|          0|
    |sub_i_i_i_90_reg_12819                                                          |   32|    0|   32|          0|
    |sub_i_i_i_91_reg_12764                                                          |   32|    0|   32|          0|
    |sub_i_i_i_92_reg_12779                                                          |   32|    0|   32|          0|
    |sub_i_i_i_93_reg_12824                                                          |   32|    0|   32|          0|
    |sub_i_i_i_94_reg_12864                                                          |   32|    0|   32|          0|
    |sub_i_i_i_95_reg_12784                                                          |   32|    0|   32|          0|
    |sub_i_i_i_96_reg_12829                                                          |   32|    0|   32|          0|
    |sub_i_i_i_97_reg_12869                                                          |   32|    0|   32|          0|
    |sub_i_i_i_98_reg_12904                                                          |   32|    0|   32|          0|
    |sub_i_i_i_9_reg_12364                                                           |   32|    0|   32|          0|
    |sub_i_i_i_reg_12319                                                             |   32|    0|   32|          0|
    |sub_i_i_i_s_reg_12369                                                           |   32|    0|   32|          0|
    |tile_10_reg_13579                                                               |   32|    0|   32|          0|
    |tile_11_reg_13649                                                               |   32|    0|   32|          0|
    |tile_12_reg_13124                                                               |   32|    0|   32|          0|
    |tile_13_reg_13414                                                               |   32|    0|   32|          0|
    |tile_14_reg_13584                                                               |   32|    0|   32|          0|
    |tile_15_reg_13654                                                               |   32|    0|   32|          0|
    |tile_15_reg_13654_pp0_iter13_reg                                                |   32|    0|   32|          0|
    |tile_17_reg_13459                                                               |   32|    0|   32|          0|
    |tile_18_reg_13609                                                               |   32|    0|   32|          0|
    |tile_19_reg_13664                                                               |   32|    0|   32|          0|
    |tile_19_reg_13664_pp0_iter13_reg                                                |   32|    0|   32|          0|
    |tile_1_reg_13364                                                                |   32|    0|   32|          0|
    |tile_20_reg_13189                                                               |   32|    0|   32|          0|
    |tile_21_reg_13499                                                               |   32|    0|   32|          0|
    |tile_22_reg_13624                                                               |   32|    0|   32|          0|
    |tile_23_reg_13699                                                               |   32|    0|   32|          0|
    |tile_24_reg_13224                                                               |   32|    0|   32|          0|
    |tile_25_reg_13509                                                               |   32|    0|   32|          0|
    |tile_27_reg_13704                                                               |   32|    0|   32|          0|
    |tile_28_reg_13259                                                               |   32|    0|   32|          0|
    |tile_29_reg_13519                                                               |   32|    0|   32|          0|
    |tile_2_reg_13559                                                                |   32|    0|   32|          0|
    |tile_30_reg_13629                                                               |   32|    0|   32|          0|
    |tile_31_reg_13709                                                               |   32|    0|   32|          0|
    |tile_33_reg_13524                                                               |   32|    0|   32|          0|
    |tile_35_reg_13714                                                               |   32|    0|   32|          0|
    |tile_36_reg_13294                                                               |   32|    0|   32|          0|
    |tile_37_reg_13539                                                               |   32|    0|   32|          0|
    |tile_38_reg_13639                                                               |   32|    0|   32|          0|
    |tile_39_reg_13729                                                               |   32|    0|   32|          0|
    |tile_40_reg_13329                                                               |   32|    0|   32|          0|
    |tile_41_reg_13549                                                               |   32|    0|   32|          0|
    |tile_42_reg_13644                                                               |   32|    0|   32|          0|
    |tile_43_reg_13734                                                               |   32|    0|   32|          0|
    |tile_44_reg_13374                                                               |   32|    0|   32|          0|
    |tile_45_reg_13569                                                               |   32|    0|   32|          0|
    |tile_46_reg_13659                                                               |   32|    0|   32|          0|
    |tile_47_reg_13739                                                               |   32|    0|   32|          0|
    |tile_48_reg_13419                                                               |   32|    0|   32|          0|
    |tile_49_reg_13589                                                               |   32|    0|   32|          0|
    |tile_50_reg_13669                                                               |   32|    0|   32|          0|
    |tile_51_reg_13749                                                               |   32|    0|   32|          0|
    |tile_52_reg_13424                                                               |   32|    0|   32|          0|
    |tile_53_reg_13594                                                               |   32|    0|   32|          0|
    |tile_54_reg_13674                                                               |   32|    0|   32|          0|
    |tile_55_reg_13754                                                               |   32|    0|   32|          0|
    |tile_56_reg_13464                                                               |   32|    0|   32|          0|
    |tile_57_reg_13614                                                               |   32|    0|   32|          0|
    |tile_58_reg_13679                                                               |   32|    0|   32|          0|
    |tile_59_reg_13769                                                               |   32|    0|   32|          0|
    |tile_5_reg_13369                                                                |   32|    0|   32|          0|
    |tile_60_reg_13504                                                               |   32|    0|   32|          0|
    |tile_61_reg_13684                                                               |   32|    0|   32|          0|
    |tile_62_reg_13774                                                               |   32|    0|   32|          0|
    |tile_63_reg_13804                                                               |   32|    0|   32|          0|
    |tile_64_reg_13514                                                               |   32|    0|   32|          0|
    |tile_65_reg_13689                                                               |   32|    0|   32|          0|
    |tile_66_reg_13779                                                               |   32|    0|   32|          0|
    |tile_67_reg_13809                                                               |   32|    0|   32|          0|
    |tile_68_reg_13529                                                               |   32|    0|   32|          0|
    |tile_69_reg_13694                                                               |   32|    0|   32|          0|
    |tile_6_reg_13564                                                                |   32|    0|   32|          0|
    |tile_70_reg_13784                                                               |   32|    0|   32|          0|
    |tile_71_reg_13814                                                               |   32|    0|   32|          0|
    |tile_72_reg_13534                                                               |   32|    0|   32|          0|
    |tile_74_reg_13789                                                               |   32|    0|   32|          0|
    |tile_75_reg_13819                                                               |   32|    0|   32|          0|
    |tile_76_reg_13544                                                               |   32|    0|   32|          0|
    |tile_78_reg_13794                                                               |   32|    0|   32|          0|
    |tile_79_reg_13824                                                               |   32|    0|   32|          0|
    |tile_7_reg_13634                                                                |   32|    0|   32|          0|
    |tile_80_reg_13554                                                               |   32|    0|   32|          0|
    |tile_81_reg_13719                                                               |   32|    0|   32|          0|
    |tile_82_reg_13829                                                               |   32|    0|   32|          0|
    |tile_83_reg_13859                                                               |   32|    0|   32|          0|
    |tile_84_reg_13574                                                               |   32|    0|   32|          0|
    |tile_85_reg_13724                                                               |   32|    0|   32|          0|
    |tile_86_reg_13834                                                               |   32|    0|   32|          0|
    |tile_87_reg_13864                                                               |   32|    0|   32|          0|
    |tile_88_reg_13599                                                               |   32|    0|   32|          0|
    |tile_89_reg_13744                                                               |   32|    0|   32|          0|
    |tile_90_reg_13839                                                               |   32|    0|   32|          0|
    |tile_91_reg_13869                                                               |   32|    0|   32|          0|
    |tile_92_reg_13604                                                               |   32|    0|   32|          0|
    |tile_93_reg_13759                                                               |   32|    0|   32|          0|
    |tile_94_reg_13844                                                               |   32|    0|   32|          0|
    |tile_95_reg_13874                                                               |   32|    0|   32|          0|
    |tile_96_reg_13619                                                               |   32|    0|   32|          0|
    |tile_97_reg_13764                                                               |   32|    0|   32|          0|
    |tile_98_reg_13849                                                               |   32|    0|   32|          0|
    |tile_99_reg_13879                                                               |   32|    0|   32|          0|
    |tile_9_reg_13409                                                                |   32|    0|   32|          0|
    |tile_reg_13089                                                                  |   32|    0|   32|          0|
    |tmp_100_reg_13487                                                               |   32|    0|   32|          0|
    |tmp_101_reg_13493                                                               |   32|    0|   32|          0|
    |tmp_10_reg_12846                                                                |   32|    0|   32|          0|
    |tmp_11_reg_12852                                                                |   32|    0|   32|          0|
    |tmp_12_reg_12880                                                                |   32|    0|   32|          0|
    |tmp_13_reg_12886                                                                |   32|    0|   32|          0|
    |tmp_14_reg_12858                                                                |   32|    0|   32|          0|
    |tmp_15_reg_12892                                                                |   32|    0|   32|          0|
    |tmp_16_reg_12909                                                                |   32|    0|   32|          0|
    |tmp_17_reg_12915                                                                |   32|    0|   32|          0|
    |tmp_18_reg_12898                                                                |   32|    0|   32|          0|
    |tmp_19_reg_12921                                                                |   32|    0|   32|          0|
    |tmp_20_reg_12927                                                                |   32|    0|   32|          0|
    |tmp_21_reg_12939                                                                |   32|    0|   32|          0|
    |tmp_22_reg_12933                                                                |   32|    0|   32|          0|
    |tmp_23_reg_12945                                                                |   32|    0|   32|          0|
    |tmp_24_reg_12951                                                                |   32|    0|   32|          0|
    |tmp_25_reg_12969                                                                |   32|    0|   32|          0|
    |tmp_26_reg_12957                                                                |   32|    0|   32|          0|
    |tmp_27_reg_12963                                                                |   32|    0|   32|          0|
    |tmp_28_reg_12975                                                                |   32|    0|   32|          0|
    |tmp_29_reg_12999                                                                |   32|    0|   32|          0|
    |tmp_30_reg_12981                                                                |   32|    0|   32|          0|
    |tmp_31_reg_12987                                                                |   32|    0|   32|          0|
    |tmp_32_reg_13005                                                                |   32|    0|   32|          0|
    |tmp_33_reg_13011                                                                |   32|    0|   32|          0|
    |tmp_34_reg_12993                                                                |   32|    0|   32|          0|
    |tmp_35_reg_13017                                                                |   32|    0|   32|          0|
    |tmp_36_reg_13029                                                                |   32|    0|   32|          0|
    |tmp_37_reg_13035                                                                |   32|    0|   32|          0|
    |tmp_38_reg_13023                                                                |   32|    0|   32|          0|
    |tmp_39_reg_13041                                                                |   32|    0|   32|          0|
    |tmp_3_reg_12789                                                                 |   32|    0|   32|          0|
    |tmp_40_reg_13047                                                                |   32|    0|   32|          0|
    |tmp_41_reg_13059                                                                |   32|    0|   32|          0|
    |tmp_42_reg_13053                                                                |   32|    0|   32|          0|
    |tmp_43_reg_13065                                                                |   32|    0|   32|          0|
    |tmp_44_reg_13071                                                                |   32|    0|   32|          0|
    |tmp_45_reg_13094                                                                |   32|    0|   32|          0|
    |tmp_46_reg_13077                                                                |   32|    0|   32|          0|
    |tmp_47_reg_13083                                                                |   32|    0|   32|          0|
    |tmp_48_reg_13100                                                                |   32|    0|   32|          0|
    |tmp_49_reg_13129                                                                |   32|    0|   32|          0|
    |tmp_4_reg_12795                                                                 |   32|    0|   32|          0|
    |tmp_50_reg_13106                                                                |   32|    0|   32|          0|
    |tmp_51_reg_13112                                                                |   32|    0|   32|          0|
    |tmp_52_reg_13135                                                                |   32|    0|   32|          0|
    |tmp_53_reg_13141                                                                |   32|    0|   32|          0|
    |tmp_54_reg_13118                                                                |   32|    0|   32|          0|
    |tmp_55_reg_13147                                                                |   32|    0|   32|          0|
    |tmp_56_reg_13159                                                                |   32|    0|   32|          0|
    |tmp_57_reg_13165                                                                |   32|    0|   32|          0|
    |tmp_58_reg_13153                                                                |   32|    0|   32|          0|
    |tmp_59_reg_13171                                                                |   32|    0|   32|          0|
    |tmp_5_reg_12801                                                                 |   32|    0|   32|          0|
    |tmp_60_reg_13177                                                                |   32|    0|   32|          0|
    |tmp_61_reg_13194                                                                |   32|    0|   32|          0|
    |tmp_62_reg_13183                                                                |   32|    0|   32|          0|
    |tmp_63_reg_13200                                                                |   32|    0|   32|          0|
    |tmp_64_reg_13206                                                                |   32|    0|   32|          0|
    |tmp_65_reg_13229                                                                |   32|    0|   32|          0|
    |tmp_66_reg_13212                                                                |   32|    0|   32|          0|
    |tmp_67_reg_13218                                                                |   32|    0|   32|          0|
    |tmp_68_reg_13235                                                                |   32|    0|   32|          0|
    |tmp_69_reg_13264                                                                |   32|    0|   32|          0|
    |tmp_6_reg_12834                                                                 |   32|    0|   32|          0|
    |tmp_70_reg_13241                                                                |   32|    0|   32|          0|
    |tmp_71_reg_13247                                                                |   32|    0|   32|          0|
    |tmp_72_reg_13270                                                                |   32|    0|   32|          0|
    |tmp_73_reg_13276                                                                |   32|    0|   32|          0|
    |tmp_74_reg_13253                                                                |   32|    0|   32|          0|
    |tmp_75_reg_13282                                                                |   32|    0|   32|          0|
    |tmp_76_reg_13299                                                                |   32|    0|   32|          0|
    |tmp_77_reg_13305                                                                |   32|    0|   32|          0|
    |tmp_78_reg_13288                                                                |   32|    0|   32|          0|
    |tmp_79_reg_13311                                                                |   32|    0|   32|          0|
    |tmp_7_reg_12807                                                                 |   32|    0|   32|          0|
    |tmp_80_reg_13317                                                                |   32|    0|   32|          0|
    |tmp_81_reg_13334                                                                |   32|    0|   32|          0|
    |tmp_82_reg_13323                                                                |   32|    0|   32|          0|
    |tmp_83_reg_13340                                                                |   32|    0|   32|          0|
    |tmp_84_reg_13346                                                                |   32|    0|   32|          0|
    |tmp_85_reg_13379                                                                |   32|    0|   32|          0|
    |tmp_86_reg_13352                                                                |   32|    0|   32|          0|
    |tmp_87_reg_13358                                                                |   32|    0|   32|          0|
    |tmp_88_reg_13385                                                                |   32|    0|   32|          0|
    |tmp_89_reg_13429                                                                |   32|    0|   32|          0|
    |tmp_8_reg_12813                                                                 |   32|    0|   32|          0|
    |tmp_90_reg_13391                                                                |   32|    0|   32|          0|
    |tmp_91_reg_13397                                                                |   32|    0|   32|          0|
    |tmp_92_reg_13435                                                                |   32|    0|   32|          0|
    |tmp_93_reg_13441                                                                |   32|    0|   32|          0|
    |tmp_94_reg_13403                                                                |   32|    0|   32|          0|
    |tmp_95_reg_13447                                                                |   32|    0|   32|          0|
    |tmp_96_reg_13469                                                                |   32|    0|   32|          0|
    |tmp_97_reg_13475                                                                |   32|    0|   32|          0|
    |tmp_98_reg_13453                                                                |   32|    0|   32|          0|
    |tmp_99_reg_13481                                                                |   32|    0|   32|          0|
    |tmp_9_reg_12840                                                                 |   32|    0|   32|          0|
    |tmp_s_reg_12874                                                                 |   32|    0|   32|          0|
    |transformer_blk_s3_top_float_const_float_float_const_a_buf_1_addr_10_reg_10976  |    9|    0|   11|          2|
    |transformer_blk_s3_top_float_const_float_float_const_a_buf_1_addr_11_reg_11001  |    9|    0|   11|          2|
    |transformer_blk_s3_top_float_const_float_float_const_a_buf_1_addr_12_reg_11106  |    9|    0|   11|          2|
    |transformer_blk_s3_top_float_const_float_float_const_a_buf_1_addr_13_reg_11131  |    9|    0|   11|          2|
    |transformer_blk_s3_top_float_const_float_float_const_a_buf_1_addr_14_reg_11243  |    9|    0|   11|          2|
    |transformer_blk_s3_top_float_const_float_float_const_a_buf_1_addr_15_reg_11268  |    9|    0|   11|          2|
    |transformer_blk_s3_top_float_const_float_float_const_a_buf_1_addr_16_reg_11373  |    9|    0|   11|          2|
    |transformer_blk_s3_top_float_const_float_float_const_a_buf_1_addr_17_reg_11399  |    9|    0|   11|          2|
    |transformer_blk_s3_top_float_const_float_float_const_a_buf_1_addr_18_reg_11516  |    9|    0|   11|          2|
    |transformer_blk_s3_top_float_const_float_float_const_a_buf_1_addr_19_reg_11545  |    9|    0|   11|          2|
    |transformer_blk_s3_top_float_const_float_float_const_a_buf_1_addr_1_reg_10332   |    9|    0|   11|          2|
    |transformer_blk_s3_top_float_const_float_float_const_a_buf_1_addr_2_reg_10437   |    9|    0|   11|          2|
    |transformer_blk_s3_top_float_const_float_float_const_a_buf_1_addr_3_reg_10462   |    9|    0|   11|          2|
    |transformer_blk_s3_top_float_const_float_float_const_a_buf_1_addr_4_reg_10567   |    9|    0|   11|          2|
    |transformer_blk_s3_top_float_const_float_float_const_a_buf_1_addr_5_reg_10592   |    9|    0|   11|          2|
    |transformer_blk_s3_top_float_const_float_float_const_a_buf_1_addr_6_reg_10702   |    9|    0|   11|          2|
    |transformer_blk_s3_top_float_const_float_float_const_a_buf_1_addr_7_reg_10727   |    9|    0|   11|          2|
    |transformer_blk_s3_top_float_const_float_float_const_a_buf_1_addr_8_reg_10839   |    9|    0|   11|          2|
    |transformer_blk_s3_top_float_const_float_float_const_a_buf_1_addr_9_reg_10864   |    9|    0|   11|          2|
    |transformer_blk_s3_top_float_const_float_float_const_a_buf_1_addr_reg_10307     |    9|    0|   11|          2|
    |transformer_blk_s3_top_float_const_float_float_const_a_buf_2_addr_10_reg_10981  |    9|    0|   11|          2|
    |transformer_blk_s3_top_float_const_float_float_const_a_buf_2_addr_11_reg_11006  |    9|    0|   11|          2|
    |transformer_blk_s3_top_float_const_float_float_const_a_buf_2_addr_12_reg_11111  |    9|    0|   11|          2|
    |transformer_blk_s3_top_float_const_float_float_const_a_buf_2_addr_13_reg_11136  |    9|    0|   11|          2|
    |transformer_blk_s3_top_float_const_float_float_const_a_buf_2_addr_14_reg_11248  |    9|    0|   11|          2|
    |transformer_blk_s3_top_float_const_float_float_const_a_buf_2_addr_15_reg_11273  |    9|    0|   11|          2|
    |transformer_blk_s3_top_float_const_float_float_const_a_buf_2_addr_16_reg_11378  |    9|    0|   11|          2|
    |transformer_blk_s3_top_float_const_float_float_const_a_buf_2_addr_17_reg_11405  |    9|    0|   11|          2|
    |transformer_blk_s3_top_float_const_float_float_const_a_buf_2_addr_18_reg_11522  |    9|    0|   11|          2|
    |transformer_blk_s3_top_float_const_float_float_const_a_buf_2_addr_19_reg_11550  |    9|    0|   11|          2|
    |transformer_blk_s3_top_float_const_float_float_const_a_buf_2_addr_1_reg_10337   |    9|    0|   11|          2|
    |transformer_blk_s3_top_float_const_float_float_const_a_buf_2_addr_2_reg_10442   |    9|    0|   11|          2|
    |transformer_blk_s3_top_float_const_float_float_const_a_buf_2_addr_3_reg_10467   |    9|    0|   11|          2|
    |transformer_blk_s3_top_float_const_float_float_const_a_buf_2_addr_4_reg_10572   |    9|    0|   11|          2|
    |transformer_blk_s3_top_float_const_float_float_const_a_buf_2_addr_5_reg_10597   |    9|    0|   11|          2|
    |transformer_blk_s3_top_float_const_float_float_const_a_buf_2_addr_6_reg_10707   |    9|    0|   11|          2|
    |transformer_blk_s3_top_float_const_float_float_const_a_buf_2_addr_7_reg_10732   |    9|    0|   11|          2|
    |transformer_blk_s3_top_float_const_float_float_const_a_buf_2_addr_8_reg_10844   |    9|    0|   11|          2|
    |transformer_blk_s3_top_float_const_float_float_const_a_buf_2_addr_9_reg_10869   |    9|    0|   11|          2|
    |transformer_blk_s3_top_float_const_float_float_const_a_buf_2_addr_reg_10312     |    9|    0|   11|          2|
    |transformer_blk_s3_top_float_const_float_float_const_a_buf_3_addr_10_reg_10986  |    9|    0|   11|          2|
    |transformer_blk_s3_top_float_const_float_float_const_a_buf_3_addr_11_reg_11011  |    9|    0|   11|          2|
    |transformer_blk_s3_top_float_const_float_float_const_a_buf_3_addr_12_reg_11116  |    9|    0|   11|          2|
    |transformer_blk_s3_top_float_const_float_float_const_a_buf_3_addr_13_reg_11141  |    9|    0|   11|          2|
    |transformer_blk_s3_top_float_const_float_float_const_a_buf_3_addr_14_reg_11253  |    9|    0|   11|          2|
    |transformer_blk_s3_top_float_const_float_float_const_a_buf_3_addr_15_reg_11278  |    9|    0|   11|          2|
    |transformer_blk_s3_top_float_const_float_float_const_a_buf_3_addr_16_reg_11383  |    9|    0|   11|          2|
    |transformer_blk_s3_top_float_const_float_float_const_a_buf_3_addr_17_reg_11411  |    9|    0|   11|          2|
    |transformer_blk_s3_top_float_const_float_float_const_a_buf_3_addr_18_reg_11528  |    9|    0|   11|          2|
    |transformer_blk_s3_top_float_const_float_float_const_a_buf_3_addr_19_reg_11555  |    9|    0|   11|          2|
    |transformer_blk_s3_top_float_const_float_float_const_a_buf_3_addr_1_reg_10342   |    9|    0|   11|          2|
    |transformer_blk_s3_top_float_const_float_float_const_a_buf_3_addr_2_reg_10447   |    9|    0|   11|          2|
    |transformer_blk_s3_top_float_const_float_float_const_a_buf_3_addr_3_reg_10472   |    9|    0|   11|          2|
    |transformer_blk_s3_top_float_const_float_float_const_a_buf_3_addr_4_reg_10577   |    9|    0|   11|          2|
    |transformer_blk_s3_top_float_const_float_float_const_a_buf_3_addr_5_reg_10602   |    9|    0|   11|          2|
    |transformer_blk_s3_top_float_const_float_float_const_a_buf_3_addr_6_reg_10712   |    9|    0|   11|          2|
    |transformer_blk_s3_top_float_const_float_float_const_a_buf_3_addr_7_reg_10737   |    9|    0|   11|          2|
    |transformer_blk_s3_top_float_const_float_float_const_a_buf_3_addr_8_reg_10849   |    9|    0|   11|          2|
    |transformer_blk_s3_top_float_const_float_float_const_a_buf_3_addr_9_reg_10874   |    9|    0|   11|          2|
    |transformer_blk_s3_top_float_const_float_float_const_a_buf_3_addr_reg_10317     |    9|    0|   11|          2|
    |transformer_blk_s3_top_float_const_float_float_const_a_buf_4_addr_10_reg_10991  |    9|    0|   11|          2|
    |transformer_blk_s3_top_float_const_float_float_const_a_buf_4_addr_11_reg_11016  |    9|    0|   11|          2|
    |transformer_blk_s3_top_float_const_float_float_const_a_buf_4_addr_12_reg_11121  |    9|    0|   11|          2|
    |transformer_blk_s3_top_float_const_float_float_const_a_buf_4_addr_13_reg_11146  |    9|    0|   11|          2|
    |transformer_blk_s3_top_float_const_float_float_const_a_buf_4_addr_14_reg_11258  |    9|    0|   11|          2|
    |transformer_blk_s3_top_float_const_float_float_const_a_buf_4_addr_15_reg_11283  |    9|    0|   11|          2|
    |transformer_blk_s3_top_float_const_float_float_const_a_buf_4_addr_16_reg_11388  |    9|    0|   11|          2|
    |transformer_blk_s3_top_float_const_float_float_const_a_buf_4_addr_17_reg_11417  |    9|    0|   11|          2|
    |transformer_blk_s3_top_float_const_float_float_const_a_buf_4_addr_18_reg_11534  |    9|    0|   11|          2|
    |transformer_blk_s3_top_float_const_float_float_const_a_buf_4_addr_19_reg_11560  |    9|    0|   11|          2|
    |transformer_blk_s3_top_float_const_float_float_const_a_buf_4_addr_1_reg_10347   |    9|    0|   11|          2|
    |transformer_blk_s3_top_float_const_float_float_const_a_buf_4_addr_2_reg_10452   |    9|    0|   11|          2|
    |transformer_blk_s3_top_float_const_float_float_const_a_buf_4_addr_3_reg_10477   |    9|    0|   11|          2|
    |transformer_blk_s3_top_float_const_float_float_const_a_buf_4_addr_4_reg_10582   |    9|    0|   11|          2|
    |transformer_blk_s3_top_float_const_float_float_const_a_buf_4_addr_5_reg_10607   |    9|    0|   11|          2|
    |transformer_blk_s3_top_float_const_float_float_const_a_buf_4_addr_6_reg_10717   |    9|    0|   11|          2|
    |transformer_blk_s3_top_float_const_float_float_const_a_buf_4_addr_7_reg_10742   |    9|    0|   11|          2|
    |transformer_blk_s3_top_float_const_float_float_const_a_buf_4_addr_8_reg_10854   |    9|    0|   11|          2|
    |transformer_blk_s3_top_float_const_float_float_const_a_buf_4_addr_9_reg_10879   |    9|    0|   11|          2|
    |transformer_blk_s3_top_float_const_float_float_const_a_buf_4_addr_reg_10322     |    9|    0|   11|          2|
    |transformer_blk_s3_top_float_const_float_float_const_a_buf_addr_10_reg_10971    |    9|    0|   11|          2|
    |transformer_blk_s3_top_float_const_float_float_const_a_buf_addr_11_reg_10996    |    9|    0|   11|          2|
    |transformer_blk_s3_top_float_const_float_float_const_a_buf_addr_12_reg_11101    |    9|    0|   11|          2|
    |transformer_blk_s3_top_float_const_float_float_const_a_buf_addr_13_reg_11126    |    9|    0|   11|          2|
    |transformer_blk_s3_top_float_const_float_float_const_a_buf_addr_14_reg_11238    |    9|    0|   11|          2|
    |transformer_blk_s3_top_float_const_float_float_const_a_buf_addr_15_reg_11263    |    9|    0|   11|          2|
    |transformer_blk_s3_top_float_const_float_float_const_a_buf_addr_16_reg_11368    |    9|    0|   11|          2|
    |transformer_blk_s3_top_float_const_float_float_const_a_buf_addr_17_reg_11393    |    9|    0|   11|          2|
    |transformer_blk_s3_top_float_const_float_float_const_a_buf_addr_18_reg_11510    |    9|    0|   11|          2|
    |transformer_blk_s3_top_float_const_float_float_const_a_buf_addr_19_reg_11540    |    9|    0|   11|          2|
    |transformer_blk_s3_top_float_const_float_float_const_a_buf_addr_1_reg_10327     |    9|    0|   11|          2|
    |transformer_blk_s3_top_float_const_float_float_const_a_buf_addr_2_reg_10432     |    9|    0|   11|          2|
    |transformer_blk_s3_top_float_const_float_float_const_a_buf_addr_3_reg_10457     |    9|    0|   11|          2|
    |transformer_blk_s3_top_float_const_float_float_const_a_buf_addr_4_reg_10562     |    9|    0|   11|          2|
    |transformer_blk_s3_top_float_const_float_float_const_a_buf_addr_5_reg_10587     |    9|    0|   11|          2|
    |transformer_blk_s3_top_float_const_float_float_const_a_buf_addr_6_reg_10697     |    9|    0|   11|          2|
    |transformer_blk_s3_top_float_const_float_float_const_a_buf_addr_7_reg_10722     |    9|    0|   11|          2|
    |transformer_blk_s3_top_float_const_float_float_const_a_buf_addr_8_reg_10834     |    9|    0|   11|          2|
    |transformer_blk_s3_top_float_const_float_float_const_a_buf_addr_9_reg_10859     |    9|    0|   11|          2|
    |transformer_blk_s3_top_float_const_float_float_const_a_buf_addr_reg_10302       |    9|    0|   11|          2|
    |mx_101_reg_11029                                                                |   64|   32|   32|          0|
    |mx_103_reg_11037                                                                |   64|   32|   32|          0|
    |mx_105_reg_11045                                                                |   64|   32|   32|          0|
    |mx_107_reg_11053                                                                |   64|   32|   32|          0|
    |mx_109_reg_11061                                                                |   64|   32|   32|          0|
    |mx_111_reg_11069                                                                |   64|   32|   32|          0|
    |mx_113_reg_11077                                                                |   64|   32|   32|          0|
    |mx_115_reg_11085                                                                |   64|   32|   32|          0|
    |mx_117_reg_11093                                                                |   64|   32|   32|          0|
    |mx_119_reg_11158                                                                |   64|   32|   32|          0|
    |mx_11_reg_10400                                                                 |   64|   32|   32|          0|
    |mx_121_reg_11166                                                                |   64|   32|   32|          0|
    |mx_123_reg_11174                                                                |   64|   32|   32|          0|
    |mx_125_reg_11182                                                                |   64|   32|   32|          0|
    |mx_127_reg_11190                                                                |   64|   32|   32|          0|
    |mx_129_reg_11198                                                                |   64|   32|   32|          0|
    |mx_131_reg_11206                                                                |   64|   32|   32|          0|
    |mx_133_reg_11214                                                                |   64|   32|   32|          0|
    |mx_135_reg_11222                                                                |   64|   32|   32|          0|
    |mx_137_reg_11230                                                                |   64|   32|   32|          0|
    |mx_139_reg_11288                                                                |   64|   32|   32|          0|
    |mx_13_reg_10408                                                                 |   64|   32|   32|          0|
    |mx_141_reg_11296                                                                |   64|   32|   32|          0|
    |mx_143_reg_11304                                                                |   64|   32|   32|          0|
    |mx_145_reg_11312                                                                |   64|   32|   32|          0|
    |mx_147_reg_11320                                                                |   64|   32|   32|          0|
    |mx_149_reg_11328                                                                |   64|   32|   32|          0|
    |mx_151_reg_11336                                                                |   64|   32|   32|          0|
    |mx_153_reg_11344                                                                |   64|   32|   32|          0|
    |mx_155_reg_11352                                                                |   64|   32|   32|          0|
    |mx_157_reg_11360                                                                |   64|   32|   32|          0|
    |mx_159_reg_11430                                                                |   64|   32|   32|          0|
    |mx_15_reg_10416                                                                 |   64|   32|   32|          0|
    |mx_161_reg_11438                                                                |   64|   32|   32|          0|
    |mx_163_reg_11446                                                                |   64|   32|   32|          0|
    |mx_165_reg_11454                                                                |   64|   32|   32|          0|
    |mx_167_reg_11462                                                                |   64|   32|   32|          0|
    |mx_169_reg_11470                                                                |   64|   32|   32|          0|
    |mx_171_reg_11478                                                                |   64|   32|   32|          0|
    |mx_173_reg_11486                                                                |   64|   32|   32|          0|
    |mx_175_reg_11494                                                                |   64|   32|   32|          0|
    |mx_177_reg_11502                                                                |   64|   32|   32|          0|
    |mx_179_reg_11565                                                                |   64|   32|   32|          0|
    |mx_17_reg_10424                                                                 |   64|   32|   32|          0|
    |mx_181_reg_11573                                                                |   64|   32|   32|          0|
    |mx_183_reg_11581                                                                |   64|   32|   32|          0|
    |mx_185_reg_11589                                                                |   64|   32|   32|          0|
    |mx_187_reg_11597                                                                |   64|   32|   32|          0|
    |mx_189_reg_11605                                                                |   64|   32|   32|          0|
    |mx_191_reg_11613                                                                |   64|   32|   32|          0|
    |mx_193_reg_11621                                                                |   64|   32|   32|          0|
    |mx_195_reg_11629                                                                |   64|   32|   32|          0|
    |mx_197_reg_11637                                                                |   64|   32|   32|          0|
    |mx_19_reg_10482                                                                 |   64|   32|   32|          0|
    |mx_1_reg_10360                                                                  |   64|   32|   32|          0|
    |mx_21_reg_10490                                                                 |   64|   32|   32|          0|
    |mx_23_reg_10498                                                                 |   64|   32|   32|          0|
    |mx_25_reg_10506                                                                 |   64|   32|   32|          0|
    |mx_27_reg_10514                                                                 |   64|   32|   32|          0|
    |mx_29_reg_10522                                                                 |   64|   32|   32|          0|
    |mx_31_reg_10530                                                                 |   64|   32|   32|          0|
    |mx_33_reg_10538                                                                 |   64|   32|   32|          0|
    |mx_35_reg_10546                                                                 |   64|   32|   32|          0|
    |mx_37_reg_10554                                                                 |   64|   32|   32|          0|
    |mx_39_reg_10617                                                                 |   64|   32|   32|          0|
    |mx_3_reg_10368                                                                  |   64|   32|   32|          0|
    |mx_41_reg_10625                                                                 |   64|   32|   32|          0|
    |mx_43_reg_10633                                                                 |   64|   32|   32|          0|
    |mx_45_reg_10641                                                                 |   64|   32|   32|          0|
    |mx_47_reg_10649                                                                 |   64|   32|   32|          0|
    |mx_49_reg_10657                                                                 |   64|   32|   32|          0|
    |mx_51_reg_10665                                                                 |   64|   32|   32|          0|
    |mx_53_reg_10673                                                                 |   64|   32|   32|          0|
    |mx_55_reg_10681                                                                 |   64|   32|   32|          0|
    |mx_57_reg_10689                                                                 |   64|   32|   32|          0|
    |mx_59_reg_10754                                                                 |   64|   32|   32|          0|
    |mx_5_reg_10376                                                                  |   64|   32|   32|          0|
    |mx_61_reg_10762                                                                 |   64|   32|   32|          0|
    |mx_63_reg_10770                                                                 |   64|   32|   32|          0|
    |mx_65_reg_10778                                                                 |   64|   32|   32|          0|
    |mx_67_reg_10786                                                                 |   64|   32|   32|          0|
    |mx_69_reg_10794                                                                 |   64|   32|   32|          0|
    |mx_71_reg_10802                                                                 |   64|   32|   32|          0|
    |mx_73_reg_10810                                                                 |   64|   32|   32|          0|
    |mx_75_reg_10818                                                                 |   64|   32|   32|          0|
    |mx_77_reg_10826                                                                 |   64|   32|   32|          0|
    |mx_79_reg_10891                                                                 |   64|   32|   32|          0|
    |mx_7_reg_10384                                                                  |   64|   32|   32|          0|
    |mx_81_reg_10899                                                                 |   64|   32|   32|          0|
    |mx_83_reg_10907                                                                 |   64|   32|   32|          0|
    |mx_85_reg_10915                                                                 |   64|   32|   32|          0|
    |mx_87_reg_10923                                                                 |   64|   32|   32|          0|
    |mx_89_reg_10931                                                                 |   64|   32|   32|          0|
    |mx_91_reg_10939                                                                 |   64|   32|   32|          0|
    |mx_93_reg_10947                                                                 |   64|   32|   32|          0|
    |mx_95_reg_10955                                                                 |   64|   32|   32|          0|
    |mx_97_reg_10963                                                                 |   64|   32|   32|          0|
    |mx_99_reg_11021                                                                 |   64|   32|   32|          0|
    |mx_9_reg_10392                                                                  |   64|   32|   32|          0|
    |mx_reg_10352                                                                    |   64|   32|   32|          0|
    |tile_23_reg_13699                                                               |   64|   32|   32|          0|
    |tile_27_reg_13704                                                               |   64|   32|   32|          0|
    |tile_31_reg_13709                                                               |   64|   32|   32|          0|
    |tile_35_reg_13714                                                               |   64|   32|   32|          0|
    |tile_39_reg_13729                                                               |   64|   32|   32|          0|
    |tile_43_reg_13734                                                               |   64|   32|   32|          0|
    |tile_47_reg_13739                                                               |   64|   32|   32|          0|
    |tile_51_reg_13749                                                               |   64|   32|   32|          0|
    |tile_55_reg_13754                                                               |   64|   32|   32|          0|
    |tile_59_reg_13769                                                               |   64|   32|   32|          0|
    |tile_63_reg_13804                                                               |   64|   32|   32|          0|
    |tile_67_reg_13809                                                               |   64|   32|   32|          0|
    |tile_71_reg_13814                                                               |   64|   32|   32|          0|
    |tile_75_reg_13819                                                               |   64|   32|   32|          0|
    |tile_79_reg_13824                                                               |   64|   32|   32|          0|
    |tile_83_reg_13859                                                               |   64|   32|   32|          0|
    |tile_87_reg_13864                                                               |   64|   32|   32|          0|
    |tile_91_reg_13869                                                               |   64|   32|   32|          0|
    |tile_95_reg_13874                                                               |   64|   32|   32|          0|
    |tile_99_reg_13879                                                               |   64|   32|   32|          0|
    |tmp_100_reg_13487                                                               |   64|   32|   32|          0|
    |tmp_101_reg_13493                                                               |   64|   32|   32|          0|
    |tmp_10_reg_12846                                                                |   64|   32|   32|          0|
    |tmp_11_reg_12852                                                                |   64|   32|   32|          0|
    |tmp_12_reg_12880                                                                |   64|   32|   32|          0|
    |tmp_13_reg_12886                                                                |   64|   32|   32|          0|
    |tmp_14_reg_12858                                                                |   64|   32|   32|          0|
    |tmp_15_reg_12892                                                                |   64|   32|   32|          0|
    |tmp_16_reg_12909                                                                |   64|   32|   32|          0|
    |tmp_17_reg_12915                                                                |   64|   32|   32|          0|
    |tmp_18_reg_12898                                                                |   64|   32|   32|          0|
    |tmp_19_reg_12921                                                                |   64|   32|   32|          0|
    |tmp_20_reg_12927                                                                |   64|   32|   32|          0|
    |tmp_21_reg_12939                                                                |   64|   32|   32|          0|
    |tmp_22_reg_12933                                                                |   64|   32|   32|          0|
    |tmp_23_reg_12945                                                                |   64|   32|   32|          0|
    |tmp_24_reg_12951                                                                |   64|   32|   32|          0|
    |tmp_25_reg_12969                                                                |   64|   32|   32|          0|
    |tmp_26_reg_12957                                                                |   64|   32|   32|          0|
    |tmp_27_reg_12963                                                                |   64|   32|   32|          0|
    |tmp_28_reg_12975                                                                |   64|   32|   32|          0|
    |tmp_29_reg_12999                                                                |   64|   32|   32|          0|
    |tmp_30_reg_12981                                                                |   64|   32|   32|          0|
    |tmp_31_reg_12987                                                                |   64|   32|   32|          0|
    |tmp_32_reg_13005                                                                |   64|   32|   32|          0|
    |tmp_33_reg_13011                                                                |   64|   32|   32|          0|
    |tmp_34_reg_12993                                                                |   64|   32|   32|          0|
    |tmp_35_reg_13017                                                                |   64|   32|   32|          0|
    |tmp_36_reg_13029                                                                |   64|   32|   32|          0|
    |tmp_37_reg_13035                                                                |   64|   32|   32|          0|
    |tmp_38_reg_13023                                                                |   64|   32|   32|          0|
    |tmp_39_reg_13041                                                                |   64|   32|   32|          0|
    |tmp_3_reg_12789                                                                 |   64|   32|   32|          0|
    |tmp_40_reg_13047                                                                |   64|   32|   32|          0|
    |tmp_41_reg_13059                                                                |   64|   32|   32|          0|
    |tmp_42_reg_13053                                                                |   64|   32|   32|          0|
    |tmp_43_reg_13065                                                                |   64|   32|   32|          0|
    |tmp_44_reg_13071                                                                |   64|   32|   32|          0|
    |tmp_45_reg_13094                                                                |   64|   32|   32|          0|
    |tmp_46_reg_13077                                                                |   64|   32|   32|          0|
    |tmp_47_reg_13083                                                                |   64|   32|   32|          0|
    |tmp_48_reg_13100                                                                |   64|   32|   32|          0|
    |tmp_49_reg_13129                                                                |   64|   32|   32|          0|
    |tmp_4_reg_12795                                                                 |   64|   32|   32|          0|
    |tmp_50_reg_13106                                                                |   64|   32|   32|          0|
    |tmp_51_reg_13112                                                                |   64|   32|   32|          0|
    |tmp_52_reg_13135                                                                |   64|   32|   32|          0|
    |tmp_53_reg_13141                                                                |   64|   32|   32|          0|
    |tmp_54_reg_13118                                                                |   64|   32|   32|          0|
    |tmp_55_reg_13147                                                                |   64|   32|   32|          0|
    |tmp_56_reg_13159                                                                |   64|   32|   32|          0|
    |tmp_57_reg_13165                                                                |   64|   32|   32|          0|
    |tmp_58_reg_13153                                                                |   64|   32|   32|          0|
    |tmp_59_reg_13171                                                                |   64|   32|   32|          0|
    |tmp_5_reg_12801                                                                 |   64|   32|   32|          0|
    |tmp_60_reg_13177                                                                |   64|   32|   32|          0|
    |tmp_61_reg_13194                                                                |   64|   32|   32|          0|
    |tmp_62_reg_13183                                                                |   64|   32|   32|          0|
    |tmp_63_reg_13200                                                                |   64|   32|   32|          0|
    |tmp_64_reg_13206                                                                |   64|   32|   32|          0|
    |tmp_65_reg_13229                                                                |   64|   32|   32|          0|
    |tmp_66_reg_13212                                                                |   64|   32|   32|          0|
    |tmp_67_reg_13218                                                                |   64|   32|   32|          0|
    |tmp_68_reg_13235                                                                |   64|   32|   32|          0|
    |tmp_69_reg_13264                                                                |   64|   32|   32|          0|
    |tmp_6_reg_12834                                                                 |   64|   32|   32|          0|
    |tmp_70_reg_13241                                                                |   64|   32|   32|          0|
    |tmp_71_reg_13247                                                                |   64|   32|   32|          0|
    |tmp_72_reg_13270                                                                |   64|   32|   32|          0|
    |tmp_73_reg_13276                                                                |   64|   32|   32|          0|
    |tmp_74_reg_13253                                                                |   64|   32|   32|          0|
    |tmp_75_reg_13282                                                                |   64|   32|   32|          0|
    |tmp_76_reg_13299                                                                |   64|   32|   32|          0|
    |tmp_77_reg_13305                                                                |   64|   32|   32|          0|
    |tmp_78_reg_13288                                                                |   64|   32|   32|          0|
    |tmp_79_reg_13311                                                                |   64|   32|   32|          0|
    |tmp_7_reg_12807                                                                 |   64|   32|   32|          0|
    |tmp_80_reg_13317                                                                |   64|   32|   32|          0|
    |tmp_81_reg_13334                                                                |   64|   32|   32|          0|
    |tmp_82_reg_13323                                                                |   64|   32|   32|          0|
    |tmp_83_reg_13340                                                                |   64|   32|   32|          0|
    |tmp_84_reg_13346                                                                |   64|   32|   32|          0|
    |tmp_85_reg_13379                                                                |   64|   32|   32|          0|
    |tmp_86_reg_13352                                                                |   64|   32|   32|          0|
    |tmp_87_reg_13358                                                                |   64|   32|   32|          0|
    |tmp_88_reg_13385                                                                |   64|   32|   32|          0|
    |tmp_89_reg_13429                                                                |   64|   32|   32|          0|
    |tmp_8_reg_12813                                                                 |   64|   32|   32|          0|
    |tmp_90_reg_13391                                                                |   64|   32|   32|          0|
    |tmp_91_reg_13397                                                                |   64|   32|   32|          0|
    |tmp_92_reg_13435                                                                |   64|   32|   32|          0|
    |tmp_93_reg_13441                                                                |   64|   32|   32|          0|
    |tmp_94_reg_13403                                                                |   64|   32|   32|          0|
    |tmp_95_reg_13447                                                                |   64|   32|   32|          0|
    |tmp_96_reg_13469                                                                |   64|   32|   32|          0|
    |tmp_97_reg_13475                                                                |   64|   32|   32|          0|
    |tmp_98_reg_13453                                                                |   64|   32|   32|          0|
    |tmp_99_reg_13481                                                                |   64|   32|   32|          0|
    |tmp_9_reg_12840                                                                 |   64|   32|   32|          0|
    |tmp_s_reg_12874                                                                 |   64|   32|   32|          0|
    |transformer_blk_s3_top_float_const_float_float_const_a_buf_1_addr_10_reg_10976  |   64|   32|   11|          2|
    |transformer_blk_s3_top_float_const_float_float_const_a_buf_1_addr_11_reg_11001  |   64|   32|   11|          2|
    |transformer_blk_s3_top_float_const_float_float_const_a_buf_1_addr_12_reg_11106  |   64|   32|   11|          2|
    |transformer_blk_s3_top_float_const_float_float_const_a_buf_1_addr_13_reg_11131  |   64|   32|   11|          2|
    |transformer_blk_s3_top_float_const_float_float_const_a_buf_1_addr_14_reg_11243  |   64|   32|   11|          2|
    |transformer_blk_s3_top_float_const_float_float_const_a_buf_1_addr_15_reg_11268  |   64|   32|   11|          2|
    |transformer_blk_s3_top_float_const_float_float_const_a_buf_1_addr_16_reg_11373  |   64|   32|   11|          2|
    |transformer_blk_s3_top_float_const_float_float_const_a_buf_1_addr_17_reg_11399  |   64|   32|   11|          2|
    |transformer_blk_s3_top_float_const_float_float_const_a_buf_1_addr_18_reg_11516  |   64|   32|   11|          2|
    |transformer_blk_s3_top_float_const_float_float_const_a_buf_1_addr_19_reg_11545  |   64|   32|   11|          2|
    |transformer_blk_s3_top_float_const_float_float_const_a_buf_1_addr_1_reg_10332   |   64|   32|   11|          2|
    |transformer_blk_s3_top_float_const_float_float_const_a_buf_1_addr_2_reg_10437   |   64|   32|   11|          2|
    |transformer_blk_s3_top_float_const_float_float_const_a_buf_1_addr_3_reg_10462   |   64|   32|   11|          2|
    |transformer_blk_s3_top_float_const_float_float_const_a_buf_1_addr_4_reg_10567   |   64|   32|   11|          2|
    |transformer_blk_s3_top_float_const_float_float_const_a_buf_1_addr_5_reg_10592   |   64|   32|   11|          2|
    |transformer_blk_s3_top_float_const_float_float_const_a_buf_1_addr_6_reg_10702   |   64|   32|   11|          2|
    |transformer_blk_s3_top_float_const_float_float_const_a_buf_1_addr_7_reg_10727   |   64|   32|   11|          2|
    |transformer_blk_s3_top_float_const_float_float_const_a_buf_1_addr_8_reg_10839   |   64|   32|   11|          2|
    |transformer_blk_s3_top_float_const_float_float_const_a_buf_1_addr_9_reg_10864   |   64|   32|   11|          2|
    |transformer_blk_s3_top_float_const_float_float_const_a_buf_1_addr_reg_10307     |   64|   32|   11|          2|
    |transformer_blk_s3_top_float_const_float_float_const_a_buf_2_addr_10_reg_10981  |   64|   32|   11|          2|
    |transformer_blk_s3_top_float_const_float_float_const_a_buf_2_addr_11_reg_11006  |   64|   32|   11|          2|
    |transformer_blk_s3_top_float_const_float_float_const_a_buf_2_addr_12_reg_11111  |   64|   32|   11|          2|
    |transformer_blk_s3_top_float_const_float_float_const_a_buf_2_addr_13_reg_11136  |   64|   32|   11|          2|
    |transformer_blk_s3_top_float_const_float_float_const_a_buf_2_addr_14_reg_11248  |   64|   32|   11|          2|
    |transformer_blk_s3_top_float_const_float_float_const_a_buf_2_addr_15_reg_11273  |   64|   32|   11|          2|
    |transformer_blk_s3_top_float_const_float_float_const_a_buf_2_addr_16_reg_11378  |   64|   32|   11|          2|
    |transformer_blk_s3_top_float_const_float_float_const_a_buf_2_addr_17_reg_11405  |   64|   32|   11|          2|
    |transformer_blk_s3_top_float_const_float_float_const_a_buf_2_addr_18_reg_11522  |   64|   32|   11|          2|
    |transformer_blk_s3_top_float_const_float_float_const_a_buf_2_addr_19_reg_11550  |   64|   32|   11|          2|
    |transformer_blk_s3_top_float_const_float_float_const_a_buf_2_addr_1_reg_10337   |   64|   32|   11|          2|
    |transformer_blk_s3_top_float_const_float_float_const_a_buf_2_addr_2_reg_10442   |   64|   32|   11|          2|
    |transformer_blk_s3_top_float_const_float_float_const_a_buf_2_addr_3_reg_10467   |   64|   32|   11|          2|
    |transformer_blk_s3_top_float_const_float_float_const_a_buf_2_addr_4_reg_10572   |   64|   32|   11|          2|
    |transformer_blk_s3_top_float_const_float_float_const_a_buf_2_addr_5_reg_10597   |   64|   32|   11|          2|
    |transformer_blk_s3_top_float_const_float_float_const_a_buf_2_addr_6_reg_10707   |   64|   32|   11|          2|
    |transformer_blk_s3_top_float_const_float_float_const_a_buf_2_addr_7_reg_10732   |   64|   32|   11|          2|
    |transformer_blk_s3_top_float_const_float_float_const_a_buf_2_addr_8_reg_10844   |   64|   32|   11|          2|
    |transformer_blk_s3_top_float_const_float_float_const_a_buf_2_addr_9_reg_10869   |   64|   32|   11|          2|
    |transformer_blk_s3_top_float_const_float_float_const_a_buf_2_addr_reg_10312     |   64|   32|   11|          2|
    |transformer_blk_s3_top_float_const_float_float_const_a_buf_3_addr_10_reg_10986  |   64|   32|   11|          2|
    |transformer_blk_s3_top_float_const_float_float_const_a_buf_3_addr_11_reg_11011  |   64|   32|   11|          2|
    |transformer_blk_s3_top_float_const_float_float_const_a_buf_3_addr_12_reg_11116  |   64|   32|   11|          2|
    |transformer_blk_s3_top_float_const_float_float_const_a_buf_3_addr_13_reg_11141  |   64|   32|   11|          2|
    |transformer_blk_s3_top_float_const_float_float_const_a_buf_3_addr_14_reg_11253  |   64|   32|   11|          2|
    |transformer_blk_s3_top_float_const_float_float_const_a_buf_3_addr_15_reg_11278  |   64|   32|   11|          2|
    |transformer_blk_s3_top_float_const_float_float_const_a_buf_3_addr_16_reg_11383  |   64|   32|   11|          2|
    |transformer_blk_s3_top_float_const_float_float_const_a_buf_3_addr_17_reg_11411  |   64|   32|   11|          2|
    |transformer_blk_s3_top_float_const_float_float_const_a_buf_3_addr_18_reg_11528  |   64|   32|   11|          2|
    |transformer_blk_s3_top_float_const_float_float_const_a_buf_3_addr_19_reg_11555  |   64|   32|   11|          2|
    |transformer_blk_s3_top_float_const_float_float_const_a_buf_3_addr_1_reg_10342   |   64|   32|   11|          2|
    |transformer_blk_s3_top_float_const_float_float_const_a_buf_3_addr_2_reg_10447   |   64|   32|   11|          2|
    |transformer_blk_s3_top_float_const_float_float_const_a_buf_3_addr_3_reg_10472   |   64|   32|   11|          2|
    |transformer_blk_s3_top_float_const_float_float_const_a_buf_3_addr_4_reg_10577   |   64|   32|   11|          2|
    |transformer_blk_s3_top_float_const_float_float_const_a_buf_3_addr_5_reg_10602   |   64|   32|   11|          2|
    |transformer_blk_s3_top_float_const_float_float_const_a_buf_3_addr_6_reg_10712   |   64|   32|   11|          2|
    |transformer_blk_s3_top_float_const_float_float_const_a_buf_3_addr_7_reg_10737   |   64|   32|   11|          2|
    |transformer_blk_s3_top_float_const_float_float_const_a_buf_3_addr_8_reg_10849   |   64|   32|   11|          2|
    |transformer_blk_s3_top_float_const_float_float_const_a_buf_3_addr_9_reg_10874   |   64|   32|   11|          2|
    |transformer_blk_s3_top_float_const_float_float_const_a_buf_3_addr_reg_10317     |   64|   32|   11|          2|
    |transformer_blk_s3_top_float_const_float_float_const_a_buf_4_addr_10_reg_10991  |   64|   32|   11|          2|
    |transformer_blk_s3_top_float_const_float_float_const_a_buf_4_addr_11_reg_11016  |   64|   32|   11|          2|
    |transformer_blk_s3_top_float_const_float_float_const_a_buf_4_addr_12_reg_11121  |   64|   32|   11|          2|
    |transformer_blk_s3_top_float_const_float_float_const_a_buf_4_addr_13_reg_11146  |   64|   32|   11|          2|
    |transformer_blk_s3_top_float_const_float_float_const_a_buf_4_addr_14_reg_11258  |   64|   32|   11|          2|
    |transformer_blk_s3_top_float_const_float_float_const_a_buf_4_addr_15_reg_11283  |   64|   32|   11|          2|
    |transformer_blk_s3_top_float_const_float_float_const_a_buf_4_addr_16_reg_11388  |   64|   32|   11|          2|
    |transformer_blk_s3_top_float_const_float_float_const_a_buf_4_addr_17_reg_11417  |   64|   32|   11|          2|
    |transformer_blk_s3_top_float_const_float_float_const_a_buf_4_addr_18_reg_11534  |   64|   32|   11|          2|
    |transformer_blk_s3_top_float_const_float_float_const_a_buf_4_addr_19_reg_11560  |   64|   32|   11|          2|
    |transformer_blk_s3_top_float_const_float_float_const_a_buf_4_addr_1_reg_10347   |   64|   32|   11|          2|
    |transformer_blk_s3_top_float_const_float_float_const_a_buf_4_addr_2_reg_10452   |   64|   32|   11|          2|
    |transformer_blk_s3_top_float_const_float_float_const_a_buf_4_addr_3_reg_10477   |   64|   32|   11|          2|
    |transformer_blk_s3_top_float_const_float_float_const_a_buf_4_addr_4_reg_10582   |   64|   32|   11|          2|
    |transformer_blk_s3_top_float_const_float_float_const_a_buf_4_addr_5_reg_10607   |   64|   32|   11|          2|
    |transformer_blk_s3_top_float_const_float_float_const_a_buf_4_addr_6_reg_10717   |   64|   32|   11|          2|
    |transformer_blk_s3_top_float_const_float_float_const_a_buf_4_addr_7_reg_10742   |   64|   32|   11|          2|
    |transformer_blk_s3_top_float_const_float_float_const_a_buf_4_addr_8_reg_10854   |   64|   32|   11|          2|
    |transformer_blk_s3_top_float_const_float_float_const_a_buf_4_addr_9_reg_10879   |   64|   32|   11|          2|
    |transformer_blk_s3_top_float_const_float_float_const_a_buf_4_addr_reg_10322     |   64|   32|   11|          2|
    |transformer_blk_s3_top_float_const_float_float_const_a_buf_addr_10_reg_10971    |   64|   32|   11|          2|
    |transformer_blk_s3_top_float_const_float_float_const_a_buf_addr_11_reg_10996    |   64|   32|   11|          2|
    |transformer_blk_s3_top_float_const_float_float_const_a_buf_addr_12_reg_11101    |   64|   32|   11|          2|
    |transformer_blk_s3_top_float_const_float_float_const_a_buf_addr_13_reg_11126    |   64|   32|   11|          2|
    |transformer_blk_s3_top_float_const_float_float_const_a_buf_addr_14_reg_11238    |   64|   32|   11|          2|
    |transformer_blk_s3_top_float_const_float_float_const_a_buf_addr_15_reg_11263    |   64|   32|   11|          2|
    |transformer_blk_s3_top_float_const_float_float_const_a_buf_addr_16_reg_11368    |   64|   32|   11|          2|
    |transformer_blk_s3_top_float_const_float_float_const_a_buf_addr_17_reg_11393    |   64|   32|   11|          2|
    |transformer_blk_s3_top_float_const_float_float_const_a_buf_addr_18_reg_11510    |   64|   32|   11|          2|
    |transformer_blk_s3_top_float_const_float_float_const_a_buf_addr_19_reg_11540    |   64|   32|   11|          2|
    |transformer_blk_s3_top_float_const_float_float_const_a_buf_addr_1_reg_10327     |   64|   32|   11|          2|
    |transformer_blk_s3_top_float_const_float_float_const_a_buf_addr_2_reg_10432     |   64|   32|   11|          2|
    |transformer_blk_s3_top_float_const_float_float_const_a_buf_addr_3_reg_10457     |   64|   32|   11|          2|
    |transformer_blk_s3_top_float_const_float_float_const_a_buf_addr_4_reg_10562     |   64|   32|   11|          2|
    |transformer_blk_s3_top_float_const_float_float_const_a_buf_addr_5_reg_10587     |   64|   32|   11|          2|
    |transformer_blk_s3_top_float_const_float_float_const_a_buf_addr_6_reg_10697     |   64|   32|   11|          2|
    |transformer_blk_s3_top_float_const_float_float_const_a_buf_addr_7_reg_10722     |   64|   32|   11|          2|
    |transformer_blk_s3_top_float_const_float_float_const_a_buf_addr_8_reg_10834     |   64|   32|   11|          2|
    |transformer_blk_s3_top_float_const_float_float_const_a_buf_addr_9_reg_10859     |   64|   32|   11|          2|
    |transformer_blk_s3_top_float_const_float_float_const_a_buf_addr_reg_10302       |   64|   32|   11|          2|
    +--------------------------------------------------------------------------------+-----+-----+-----+-----------+
    |Total                                                                           |39847|10240|27709|        402|
    +--------------------------------------------------------------------------------+-----+-----+-----+-----------+



================================================================
== Interface
================================================================
* Summary: 
+-----------------------------------------------------------------------+-----+-----+------------+--------------------------------------------------------------+--------------+
|                               RTL Ports                               | Dir | Bits|  Protocol  |                         Source Object                        |    C Type    |
+-----------------------------------------------------------------------+-----+-----+------------+--------------------------------------------------------------+--------------+
|ap_clk                                                                 |   in|    1|  ap_ctrl_hs|                       transformer_blk_s3_top_Pipeline_MHSA_SM|  return value|
|ap_rst                                                                 |   in|    1|  ap_ctrl_hs|                       transformer_blk_s3_top_Pipeline_MHSA_SM|  return value|
|ap_start                                                               |   in|    1|  ap_ctrl_hs|                       transformer_blk_s3_top_Pipeline_MHSA_SM|  return value|
|ap_done                                                                |  out|    1|  ap_ctrl_hs|                       transformer_blk_s3_top_Pipeline_MHSA_SM|  return value|
|ap_idle                                                                |  out|    1|  ap_ctrl_hs|                       transformer_blk_s3_top_Pipeline_MHSA_SM|  return value|
|ap_ready                                                               |  out|    1|  ap_ctrl_hs|                       transformer_blk_s3_top_Pipeline_MHSA_SM|  return value|
|grp_fu_2318_p_din0                                                     |  out|   32|  ap_ctrl_hs|                       transformer_blk_s3_top_Pipeline_MHSA_SM|  return value|
|grp_fu_2318_p_din1                                                     |  out|   32|  ap_ctrl_hs|                       transformer_blk_s3_top_Pipeline_MHSA_SM|  return value|
|grp_fu_2318_p_dout0                                                    |   in|   32|  ap_ctrl_hs|                       transformer_blk_s3_top_Pipeline_MHSA_SM|  return value|
|grp_fu_2318_p_ce                                                       |  out|    1|  ap_ctrl_hs|                       transformer_blk_s3_top_Pipeline_MHSA_SM|  return value|
|grp_fu_5264_p_din0                                                     |  out|   32|  ap_ctrl_hs|                       transformer_blk_s3_top_Pipeline_MHSA_SM|  return value|
|grp_fu_5264_p_din1                                                     |  out|   32|  ap_ctrl_hs|                       transformer_blk_s3_top_Pipeline_MHSA_SM|  return value|
|grp_fu_5264_p_opcode                                                   |  out|    5|  ap_ctrl_hs|                       transformer_blk_s3_top_Pipeline_MHSA_SM|  return value|
|grp_fu_5264_p_dout0                                                    |   in|    1|  ap_ctrl_hs|                       transformer_blk_s3_top_Pipeline_MHSA_SM|  return value|
|grp_fu_5264_p_ce                                                       |  out|    1|  ap_ctrl_hs|                       transformer_blk_s3_top_Pipeline_MHSA_SM|  return value|
|grp_fu_5268_p_din0                                                     |  out|   32|  ap_ctrl_hs|                       transformer_blk_s3_top_Pipeline_MHSA_SM|  return value|
|grp_fu_5268_p_din1                                                     |  out|   32|  ap_ctrl_hs|                       transformer_blk_s3_top_Pipeline_MHSA_SM|  return value|
|grp_fu_5268_p_opcode                                                   |  out|    5|  ap_ctrl_hs|                       transformer_blk_s3_top_Pipeline_MHSA_SM|  return value|
|grp_fu_5268_p_dout0                                                    |   in|    1|  ap_ctrl_hs|                       transformer_blk_s3_top_Pipeline_MHSA_SM|  return value|
|grp_fu_5268_p_ce                                                       |  out|    1|  ap_ctrl_hs|                       transformer_blk_s3_top_Pipeline_MHSA_SM|  return value|
|grp_fu_2312_p_din0                                                     |  out|   32|  ap_ctrl_hs|                       transformer_blk_s3_top_Pipeline_MHSA_SM|  return value|
|grp_fu_2312_p_din1                                                     |  out|   32|  ap_ctrl_hs|                       transformer_blk_s3_top_Pipeline_MHSA_SM|  return value|
|grp_fu_2312_p_opcode                                                   |  out|    2|  ap_ctrl_hs|                       transformer_blk_s3_top_Pipeline_MHSA_SM|  return value|
|grp_fu_2312_p_dout0                                                    |   in|   32|  ap_ctrl_hs|                       transformer_blk_s3_top_Pipeline_MHSA_SM|  return value|
|grp_fu_2312_p_ce                                                       |  out|    1|  ap_ctrl_hs|                       transformer_blk_s3_top_Pipeline_MHSA_SM|  return value|
|grp_fu_5188_p_din0                                                     |  out|   32|  ap_ctrl_hs|                       transformer_blk_s3_top_Pipeline_MHSA_SM|  return value|
|grp_fu_5188_p_din1                                                     |  out|   32|  ap_ctrl_hs|                       transformer_blk_s3_top_Pipeline_MHSA_SM|  return value|
|grp_fu_5188_p_opcode                                                   |  out|    2|  ap_ctrl_hs|                       transformer_blk_s3_top_Pipeline_MHSA_SM|  return value|
|grp_fu_5188_p_dout0                                                    |   in|   32|  ap_ctrl_hs|                       transformer_blk_s3_top_Pipeline_MHSA_SM|  return value|
|grp_fu_5188_p_ce                                                       |  out|    1|  ap_ctrl_hs|                       transformer_blk_s3_top_Pipeline_MHSA_SM|  return value|
|grp_fu_5192_p_din0                                                     |  out|   32|  ap_ctrl_hs|                       transformer_blk_s3_top_Pipeline_MHSA_SM|  return value|
|grp_fu_5192_p_din1                                                     |  out|   32|  ap_ctrl_hs|                       transformer_blk_s3_top_Pipeline_MHSA_SM|  return value|
|grp_fu_5192_p_opcode                                                   |  out|    2|  ap_ctrl_hs|                       transformer_blk_s3_top_Pipeline_MHSA_SM|  return value|
|grp_fu_5192_p_dout0                                                    |   in|   32|  ap_ctrl_hs|                       transformer_blk_s3_top_Pipeline_MHSA_SM|  return value|
|grp_fu_5192_p_ce                                                       |  out|    1|  ap_ctrl_hs|                       transformer_blk_s3_top_Pipeline_MHSA_SM|  return value|
|grp_fu_5196_p_din0                                                     |  out|   32|  ap_ctrl_hs|                       transformer_blk_s3_top_Pipeline_MHSA_SM|  return value|
|grp_fu_5196_p_din1                                                     |  out|   32|  ap_ctrl_hs|                       transformer_blk_s3_top_Pipeline_MHSA_SM|  return value|
|grp_fu_5196_p_opcode                                                   |  out|    2|  ap_ctrl_hs|                       transformer_blk_s3_top_Pipeline_MHSA_SM|  return value|
|grp_fu_5196_p_dout0                                                    |   in|   32|  ap_ctrl_hs|                       transformer_blk_s3_top_Pipeline_MHSA_SM|  return value|
|grp_fu_5196_p_ce                                                       |  out|    1|  ap_ctrl_hs|                       transformer_blk_s3_top_Pipeline_MHSA_SM|  return value|
|grp_fu_5200_p_din0                                                     |  out|   32|  ap_ctrl_hs|                       transformer_blk_s3_top_Pipeline_MHSA_SM|  return value|
|grp_fu_5200_p_din1                                                     |  out|   32|  ap_ctrl_hs|                       transformer_blk_s3_top_Pipeline_MHSA_SM|  return value|
|grp_fu_5200_p_opcode                                                   |  out|    2|  ap_ctrl_hs|                       transformer_blk_s3_top_Pipeline_MHSA_SM|  return value|
|grp_fu_5200_p_dout0                                                    |   in|   32|  ap_ctrl_hs|                       transformer_blk_s3_top_Pipeline_MHSA_SM|  return value|
|grp_fu_5200_p_ce                                                       |  out|    1|  ap_ctrl_hs|                       transformer_blk_s3_top_Pipeline_MHSA_SM|  return value|
|grp_fu_5204_p_din0                                                     |  out|   32|  ap_ctrl_hs|                       transformer_blk_s3_top_Pipeline_MHSA_SM|  return value|
|grp_fu_5204_p_din1                                                     |  out|   32|  ap_ctrl_hs|                       transformer_blk_s3_top_Pipeline_MHSA_SM|  return value|
|grp_fu_5204_p_opcode                                                   |  out|    2|  ap_ctrl_hs|                       transformer_blk_s3_top_Pipeline_MHSA_SM|  return value|
|grp_fu_5204_p_dout0                                                    |   in|   32|  ap_ctrl_hs|                       transformer_blk_s3_top_Pipeline_MHSA_SM|  return value|
|grp_fu_5204_p_ce                                                       |  out|    1|  ap_ctrl_hs|                       transformer_blk_s3_top_Pipeline_MHSA_SM|  return value|
|grp_fu_5208_p_din0                                                     |  out|   32|  ap_ctrl_hs|                       transformer_blk_s3_top_Pipeline_MHSA_SM|  return value|
|grp_fu_5208_p_din1                                                     |  out|   32|  ap_ctrl_hs|                       transformer_blk_s3_top_Pipeline_MHSA_SM|  return value|
|grp_fu_5208_p_opcode                                                   |  out|    2|  ap_ctrl_hs|                       transformer_blk_s3_top_Pipeline_MHSA_SM|  return value|
|grp_fu_5208_p_dout0                                                    |   in|   32|  ap_ctrl_hs|                       transformer_blk_s3_top_Pipeline_MHSA_SM|  return value|
|grp_fu_5208_p_ce                                                       |  out|    1|  ap_ctrl_hs|                       transformer_blk_s3_top_Pipeline_MHSA_SM|  return value|
|grp_fu_5212_p_din0                                                     |  out|   32|  ap_ctrl_hs|                       transformer_blk_s3_top_Pipeline_MHSA_SM|  return value|
|grp_fu_5212_p_din1                                                     |  out|   32|  ap_ctrl_hs|                       transformer_blk_s3_top_Pipeline_MHSA_SM|  return value|
|grp_fu_5212_p_opcode                                                   |  out|    2|  ap_ctrl_hs|                       transformer_blk_s3_top_Pipeline_MHSA_SM|  return value|
|grp_fu_5212_p_dout0                                                    |   in|   32|  ap_ctrl_hs|                       transformer_blk_s3_top_Pipeline_MHSA_SM|  return value|
|grp_fu_5212_p_ce                                                       |  out|    1|  ap_ctrl_hs|                       transformer_blk_s3_top_Pipeline_MHSA_SM|  return value|
|grp_fu_5236_p_din0                                                     |  out|   32|  ap_ctrl_hs|                       transformer_blk_s3_top_Pipeline_MHSA_SM|  return value|
|grp_fu_5236_p_din1                                                     |  out|   32|  ap_ctrl_hs|                       transformer_blk_s3_top_Pipeline_MHSA_SM|  return value|
|grp_fu_5236_p_opcode                                                   |  out|    2|  ap_ctrl_hs|                       transformer_blk_s3_top_Pipeline_MHSA_SM|  return value|
|grp_fu_5236_p_dout0                                                    |   in|   32|  ap_ctrl_hs|                       transformer_blk_s3_top_Pipeline_MHSA_SM|  return value|
|grp_fu_5236_p_ce                                                       |  out|    1|  ap_ctrl_hs|                       transformer_blk_s3_top_Pipeline_MHSA_SM|  return value|
|grp_fu_5240_p_din0                                                     |  out|   32|  ap_ctrl_hs|                       transformer_blk_s3_top_Pipeline_MHSA_SM|  return value|
|grp_fu_5240_p_din1                                                     |  out|   32|  ap_ctrl_hs|                       transformer_blk_s3_top_Pipeline_MHSA_SM|  return value|
|grp_fu_5240_p_opcode                                                   |  out|    2|  ap_ctrl_hs|                       transformer_blk_s3_top_Pipeline_MHSA_SM|  return value|
|grp_fu_5240_p_dout0                                                    |   in|   32|  ap_ctrl_hs|                       transformer_blk_s3_top_Pipeline_MHSA_SM|  return value|
|grp_fu_5240_p_ce                                                       |  out|    1|  ap_ctrl_hs|                       transformer_blk_s3_top_Pipeline_MHSA_SM|  return value|
|grp_fu_5244_p_din0                                                     |  out|   32|  ap_ctrl_hs|                       transformer_blk_s3_top_Pipeline_MHSA_SM|  return value|
|grp_fu_5244_p_din1                                                     |  out|   32|  ap_ctrl_hs|                       transformer_blk_s3_top_Pipeline_MHSA_SM|  return value|
|grp_fu_5244_p_opcode                                                   |  out|    2|  ap_ctrl_hs|                       transformer_blk_s3_top_Pipeline_MHSA_SM|  return value|
|grp_fu_5244_p_dout0                                                    |   in|   32|  ap_ctrl_hs|                       transformer_blk_s3_top_Pipeline_MHSA_SM|  return value|
|grp_fu_5244_p_ce                                                       |  out|    1|  ap_ctrl_hs|                       transformer_blk_s3_top_Pipeline_MHSA_SM|  return value|
|grp_fu_5248_p_din0                                                     |  out|   32|  ap_ctrl_hs|                       transformer_blk_s3_top_Pipeline_MHSA_SM|  return value|
|grp_fu_5248_p_din1                                                     |  out|   32|  ap_ctrl_hs|                       transformer_blk_s3_top_Pipeline_MHSA_SM|  return value|
|grp_fu_5248_p_opcode                                                   |  out|    2|  ap_ctrl_hs|                       transformer_blk_s3_top_Pipeline_MHSA_SM|  return value|
|grp_fu_5248_p_dout0                                                    |   in|   32|  ap_ctrl_hs|                       transformer_blk_s3_top_Pipeline_MHSA_SM|  return value|
|grp_fu_5248_p_ce                                                       |  out|    1|  ap_ctrl_hs|                       transformer_blk_s3_top_Pipeline_MHSA_SM|  return value|
|transformer_blk_s3_top_float_const_float_float_const_a_buf_address0    |  out|   11|   ap_memory|    transformer_blk_s3_top_float_const_float_float_const_a_buf|         array|
|transformer_blk_s3_top_float_const_float_float_const_a_buf_ce0         |  out|    1|   ap_memory|    transformer_blk_s3_top_float_const_float_float_const_a_buf|         array|
|transformer_blk_s3_top_float_const_float_float_const_a_buf_we0         |  out|    1|   ap_memory|    transformer_blk_s3_top_float_const_float_float_const_a_buf|         array|
|transformer_blk_s3_top_float_const_float_float_const_a_buf_d0          |  out|   32|   ap_memory|    transformer_blk_s3_top_float_const_float_float_const_a_buf|         array|
|transformer_blk_s3_top_float_const_float_float_const_a_buf_q0          |   in|   32|   ap_memory|    transformer_blk_s3_top_float_const_float_float_const_a_buf|         array|
|transformer_blk_s3_top_float_const_float_float_const_a_buf_address1    |  out|   11|   ap_memory|    transformer_blk_s3_top_float_const_float_float_const_a_buf|         array|
|transformer_blk_s3_top_float_const_float_float_const_a_buf_ce1         |  out|    1|   ap_memory|    transformer_blk_s3_top_float_const_float_float_const_a_buf|         array|
|transformer_blk_s3_top_float_const_float_float_const_a_buf_we1         |  out|    1|   ap_memory|    transformer_blk_s3_top_float_const_float_float_const_a_buf|         array|
|transformer_blk_s3_top_float_const_float_float_const_a_buf_d1          |  out|   32|   ap_memory|    transformer_blk_s3_top_float_const_float_float_const_a_buf|         array|
|transformer_blk_s3_top_float_const_float_float_const_a_buf_q1          |   in|   32|   ap_memory|    transformer_blk_s3_top_float_const_float_float_const_a_buf|         array|
|transformer_blk_s3_top_float_const_float_float_const_a_buf_1_address0  |  out|   11|   ap_memory|  transformer_blk_s3_top_float_const_float_float_const_a_buf_1|         array|
|transformer_blk_s3_top_float_const_float_float_const_a_buf_1_ce0       |  out|    1|   ap_memory|  transformer_blk_s3_top_float_const_float_float_const_a_buf_1|         array|
|transformer_blk_s3_top_float_const_float_float_const_a_buf_1_we0       |  out|    1|   ap_memory|  transformer_blk_s3_top_float_const_float_float_const_a_buf_1|         array|
|transformer_blk_s3_top_float_const_float_float_const_a_buf_1_d0        |  out|   32|   ap_memory|  transformer_blk_s3_top_float_const_float_float_const_a_buf_1|         array|
|transformer_blk_s3_top_float_const_float_float_const_a_buf_1_q0        |   in|   32|   ap_memory|  transformer_blk_s3_top_float_const_float_float_const_a_buf_1|         array|
|transformer_blk_s3_top_float_const_float_float_const_a_buf_1_address1  |  out|   11|   ap_memory|  transformer_blk_s3_top_float_const_float_float_const_a_buf_1|         array|
|transformer_blk_s3_top_float_const_float_float_const_a_buf_1_ce1       |  out|    1|   ap_memory|  transformer_blk_s3_top_float_const_float_float_const_a_buf_1|         array|
|transformer_blk_s3_top_float_const_float_float_const_a_buf_1_we1       |  out|    1|   ap_memory|  transformer_blk_s3_top_float_const_float_float_const_a_buf_1|         array|
|transformer_blk_s3_top_float_const_float_float_const_a_buf_1_d1        |  out|   32|   ap_memory|  transformer_blk_s3_top_float_const_float_float_const_a_buf_1|         array|
|transformer_blk_s3_top_float_const_float_float_const_a_buf_1_q1        |   in|   32|   ap_memory|  transformer_blk_s3_top_float_const_float_float_const_a_buf_1|         array|
|transformer_blk_s3_top_float_const_float_float_const_a_buf_2_address0  |  out|   11|   ap_memory|  transformer_blk_s3_top_float_const_float_float_const_a_buf_2|         array|
|transformer_blk_s3_top_float_const_float_float_const_a_buf_2_ce0       |  out|    1|   ap_memory|  transformer_blk_s3_top_float_const_float_float_const_a_buf_2|         array|
|transformer_blk_s3_top_float_const_float_float_const_a_buf_2_we0       |  out|    1|   ap_memory|  transformer_blk_s3_top_float_const_float_float_const_a_buf_2|         array|
|transformer_blk_s3_top_float_const_float_float_const_a_buf_2_d0        |  out|   32|   ap_memory|  transformer_blk_s3_top_float_const_float_float_const_a_buf_2|         array|
|transformer_blk_s3_top_float_const_float_float_const_a_buf_2_q0        |   in|   32|   ap_memory|  transformer_blk_s3_top_float_const_float_float_const_a_buf_2|         array|
|transformer_blk_s3_top_float_const_float_float_const_a_buf_2_address1  |  out|   11|   ap_memory|  transformer_blk_s3_top_float_const_float_float_const_a_buf_2|         array|
|transformer_blk_s3_top_float_const_float_float_const_a_buf_2_ce1       |  out|    1|   ap_memory|  transformer_blk_s3_top_float_const_float_float_const_a_buf_2|         array|
|transformer_blk_s3_top_float_const_float_float_const_a_buf_2_we1       |  out|    1|   ap_memory|  transformer_blk_s3_top_float_const_float_float_const_a_buf_2|         array|
|transformer_blk_s3_top_float_const_float_float_const_a_buf_2_d1        |  out|   32|   ap_memory|  transformer_blk_s3_top_float_const_float_float_const_a_buf_2|         array|
|transformer_blk_s3_top_float_const_float_float_const_a_buf_2_q1        |   in|   32|   ap_memory|  transformer_blk_s3_top_float_const_float_float_const_a_buf_2|         array|
|transformer_blk_s3_top_float_const_float_float_const_a_buf_3_address0  |  out|   11|   ap_memory|  transformer_blk_s3_top_float_const_float_float_const_a_buf_3|         array|
|transformer_blk_s3_top_float_const_float_float_const_a_buf_3_ce0       |  out|    1|   ap_memory|  transformer_blk_s3_top_float_const_float_float_const_a_buf_3|         array|
|transformer_blk_s3_top_float_const_float_float_const_a_buf_3_we0       |  out|    1|   ap_memory|  transformer_blk_s3_top_float_const_float_float_const_a_buf_3|         array|
|transformer_blk_s3_top_float_const_float_float_const_a_buf_3_d0        |  out|   32|   ap_memory|  transformer_blk_s3_top_float_const_float_float_const_a_buf_3|         array|
|transformer_blk_s3_top_float_const_float_float_const_a_buf_3_q0        |   in|   32|   ap_memory|  transformer_blk_s3_top_float_const_float_float_const_a_buf_3|         array|
|transformer_blk_s3_top_float_const_float_float_const_a_buf_3_address1  |  out|   11|   ap_memory|  transformer_blk_s3_top_float_const_float_float_const_a_buf_3|         array|
|transformer_blk_s3_top_float_const_float_float_const_a_buf_3_ce1       |  out|    1|   ap_memory|  transformer_blk_s3_top_float_const_float_float_const_a_buf_3|         array|
|transformer_blk_s3_top_float_const_float_float_const_a_buf_3_we1       |  out|    1|   ap_memory|  transformer_blk_s3_top_float_const_float_float_const_a_buf_3|         array|
|transformer_blk_s3_top_float_const_float_float_const_a_buf_3_d1        |  out|   32|   ap_memory|  transformer_blk_s3_top_float_const_float_float_const_a_buf_3|         array|
|transformer_blk_s3_top_float_const_float_float_const_a_buf_3_q1        |   in|   32|   ap_memory|  transformer_blk_s3_top_float_const_float_float_const_a_buf_3|         array|
|transformer_blk_s3_top_float_const_float_float_const_a_buf_4_address0  |  out|   11|   ap_memory|  transformer_blk_s3_top_float_const_float_float_const_a_buf_4|         array|
|transformer_blk_s3_top_float_const_float_float_const_a_buf_4_ce0       |  out|    1|   ap_memory|  transformer_blk_s3_top_float_const_float_float_const_a_buf_4|         array|
|transformer_blk_s3_top_float_const_float_float_const_a_buf_4_we0       |  out|    1|   ap_memory|  transformer_blk_s3_top_float_const_float_float_const_a_buf_4|         array|
|transformer_blk_s3_top_float_const_float_float_const_a_buf_4_d0        |  out|   32|   ap_memory|  transformer_blk_s3_top_float_const_float_float_const_a_buf_4|         array|
|transformer_blk_s3_top_float_const_float_float_const_a_buf_4_q0        |   in|   32|   ap_memory|  transformer_blk_s3_top_float_const_float_float_const_a_buf_4|         array|
|transformer_blk_s3_top_float_const_float_float_const_a_buf_4_address1  |  out|   11|   ap_memory|  transformer_blk_s3_top_float_const_float_float_const_a_buf_4|         array|
|transformer_blk_s3_top_float_const_float_float_const_a_buf_4_ce1       |  out|    1|   ap_memory|  transformer_blk_s3_top_float_const_float_float_const_a_buf_4|         array|
|transformer_blk_s3_top_float_const_float_float_const_a_buf_4_we1       |  out|    1|   ap_memory|  transformer_blk_s3_top_float_const_float_float_const_a_buf_4|         array|
|transformer_blk_s3_top_float_const_float_float_const_a_buf_4_d1        |  out|   32|   ap_memory|  transformer_blk_s3_top_float_const_float_float_const_a_buf_4|         array|
|transformer_blk_s3_top_float_const_float_float_const_a_buf_4_q1        |   in|   32|   ap_memory|  transformer_blk_s3_top_float_const_float_float_const_a_buf_4|         array|
+-----------------------------------------------------------------------+-----+-----+------------+--------------------------------------------------------------+--------------+

