

================================================================
== Vitis HLS Report for 'transformer_blk_s3_top_Pipeline_LF_S_LF_OD1'
================================================================
* Date:           Mon Jun  1 14:14:28 2026

* Version:        2022.2 (Build 3670227 on Oct 13 2022)
* Project:        s3_transformer_block
* Solution:       solution1 (Vivado IP Flow Target)
* Product family: zynquplus
* Target device:  xczu9eg-ffvb1156-2-e


================================================================
== Performance Estimates
================================================================
+ Timing: 
    * Summary: 
    +--------+---------+----------+------------+
    |  Clock |  Target | Estimated| Uncertainty|
    +--------+---------+----------+------------+
    |ap_clk  |  5.00 ns|  4.300 ns|     1.35 ns|
    +--------+---------+----------+------------+

+ Latency: 
    * Summary: 
    +---------+---------+----------+----------+---------+---------+---------+
    |  Latency (cycles) |  Latency (absolute) |      Interval     | Pipeline|
    |   min   |   max   |    min   |    max   |   min   |   max   |   Type  |
    +---------+---------+----------+----------+---------+---------+---------+
    |  1863849|  1863849|  9.319 ms|  9.319 ms|  1863849|  1863849|       no|
    +---------+---------+----------+----------+---------+---------+---------+

    + Detail: 
        * Instance: 
        N/A

        * Loop: 
        +--------------+---------+---------+----------+-----------+-----------+-------+----------+
        |              |  Latency (cycles) | Iteration|  Initiation Interval  |  Trip |          |
        |   Loop Name  |   min   |   max   |  Latency |  achieved |   target  | Count | Pipelined|
        +--------------+---------+---------+----------+-----------+-----------+-------+----------+
        |- LF_S_LF_OD  |  1863847|  1863847|      1545|         97|          1|  19200|       yes|
        +--------------+---------+---------+----------+-----------+-----------+-------+----------+



================================================================
== Utilization Estimates
================================================================
* Summary: 
+-----------------+---------+------+--------+--------+-----+
|       Name      | BRAM_18K|  DSP |   FF   |   LUT  | URAM|
+-----------------+---------+------+--------+--------+-----+
|DSP              |        -|     -|       -|       -|    -|
|Expression       |        -|     -|       0|   10459|    -|
|FIFO             |        -|     -|       -|       -|    -|
|Instance         |        -|     0|     189|     168|    -|
|Memory           |        -|     -|       -|       -|    -|
|Multiplexer      |        -|     -|       -|    5738|    -|
|Register         |        -|     -|   23319|    5440|    -|
+-----------------+---------+------+--------+--------+-----+
|Total            |        0|     0|   23508|   21805|    0|
+-----------------+---------+------+--------+--------+-----+
|Available        |     1824|  2520|  548160|  274080|    0|
+-----------------+---------+------+--------+--------+-----+
|Utilization (%)  |        0|     0|       4|       7|    0|
+-----------------+---------+------+--------+--------+-----+

+ Detail: 
    * Instance: 
    +--------------------------+---------------------+---------+----+-----+-----+-----+
    |         Instance         |        Module       | BRAM_18K| DSP|  FF | LUT | URAM|
    +--------------------------+---------------------+---------+----+-----+-----+-----+
    |mul_8ns_10ns_17_1_1_U213  |mul_8ns_10ns_17_1_1  |        0|   0|    0|   62|    0|
    |urem_8ns_7ns_6_12_1_U212  |urem_8ns_7ns_6_12_1  |        0|   0|  189|  106|    0|
    +--------------------------+---------------------+---------+----+-----+-----+-----+
    |Total                     |                     |        0|   0|  189|  168|    0|
    +--------------------------+---------------------+---------+----+-----+-----+-----+

    * DSP: 
    N/A

    * Memory: 
    N/A

    * FIFO: 
    N/A

    * Expression: 
    +----------------------------+----------+----+---+-----+------------+------------+
    |        Variable Name       | Operation| DSP| FF| LUT | Bitwidth P0| Bitwidth P1|
    +----------------------------+----------+----+---+-----+------------+------------+
    |add_ln162_322_fu_5573_p2    |         +|   0|  0|   20|          13|           5|
    |add_ln162_323_fu_5586_p2    |         +|   0|  0|   20|          13|           5|
    |add_ln162_324_fu_5652_p2    |         +|   0|  0|   20|          13|           5|
    |add_ln162_325_fu_5665_p2    |         +|   0|  0|   20|          13|           5|
    |add_ln162_326_fu_5726_p2    |         +|   0|  0|   20|          13|           5|
    |add_ln162_327_fu_5739_p2    |         +|   0|  0|   20|          13|           5|
    |add_ln162_328_fu_5800_p2    |         +|   0|  0|   20|          13|           5|
    |add_ln162_329_fu_5813_p2    |         +|   0|  0|   20|          13|           5|
    |add_ln162_330_fu_5878_p2    |         +|   0|  0|   20|          13|           5|
    |add_ln162_331_fu_5891_p2    |         +|   0|  0|   20|          13|           5|
    |add_ln162_332_fu_5986_p2    |         +|   0|  0|   20|          13|           5|
    |add_ln162_333_fu_5999_p2    |         +|   0|  0|   20|          13|           5|
    |add_ln162_334_fu_6060_p2    |         +|   0|  0|   20|          13|           5|
    |add_ln162_335_fu_6073_p2    |         +|   0|  0|   20|          13|           5|
    |add_ln162_336_fu_6134_p2    |         +|   0|  0|   20|          13|           5|
    |add_ln162_337_fu_6147_p2    |         +|   0|  0|   20|          13|           5|
    |add_ln162_338_fu_6208_p2    |         +|   0|  0|   20|          13|           6|
    |add_ln162_339_fu_6221_p2    |         +|   0|  0|   20|          13|           6|
    |add_ln162_340_fu_6282_p2    |         +|   0|  0|   20|          13|           6|
    |add_ln162_341_fu_6295_p2    |         +|   0|  0|   20|          13|           6|
    |add_ln162_342_fu_6356_p2    |         +|   0|  0|   20|          13|           6|
    |add_ln162_343_fu_6369_p2    |         +|   0|  0|   20|          13|           6|
    |add_ln162_344_fu_6430_p2    |         +|   0|  0|   20|          13|           6|
    |add_ln162_345_fu_6443_p2    |         +|   0|  0|   20|          13|           6|
    |add_ln162_346_fu_6504_p2    |         +|   0|  0|   20|          13|           6|
    |add_ln162_347_fu_6517_p2    |         +|   0|  0|   20|          13|           6|
    |add_ln162_348_fu_6578_p2    |         +|   0|  0|   20|          13|           6|
    |add_ln162_349_fu_6591_p2    |         +|   0|  0|   20|          13|           6|
    |add_ln162_350_fu_6652_p2    |         +|   0|  0|   20|          13|           6|
    |add_ln162_351_fu_6665_p2    |         +|   0|  0|   20|          13|           6|
    |add_ln162_352_fu_6726_p2    |         +|   0|  0|   20|          13|           6|
    |add_ln162_353_fu_6739_p2    |         +|   0|  0|   20|          13|           6|
    |add_ln162_4_fu_4938_p2      |         +|   0|  0|   22|          15|           1|
    |add_ln162_fu_4961_p2        |         +|   0|  0|   14|           7|           1|
    |add_ln163_fu_5968_p2        |         +|   0|  0|   15|           8|           1|
    |add_ln165_1_fu_5066_p2      |         +|   0|  0|   24|          17|          17|
    |add_ln165_2_fu_5076_p2      |         +|   0|  0|   27|          20|          20|
    |add_ln170_321_fu_5118_p2    |         +|   0|  0|   27|          20|          20|
    |add_ln170_322_fu_5179_p2    |         +|   0|  0|   28|          21|          21|
    |add_ln170_323_fu_5198_p2    |         +|   0|  0|   28|          21|          21|
    |add_ln170_324_fu_5248_p2    |         +|   0|  0|   28|          21|          21|
    |add_ln170_325_fu_5267_p2    |         +|   0|  0|   28|          21|          21|
    |add_ln170_326_fu_5322_p2    |         +|   0|  0|   28|          21|          21|
    |add_ln170_327_fu_5341_p2    |         +|   0|  0|   28|          21|          21|
    |add_ln170_328_fu_5396_p2    |         +|   0|  0|   28|          21|          21|
    |add_ln170_329_fu_5415_p2    |         +|   0|  0|   28|          21|          21|
    |add_ln170_330_fu_5470_p2    |         +|   0|  0|   28|          21|          21|
    |add_ln170_331_fu_5489_p2    |         +|   0|  0|   28|          21|          21|
    |add_ln170_332_fu_5544_p2    |         +|   0|  0|   28|          21|          21|
    |add_ln170_333_fu_5563_p2    |         +|   0|  0|   28|          21|          21|
    |add_ln170_334_fu_5623_p2    |         +|   0|  0|   28|          21|          21|
    |add_ln170_335_fu_5642_p2    |         +|   0|  0|   28|          21|          21|
    |add_ln170_336_fu_5697_p2    |         +|   0|  0|   28|          21|          21|
    |add_ln170_337_fu_5716_p2    |         +|   0|  0|   28|          21|          21|
    |add_ln170_338_fu_5771_p2    |         +|   0|  0|   28|          21|          21|
    |add_ln170_339_fu_5790_p2    |         +|   0|  0|   28|          21|          21|
    |add_ln170_340_fu_5845_p2    |         +|   0|  0|   28|          21|          21|
    |add_ln170_341_fu_5864_p2    |         +|   0|  0|   28|          21|          21|
    |add_ln170_342_fu_5930_p2    |         +|   0|  0|   28|          21|          21|
    |add_ln170_343_fu_5949_p2    |         +|   0|  0|   28|          21|          21|
    |add_ln170_344_fu_6031_p2    |         +|   0|  0|   28|          21|          21|
    |add_ln170_345_fu_6050_p2    |         +|   0|  0|   28|          21|          21|
    |add_ln170_346_fu_6105_p2    |         +|   0|  0|   28|          21|          21|
    |add_ln170_347_fu_6124_p2    |         +|   0|  0|   28|          21|          21|
    |add_ln170_348_fu_6179_p2    |         +|   0|  0|   28|          21|          21|
    |add_ln170_349_fu_6198_p2    |         +|   0|  0|   28|          21|          21|
    |add_ln170_350_fu_6253_p2    |         +|   0|  0|   28|          21|          21|
    |add_ln170_351_fu_6272_p2    |         +|   0|  0|   28|          21|          21|
    |add_ln170_352_fu_6327_p2    |         +|   0|  0|   28|          21|          21|
    |add_ln170_353_fu_6346_p2    |         +|   0|  0|   28|          21|          21|
    |add_ln170_354_fu_6401_p2    |         +|   0|  0|   28|          21|          21|
    |add_ln170_355_fu_6420_p2    |         +|   0|  0|   28|          21|          21|
    |add_ln170_356_fu_6475_p2    |         +|   0|  0|   28|          21|          21|
    |add_ln170_357_fu_6494_p2    |         +|   0|  0|   28|          21|          21|
    |add_ln170_358_fu_6549_p2    |         +|   0|  0|   28|          21|          21|
    |add_ln170_359_fu_6568_p2    |         +|   0|  0|   28|          21|          21|
    |add_ln170_360_fu_6623_p2    |         +|   0|  0|   28|          21|          21|
    |add_ln170_361_fu_6642_p2    |         +|   0|  0|   28|          21|          21|
    |add_ln170_362_fu_6697_p2    |         +|   0|  0|   28|          21|          21|
    |add_ln170_363_fu_6716_p2    |         +|   0|  0|   28|          21|          21|
    |add_ln170_364_fu_6771_p2    |         +|   0|  0|   28|          21|          21|
    |add_ln170_365_fu_6790_p2    |         +|   0|  0|   28|          21|          21|
    |add_ln170_366_fu_6819_p2    |         +|   0|  0|   28|          21|          21|
    |add_ln170_367_fu_6838_p2    |         +|   0|  0|   28|          21|          21|
    |add_ln170_368_fu_6867_p2    |         +|   0|  0|   28|          21|          21|
    |add_ln170_369_fu_6886_p2    |         +|   0|  0|   28|          21|          21|
    |add_ln170_370_fu_6915_p2    |         +|   0|  0|   28|          21|          21|
    |add_ln170_371_fu_6934_p2    |         +|   0|  0|   28|          21|          21|
    |add_ln170_372_fu_6963_p2    |         +|   0|  0|   28|          21|          21|
    |add_ln170_373_fu_6982_p2    |         +|   0|  0|   28|          21|          21|
    |add_ln170_374_fu_7011_p2    |         +|   0|  0|   28|          21|          21|
    |add_ln170_375_fu_7030_p2    |         +|   0|  0|   28|          21|          21|
    |add_ln170_376_fu_7059_p2    |         +|   0|  0|   28|          21|          21|
    |add_ln170_377_fu_7078_p2    |         +|   0|  0|   28|          21|          21|
    |add_ln170_378_fu_7107_p2    |         +|   0|  0|   28|          21|          21|
    |add_ln170_379_fu_7126_p2    |         +|   0|  0|   28|          21|          21|
    |add_ln170_380_fu_7155_p2    |         +|   0|  0|   28|          21|          21|
    |add_ln170_381_fu_7174_p2    |         +|   0|  0|   28|          21|          21|
    |add_ln170_382_fu_7203_p2    |         +|   0|  0|   28|          21|          21|
    |add_ln170_383_fu_7222_p2    |         +|   0|  0|   28|          21|          21|
    |add_ln170_384_fu_7251_p2    |         +|   0|  0|   28|          21|          21|
    |add_ln170_386_fu_7270_p2    |         +|   0|  0|   27|          20|          20|
    |add_ln170_387_fu_7261_p2    |         +|   0|  0|   24|          17|          16|
    |add_ln170_388_fu_7299_p2    |         +|   0|  0|   27|          20|          20|
    |add_ln170_389_fu_7290_p2    |         +|   0|  0|   24|          17|          16|
    |add_ln170_390_fu_7318_p2    |         +|   0|  0|   27|          20|          20|
    |add_ln170_391_fu_7309_p2    |         +|   0|  0|   24|          17|          16|
    |add_ln170_392_fu_7347_p2    |         +|   0|  0|   27|          20|          20|
    |add_ln170_393_fu_7338_p2    |         +|   0|  0|   24|          17|          16|
    |add_ln170_394_fu_7366_p2    |         +|   0|  0|   27|          20|          20|
    |add_ln170_395_fu_7357_p2    |         +|   0|  0|   24|          17|          16|
    |add_ln170_396_fu_7395_p2    |         +|   0|  0|   27|          20|          20|
    |add_ln170_397_fu_7386_p2    |         +|   0|  0|   24|          17|          16|
    |add_ln170_398_fu_7414_p2    |         +|   0|  0|   27|          20|          20|
    |add_ln170_399_fu_7405_p2    |         +|   0|  0|   24|          17|          16|
    |add_ln170_400_fu_7443_p2    |         +|   0|  0|   27|          20|          20|
    |add_ln170_401_fu_7434_p2    |         +|   0|  0|   24|          17|          16|
    |add_ln170_402_fu_7462_p2    |         +|   0|  0|   27|          20|          20|
    |add_ln170_403_fu_7453_p2    |         +|   0|  0|   24|          17|          16|
    |add_ln170_404_fu_7491_p2    |         +|   0|  0|   27|          20|          20|
    |add_ln170_405_fu_7482_p2    |         +|   0|  0|   24|          17|          16|
    |add_ln170_406_fu_7510_p2    |         +|   0|  0|   27|          20|          20|
    |add_ln170_407_fu_7501_p2    |         +|   0|  0|   24|          17|          16|
    |add_ln170_408_fu_7539_p2    |         +|   0|  0|   27|          20|          20|
    |add_ln170_409_fu_7530_p2    |         +|   0|  0|   24|          17|          16|
    |add_ln170_410_fu_7558_p2    |         +|   0|  0|   27|          20|          20|
    |add_ln170_411_fu_7549_p2    |         +|   0|  0|   24|          17|          16|
    |add_ln170_412_fu_7587_p2    |         +|   0|  0|   27|          20|          20|
    |add_ln170_413_fu_7578_p2    |         +|   0|  0|   24|          17|          16|
    |add_ln170_414_fu_7606_p2    |         +|   0|  0|   27|          20|          20|
    |add_ln170_415_fu_7597_p2    |         +|   0|  0|   24|          17|          16|
    |add_ln170_416_fu_7635_p2    |         +|   0|  0|   27|          20|          20|
    |add_ln170_417_fu_7626_p2    |         +|   0|  0|   24|          17|          16|
    |add_ln170_418_fu_7654_p2    |         +|   0|  0|   27|          20|          20|
    |add_ln170_419_fu_7645_p2    |         +|   0|  0|   24|          17|          16|
    |add_ln170_420_fu_7683_p2    |         +|   0|  0|   27|          20|          20|
    |add_ln170_421_fu_7674_p2    |         +|   0|  0|   24|          17|          16|
    |add_ln170_422_fu_7702_p2    |         +|   0|  0|   27|          20|          20|
    |add_ln170_423_fu_7693_p2    |         +|   0|  0|   24|          17|          16|
    |add_ln170_424_fu_7731_p2    |         +|   0|  0|   27|          20|          20|
    |add_ln170_425_fu_7722_p2    |         +|   0|  0|   24|          17|          16|
    |add_ln170_426_fu_7750_p2    |         +|   0|  0|   27|          20|          20|
    |add_ln170_427_fu_7741_p2    |         +|   0|  0|   24|          17|          16|
    |add_ln170_428_fu_7779_p2    |         +|   0|  0|   27|          20|          20|
    |add_ln170_429_fu_7770_p2    |         +|   0|  0|   24|          17|          16|
    |add_ln170_430_fu_7798_p2    |         +|   0|  0|   27|          20|          20|
    |add_ln170_431_fu_7789_p2    |         +|   0|  0|   24|          17|          16|
    |add_ln170_432_fu_7827_p2    |         +|   0|  0|   27|          20|          20|
    |add_ln170_433_fu_7818_p2    |         +|   0|  0|   24|          17|          16|
    |add_ln170_434_fu_7846_p2    |         +|   0|  0|   27|          20|          20|
    |add_ln170_435_fu_7837_p2    |         +|   0|  0|   24|          17|          16|
    |add_ln170_436_fu_7875_p2    |         +|   0|  0|   27|          20|          20|
    |add_ln170_437_fu_7866_p2    |         +|   0|  0|   24|          17|          16|
    |add_ln170_438_fu_7894_p2    |         +|   0|  0|   27|          20|          20|
    |add_ln170_439_fu_7885_p2    |         +|   0|  0|   24|          17|          16|
    |add_ln170_440_fu_7923_p2    |         +|   0|  0|   27|          20|          20|
    |add_ln170_441_fu_7914_p2    |         +|   0|  0|   24|          17|          16|
    |add_ln170_442_fu_7942_p2    |         +|   0|  0|   27|          20|          20|
    |add_ln170_443_fu_7933_p2    |         +|   0|  0|   24|          17|          16|
    |add_ln170_444_fu_7971_p2    |         +|   0|  0|   27|          20|          20|
    |add_ln170_445_fu_7962_p2    |         +|   0|  0|   24|          17|          16|
    |add_ln170_446_fu_7990_p2    |         +|   0|  0|   27|          20|          20|
    |add_ln170_447_fu_7981_p2    |         +|   0|  0|   24|          17|          16|
    |add_ln170_448_fu_8019_p2    |         +|   0|  0|   27|          20|          20|
    |add_ln170_449_fu_8010_p2    |         +|   0|  0|   24|          17|          16|
    |add_ln170_450_fu_8038_p2    |         +|   0|  0|   27|          20|          20|
    |add_ln170_451_fu_8029_p2    |         +|   0|  0|   24|          17|          16|
    |add_ln170_452_fu_8067_p2    |         +|   0|  0|   27|          20|          20|
    |add_ln170_453_fu_8058_p2    |         +|   0|  0|   24|          17|          16|
    |add_ln170_454_fu_8086_p2    |         +|   0|  0|   27|          20|          20|
    |add_ln170_455_fu_8077_p2    |         +|   0|  0|   24|          17|          16|
    |add_ln170_456_fu_8115_p2    |         +|   0|  0|   27|          20|          20|
    |add_ln170_457_fu_8106_p2    |         +|   0|  0|   24|          17|          16|
    |add_ln170_458_fu_8134_p2    |         +|   0|  0|   27|          20|          20|
    |add_ln170_459_fu_8125_p2    |         +|   0|  0|   24|          17|          16|
    |add_ln170_460_fu_8163_p2    |         +|   0|  0|   27|          20|          20|
    |add_ln170_461_fu_8154_p2    |         +|   0|  0|   24|          17|          16|
    |add_ln170_462_fu_8182_p2    |         +|   0|  0|   27|          20|          20|
    |add_ln170_463_fu_8173_p2    |         +|   0|  0|   24|          17|          16|
    |add_ln170_464_fu_8211_p2    |         +|   0|  0|   27|          20|          20|
    |add_ln170_465_fu_8202_p2    |         +|   0|  0|   24|          17|          16|
    |add_ln170_466_fu_8230_p2    |         +|   0|  0|   27|          20|          20|
    |add_ln170_467_fu_8221_p2    |         +|   0|  0|   24|          17|          16|
    |add_ln170_468_fu_8259_p2    |         +|   0|  0|   27|          20|          20|
    |add_ln170_469_fu_8250_p2    |         +|   0|  0|   24|          17|          16|
    |add_ln170_470_fu_8278_p2    |         +|   0|  0|   27|          20|          20|
    |add_ln170_471_fu_8269_p2    |         +|   0|  0|   24|          17|          16|
    |add_ln170_472_fu_8307_p2    |         +|   0|  0|   27|          20|          20|
    |add_ln170_473_fu_8298_p2    |         +|   0|  0|   24|          17|          16|
    |add_ln170_474_fu_8326_p2    |         +|   0|  0|   27|          20|          20|
    |add_ln170_475_fu_8317_p2    |         +|   0|  0|   24|          17|          16|
    |add_ln170_476_fu_8355_p2    |         +|   0|  0|   27|          20|          20|
    |add_ln170_477_fu_8346_p2    |         +|   0|  0|   24|          17|          16|
    |add_ln170_478_fu_8374_p2    |         +|   0|  0|   27|          20|          20|
    |add_ln170_479_fu_8365_p2    |         +|   0|  0|   24|          17|          16|
    |add_ln170_480_fu_8403_p2    |         +|   0|  0|   27|          20|          20|
    |add_ln170_481_fu_8394_p2    |         +|   0|  0|   24|          17|          16|
    |add_ln170_482_fu_8422_p2    |         +|   0|  0|   27|          20|          20|
    |add_ln170_483_fu_8413_p2    |         +|   0|  0|   24|          17|          16|
    |add_ln170_484_fu_8451_p2    |         +|   0|  0|   27|          20|          20|
    |add_ln170_485_fu_8442_p2    |         +|   0|  0|   24|          17|          16|
    |add_ln170_486_fu_8470_p2    |         +|   0|  0|   27|          20|          20|
    |add_ln170_487_fu_8461_p2    |         +|   0|  0|   24|          17|          16|
    |add_ln170_488_fu_8499_p2    |         +|   0|  0|   27|          20|          20|
    |add_ln170_489_fu_8490_p2    |         +|   0|  0|   24|          17|          16|
    |add_ln170_490_fu_8518_p2    |         +|   0|  0|   27|          20|          20|
    |add_ln170_491_fu_8509_p2    |         +|   0|  0|   24|          17|          16|
    |add_ln170_492_fu_8547_p2    |         +|   0|  0|   27|          20|          20|
    |add_ln170_493_fu_8538_p2    |         +|   0|  0|   24|          17|          16|
    |add_ln170_494_fu_8566_p2    |         +|   0|  0|   27|          20|          20|
    |add_ln170_495_fu_8557_p2    |         +|   0|  0|   24|          17|          16|
    |add_ln170_496_fu_8595_p2    |         +|   0|  0|   27|          20|          20|
    |add_ln170_497_fu_8586_p2    |         +|   0|  0|   24|          17|          16|
    |add_ln170_498_fu_8614_p2    |         +|   0|  0|   27|          20|          20|
    |add_ln170_499_fu_8605_p2    |         +|   0|  0|   24|          17|          16|
    |add_ln170_500_fu_8643_p2    |         +|   0|  0|   27|          20|          20|
    |add_ln170_501_fu_8634_p2    |         +|   0|  0|   24|          17|          16|
    |add_ln170_502_fu_8662_p2    |         +|   0|  0|   27|          20|          20|
    |add_ln170_503_fu_8653_p2    |         +|   0|  0|   24|          17|          16|
    |add_ln170_504_fu_8691_p2    |         +|   0|  0|   27|          20|          20|
    |add_ln170_505_fu_8682_p2    |         +|   0|  0|   24|          17|          16|
    |add_ln170_506_fu_8710_p2    |         +|   0|  0|   27|          20|          20|
    |add_ln170_507_fu_8701_p2    |         +|   0|  0|   24|          17|          16|
    |add_ln170_508_fu_8739_p2    |         +|   0|  0|   27|          20|          20|
    |add_ln170_509_fu_8730_p2    |         +|   0|  0|   24|          17|          16|
    |add_ln170_510_fu_8758_p2    |         +|   0|  0|   27|          20|          20|
    |add_ln170_511_fu_8749_p2    |         +|   0|  0|   24|          17|          16|
    |add_ln170_512_fu_8787_p2    |         +|   0|  0|   27|          20|          20|
    |add_ln170_513_fu_8778_p2    |         +|   0|  0|   24|          17|          16|
    |add_ln170_514_fu_8806_p2    |         +|   0|  0|   27|          20|          20|
    |add_ln170_515_fu_8797_p2    |         +|   0|  0|   24|          17|          16|
    |add_ln170_516_fu_8835_p2    |         +|   0|  0|   27|          20|          20|
    |add_ln170_517_fu_8826_p2    |         +|   0|  0|   24|          17|          16|
    |add_ln170_518_fu_8854_p2    |         +|   0|  0|   27|          20|          20|
    |add_ln170_519_fu_8845_p2    |         +|   0|  0|   24|          17|          16|
    |add_ln170_520_fu_8883_p2    |         +|   0|  0|   27|          20|          20|
    |add_ln170_521_fu_8874_p2    |         +|   0|  0|   24|          17|          16|
    |add_ln170_522_fu_8902_p2    |         +|   0|  0|   27|          20|          20|
    |add_ln170_523_fu_8893_p2    |         +|   0|  0|   24|          17|          16|
    |add_ln170_524_fu_8931_p2    |         +|   0|  0|   27|          20|          20|
    |add_ln170_525_fu_8922_p2    |         +|   0|  0|   24|          17|          16|
    |add_ln170_526_fu_8950_p2    |         +|   0|  0|   27|          20|          20|
    |add_ln170_527_fu_8941_p2    |         +|   0|  0|   24|          17|          16|
    |add_ln170_528_fu_8979_p2    |         +|   0|  0|   27|          20|          20|
    |add_ln170_529_fu_8970_p2    |         +|   0|  0|   24|          17|          16|
    |add_ln170_530_fu_8998_p2    |         +|   0|  0|   27|          20|          20|
    |add_ln170_531_fu_8989_p2    |         +|   0|  0|   24|          17|          16|
    |add_ln170_532_fu_9027_p2    |         +|   0|  0|   27|          20|          20|
    |add_ln170_533_fu_9018_p2    |         +|   0|  0|   24|          17|          16|
    |add_ln170_534_fu_9046_p2    |         +|   0|  0|   27|          20|          20|
    |add_ln170_535_fu_9037_p2    |         +|   0|  0|   24|          17|          16|
    |add_ln170_536_fu_9075_p2    |         +|   0|  0|   27|          20|          20|
    |add_ln170_537_fu_9066_p2    |         +|   0|  0|   24|          17|          16|
    |add_ln170_538_fu_9094_p2    |         +|   0|  0|   27|          20|          20|
    |add_ln170_539_fu_9085_p2    |         +|   0|  0|   24|          17|          16|
    |add_ln170_540_fu_9123_p2    |         +|   0|  0|   27|          20|          20|
    |add_ln170_541_fu_9114_p2    |         +|   0|  0|   24|          17|          16|
    |add_ln170_542_fu_9142_p2    |         +|   0|  0|   27|          20|          20|
    |add_ln170_543_fu_9133_p2    |         +|   0|  0|   24|          17|          16|
    |add_ln170_544_fu_9171_p2    |         +|   0|  0|   27|          20|          20|
    |add_ln170_545_fu_9162_p2    |         +|   0|  0|   24|          17|          16|
    |add_ln170_546_fu_9190_p2    |         +|   0|  0|   27|          20|          20|
    |add_ln170_547_fu_9181_p2    |         +|   0|  0|   24|          17|          16|
    |add_ln170_548_fu_9219_p2    |         +|   0|  0|   27|          20|          20|
    |add_ln170_549_fu_9210_p2    |         +|   0|  0|   24|          17|          16|
    |add_ln170_550_fu_9238_p2    |         +|   0|  0|   27|          20|          20|
    |add_ln170_551_fu_9229_p2    |         +|   0|  0|   24|          17|          16|
    |add_ln170_552_fu_9267_p2    |         +|   0|  0|   27|          20|          20|
    |add_ln170_553_fu_9258_p2    |         +|   0|  0|   24|          17|          16|
    |add_ln170_554_fu_9286_p2    |         +|   0|  0|   27|          20|          20|
    |add_ln170_555_fu_9277_p2    |         +|   0|  0|   24|          17|          16|
    |add_ln170_556_fu_9315_p2    |         +|   0|  0|   27|          20|          20|
    |add_ln170_557_fu_9306_p2    |         +|   0|  0|   24|          17|          16|
    |add_ln170_558_fu_9334_p2    |         +|   0|  0|   27|          20|          20|
    |add_ln170_559_fu_9325_p2    |         +|   0|  0|   24|          17|          16|
    |add_ln170_560_fu_9363_p2    |         +|   0|  0|   27|          20|          20|
    |add_ln170_561_fu_9354_p2    |         +|   0|  0|   24|          17|          16|
    |add_ln170_562_fu_9382_p2    |         +|   0|  0|   27|          20|          20|
    |add_ln170_563_fu_9373_p2    |         +|   0|  0|   24|          17|          16|
    |add_ln170_564_fu_9411_p2    |         +|   0|  0|   27|          20|          20|
    |add_ln170_565_fu_9402_p2    |         +|   0|  0|   24|          17|          16|
    |add_ln170_566_fu_9430_p2    |         +|   0|  0|   27|          20|          20|
    |add_ln170_567_fu_9421_p2    |         +|   0|  0|   24|          17|          16|
    |add_ln170_568_fu_9459_p2    |         +|   0|  0|   27|          20|          20|
    |add_ln170_569_fu_9450_p2    |         +|   0|  0|   24|          17|          16|
    |add_ln170_570_fu_9478_p2    |         +|   0|  0|   27|          20|          20|
    |add_ln170_571_fu_9469_p2    |         +|   0|  0|   24|          17|          16|
    |add_ln170_572_fu_9507_p2    |         +|   0|  0|   27|          20|          20|
    |add_ln170_573_fu_9498_p2    |         +|   0|  0|   24|          17|          16|
    |add_ln170_574_fu_9526_p2    |         +|   0|  0|   27|          20|          20|
    |add_ln170_575_fu_9517_p2    |         +|   0|  0|   24|          17|          16|
    |add_ln170_576_fu_9555_p2    |         +|   0|  0|   27|          20|          20|
    |add_ln170_577_fu_9546_p2    |         +|   0|  0|   24|          17|          16|
    |add_ln170_578_fu_9574_p2    |         +|   0|  0|   27|          20|          20|
    |add_ln170_579_fu_9565_p2    |         +|   0|  0|   24|          17|          16|
    |add_ln170_580_fu_9603_p2    |         +|   0|  0|   27|          20|          20|
    |add_ln170_581_fu_9594_p2    |         +|   0|  0|   24|          17|          16|
    |add_ln170_582_fu_9622_p2    |         +|   0|  0|   27|          20|          20|
    |add_ln170_583_fu_9613_p2    |         +|   0|  0|   24|          17|          16|
    |add_ln170_584_fu_9651_p2    |         +|   0|  0|   27|          20|          20|
    |add_ln170_585_fu_9642_p2    |         +|   0|  0|   24|          17|          16|
    |add_ln170_586_fu_9670_p2    |         +|   0|  0|   27|          20|          20|
    |add_ln170_587_fu_9661_p2    |         +|   0|  0|   24|          17|          16|
    |add_ln170_588_fu_9699_p2    |         +|   0|  0|   27|          20|          20|
    |add_ln170_589_fu_9690_p2    |         +|   0|  0|   24|          17|          16|
    |add_ln170_590_fu_9718_p2    |         +|   0|  0|   27|          20|          20|
    |add_ln170_591_fu_9709_p2    |         +|   0|  0|   24|          17|          16|
    |add_ln170_592_fu_9747_p2    |         +|   0|  0|   27|          20|          20|
    |add_ln170_593_fu_9738_p2    |         +|   0|  0|   24|          17|          16|
    |add_ln170_594_fu_9766_p2    |         +|   0|  0|   27|          20|          20|
    |add_ln170_595_fu_9757_p2    |         +|   0|  0|   24|          17|          16|
    |add_ln170_596_fu_9795_p2    |         +|   0|  0|   27|          20|          20|
    |add_ln170_597_fu_9786_p2    |         +|   0|  0|   24|          17|          16|
    |add_ln170_598_fu_9814_p2    |         +|   0|  0|   27|          20|          20|
    |add_ln170_599_fu_9805_p2    |         +|   0|  0|   24|          17|          16|
    |add_ln170_600_fu_9843_p2    |         +|   0|  0|   27|          20|          20|
    |add_ln170_601_fu_9834_p2    |         +|   0|  0|   24|          17|          16|
    |add_ln170_602_fu_9862_p2    |         +|   0|  0|   27|          20|          20|
    |add_ln170_603_fu_9853_p2    |         +|   0|  0|   24|          17|          16|
    |add_ln170_604_fu_9891_p2    |         +|   0|  0|   27|          20|          20|
    |add_ln170_605_fu_9882_p2    |         +|   0|  0|   24|          17|          16|
    |add_ln170_606_fu_9910_p2    |         +|   0|  0|   27|          20|          20|
    |add_ln170_607_fu_9901_p2    |         +|   0|  0|   24|          17|          16|
    |add_ln170_608_fu_9939_p2    |         +|   0|  0|   27|          20|          20|
    |add_ln170_609_fu_9930_p2    |         +|   0|  0|   24|          17|          16|
    |add_ln170_610_fu_9958_p2    |         +|   0|  0|   27|          20|          20|
    |add_ln170_611_fu_9949_p2    |         +|   0|  0|   24|          17|          16|
    |add_ln170_612_fu_9987_p2    |         +|   0|  0|   27|          20|          20|
    |add_ln170_613_fu_9978_p2    |         +|   0|  0|   24|          17|          16|
    |add_ln170_614_fu_10006_p2   |         +|   0|  0|   27|          20|          20|
    |add_ln170_615_fu_9997_p2    |         +|   0|  0|   24|          17|          16|
    |add_ln170_616_fu_10035_p2   |         +|   0|  0|   27|          20|          20|
    |add_ln170_617_fu_10026_p2   |         +|   0|  0|   24|          17|          16|
    |add_ln170_618_fu_10054_p2   |         +|   0|  0|   27|          20|          20|
    |add_ln170_619_fu_10045_p2   |         +|   0|  0|   24|          17|          16|
    |add_ln170_620_fu_10083_p2   |         +|   0|  0|   27|          20|          20|
    |add_ln170_621_fu_10074_p2   |         +|   0|  0|   24|          17|          16|
    |add_ln170_622_fu_10102_p2   |         +|   0|  0|   27|          20|          20|
    |add_ln170_623_fu_10093_p2   |         +|   0|  0|   24|          17|          16|
    |add_ln170_624_fu_10131_p2   |         +|   0|  0|   27|          20|          20|
    |add_ln170_625_fu_10122_p2   |         +|   0|  0|   24|          17|          16|
    |add_ln170_626_fu_10150_p2   |         +|   0|  0|   27|          20|          20|
    |add_ln170_627_fu_10141_p2   |         +|   0|  0|   24|          17|          16|
    |add_ln170_628_fu_10179_p2   |         +|   0|  0|   27|          20|          20|
    |add_ln170_629_fu_10170_p2   |         +|   0|  0|   24|          17|          16|
    |add_ln170_630_fu_10198_p2   |         +|   0|  0|   27|          20|          20|
    |add_ln170_631_fu_10189_p2   |         +|   0|  0|   24|          17|          16|
    |add_ln170_632_fu_10227_p2   |         +|   0|  0|   27|          20|          20|
    |add_ln170_633_fu_10218_p2   |         +|   0|  0|   24|          17|          16|
    |add_ln170_634_fu_10246_p2   |         +|   0|  0|   27|          20|          20|
    |add_ln170_635_fu_10237_p2   |         +|   0|  0|   24|          17|          16|
    |add_ln170_636_fu_10275_p2   |         +|   0|  0|   27|          20|          20|
    |add_ln170_637_fu_10266_p2   |         +|   0|  0|   24|          17|          16|
    |add_ln170_638_fu_10294_p2   |         +|   0|  0|   27|          20|          20|
    |add_ln170_639_fu_10285_p2   |         +|   0|  0|   24|          17|          16|
    |add_ln170_640_fu_10323_p2   |         +|   0|  0|   27|          20|          20|
    |add_ln170_641_fu_10314_p2   |         +|   0|  0|   24|          17|          16|
    |add_ln172_fu_5962_p2        |         +|   0|  0|   16|           9|           9|
    |sub_ln170_1_fu_4926_p2      |         -|   0|  0|   20|          13|          13|
    |sub_ln170_4_fu_5108_p2      |         -|   0|  0|   24|          17|          17|
    |sub_ln170_fu_4987_p2        |         -|   0|  0|   20|          13|          13|
    |icmp_ln162_fu_4932_p2       |      icmp|   0|  0|   12|          15|          15|
    |icmp_ln163_fu_4947_p2       |      icmp|   0|  0|   11|           8|           8|
    |or_ln162_157_fu_5037_p2     |        or|   0|  0|   13|          13|           2|
    |or_ln162_158_fu_5050_p2     |        or|   0|  0|   13|          13|           2|
    |or_ln162_159_fu_5144_p2     |        or|   0|  0|   13|          13|           3|
    |or_ln162_160_fu_5157_p2     |        or|   0|  0|   13|          13|           3|
    |or_ln162_161_fu_5208_p2     |        or|   0|  0|   13|          13|           3|
    |or_ln162_162_fu_5221_p2     |        or|   0|  0|   13|          13|           3|
    |or_ln162_163_fu_5277_p2     |        or|   0|  0|   13|          13|           4|
    |or_ln162_164_fu_5290_p2     |        or|   0|  0|   13|          13|           4|
    |or_ln162_165_fu_5351_p2     |        or|   0|  0|   13|          13|           4|
    |or_ln162_166_fu_5364_p2     |        or|   0|  0|   13|          13|           4|
    |or_ln162_167_fu_5425_p2     |        or|   0|  0|   13|          13|           4|
    |or_ln162_168_fu_5438_p2     |        or|   0|  0|   13|          13|           4|
    |or_ln162_169_fu_5499_p2     |        or|   0|  0|   13|          13|           4|
    |or_ln162_170_fu_5512_p2     |        or|   0|  0|   13|          13|           4|
    |or_ln162_fu_5009_p2         |        or|   0|  0|   13|          13|           1|
    |or_ln170_100_fu_6559_p2     |        or|   0|  0|   17|          17|           6|
    |or_ln170_101_fu_6614_p2     |        or|   0|  0|   17|          17|           6|
    |or_ln170_102_fu_6633_p2     |        or|   0|  0|   17|          17|           6|
    |or_ln170_103_fu_6688_p2     |        or|   0|  0|   17|          17|           6|
    |or_ln170_104_fu_6707_p2     |        or|   0|  0|   17|          17|           6|
    |or_ln170_105_fu_6762_p2     |        or|   0|  0|   17|          17|           6|
    |or_ln170_106_fu_6781_p2     |        or|   0|  0|   17|          17|           6|
    |or_ln170_107_fu_6810_p2     |        or|   0|  0|   17|          17|           6|
    |or_ln170_108_fu_6829_p2     |        or|   0|  0|   17|          17|           6|
    |or_ln170_109_fu_6858_p2     |        or|   0|  0|   17|          17|           6|
    |or_ln170_110_fu_6877_p2     |        or|   0|  0|   17|          17|           6|
    |or_ln170_111_fu_6906_p2     |        or|   0|  0|   17|          17|           6|
    |or_ln170_112_fu_6925_p2     |        or|   0|  0|   17|          17|           6|
    |or_ln170_113_fu_6954_p2     |        or|   0|  0|   17|          17|           6|
    |or_ln170_114_fu_6973_p2     |        or|   0|  0|   17|          17|           6|
    |or_ln170_115_fu_7002_p2     |        or|   0|  0|   17|          17|           6|
    |or_ln170_116_fu_7021_p2     |        or|   0|  0|   17|          17|           6|
    |or_ln170_117_fu_7050_p2     |        or|   0|  0|   17|          17|           6|
    |or_ln170_118_fu_7069_p2     |        or|   0|  0|   17|          17|           6|
    |or_ln170_119_fu_7098_p2     |        or|   0|  0|   17|          17|           6|
    |or_ln170_120_fu_7117_p2     |        or|   0|  0|   17|          17|           6|
    |or_ln170_121_fu_7146_p2     |        or|   0|  0|   17|          17|           6|
    |or_ln170_122_fu_7165_p2     |        or|   0|  0|   17|          17|           6|
    |or_ln170_123_fu_7194_p2     |        or|   0|  0|   17|          17|           6|
    |or_ln170_124_fu_7213_p2     |        or|   0|  0|   17|          17|           6|
    |or_ln170_125_fu_7242_p2     |        or|   0|  0|   17|          17|           6|
    |or_ln170_63_fu_5170_p2      |        or|   0|  0|   17|          17|           1|
    |or_ln170_64_fu_5189_p2      |        or|   0|  0|   17|          17|           2|
    |or_ln170_65_fu_5239_p2      |        or|   0|  0|   17|          17|           2|
    |or_ln170_66_fu_5258_p2      |        or|   0|  0|   17|          17|           3|
    |or_ln170_67_fu_5313_p2      |        or|   0|  0|   17|          17|           3|
    |or_ln170_68_fu_5332_p2      |        or|   0|  0|   17|          17|           3|
    |or_ln170_69_fu_5387_p2      |        or|   0|  0|   17|          17|           3|
    |or_ln170_70_fu_5406_p2      |        or|   0|  0|   17|          17|           4|
    |or_ln170_71_fu_5461_p2      |        or|   0|  0|   17|          17|           4|
    |or_ln170_72_fu_5480_p2      |        or|   0|  0|   17|          17|           4|
    |or_ln170_73_fu_5535_p2      |        or|   0|  0|   17|          17|           4|
    |or_ln170_74_fu_5554_p2      |        or|   0|  0|   17|          17|           4|
    |or_ln170_75_fu_5614_p2      |        or|   0|  0|   17|          17|           4|
    |or_ln170_76_fu_5633_p2      |        or|   0|  0|   17|          17|           4|
    |or_ln170_77_fu_5688_p2      |        or|   0|  0|   17|          17|           4|
    |or_ln170_78_fu_5707_p2      |        or|   0|  0|   17|          17|           5|
    |or_ln170_79_fu_5762_p2      |        or|   0|  0|   17|          17|           5|
    |or_ln170_80_fu_5781_p2      |        or|   0|  0|   17|          17|           5|
    |or_ln170_81_fu_5836_p2      |        or|   0|  0|   17|          17|           5|
    |or_ln170_82_fu_5855_p2      |        or|   0|  0|   17|          17|           5|
    |or_ln170_83_fu_5921_p2      |        or|   0|  0|   17|          17|           5|
    |or_ln170_84_fu_5940_p2      |        or|   0|  0|   17|          17|           5|
    |or_ln170_85_fu_6022_p2      |        or|   0|  0|   17|          17|           5|
    |or_ln170_86_fu_6041_p2      |        or|   0|  0|   17|          17|           5|
    |or_ln170_87_fu_6096_p2      |        or|   0|  0|   17|          17|           5|
    |or_ln170_88_fu_6115_p2      |        or|   0|  0|   17|          17|           5|
    |or_ln170_89_fu_6170_p2      |        or|   0|  0|   17|          17|           5|
    |or_ln170_90_fu_6189_p2      |        or|   0|  0|   17|          17|           5|
    |or_ln170_91_fu_6244_p2      |        or|   0|  0|   17|          17|           5|
    |or_ln170_92_fu_6263_p2      |        or|   0|  0|   17|          17|           5|
    |or_ln170_93_fu_6318_p2      |        or|   0|  0|   17|          17|           5|
    |or_ln170_94_fu_6337_p2      |        or|   0|  0|   17|          17|           6|
    |or_ln170_95_fu_6392_p2      |        or|   0|  0|   17|          17|           6|
    |or_ln170_96_fu_6411_p2      |        or|   0|  0|   17|          17|           6|
    |or_ln170_97_fu_6466_p2      |        or|   0|  0|   17|          17|           6|
    |or_ln170_98_fu_6485_p2      |        or|   0|  0|   17|          17|           6|
    |or_ln170_99_fu_6540_p2      |        or|   0|  0|   17|          17|           6|
    |grp_fu_5031_p0              |    select|   0|  0|    8|           1|           1|
    |select_ln162_13_fu_4993_p3  |    select|   0|  0|   12|           1|          13|
    |select_ln162_14_fu_5023_p3  |    select|   0|  0|    7|           1|           7|
    |ap_enable_pp0               |       xor|   0|  0|    2|           1|           2|
    +----------------------------+----------+----+---+-----+------------+------------+
    |Total                       |          |   0|  0|10459|        7907|        6635|
    +----------------------------+----------+----+---+-----+------------+------------+

    * Multiplexer: 
    +-------------------------------------------------------------------------+-----+-----------+-----+-----------+
    |                                   Name                                  | LUT | Input Size| Bits| Total Bits|
    +-------------------------------------------------------------------------+-----+-----------+-----+-----------+
    |ap_NS_fsm                                                                |  490|         98|    1|         98|
    |ap_done_int                                                              |    9|          2|    1|          2|
    |ap_enable_reg_pp0_iter0                                                  |    9|          2|    1|          2|
    |ap_enable_reg_pp0_iter1                                                  |    9|          2|    1|          2|
    |ap_enable_reg_pp0_iter15                                                 |    9|          2|    1|          2|
    |ap_loop_exit_ready_pp0_iter10_reg                                        |    9|          2|    1|          2|
    |ap_loop_exit_ready_pp0_iter11_reg                                        |    9|          2|    1|          2|
    |ap_loop_exit_ready_pp0_iter12_reg                                        |    9|          2|    1|          2|
    |ap_loop_exit_ready_pp0_iter13_reg                                        |    9|          2|    1|          2|
    |ap_loop_exit_ready_pp0_iter14_reg                                        |    9|          2|    1|          2|
    |ap_loop_exit_ready_pp0_iter1_reg                                         |    9|          2|    1|          2|
    |ap_loop_exit_ready_pp0_iter2_reg                                         |    9|          2|    1|          2|
    |ap_loop_exit_ready_pp0_iter3_reg                                         |    9|          2|    1|          2|
    |ap_loop_exit_ready_pp0_iter4_reg                                         |    9|          2|    1|          2|
    |ap_loop_exit_ready_pp0_iter5_reg                                         |    9|          2|    1|          2|
    |ap_loop_exit_ready_pp0_iter6_reg                                         |    9|          2|    1|          2|
    |ap_loop_exit_ready_pp0_iter7_reg                                         |    9|          2|    1|          2|
    |ap_loop_exit_ready_pp0_iter8_reg                                         |    9|          2|    1|          2|
    |ap_loop_exit_ready_pp0_iter9_reg                                         |    9|          2|    1|          2|
    |ap_sig_allocacmp_indvar_flatten758_load                                  |    9|          2|   15|         30|
    |ap_sig_allocacmp_od_load                                                 |    9|          2|    8|         16|
    |ap_sig_allocacmp_s                                                       |    9|          2|    7|         14|
    |grp_fu_4531_p0                                                           |   54|         10|   32|        320|
    |grp_fu_4531_p1                                                           |  490|         98|   32|       3136|
    |grp_fu_4535_p0                                                           |   54|         10|   32|        320|
    |grp_fu_4535_p1                                                           |  481|         96|   32|       3072|
    |grp_fu_4539_p0                                                           |  427|         81|   32|       2592|
    |grp_fu_4539_p1                                                           |  490|         98|   32|       3136|
    |grp_fu_4543_p0                                                           |  418|         79|   32|       2528|
    |grp_fu_4543_p1                                                           |  481|         96|   32|       3072|
    |indvar_flatten758_fu_760                                                 |    9|          2|   15|         30|
    |od_fu_752                                                                |    9|          2|    8|         16|
    |reg_4568                                                                 |    9|          2|   32|         64|
    |reg_4574                                                                 |    9|          2|   32|         64|
    |reg_4580                                                                 |    9|          2|   32|         64|
    |reg_4586                                                                 |    9|          2|   32|         64|
    |reg_4612                                                                 |    9|          2|   32|         64|
    |reg_4618                                                                 |    9|          2|   32|         64|
    |reg_4624                                                                 |    9|          2|   32|         64|
    |reg_4630                                                                 |    9|          2|   32|         64|
    |reg_4636                                                                 |    9|          2|   32|         64|
    |reg_4641                                                                 |    9|          2|   32|         64|
    |reg_4666                                                                 |    9|          2|   32|         64|
    |reg_4672                                                                 |    9|          2|   32|         64|
    |reg_4678                                                                 |    9|          2|   32|         64|
    |reg_4684                                                                 |    9|          2|   32|         64|
    |reg_4714                                                                 |    9|          2|   32|         64|
    |reg_4720                                                                 |    9|          2|   32|         64|
    |reg_4726                                                                 |    9|          2|   32|         64|
    |reg_4732                                                                 |    9|          2|   32|         64|
    |s_2_fu_756                                                               |    9|          2|    7|         14|
    |transformer_blk_s3_top_float_const_float_float_const_ln_buf_10_address0  |  125|         25|   13|        325|
    |transformer_blk_s3_top_float_const_float_float_const_ln_buf_10_address1  |  125|         25|   13|        325|
    |transformer_blk_s3_top_float_const_float_float_const_ln_buf_8_address0   |  125|         25|   13|        325|
    |transformer_blk_s3_top_float_const_float_float_const_ln_buf_8_address1   |  125|         25|   13|        325|
    |transformer_blk_s3_top_float_const_float_float_const_ln_buf_9_address0   |  125|         25|   13|        325|
    |transformer_blk_s3_top_float_const_float_float_const_ln_buf_9_address1   |  125|         25|   13|        325|
    |transformer_blk_s3_top_float_const_float_float_const_ln_buf_address0     |  125|         25|   13|        325|
    |transformer_blk_s3_top_float_const_float_float_const_ln_buf_address1     |  125|         25|   13|        325|
    |w_Addr_A_orig                                                            |  490|         98|   32|       3136|
    |w_Addr_B_orig                                                            |  485|         97|   32|       3104|
    +-------------------------------------------------------------------------+-----+-----------+-----+-----------+
    |Total                                                                    | 5738|       1145| 1079|      28422|
    +-------------------------------------------------------------------------+-----+-----------+-----+-----------+

    * Register: 
    +----------------------------------------------------------------------------------+-----+----+-----+-----------+
    |                                       Name                                       |  FF | LUT| Bits| Const Bits|
    +----------------------------------------------------------------------------------+-----+----+-----+-----------+
    |acc_1252_reg_15368                                                                |   32|   0|   32|          0|
    |add_ln162_4_reg_10629                                                             |   15|   0|   15|          0|
    |add_ln172_reg_11948                                                               |    9|   0|    9|          0|
    |ap_CS_fsm                                                                         |   97|   0|   97|          0|
    |ap_done_reg                                                                       |    1|   0|    1|          0|
    |ap_enable_reg_pp0_iter0_reg                                                       |    1|   0|    1|          0|
    |ap_enable_reg_pp0_iter1                                                           |    1|   0|    1|          0|
    |ap_enable_reg_pp0_iter10                                                          |    1|   0|    1|          0|
    |ap_enable_reg_pp0_iter11                                                          |    1|   0|    1|          0|
    |ap_enable_reg_pp0_iter12                                                          |    1|   0|    1|          0|
    |ap_enable_reg_pp0_iter13                                                          |    1|   0|    1|          0|
    |ap_enable_reg_pp0_iter14                                                          |    1|   0|    1|          0|
    |ap_enable_reg_pp0_iter15                                                          |    1|   0|    1|          0|
    |ap_enable_reg_pp0_iter2                                                           |    1|   0|    1|          0|
    |ap_enable_reg_pp0_iter3                                                           |    1|   0|    1|          0|
    |ap_enable_reg_pp0_iter4                                                           |    1|   0|    1|          0|
    |ap_enable_reg_pp0_iter5                                                           |    1|   0|    1|          0|
    |ap_enable_reg_pp0_iter6                                                           |    1|   0|    1|          0|
    |ap_enable_reg_pp0_iter7                                                           |    1|   0|    1|          0|
    |ap_enable_reg_pp0_iter8                                                           |    1|   0|    1|          0|
    |ap_enable_reg_pp0_iter9                                                           |    1|   0|    1|          0|
    |ap_loop_exit_ready_pp0_iter10_reg                                                 |    1|   0|    1|          0|
    |ap_loop_exit_ready_pp0_iter11_reg                                                 |    1|   0|    1|          0|
    |ap_loop_exit_ready_pp0_iter12_reg                                                 |    1|   0|    1|          0|
    |ap_loop_exit_ready_pp0_iter13_reg                                                 |    1|   0|    1|          0|
    |ap_loop_exit_ready_pp0_iter14_reg                                                 |    1|   0|    1|          0|
    |ap_loop_exit_ready_pp0_iter1_reg                                                  |    1|   0|    1|          0|
    |ap_loop_exit_ready_pp0_iter2_reg                                                  |    1|   0|    1|          0|
    |ap_loop_exit_ready_pp0_iter3_reg                                                  |    1|   0|    1|          0|
    |ap_loop_exit_ready_pp0_iter4_reg                                                  |    1|   0|    1|          0|
    |ap_loop_exit_ready_pp0_iter5_reg                                                  |    1|   0|    1|          0|
    |ap_loop_exit_ready_pp0_iter6_reg                                                  |    1|   0|    1|          0|
    |ap_loop_exit_ready_pp0_iter7_reg                                                  |    1|   0|    1|          0|
    |ap_loop_exit_ready_pp0_iter8_reg                                                  |    1|   0|    1|          0|
    |ap_loop_exit_ready_pp0_iter9_reg                                                  |    1|   0|    1|          0|
    |icmp_ln162_reg_10625                                                              |    1|   0|    1|          0|
    |indvar_flatten758_fu_760                                                          |   15|   0|   15|          0|
    |mul15_i106_i_i_100_reg_14103                                                      |   32|   0|   32|          0|
    |mul15_i106_i_i_101_reg_14108                                                      |   32|   0|   32|          0|
    |mul15_i106_i_i_102_reg_14133                                                      |   32|   0|   32|          0|
    |mul15_i106_i_i_103_reg_14138                                                      |   32|   0|   32|          0|
    |mul15_i106_i_i_104_reg_14163                                                      |   32|   0|   32|          0|
    |mul15_i106_i_i_105_reg_14168                                                      |   32|   0|   32|          0|
    |mul15_i106_i_i_106_reg_14193                                                      |   32|   0|   32|          0|
    |mul15_i106_i_i_107_reg_14198                                                      |   32|   0|   32|          0|
    |mul15_i106_i_i_108_reg_14223                                                      |   32|   0|   32|          0|
    |mul15_i106_i_i_109_reg_14228                                                      |   32|   0|   32|          0|
    |mul15_i106_i_i_10_reg_12023                                                       |   32|   0|   32|          0|
    |mul15_i106_i_i_110_reg_14253                                                      |   32|   0|   32|          0|
    |mul15_i106_i_i_111_reg_14258                                                      |   32|   0|   32|          0|
    |mul15_i106_i_i_112_reg_14283                                                      |   32|   0|   32|          0|
    |mul15_i106_i_i_113_reg_14288                                                      |   32|   0|   32|          0|
    |mul15_i106_i_i_114_reg_14313                                                      |   32|   0|   32|          0|
    |mul15_i106_i_i_115_reg_14318                                                      |   32|   0|   32|          0|
    |mul15_i106_i_i_116_reg_14343                                                      |   32|   0|   32|          0|
    |mul15_i106_i_i_117_reg_14348                                                      |   32|   0|   32|          0|
    |mul15_i106_i_i_118_reg_14373                                                      |   32|   0|   32|          0|
    |mul15_i106_i_i_119_reg_14378                                                      |   32|   0|   32|          0|
    |mul15_i106_i_i_11_reg_12028                                                       |   32|   0|   32|          0|
    |mul15_i106_i_i_120_reg_14403                                                      |   32|   0|   32|          0|
    |mul15_i106_i_i_121_reg_14408                                                      |   32|   0|   32|          0|
    |mul15_i106_i_i_122_reg_14433                                                      |   32|   0|   32|          0|
    |mul15_i106_i_i_123_reg_14438                                                      |   32|   0|   32|          0|
    |mul15_i106_i_i_124_reg_14463                                                      |   32|   0|   32|          0|
    |mul15_i106_i_i_125_reg_14468                                                      |   32|   0|   32|          0|
    |mul15_i106_i_i_126_reg_14493                                                      |   32|   0|   32|          0|
    |mul15_i106_i_i_127_reg_14498                                                      |   32|   0|   32|          0|
    |mul15_i106_i_i_128_reg_14523                                                      |   32|   0|   32|          0|
    |mul15_i106_i_i_129_reg_14528                                                      |   32|   0|   32|          0|
    |mul15_i106_i_i_12_reg_12123                                                       |   32|   0|   32|          0|
    |mul15_i106_i_i_12_reg_12123_pp0_iter1_reg                                         |   32|   0|   32|          0|
    |mul15_i106_i_i_130_reg_14553                                                      |   32|   0|   32|          0|
    |mul15_i106_i_i_131_reg_14558                                                      |   32|   0|   32|          0|
    |mul15_i106_i_i_132_reg_14583                                                      |   32|   0|   32|          0|
    |mul15_i106_i_i_133_reg_14588                                                      |   32|   0|   32|          0|
    |mul15_i106_i_i_134_reg_14613                                                      |   32|   0|   32|          0|
    |mul15_i106_i_i_135_reg_14618                                                      |   32|   0|   32|          0|
    |mul15_i106_i_i_136_reg_14643                                                      |   32|   0|   32|          0|
    |mul15_i106_i_i_137_reg_14648                                                      |   32|   0|   32|          0|
    |mul15_i106_i_i_138_reg_14673                                                      |   32|   0|   32|          0|
    |mul15_i106_i_i_139_reg_14678                                                      |   32|   0|   32|          0|
    |mul15_i106_i_i_13_reg_12128                                                       |   32|   0|   32|          0|
    |mul15_i106_i_i_13_reg_12128_pp0_iter1_reg                                         |   32|   0|   32|          0|
    |mul15_i106_i_i_140_reg_14703                                                      |   32|   0|   32|          0|
    |mul15_i106_i_i_141_reg_14708                                                      |   32|   0|   32|          0|
    |mul15_i106_i_i_142_reg_14733                                                      |   32|   0|   32|          0|
    |mul15_i106_i_i_143_reg_14738                                                      |   32|   0|   32|          0|
    |mul15_i106_i_i_144_reg_14763                                                      |   32|   0|   32|          0|
    |mul15_i106_i_i_145_reg_14768                                                      |   32|   0|   32|          0|
    |mul15_i106_i_i_146_reg_14793                                                      |   32|   0|   32|          0|
    |mul15_i106_i_i_147_reg_14798                                                      |   32|   0|   32|          0|
    |mul15_i106_i_i_148_reg_14823                                                      |   32|   0|   32|          0|
    |mul15_i106_i_i_149_reg_14828                                                      |   32|   0|   32|          0|
    |mul15_i106_i_i_14_reg_12223                                                       |   32|   0|   32|          0|
    |mul15_i106_i_i_14_reg_12223_pp0_iter1_reg                                         |   32|   0|   32|          0|
    |mul15_i106_i_i_150_reg_14853                                                      |   32|   0|   32|          0|
    |mul15_i106_i_i_151_reg_14858                                                      |   32|   0|   32|          0|
    |mul15_i106_i_i_152_reg_14883                                                      |   32|   0|   32|          0|
    |mul15_i106_i_i_153_reg_14888                                                      |   32|   0|   32|          0|
    |mul15_i106_i_i_154_reg_14913                                                      |   32|   0|   32|          0|
    |mul15_i106_i_i_155_reg_14918                                                      |   32|   0|   32|          0|
    |mul15_i106_i_i_156_reg_14943                                                      |   32|   0|   32|          0|
    |mul15_i106_i_i_157_reg_14948                                                      |   32|   0|   32|          0|
    |mul15_i106_i_i_158_reg_14973                                                      |   32|   0|   32|          0|
    |mul15_i106_i_i_159_reg_14978                                                      |   32|   0|   32|          0|
    |mul15_i106_i_i_15_reg_12228                                                       |   32|   0|   32|          0|
    |mul15_i106_i_i_15_reg_12228_pp0_iter1_reg                                         |   32|   0|   32|          0|
    |mul15_i106_i_i_160_reg_15003                                                      |   32|   0|   32|          0|
    |mul15_i106_i_i_161_reg_15008                                                      |   32|   0|   32|          0|
    |mul15_i106_i_i_162_reg_15033                                                      |   32|   0|   32|          0|
    |mul15_i106_i_i_163_reg_15038                                                      |   32|   0|   32|          0|
    |mul15_i106_i_i_164_reg_15063                                                      |   32|   0|   32|          0|
    |mul15_i106_i_i_165_reg_15068                                                      |   32|   0|   32|          0|
    |mul15_i106_i_i_166_reg_15093                                                      |   32|   0|   32|          0|
    |mul15_i106_i_i_167_reg_15098                                                      |   32|   0|   32|          0|
    |mul15_i106_i_i_168_reg_15123                                                      |   32|   0|   32|          0|
    |mul15_i106_i_i_169_reg_15128                                                      |   32|   0|   32|          0|
    |mul15_i106_i_i_16_reg_12323                                                       |   32|   0|   32|          0|
    |mul15_i106_i_i_16_reg_12323_pp0_iter1_reg                                         |   32|   0|   32|          0|
    |mul15_i106_i_i_170_reg_15153                                                      |   32|   0|   32|          0|
    |mul15_i106_i_i_171_reg_15158                                                      |   32|   0|   32|          0|
    |mul15_i106_i_i_172_reg_15183                                                      |   32|   0|   32|          0|
    |mul15_i106_i_i_173_reg_15188                                                      |   32|   0|   32|          0|
    |mul15_i106_i_i_174_reg_15213                                                      |   32|   0|   32|          0|
    |mul15_i106_i_i_175_reg_15218                                                      |   32|   0|   32|          0|
    |mul15_i106_i_i_176_reg_15243                                                      |   32|   0|   32|          0|
    |mul15_i106_i_i_177_reg_15248                                                      |   32|   0|   32|          0|
    |mul15_i106_i_i_178_reg_15273                                                      |   32|   0|   32|          0|
    |mul15_i106_i_i_179_reg_15278                                                      |   32|   0|   32|          0|
    |mul15_i106_i_i_17_reg_12328                                                       |   32|   0|   32|          0|
    |mul15_i106_i_i_17_reg_12328_pp0_iter1_reg                                         |   32|   0|   32|          0|
    |mul15_i106_i_i_180_reg_15298                                                      |   32|   0|   32|          0|
    |mul15_i106_i_i_181_reg_15303                                                      |   32|   0|   32|          0|
    |mul15_i106_i_i_182_reg_15318                                                      |   32|   0|   32|          0|
    |mul15_i106_i_i_183_reg_15323                                                      |   32|   0|   32|          0|
    |mul15_i106_i_i_184_reg_15333                                                      |   32|   0|   32|          0|
    |mul15_i106_i_i_185_reg_15338                                                      |   32|   0|   32|          0|
    |mul15_i106_i_i_186_reg_15343                                                      |   32|   0|   32|          0|
    |mul15_i106_i_i_187_reg_15348                                                      |   32|   0|   32|          0|
    |mul15_i106_i_i_188_reg_15353                                                      |   32|   0|   32|          0|
    |mul15_i106_i_i_189_reg_15358                                                      |   32|   0|   32|          0|
    |mul15_i106_i_i_18_reg_12423                                                       |   32|   0|   32|          0|
    |mul15_i106_i_i_18_reg_12423_pp0_iter1_reg                                         |   32|   0|   32|          0|
    |mul15_i106_i_i_190_reg_15363                                                      |   32|   0|   32|          0|
    |mul15_i106_i_i_19_reg_12428                                                       |   32|   0|   32|          0|
    |mul15_i106_i_i_19_reg_12428_pp0_iter1_reg                                         |   32|   0|   32|          0|
    |mul15_i106_i_i_1_reg_11514                                                        |   32|   0|   32|          0|
    |mul15_i106_i_i_20_reg_12523                                                       |   32|   0|   32|          0|
    |mul15_i106_i_i_20_reg_12523_pp0_iter1_reg                                         |   32|   0|   32|          0|
    |mul15_i106_i_i_21_reg_12528                                                       |   32|   0|   32|          0|
    |mul15_i106_i_i_21_reg_12528_pp0_iter1_reg                                         |   32|   0|   32|          0|
    |mul15_i106_i_i_22_reg_12623                                                       |   32|   0|   32|          0|
    |mul15_i106_i_i_22_reg_12623_pp0_iter1_reg                                         |   32|   0|   32|          0|
    |mul15_i106_i_i_23_reg_12628                                                       |   32|   0|   32|          0|
    |mul15_i106_i_i_23_reg_12628_pp0_iter1_reg                                         |   32|   0|   32|          0|
    |mul15_i106_i_i_24_reg_12723                                                       |   32|   0|   32|          0|
    |mul15_i106_i_i_25_reg_12728                                                       |   32|   0|   32|          0|
    |mul15_i106_i_i_26_reg_12823                                                       |   32|   0|   32|          0|
    |mul15_i106_i_i_27_reg_12828                                                       |   32|   0|   32|          0|
    |mul15_i106_i_i_28_reg_12923                                                       |   32|   0|   32|          0|
    |mul15_i106_i_i_29_reg_12928                                                       |   32|   0|   32|          0|
    |mul15_i106_i_i_2_reg_11519                                                        |   32|   0|   32|          0|
    |mul15_i106_i_i_30_reg_13023                                                       |   32|   0|   32|          0|
    |mul15_i106_i_i_31_reg_13028                                                       |   32|   0|   32|          0|
    |mul15_i106_i_i_32_reg_13083                                                       |   32|   0|   32|          0|
    |mul15_i106_i_i_33_reg_13088                                                       |   32|   0|   32|          0|
    |mul15_i106_i_i_34_reg_13113                                                       |   32|   0|   32|          0|
    |mul15_i106_i_i_35_reg_13118                                                       |   32|   0|   32|          0|
    |mul15_i106_i_i_36_reg_13143                                                       |   32|   0|   32|          0|
    |mul15_i106_i_i_37_reg_13148                                                       |   32|   0|   32|          0|
    |mul15_i106_i_i_38_reg_13173                                                       |   32|   0|   32|          0|
    |mul15_i106_i_i_39_reg_13178                                                       |   32|   0|   32|          0|
    |mul15_i106_i_i_3_reg_11614                                                        |   32|   0|   32|          0|
    |mul15_i106_i_i_40_reg_13203                                                       |   32|   0|   32|          0|
    |mul15_i106_i_i_41_reg_13208                                                       |   32|   0|   32|          0|
    |mul15_i106_i_i_42_reg_13233                                                       |   32|   0|   32|          0|
    |mul15_i106_i_i_43_reg_13238                                                       |   32|   0|   32|          0|
    |mul15_i106_i_i_44_reg_13263                                                       |   32|   0|   32|          0|
    |mul15_i106_i_i_45_reg_13268                                                       |   32|   0|   32|          0|
    |mul15_i106_i_i_46_reg_13293                                                       |   32|   0|   32|          0|
    |mul15_i106_i_i_47_reg_13298                                                       |   32|   0|   32|          0|
    |mul15_i106_i_i_48_reg_13323                                                       |   32|   0|   32|          0|
    |mul15_i106_i_i_49_reg_13328                                                       |   32|   0|   32|          0|
    |mul15_i106_i_i_4_reg_11619                                                        |   32|   0|   32|          0|
    |mul15_i106_i_i_50_reg_13353                                                       |   32|   0|   32|          0|
    |mul15_i106_i_i_51_reg_13358                                                       |   32|   0|   32|          0|
    |mul15_i106_i_i_52_reg_13383                                                       |   32|   0|   32|          0|
    |mul15_i106_i_i_53_reg_13388                                                       |   32|   0|   32|          0|
    |mul15_i106_i_i_54_reg_13413                                                       |   32|   0|   32|          0|
    |mul15_i106_i_i_55_reg_13418                                                       |   32|   0|   32|          0|
    |mul15_i106_i_i_56_reg_13443                                                       |   32|   0|   32|          0|
    |mul15_i106_i_i_57_reg_13448                                                       |   32|   0|   32|          0|
    |mul15_i106_i_i_58_reg_13473                                                       |   32|   0|   32|          0|
    |mul15_i106_i_i_59_reg_13478                                                       |   32|   0|   32|          0|
    |mul15_i106_i_i_5_reg_11714                                                        |   32|   0|   32|          0|
    |mul15_i106_i_i_60_reg_13503                                                       |   32|   0|   32|          0|
    |mul15_i106_i_i_61_reg_13508                                                       |   32|   0|   32|          0|
    |mul15_i106_i_i_62_reg_13533                                                       |   32|   0|   32|          0|
    |mul15_i106_i_i_63_reg_13538                                                       |   32|   0|   32|          0|
    |mul15_i106_i_i_64_reg_13563                                                       |   32|   0|   32|          0|
    |mul15_i106_i_i_65_reg_13568                                                       |   32|   0|   32|          0|
    |mul15_i106_i_i_66_reg_13593                                                       |   32|   0|   32|          0|
    |mul15_i106_i_i_67_reg_13598                                                       |   32|   0|   32|          0|
    |mul15_i106_i_i_68_reg_13623                                                       |   32|   0|   32|          0|
    |mul15_i106_i_i_69_reg_13628                                                       |   32|   0|   32|          0|
    |mul15_i106_i_i_6_reg_11719                                                        |   32|   0|   32|          0|
    |mul15_i106_i_i_70_reg_13653                                                       |   32|   0|   32|          0|
    |mul15_i106_i_i_71_reg_13658                                                       |   32|   0|   32|          0|
    |mul15_i106_i_i_72_reg_13683                                                       |   32|   0|   32|          0|
    |mul15_i106_i_i_73_reg_13688                                                       |   32|   0|   32|          0|
    |mul15_i106_i_i_74_reg_13713                                                       |   32|   0|   32|          0|
    |mul15_i106_i_i_75_reg_13718                                                       |   32|   0|   32|          0|
    |mul15_i106_i_i_76_reg_13743                                                       |   32|   0|   32|          0|
    |mul15_i106_i_i_77_reg_13748                                                       |   32|   0|   32|          0|
    |mul15_i106_i_i_78_reg_13773                                                       |   32|   0|   32|          0|
    |mul15_i106_i_i_79_reg_13778                                                       |   32|   0|   32|          0|
    |mul15_i106_i_i_7_reg_11814                                                        |   32|   0|   32|          0|
    |mul15_i106_i_i_80_reg_13803                                                       |   32|   0|   32|          0|
    |mul15_i106_i_i_81_reg_13808                                                       |   32|   0|   32|          0|
    |mul15_i106_i_i_82_reg_13833                                                       |   32|   0|   32|          0|
    |mul15_i106_i_i_83_reg_13838                                                       |   32|   0|   32|          0|
    |mul15_i106_i_i_84_reg_13863                                                       |   32|   0|   32|          0|
    |mul15_i106_i_i_85_reg_13868                                                       |   32|   0|   32|          0|
    |mul15_i106_i_i_86_reg_13893                                                       |   32|   0|   32|          0|
    |mul15_i106_i_i_87_reg_13898                                                       |   32|   0|   32|          0|
    |mul15_i106_i_i_88_reg_13923                                                       |   32|   0|   32|          0|
    |mul15_i106_i_i_89_reg_13928                                                       |   32|   0|   32|          0|
    |mul15_i106_i_i_8_reg_11819                                                        |   32|   0|   32|          0|
    |mul15_i106_i_i_90_reg_13953                                                       |   32|   0|   32|          0|
    |mul15_i106_i_i_91_reg_13958                                                       |   32|   0|   32|          0|
    |mul15_i106_i_i_92_reg_13983                                                       |   32|   0|   32|          0|
    |mul15_i106_i_i_93_reg_13988                                                       |   32|   0|   32|          0|
    |mul15_i106_i_i_94_reg_14013                                                       |   32|   0|   32|          0|
    |mul15_i106_i_i_95_reg_14018                                                       |   32|   0|   32|          0|
    |mul15_i106_i_i_96_reg_14043                                                       |   32|   0|   32|          0|
    |mul15_i106_i_i_97_reg_14048                                                       |   32|   0|   32|          0|
    |mul15_i106_i_i_98_reg_14073                                                       |   32|   0|   32|          0|
    |mul15_i106_i_i_99_reg_14078                                                       |   32|   0|   32|          0|
    |mul15_i106_i_i_9_reg_11918                                                        |   32|   0|   32|          0|
    |mul15_i106_i_i_reg_11414                                                          |   32|   0|   32|          0|
    |mul15_i106_i_i_s_reg_11923                                                        |   32|   0|   32|          0|
    |od_fu_752                                                                         |    8|   0|    8|          0|
    |reg_4547                                                                          |   32|   0|   32|          0|
    |reg_4553                                                                          |   32|   0|   32|          0|
    |reg_4558                                                                          |   32|   0|   32|          0|
    |reg_4563                                                                          |   32|   0|   32|          0|
    |reg_4568                                                                          |   32|   0|   32|          0|
    |reg_4574                                                                          |   32|   0|   32|          0|
    |reg_4580                                                                          |   32|   0|   32|          0|
    |reg_4586                                                                          |   32|   0|   32|          0|
    |reg_4592                                                                          |   32|   0|   32|          0|
    |reg_4597                                                                          |   32|   0|   32|          0|
    |reg_4602                                                                          |   32|   0|   32|          0|
    |reg_4607                                                                          |   32|   0|   32|          0|
    |reg_4612                                                                          |   32|   0|   32|          0|
    |reg_4618                                                                          |   32|   0|   32|          0|
    |reg_4624                                                                          |   32|   0|   32|          0|
    |reg_4630                                                                          |   32|   0|   32|          0|
    |reg_4636                                                                          |   32|   0|   32|          0|
    |reg_4641                                                                          |   32|   0|   32|          0|
    |reg_4646                                                                          |   32|   0|   32|          0|
    |reg_4651                                                                          |   32|   0|   32|          0|
    |reg_4656                                                                          |   32|   0|   32|          0|
    |reg_4661                                                                          |   32|   0|   32|          0|
    |reg_4666                                                                          |   32|   0|   32|          0|
    |reg_4672                                                                          |   32|   0|   32|          0|
    |reg_4678                                                                          |   32|   0|   32|          0|
    |reg_4684                                                                          |   32|   0|   32|          0|
    |reg_4690                                                                          |   32|   0|   32|          0|
    |reg_4694                                                                          |   32|   0|   32|          0|
    |reg_4699                                                                          |   32|   0|   32|          0|
    |reg_4704                                                                          |   32|   0|   32|          0|
    |reg_4709                                                                          |   32|   0|   32|          0|
    |reg_4714                                                                          |   32|   0|   32|          0|
    |reg_4720                                                                          |   32|   0|   32|          0|
    |reg_4726                                                                          |   32|   0|   32|          0|
    |reg_4732                                                                          |   32|   0|   32|          0|
    |reg_4738                                                                          |   32|   0|   32|          0|
    |reg_4743                                                                          |   32|   0|   32|          0|
    |reg_4748                                                                          |   32|   0|   32|          0|
    |reg_4753                                                                          |   32|   0|   32|          0|
    |reg_4758                                                                          |   32|   0|   32|          0|
    |reg_4763                                                                          |   32|   0|   32|          0|
    |reg_4768                                                                          |   32|   0|   32|          0|
    |reg_4773                                                                          |   32|   0|   32|          0|
    |reg_4778                                                                          |   32|   0|   32|          0|
    |reg_4783                                                                          |   32|   0|   32|          0|
    |reg_4788                                                                          |   32|   0|   32|          0|
    |reg_4793                                                                          |   32|   0|   32|          0|
    |reg_4798                                                                          |   32|   0|   32|          0|
    |reg_4803                                                                          |   32|   0|   32|          0|
    |reg_4808                                                                          |   32|   0|   32|          0|
    |reg_4813                                                                          |   32|   0|   32|          0|
    |reg_4818                                                                          |   32|   0|   32|          0|
    |reg_4823                                                                          |   32|   0|   32|          0|
    |reg_4828                                                                          |   32|   0|   32|          0|
    |s_2_fu_756                                                                        |    7|   0|    7|          0|
    |select_ln162_13_reg_10643                                                         |    9|   0|   13|          4|
    |select_ln162_14_reg_10733                                                         |    7|   0|    7|          0|
    |select_ln162_reg_10634                                                            |    8|   0|    8|          0|
    |sub_ln170_4_reg_10784                                                             |   11|   0|   17|          6|
    |tmp_reg_10984                                                                     |    3|   0|    3|          0|
    |transformer_blk_s3_top_float_const_float_float_const_ln_buf_10_load_56_reg_11154  |   32|   0|   32|          0|
    |transformer_blk_s3_top_float_const_float_float_const_ln_buf_10_load_57_reg_11174  |   32|   0|   32|          0|
    |transformer_blk_s3_top_float_const_float_float_const_ln_buf_10_load_58_reg_11254  |   32|   0|   32|          0|
    |transformer_blk_s3_top_float_const_float_float_const_ln_buf_10_load_59_reg_11274  |   32|   0|   32|          0|
    |transformer_blk_s3_top_float_const_float_float_const_ln_buf_10_load_60_reg_11349  |   32|   0|   32|          0|
    |transformer_blk_s3_top_float_const_float_float_const_ln_buf_10_load_61_reg_11369  |   32|   0|   32|          0|
    |transformer_blk_s3_top_float_const_float_float_const_ln_buf_10_load_62_reg_11444  |   32|   0|   32|          0|
    |transformer_blk_s3_top_float_const_float_float_const_ln_buf_10_load_63_reg_11464  |   32|   0|   32|          0|
    |transformer_blk_s3_top_float_const_float_float_const_ln_buf_10_load_65_reg_11569  |   32|   0|   32|          0|
    |transformer_blk_s3_top_float_const_float_float_const_ln_buf_10_load_66_reg_11649  |   32|   0|   32|          0|
    |transformer_blk_s3_top_float_const_float_float_const_ln_buf_10_load_67_reg_11669  |   32|   0|   32|          0|
    |transformer_blk_s3_top_float_const_float_float_const_ln_buf_10_load_69_reg_11769  |   32|   0|   32|          0|
    |transformer_blk_s3_top_float_const_float_float_const_ln_buf_10_load_70_reg_11853  |   32|   0|   32|          0|
    |transformer_blk_s3_top_float_const_float_float_const_ln_buf_10_load_71_reg_11873  |   32|   0|   32|          0|
    |transformer_blk_s3_top_float_const_float_float_const_ln_buf_10_load_73_reg_11978  |   32|   0|   32|          0|
    |transformer_blk_s3_top_float_const_float_float_const_ln_buf_10_load_74_reg_12058  |   32|   0|   32|          0|
    |transformer_blk_s3_top_float_const_float_float_const_ln_buf_10_load_75_reg_12078  |   32|   0|   32|          0|
    |transformer_blk_s3_top_float_const_float_float_const_ln_buf_10_load_77_reg_12178  |   32|   0|   32|          0|
    |transformer_blk_s3_top_float_const_float_float_const_ln_buf_10_load_78_reg_12258  |   32|   0|   32|          0|
    |transformer_blk_s3_top_float_const_float_float_const_ln_buf_10_load_79_reg_12278  |   32|   0|   32|          0|
    |transformer_blk_s3_top_float_const_float_float_const_ln_buf_10_load_81_reg_12378  |   32|   0|   32|          0|
    |transformer_blk_s3_top_float_const_float_float_const_ln_buf_10_load_82_reg_12458  |   32|   0|   32|          0|
    |transformer_blk_s3_top_float_const_float_float_const_ln_buf_10_load_83_reg_12478  |   32|   0|   32|          0|
    |transformer_blk_s3_top_float_const_float_float_const_ln_buf_10_load_85_reg_12578  |   32|   0|   32|          0|
    |transformer_blk_s3_top_float_const_float_float_const_ln_buf_10_load_86_reg_12658  |   32|   0|   32|          0|
    |transformer_blk_s3_top_float_const_float_float_const_ln_buf_10_load_87_reg_12678  |   32|   0|   32|          0|
    |transformer_blk_s3_top_float_const_float_float_const_ln_buf_10_load_89_reg_12778  |   32|   0|   32|          0|
    |transformer_blk_s3_top_float_const_float_float_const_ln_buf_10_load_90_reg_12858  |   32|   0|   32|          0|
    |transformer_blk_s3_top_float_const_float_float_const_ln_buf_10_load_91_reg_12878  |   32|   0|   32|          0|
    |transformer_blk_s3_top_float_const_float_float_const_ln_buf_10_load_93_reg_12978  |   32|   0|   32|          0|
    |transformer_blk_s3_top_float_const_float_float_const_ln_buf_10_load_94_reg_13058  |   32|   0|   32|          0|
    |transformer_blk_s3_top_float_const_float_float_const_ln_buf_10_load_reg_13078     |   32|   0|   32|          0|
    |transformer_blk_s3_top_float_const_float_float_const_ln_buf_8_load_57_reg_11164   |   32|   0|   32|          0|
    |transformer_blk_s3_top_float_const_float_float_const_ln_buf_8_load_58_reg_11244   |   32|   0|   32|          0|
    |transformer_blk_s3_top_float_const_float_float_const_ln_buf_8_load_59_reg_11264   |   32|   0|   32|          0|
    |transformer_blk_s3_top_float_const_float_float_const_ln_buf_8_load_60_reg_11339   |   32|   0|   32|          0|
    |transformer_blk_s3_top_float_const_float_float_const_ln_buf_8_load_61_reg_11359   |   32|   0|   32|          0|
    |transformer_blk_s3_top_float_const_float_float_const_ln_buf_8_load_63_reg_11454   |   32|   0|   32|          0|
    |transformer_blk_s3_top_float_const_float_float_const_ln_buf_8_load_64_reg_11544   |   32|   0|   32|          0|
    |transformer_blk_s3_top_float_const_float_float_const_ln_buf_8_load_65_reg_11559   |   32|   0|   32|          0|
    |transformer_blk_s3_top_float_const_float_float_const_ln_buf_8_load_67_reg_11659   |   32|   0|   32|          0|
    |transformer_blk_s3_top_float_const_float_float_const_ln_buf_8_load_68_reg_11744   |   32|   0|   32|          0|
    |transformer_blk_s3_top_float_const_float_float_const_ln_buf_8_load_69_reg_11759   |   32|   0|   32|          0|
    |transformer_blk_s3_top_float_const_float_float_const_ln_buf_8_load_71_reg_11863   |   32|   0|   32|          0|
    |transformer_blk_s3_top_float_const_float_float_const_ln_buf_8_load_72_reg_11953   |   32|   0|   32|          0|
    |transformer_blk_s3_top_float_const_float_float_const_ln_buf_8_load_73_reg_11968   |   32|   0|   32|          0|
    |transformer_blk_s3_top_float_const_float_float_const_ln_buf_8_load_75_reg_12068   |   32|   0|   32|          0|
    |transformer_blk_s3_top_float_const_float_float_const_ln_buf_8_load_76_reg_12153   |   32|   0|   32|          0|
    |transformer_blk_s3_top_float_const_float_float_const_ln_buf_8_load_77_reg_12168   |   32|   0|   32|          0|
    |transformer_blk_s3_top_float_const_float_float_const_ln_buf_8_load_79_reg_12268   |   32|   0|   32|          0|
    |transformer_blk_s3_top_float_const_float_float_const_ln_buf_8_load_80_reg_12353   |   32|   0|   32|          0|
    |transformer_blk_s3_top_float_const_float_float_const_ln_buf_8_load_81_reg_12368   |   32|   0|   32|          0|
    |transformer_blk_s3_top_float_const_float_float_const_ln_buf_8_load_83_reg_12468   |   32|   0|   32|          0|
    |transformer_blk_s3_top_float_const_float_float_const_ln_buf_8_load_84_reg_12553   |   32|   0|   32|          0|
    |transformer_blk_s3_top_float_const_float_float_const_ln_buf_8_load_85_reg_12568   |   32|   0|   32|          0|
    |transformer_blk_s3_top_float_const_float_float_const_ln_buf_8_load_87_reg_12668   |   32|   0|   32|          0|
    |transformer_blk_s3_top_float_const_float_float_const_ln_buf_8_load_88_reg_12753   |   32|   0|   32|          0|
    |transformer_blk_s3_top_float_const_float_float_const_ln_buf_8_load_89_reg_12768   |   32|   0|   32|          0|
    |transformer_blk_s3_top_float_const_float_float_const_ln_buf_8_load_91_reg_12868   |   32|   0|   32|          0|
    |transformer_blk_s3_top_float_const_float_float_const_ln_buf_8_load_92_reg_12953   |   32|   0|   32|          0|
    |transformer_blk_s3_top_float_const_float_float_const_ln_buf_8_load_93_reg_12968   |   32|   0|   32|          0|
    |transformer_blk_s3_top_float_const_float_float_const_ln_buf_8_load_reg_13068      |   32|   0|   32|          0|
    |transformer_blk_s3_top_float_const_float_float_const_ln_buf_9_load_57_reg_11169   |   32|   0|   32|          0|
    |transformer_blk_s3_top_float_const_float_float_const_ln_buf_9_load_58_reg_11249   |   32|   0|   32|          0|
    |transformer_blk_s3_top_float_const_float_float_const_ln_buf_9_load_59_reg_11269   |   32|   0|   32|          0|
    |transformer_blk_s3_top_float_const_float_float_const_ln_buf_9_load_60_reg_11344   |   32|   0|   32|          0|
    |transformer_blk_s3_top_float_const_float_float_const_ln_buf_9_load_61_reg_11364   |   32|   0|   32|          0|
    |transformer_blk_s3_top_float_const_float_float_const_ln_buf_9_load_63_reg_11459   |   32|   0|   32|          0|
    |transformer_blk_s3_top_float_const_float_float_const_ln_buf_9_load_64_reg_11549   |   32|   0|   32|          0|
    |transformer_blk_s3_top_float_const_float_float_const_ln_buf_9_load_65_reg_11564   |   32|   0|   32|          0|
    |transformer_blk_s3_top_float_const_float_float_const_ln_buf_9_load_67_reg_11664   |   32|   0|   32|          0|
    |transformer_blk_s3_top_float_const_float_float_const_ln_buf_9_load_68_reg_11749   |   32|   0|   32|          0|
    |transformer_blk_s3_top_float_const_float_float_const_ln_buf_9_load_69_reg_11764   |   32|   0|   32|          0|
    |transformer_blk_s3_top_float_const_float_float_const_ln_buf_9_load_71_reg_11868   |   32|   0|   32|          0|
    |transformer_blk_s3_top_float_const_float_float_const_ln_buf_9_load_72_reg_11958   |   32|   0|   32|          0|
    |transformer_blk_s3_top_float_const_float_float_const_ln_buf_9_load_73_reg_11973   |   32|   0|   32|          0|
    |transformer_blk_s3_top_float_const_float_float_const_ln_buf_9_load_75_reg_12073   |   32|   0|   32|          0|
    |transformer_blk_s3_top_float_const_float_float_const_ln_buf_9_load_76_reg_12158   |   32|   0|   32|          0|
    |transformer_blk_s3_top_float_const_float_float_const_ln_buf_9_load_77_reg_12173   |   32|   0|   32|          0|
    |transformer_blk_s3_top_float_const_float_float_const_ln_buf_9_load_79_reg_12273   |   32|   0|   32|          0|
    |transformer_blk_s3_top_float_const_float_float_const_ln_buf_9_load_80_reg_12358   |   32|   0|   32|          0|
    |transformer_blk_s3_top_float_const_float_float_const_ln_buf_9_load_81_reg_12373   |   32|   0|   32|          0|
    |transformer_blk_s3_top_float_const_float_float_const_ln_buf_9_load_83_reg_12473   |   32|   0|   32|          0|
    |transformer_blk_s3_top_float_const_float_float_const_ln_buf_9_load_84_reg_12558   |   32|   0|   32|          0|
    |transformer_blk_s3_top_float_const_float_float_const_ln_buf_9_load_85_reg_12573   |   32|   0|   32|          0|
    |transformer_blk_s3_top_float_const_float_float_const_ln_buf_9_load_87_reg_12673   |   32|   0|   32|          0|
    |transformer_blk_s3_top_float_const_float_float_const_ln_buf_9_load_88_reg_12758   |   32|   0|   32|          0|
    |transformer_blk_s3_top_float_const_float_float_const_ln_buf_9_load_89_reg_12773   |   32|   0|   32|          0|
    |transformer_blk_s3_top_float_const_float_float_const_ln_buf_9_load_91_reg_12873   |   32|   0|   32|          0|
    |transformer_blk_s3_top_float_const_float_float_const_ln_buf_9_load_92_reg_12958   |   32|   0|   32|          0|
    |transformer_blk_s3_top_float_const_float_float_const_ln_buf_9_load_93_reg_12973   |   32|   0|   32|          0|
    |transformer_blk_s3_top_float_const_float_float_const_ln_buf_9_load_reg_13073      |   32|   0|   32|          0|
    |transformer_blk_s3_top_float_const_float_float_const_ln_buf_load_57_reg_11159     |   32|   0|   32|          0|
    |transformer_blk_s3_top_float_const_float_float_const_ln_buf_load_58_reg_11239     |   32|   0|   32|          0|
    |transformer_blk_s3_top_float_const_float_float_const_ln_buf_load_59_reg_11259     |   32|   0|   32|          0|
    |transformer_blk_s3_top_float_const_float_float_const_ln_buf_load_61_reg_11354     |   32|   0|   32|          0|
    |transformer_blk_s3_top_float_const_float_float_const_ln_buf_load_62_reg_11439     |   32|   0|   32|          0|
    |transformer_blk_s3_top_float_const_float_float_const_ln_buf_load_63_reg_11449     |   32|   0|   32|          0|
    |transformer_blk_s3_top_float_const_float_float_const_ln_buf_load_65_reg_11554     |   32|   0|   32|          0|
    |transformer_blk_s3_top_float_const_float_float_const_ln_buf_load_66_reg_11644     |   32|   0|   32|          0|
    |transformer_blk_s3_top_float_const_float_float_const_ln_buf_load_67_reg_11654     |   32|   0|   32|          0|
    |transformer_blk_s3_top_float_const_float_float_const_ln_buf_load_69_reg_11754     |   32|   0|   32|          0|
    |transformer_blk_s3_top_float_const_float_float_const_ln_buf_load_70_reg_11848     |   32|   0|   32|          0|
    |transformer_blk_s3_top_float_const_float_float_const_ln_buf_load_71_reg_11858     |   32|   0|   32|          0|
    |transformer_blk_s3_top_float_const_float_float_const_ln_buf_load_73_reg_11963     |   32|   0|   32|          0|
    |transformer_blk_s3_top_float_const_float_float_const_ln_buf_load_74_reg_12053     |   32|   0|   32|          0|
    |transformer_blk_s3_top_float_const_float_float_const_ln_buf_load_75_reg_12063     |   32|   0|   32|          0|
    |transformer_blk_s3_top_float_const_float_float_const_ln_buf_load_77_reg_12163     |   32|   0|   32|          0|
    |transformer_blk_s3_top_float_const_float_float_const_ln_buf_load_78_reg_12253     |   32|   0|   32|          0|
    |transformer_blk_s3_top_float_const_float_float_const_ln_buf_load_79_reg_12263     |   32|   0|   32|          0|
    |transformer_blk_s3_top_float_const_float_float_const_ln_buf_load_81_reg_12363     |   32|   0|   32|          0|
    |transformer_blk_s3_top_float_const_float_float_const_ln_buf_load_82_reg_12453     |   32|   0|   32|          0|
    |transformer_blk_s3_top_float_const_float_float_const_ln_buf_load_83_reg_12463     |   32|   0|   32|          0|
    |transformer_blk_s3_top_float_const_float_float_const_ln_buf_load_85_reg_12563     |   32|   0|   32|          0|
    |transformer_blk_s3_top_float_const_float_float_const_ln_buf_load_86_reg_12653     |   32|   0|   32|          0|
    |transformer_blk_s3_top_float_const_float_float_const_ln_buf_load_87_reg_12663     |   32|   0|   32|          0|
    |transformer_blk_s3_top_float_const_float_float_const_ln_buf_load_89_reg_12763     |   32|   0|   32|          0|
    |transformer_blk_s3_top_float_const_float_float_const_ln_buf_load_90_reg_12853     |   32|   0|   32|          0|
    |transformer_blk_s3_top_float_const_float_float_const_ln_buf_load_91_reg_12863     |   32|   0|   32|          0|
    |transformer_blk_s3_top_float_const_float_float_const_ln_buf_load_93_reg_12963     |   32|   0|   32|          0|
    |transformer_blk_s3_top_float_const_float_float_const_ln_buf_load_94_reg_13053     |   32|   0|   32|          0|
    |transformer_blk_s3_top_float_const_float_float_const_ln_buf_load_reg_13063        |   32|   0|   32|          0|
    |trunc_ln172_reg_11844                                                             |    6|   0|    6|          0|
    |zext_ln162_cast_reg_10558                                                         |   20|   0|   21|          1|
    |add_ln172_reg_11948                                                               |   64|  32|    9|          0|
    |icmp_ln162_reg_10625                                                              |   64|  32|    1|          0|
    |mul15_i106_i_i_100_reg_14103                                                      |   64|  32|   32|          0|
    |mul15_i106_i_i_101_reg_14108                                                      |   64|  32|   32|          0|
    |mul15_i106_i_i_102_reg_14133                                                      |   64|  32|   32|          0|
    |mul15_i106_i_i_103_reg_14138                                                      |   64|  32|   32|          0|
    |mul15_i106_i_i_104_reg_14163                                                      |   64|  32|   32|          0|
    |mul15_i106_i_i_105_reg_14168                                                      |   64|  32|   32|          0|
    |mul15_i106_i_i_106_reg_14193                                                      |   64|  32|   32|          0|
    |mul15_i106_i_i_107_reg_14198                                                      |   64|  32|   32|          0|
    |mul15_i106_i_i_108_reg_14223                                                      |   64|  32|   32|          0|
    |mul15_i106_i_i_109_reg_14228                                                      |   64|  32|   32|          0|
    |mul15_i106_i_i_110_reg_14253                                                      |   64|  32|   32|          0|
    |mul15_i106_i_i_111_reg_14258                                                      |   64|  32|   32|          0|
    |mul15_i106_i_i_112_reg_14283                                                      |   64|  32|   32|          0|
    |mul15_i106_i_i_113_reg_14288                                                      |   64|  32|   32|          0|
    |mul15_i106_i_i_114_reg_14313                                                      |   64|  32|   32|          0|
    |mul15_i106_i_i_115_reg_14318                                                      |   64|  32|   32|          0|
    |mul15_i106_i_i_116_reg_14343                                                      |   64|  32|   32|          0|
    |mul15_i106_i_i_117_reg_14348                                                      |   64|  32|   32|          0|
    |mul15_i106_i_i_118_reg_14373                                                      |   64|  32|   32|          0|
    |mul15_i106_i_i_119_reg_14378                                                      |   64|  32|   32|          0|
    |mul15_i106_i_i_120_reg_14403                                                      |   64|  32|   32|          0|
    |mul15_i106_i_i_121_reg_14408                                                      |   64|  32|   32|          0|
    |mul15_i106_i_i_122_reg_14433                                                      |   64|  32|   32|          0|
    |mul15_i106_i_i_123_reg_14438                                                      |   64|  32|   32|          0|
    |mul15_i106_i_i_124_reg_14463                                                      |   64|  32|   32|          0|
    |mul15_i106_i_i_125_reg_14468                                                      |   64|  32|   32|          0|
    |mul15_i106_i_i_126_reg_14493                                                      |   64|  32|   32|          0|
    |mul15_i106_i_i_127_reg_14498                                                      |   64|  32|   32|          0|
    |mul15_i106_i_i_128_reg_14523                                                      |   64|  32|   32|          0|
    |mul15_i106_i_i_129_reg_14528                                                      |   64|  32|   32|          0|
    |mul15_i106_i_i_130_reg_14553                                                      |   64|  32|   32|          0|
    |mul15_i106_i_i_131_reg_14558                                                      |   64|  32|   32|          0|
    |mul15_i106_i_i_132_reg_14583                                                      |   64|  32|   32|          0|
    |mul15_i106_i_i_133_reg_14588                                                      |   64|  32|   32|          0|
    |mul15_i106_i_i_134_reg_14613                                                      |   64|  32|   32|          0|
    |mul15_i106_i_i_135_reg_14618                                                      |   64|  32|   32|          0|
    |mul15_i106_i_i_136_reg_14643                                                      |   64|  32|   32|          0|
    |mul15_i106_i_i_137_reg_14648                                                      |   64|  32|   32|          0|
    |mul15_i106_i_i_138_reg_14673                                                      |   64|  32|   32|          0|
    |mul15_i106_i_i_139_reg_14678                                                      |   64|  32|   32|          0|
    |mul15_i106_i_i_140_reg_14703                                                      |   64|  32|   32|          0|
    |mul15_i106_i_i_141_reg_14708                                                      |   64|  32|   32|          0|
    |mul15_i106_i_i_142_reg_14733                                                      |   64|  32|   32|          0|
    |mul15_i106_i_i_143_reg_14738                                                      |   64|  32|   32|          0|
    |mul15_i106_i_i_144_reg_14763                                                      |   64|  32|   32|          0|
    |mul15_i106_i_i_145_reg_14768                                                      |   64|  32|   32|          0|
    |mul15_i106_i_i_146_reg_14793                                                      |   64|  32|   32|          0|
    |mul15_i106_i_i_147_reg_14798                                                      |   64|  32|   32|          0|
    |mul15_i106_i_i_148_reg_14823                                                      |   64|  32|   32|          0|
    |mul15_i106_i_i_149_reg_14828                                                      |   64|  32|   32|          0|
    |mul15_i106_i_i_150_reg_14853                                                      |   64|  32|   32|          0|
    |mul15_i106_i_i_151_reg_14858                                                      |   64|  32|   32|          0|
    |mul15_i106_i_i_152_reg_14883                                                      |   64|  32|   32|          0|
    |mul15_i106_i_i_153_reg_14888                                                      |   64|  32|   32|          0|
    |mul15_i106_i_i_154_reg_14913                                                      |   64|  32|   32|          0|
    |mul15_i106_i_i_155_reg_14918                                                      |   64|  32|   32|          0|
    |mul15_i106_i_i_156_reg_14943                                                      |   64|  32|   32|          0|
    |mul15_i106_i_i_157_reg_14948                                                      |   64|  32|   32|          0|
    |mul15_i106_i_i_158_reg_14973                                                      |   64|  32|   32|          0|
    |mul15_i106_i_i_159_reg_14978                                                      |   64|  32|   32|          0|
    |mul15_i106_i_i_160_reg_15003                                                      |   64|  32|   32|          0|
    |mul15_i106_i_i_161_reg_15008                                                      |   64|  32|   32|          0|
    |mul15_i106_i_i_162_reg_15033                                                      |   64|  32|   32|          0|
    |mul15_i106_i_i_163_reg_15038                                                      |   64|  32|   32|          0|
    |mul15_i106_i_i_164_reg_15063                                                      |   64|  32|   32|          0|
    |mul15_i106_i_i_165_reg_15068                                                      |   64|  32|   32|          0|
    |mul15_i106_i_i_166_reg_15093                                                      |   64|  32|   32|          0|
    |mul15_i106_i_i_167_reg_15098                                                      |   64|  32|   32|          0|
    |mul15_i106_i_i_168_reg_15123                                                      |   64|  32|   32|          0|
    |mul15_i106_i_i_169_reg_15128                                                      |   64|  32|   32|          0|
    |mul15_i106_i_i_170_reg_15153                                                      |   64|  32|   32|          0|
    |mul15_i106_i_i_171_reg_15158                                                      |   64|  32|   32|          0|
    |mul15_i106_i_i_172_reg_15183                                                      |   64|  32|   32|          0|
    |mul15_i106_i_i_173_reg_15188                                                      |   64|  32|   32|          0|
    |mul15_i106_i_i_174_reg_15213                                                      |   64|  32|   32|          0|
    |mul15_i106_i_i_175_reg_15218                                                      |   64|  32|   32|          0|
    |mul15_i106_i_i_176_reg_15243                                                      |   64|  32|   32|          0|
    |mul15_i106_i_i_177_reg_15248                                                      |   64|  32|   32|          0|
    |mul15_i106_i_i_178_reg_15273                                                      |   64|  32|   32|          0|
    |mul15_i106_i_i_179_reg_15278                                                      |   64|  32|   32|          0|
    |mul15_i106_i_i_180_reg_15298                                                      |   64|  32|   32|          0|
    |mul15_i106_i_i_181_reg_15303                                                      |   64|  32|   32|          0|
    |mul15_i106_i_i_182_reg_15318                                                      |   64|  32|   32|          0|
    |mul15_i106_i_i_183_reg_15323                                                      |   64|  32|   32|          0|
    |mul15_i106_i_i_184_reg_15333                                                      |   64|  32|   32|          0|
    |mul15_i106_i_i_185_reg_15338                                                      |   64|  32|   32|          0|
    |mul15_i106_i_i_186_reg_15343                                                      |   64|  32|   32|          0|
    |mul15_i106_i_i_187_reg_15348                                                      |   64|  32|   32|          0|
    |mul15_i106_i_i_188_reg_15353                                                      |   64|  32|   32|          0|
    |mul15_i106_i_i_189_reg_15358                                                      |   64|  32|   32|          0|
    |mul15_i106_i_i_190_reg_15363                                                      |   64|  32|   32|          0|
    |mul15_i106_i_i_24_reg_12723                                                       |   64|  32|   32|          0|
    |mul15_i106_i_i_25_reg_12728                                                       |   64|  32|   32|          0|
    |mul15_i106_i_i_26_reg_12823                                                       |   64|  32|   32|          0|
    |mul15_i106_i_i_27_reg_12828                                                       |   64|  32|   32|          0|
    |mul15_i106_i_i_28_reg_12923                                                       |   64|  32|   32|          0|
    |mul15_i106_i_i_29_reg_12928                                                       |   64|  32|   32|          0|
    |mul15_i106_i_i_30_reg_13023                                                       |   64|  32|   32|          0|
    |mul15_i106_i_i_31_reg_13028                                                       |   64|  32|   32|          0|
    |mul15_i106_i_i_32_reg_13083                                                       |   64|  32|   32|          0|
    |mul15_i106_i_i_33_reg_13088                                                       |   64|  32|   32|          0|
    |mul15_i106_i_i_34_reg_13113                                                       |   64|  32|   32|          0|
    |mul15_i106_i_i_35_reg_13118                                                       |   64|  32|   32|          0|
    |mul15_i106_i_i_36_reg_13143                                                       |   64|  32|   32|          0|
    |mul15_i106_i_i_37_reg_13148                                                       |   64|  32|   32|          0|
    |mul15_i106_i_i_38_reg_13173                                                       |   64|  32|   32|          0|
    |mul15_i106_i_i_39_reg_13178                                                       |   64|  32|   32|          0|
    |mul15_i106_i_i_40_reg_13203                                                       |   64|  32|   32|          0|
    |mul15_i106_i_i_41_reg_13208                                                       |   64|  32|   32|          0|
    |mul15_i106_i_i_42_reg_13233                                                       |   64|  32|   32|          0|
    |mul15_i106_i_i_43_reg_13238                                                       |   64|  32|   32|          0|
    |mul15_i106_i_i_44_reg_13263                                                       |   64|  32|   32|          0|
    |mul15_i106_i_i_45_reg_13268                                                       |   64|  32|   32|          0|
    |mul15_i106_i_i_46_reg_13293                                                       |   64|  32|   32|          0|
    |mul15_i106_i_i_47_reg_13298                                                       |   64|  32|   32|          0|
    |mul15_i106_i_i_48_reg_13323                                                       |   64|  32|   32|          0|
    |mul15_i106_i_i_49_reg_13328                                                       |   64|  32|   32|          0|
    |mul15_i106_i_i_50_reg_13353                                                       |   64|  32|   32|          0|
    |mul15_i106_i_i_51_reg_13358                                                       |   64|  32|   32|          0|
    |mul15_i106_i_i_52_reg_13383                                                       |   64|  32|   32|          0|
    |mul15_i106_i_i_53_reg_13388                                                       |   64|  32|   32|          0|
    |mul15_i106_i_i_54_reg_13413                                                       |   64|  32|   32|          0|
    |mul15_i106_i_i_55_reg_13418                                                       |   64|  32|   32|          0|
    |mul15_i106_i_i_56_reg_13443                                                       |   64|  32|   32|          0|
    |mul15_i106_i_i_57_reg_13448                                                       |   64|  32|   32|          0|
    |mul15_i106_i_i_58_reg_13473                                                       |   64|  32|   32|          0|
    |mul15_i106_i_i_59_reg_13478                                                       |   64|  32|   32|          0|
    |mul15_i106_i_i_60_reg_13503                                                       |   64|  32|   32|          0|
    |mul15_i106_i_i_61_reg_13508                                                       |   64|  32|   32|          0|
    |mul15_i106_i_i_62_reg_13533                                                       |   64|  32|   32|          0|
    |mul15_i106_i_i_63_reg_13538                                                       |   64|  32|   32|          0|
    |mul15_i106_i_i_64_reg_13563                                                       |   64|  32|   32|          0|
    |mul15_i106_i_i_65_reg_13568                                                       |   64|  32|   32|          0|
    |mul15_i106_i_i_66_reg_13593                                                       |   64|  32|   32|          0|
    |mul15_i106_i_i_67_reg_13598                                                       |   64|  32|   32|          0|
    |mul15_i106_i_i_68_reg_13623                                                       |   64|  32|   32|          0|
    |mul15_i106_i_i_69_reg_13628                                                       |   64|  32|   32|          0|
    |mul15_i106_i_i_70_reg_13653                                                       |   64|  32|   32|          0|
    |mul15_i106_i_i_71_reg_13658                                                       |   64|  32|   32|          0|
    |mul15_i106_i_i_72_reg_13683                                                       |   64|  32|   32|          0|
    |mul15_i106_i_i_73_reg_13688                                                       |   64|  32|   32|          0|
    |mul15_i106_i_i_74_reg_13713                                                       |   64|  32|   32|          0|
    |mul15_i106_i_i_75_reg_13718                                                       |   64|  32|   32|          0|
    |mul15_i106_i_i_76_reg_13743                                                       |   64|  32|   32|          0|
    |mul15_i106_i_i_77_reg_13748                                                       |   64|  32|   32|          0|
    |mul15_i106_i_i_78_reg_13773                                                       |   64|  32|   32|          0|
    |mul15_i106_i_i_79_reg_13778                                                       |   64|  32|   32|          0|
    |mul15_i106_i_i_80_reg_13803                                                       |   64|  32|   32|          0|
    |mul15_i106_i_i_81_reg_13808                                                       |   64|  32|   32|          0|
    |mul15_i106_i_i_82_reg_13833                                                       |   64|  32|   32|          0|
    |mul15_i106_i_i_83_reg_13838                                                       |   64|  32|   32|          0|
    |mul15_i106_i_i_84_reg_13863                                                       |   64|  32|   32|          0|
    |mul15_i106_i_i_85_reg_13868                                                       |   64|  32|   32|          0|
    |mul15_i106_i_i_86_reg_13893                                                       |   64|  32|   32|          0|
    |mul15_i106_i_i_87_reg_13898                                                       |   64|  32|   32|          0|
    |mul15_i106_i_i_88_reg_13923                                                       |   64|  32|   32|          0|
    |mul15_i106_i_i_89_reg_13928                                                       |   64|  32|   32|          0|
    |mul15_i106_i_i_90_reg_13953                                                       |   64|  32|   32|          0|
    |mul15_i106_i_i_91_reg_13958                                                       |   64|  32|   32|          0|
    |mul15_i106_i_i_92_reg_13983                                                       |   64|  32|   32|          0|
    |mul15_i106_i_i_93_reg_13988                                                       |   64|  32|   32|          0|
    |mul15_i106_i_i_94_reg_14013                                                       |   64|  32|   32|          0|
    |mul15_i106_i_i_95_reg_14018                                                       |   64|  32|   32|          0|
    |mul15_i106_i_i_96_reg_14043                                                       |   64|  32|   32|          0|
    |mul15_i106_i_i_97_reg_14048                                                       |   64|  32|   32|          0|
    |mul15_i106_i_i_98_reg_14073                                                       |   64|  32|   32|          0|
    |mul15_i106_i_i_99_reg_14078                                                       |   64|  32|   32|          0|
    |trunc_ln172_reg_11844                                                             |   64|  32|    6|          0|
    +----------------------------------------------------------------------------------+-----+----+-----+-----------+
    |Total                                                                             |23319|5440|17810|         11|
    +----------------------------------------------------------------------------------+-----+----+-----+-----------+



================================================================
== Interface
================================================================
* Summary: 
+-------------------------------------------------------------------------+-----+-----+------------+----------------------------------------------------------------+--------------+
|                                RTL Ports                                | Dir | Bits|  Protocol  |                          Source Object                         |    C Type    |
+-------------------------------------------------------------------------+-----+-----+------------+----------------------------------------------------------------+--------------+
|ap_clk                                                                   |   in|    1|  ap_ctrl_hs|                     transformer_blk_s3_top_Pipeline_LF_S_LF_OD1|  return value|
|ap_rst                                                                   |   in|    1|  ap_ctrl_hs|                     transformer_blk_s3_top_Pipeline_LF_S_LF_OD1|  return value|
|ap_start                                                                 |   in|    1|  ap_ctrl_hs|                     transformer_blk_s3_top_Pipeline_LF_S_LF_OD1|  return value|
|ap_done                                                                  |  out|    1|  ap_ctrl_hs|                     transformer_blk_s3_top_Pipeline_LF_S_LF_OD1|  return value|
|ap_idle                                                                  |  out|    1|  ap_ctrl_hs|                     transformer_blk_s3_top_Pipeline_LF_S_LF_OD1|  return value|
|ap_ready                                                                 |  out|    1|  ap_ctrl_hs|                     transformer_blk_s3_top_Pipeline_LF_S_LF_OD1|  return value|
|grp_fu_2312_p_din0                                                       |  out|   32|  ap_ctrl_hs|                     transformer_blk_s3_top_Pipeline_LF_S_LF_OD1|  return value|
|grp_fu_2312_p_din1                                                       |  out|   32|  ap_ctrl_hs|                     transformer_blk_s3_top_Pipeline_LF_S_LF_OD1|  return value|
|grp_fu_2312_p_opcode                                                     |  out|    1|  ap_ctrl_hs|                     transformer_blk_s3_top_Pipeline_LF_S_LF_OD1|  return value|
|grp_fu_2312_p_dout0                                                      |   in|   32|  ap_ctrl_hs|                     transformer_blk_s3_top_Pipeline_LF_S_LF_OD1|  return value|
|grp_fu_2312_p_ce                                                         |  out|    1|  ap_ctrl_hs|                     transformer_blk_s3_top_Pipeline_LF_S_LF_OD1|  return value|
|grp_fu_5188_p_din0                                                       |  out|   32|  ap_ctrl_hs|                     transformer_blk_s3_top_Pipeline_LF_S_LF_OD1|  return value|
|grp_fu_5188_p_din1                                                       |  out|   32|  ap_ctrl_hs|                     transformer_blk_s3_top_Pipeline_LF_S_LF_OD1|  return value|
|grp_fu_5188_p_opcode                                                     |  out|    1|  ap_ctrl_hs|                     transformer_blk_s3_top_Pipeline_LF_S_LF_OD1|  return value|
|grp_fu_5188_p_dout0                                                      |   in|   32|  ap_ctrl_hs|                     transformer_blk_s3_top_Pipeline_LF_S_LF_OD1|  return value|
|grp_fu_5188_p_ce                                                         |  out|    1|  ap_ctrl_hs|                     transformer_blk_s3_top_Pipeline_LF_S_LF_OD1|  return value|
|grp_fu_5216_p_din0                                                       |  out|   32|  ap_ctrl_hs|                     transformer_blk_s3_top_Pipeline_LF_S_LF_OD1|  return value|
|grp_fu_5216_p_din1                                                       |  out|   32|  ap_ctrl_hs|                     transformer_blk_s3_top_Pipeline_LF_S_LF_OD1|  return value|
|grp_fu_5216_p_dout0                                                      |   in|   32|  ap_ctrl_hs|                     transformer_blk_s3_top_Pipeline_LF_S_LF_OD1|  return value|
|grp_fu_5216_p_ce                                                         |  out|    1|  ap_ctrl_hs|                     transformer_blk_s3_top_Pipeline_LF_S_LF_OD1|  return value|
|grp_fu_5220_p_din0                                                       |  out|   32|  ap_ctrl_hs|                     transformer_blk_s3_top_Pipeline_LF_S_LF_OD1|  return value|
|grp_fu_5220_p_din1                                                       |  out|   32|  ap_ctrl_hs|                     transformer_blk_s3_top_Pipeline_LF_S_LF_OD1|  return value|
|grp_fu_5220_p_dout0                                                      |   in|   32|  ap_ctrl_hs|                     transformer_blk_s3_top_Pipeline_LF_S_LF_OD1|  return value|
|grp_fu_5220_p_ce                                                         |  out|    1|  ap_ctrl_hs|                     transformer_blk_s3_top_Pipeline_LF_S_LF_OD1|  return value|
|phi_mul6578                                                              |   in|   20|     ap_none|                                                     phi_mul6578|        scalar|
|w_Addr_A                                                                 |  out|   32|        bram|                                                               w|         array|
|w_EN_A                                                                   |  out|    1|        bram|                                                               w|         array|
|w_WEN_A                                                                  |  out|    4|        bram|                                                               w|         array|
|w_Din_A                                                                  |  out|   32|        bram|                                                               w|         array|
|w_Dout_A                                                                 |   in|   32|        bram|                                                               w|         array|
|w_Addr_B                                                                 |  out|   32|        bram|                                                               w|         array|
|w_EN_B                                                                   |  out|    1|        bram|                                                               w|         array|
|w_WEN_B                                                                  |  out|    4|        bram|                                                               w|         array|
|w_Din_B                                                                  |  out|   32|        bram|                                                               w|         array|
|w_Dout_B                                                                 |   in|   32|        bram|                                                               w|         array|
|add_ln170_1                                                              |   in|   20|     ap_none|                                                     add_ln170_1|        scalar|
|zext_ln162                                                               |   in|   20|     ap_none|                                                      zext_ln162|        scalar|
|transformer_blk_s3_top_float_const_float_float_const_k_buf_address0      |  out|    9|   ap_memory|      transformer_blk_s3_top_float_const_float_float_const_k_buf|         array|
|transformer_blk_s3_top_float_const_float_float_const_k_buf_ce0           |  out|    1|   ap_memory|      transformer_blk_s3_top_float_const_float_float_const_k_buf|         array|
|transformer_blk_s3_top_float_const_float_float_const_k_buf_we0           |  out|    1|   ap_memory|      transformer_blk_s3_top_float_const_float_float_const_k_buf|         array|
|transformer_blk_s3_top_float_const_float_float_const_k_buf_d0            |  out|   32|   ap_memory|      transformer_blk_s3_top_float_const_float_float_const_k_buf|         array|
|transformer_blk_s3_top_float_const_float_float_const_ln_buf_address0     |  out|   13|   ap_memory|     transformer_blk_s3_top_float_const_float_float_const_ln_buf|         array|
|transformer_blk_s3_top_float_const_float_float_const_ln_buf_ce0          |  out|    1|   ap_memory|     transformer_blk_s3_top_float_const_float_float_const_ln_buf|         array|
|transformer_blk_s3_top_float_const_float_float_const_ln_buf_q0           |   in|   32|   ap_memory|     transformer_blk_s3_top_float_const_float_float_const_ln_buf|         array|
|transformer_blk_s3_top_float_const_float_float_const_ln_buf_address1     |  out|   13|   ap_memory|     transformer_blk_s3_top_float_const_float_float_const_ln_buf|         array|
|transformer_blk_s3_top_float_const_float_float_const_ln_buf_ce1          |  out|    1|   ap_memory|     transformer_blk_s3_top_float_const_float_float_const_ln_buf|         array|
|transformer_blk_s3_top_float_const_float_float_const_ln_buf_q1           |   in|   32|   ap_memory|     transformer_blk_s3_top_float_const_float_float_const_ln_buf|         array|
|transformer_blk_s3_top_float_const_float_float_const_ln_buf_8_address0   |  out|   13|   ap_memory|   transformer_blk_s3_top_float_const_float_float_const_ln_buf_8|         array|
|transformer_blk_s3_top_float_const_float_float_const_ln_buf_8_ce0        |  out|    1|   ap_memory|   transformer_blk_s3_top_float_const_float_float_const_ln_buf_8|         array|
|transformer_blk_s3_top_float_const_float_float_const_ln_buf_8_q0         |   in|   32|   ap_memory|   transformer_blk_s3_top_float_const_float_float_const_ln_buf_8|         array|
|transformer_blk_s3_top_float_const_float_float_const_ln_buf_8_address1   |  out|   13|   ap_memory|   transformer_blk_s3_top_float_const_float_float_const_ln_buf_8|         array|
|transformer_blk_s3_top_float_const_float_float_const_ln_buf_8_ce1        |  out|    1|   ap_memory|   transformer_blk_s3_top_float_const_float_float_const_ln_buf_8|         array|
|transformer_blk_s3_top_float_const_float_float_const_ln_buf_8_q1         |   in|   32|   ap_memory|   transformer_blk_s3_top_float_const_float_float_const_ln_buf_8|         array|
|transformer_blk_s3_top_float_const_float_float_const_ln_buf_9_address0   |  out|   13|   ap_memory|   transformer_blk_s3_top_float_const_float_float_const_ln_buf_9|         array|
|transformer_blk_s3_top_float_const_float_float_const_ln_buf_9_ce0        |  out|    1|   ap_memory|   transformer_blk_s3_top_float_const_float_float_const_ln_buf_9|         array|
|transformer_blk_s3_top_float_const_float_float_const_ln_buf_9_q0         |   in|   32|   ap_memory|   transformer_blk_s3_top_float_const_float_float_const_ln_buf_9|         array|
|transformer_blk_s3_top_float_const_float_float_const_ln_buf_9_address1   |  out|   13|   ap_memory|   transformer_blk_s3_top_float_const_float_float_const_ln_buf_9|         array|
|transformer_blk_s3_top_float_const_float_float_const_ln_buf_9_ce1        |  out|    1|   ap_memory|   transformer_blk_s3_top_float_const_float_float_const_ln_buf_9|         array|
|transformer_blk_s3_top_float_const_float_float_const_ln_buf_9_q1         |   in|   32|   ap_memory|   transformer_blk_s3_top_float_const_float_float_const_ln_buf_9|         array|
|transformer_blk_s3_top_float_const_float_float_const_ln_buf_10_address0  |  out|   13|   ap_memory|  transformer_blk_s3_top_float_const_float_float_const_ln_buf_10|         array|
|transformer_blk_s3_top_float_const_float_float_const_ln_buf_10_ce0       |  out|    1|   ap_memory|  transformer_blk_s3_top_float_const_float_float_const_ln_buf_10|         array|
|transformer_blk_s3_top_float_const_float_float_const_ln_buf_10_q0        |   in|   32|   ap_memory|  transformer_blk_s3_top_float_const_float_float_const_ln_buf_10|         array|
|transformer_blk_s3_top_float_const_float_float_const_ln_buf_10_address1  |  out|   13|   ap_memory|  transformer_blk_s3_top_float_const_float_float_const_ln_buf_10|         array|
|transformer_blk_s3_top_float_const_float_float_const_ln_buf_10_ce1       |  out|    1|   ap_memory|  transformer_blk_s3_top_float_const_float_float_const_ln_buf_10|         array|
|transformer_blk_s3_top_float_const_float_float_const_ln_buf_10_q1        |   in|   32|   ap_memory|  transformer_blk_s3_top_float_const_float_float_const_ln_buf_10|         array|
|transformer_blk_s3_top_float_const_float_float_const_k_buf_20_address0   |  out|    9|   ap_memory|   transformer_blk_s3_top_float_const_float_float_const_k_buf_20|         array|
|transformer_blk_s3_top_float_const_float_float_const_k_buf_20_ce0        |  out|    1|   ap_memory|   transformer_blk_s3_top_float_const_float_float_const_k_buf_20|         array|
|transformer_blk_s3_top_float_const_float_float_const_k_buf_20_we0        |  out|    1|   ap_memory|   transformer_blk_s3_top_float_const_float_float_const_k_buf_20|         array|
|transformer_blk_s3_top_float_const_float_float_const_k_buf_20_d0         |  out|   32|   ap_memory|   transformer_blk_s3_top_float_const_float_float_const_k_buf_20|         array|
|transformer_blk_s3_top_float_const_float_float_const_k_buf_21_address0   |  out|    9|   ap_memory|   transformer_blk_s3_top_float_const_float_float_const_k_buf_21|         array|
|transformer_blk_s3_top_float_const_float_float_const_k_buf_21_ce0        |  out|    1|   ap_memory|   transformer_blk_s3_top_float_const_float_float_const_k_buf_21|         array|
|transformer_blk_s3_top_float_const_float_float_const_k_buf_21_we0        |  out|    1|   ap_memory|   transformer_blk_s3_top_float_const_float_float_const_k_buf_21|         array|
|transformer_blk_s3_top_float_const_float_float_const_k_buf_21_d0         |  out|   32|   ap_memory|   transformer_blk_s3_top_float_const_float_float_const_k_buf_21|         array|
|transformer_blk_s3_top_float_const_float_float_const_k_buf_22_address0   |  out|    9|   ap_memory|   transformer_blk_s3_top_float_const_float_float_const_k_buf_22|         array|
|transformer_blk_s3_top_float_const_float_float_const_k_buf_22_ce0        |  out|    1|   ap_memory|   transformer_blk_s3_top_float_const_float_float_const_k_buf_22|         array|
|transformer_blk_s3_top_float_const_float_float_const_k_buf_22_we0        |  out|    1|   ap_memory|   transformer_blk_s3_top_float_const_float_float_const_k_buf_22|         array|
|transformer_blk_s3_top_float_const_float_float_const_k_buf_22_d0         |  out|   32|   ap_memory|   transformer_blk_s3_top_float_const_float_float_const_k_buf_22|         array|
|transformer_blk_s3_top_float_const_float_float_const_k_buf_23_address0   |  out|    9|   ap_memory|   transformer_blk_s3_top_float_const_float_float_const_k_buf_23|         array|
|transformer_blk_s3_top_float_const_float_float_const_k_buf_23_ce0        |  out|    1|   ap_memory|   transformer_blk_s3_top_float_const_float_float_const_k_buf_23|         array|
|transformer_blk_s3_top_float_const_float_float_const_k_buf_23_we0        |  out|    1|   ap_memory|   transformer_blk_s3_top_float_const_float_float_const_k_buf_23|         array|
|transformer_blk_s3_top_float_const_float_float_const_k_buf_23_d0         |  out|   32|   ap_memory|   transformer_blk_s3_top_float_const_float_float_const_k_buf_23|         array|
|transformer_blk_s3_top_float_const_float_float_const_k_buf_24_address0   |  out|    9|   ap_memory|   transformer_blk_s3_top_float_const_float_float_const_k_buf_24|         array|
|transformer_blk_s3_top_float_const_float_float_const_k_buf_24_ce0        |  out|    1|   ap_memory|   transformer_blk_s3_top_float_const_float_float_const_k_buf_24|         array|
|transformer_blk_s3_top_float_const_float_float_const_k_buf_24_we0        |  out|    1|   ap_memory|   transformer_blk_s3_top_float_const_float_float_const_k_buf_24|         array|
|transformer_blk_s3_top_float_const_float_float_const_k_buf_24_d0         |  out|   32|   ap_memory|   transformer_blk_s3_top_float_const_float_float_const_k_buf_24|         array|
|transformer_blk_s3_top_float_const_float_float_const_k_buf_25_address0   |  out|    9|   ap_memory|   transformer_blk_s3_top_float_const_float_float_const_k_buf_25|         array|
|transformer_blk_s3_top_float_const_float_float_const_k_buf_25_ce0        |  out|    1|   ap_memory|   transformer_blk_s3_top_float_const_float_float_const_k_buf_25|         array|
|transformer_blk_s3_top_float_const_float_float_const_k_buf_25_we0        |  out|    1|   ap_memory|   transformer_blk_s3_top_float_const_float_float_const_k_buf_25|         array|
|transformer_blk_s3_top_float_const_float_float_const_k_buf_25_d0         |  out|   32|   ap_memory|   transformer_blk_s3_top_float_const_float_float_const_k_buf_25|         array|
|transformer_blk_s3_top_float_const_float_float_const_k_buf_26_address0   |  out|    9|   ap_memory|   transformer_blk_s3_top_float_const_float_float_const_k_buf_26|         array|
|transformer_blk_s3_top_float_const_float_float_const_k_buf_26_ce0        |  out|    1|   ap_memory|   transformer_blk_s3_top_float_const_float_float_const_k_buf_26|         array|
|transformer_blk_s3_top_float_const_float_float_const_k_buf_26_we0        |  out|    1|   ap_memory|   transformer_blk_s3_top_float_const_float_float_const_k_buf_26|         array|
|transformer_blk_s3_top_float_const_float_float_const_k_buf_26_d0         |  out|   32|   ap_memory|   transformer_blk_s3_top_float_const_float_float_const_k_buf_26|         array|
|transformer_blk_s3_top_float_const_float_float_const_k_buf_27_address0   |  out|    9|   ap_memory|   transformer_blk_s3_top_float_const_float_float_const_k_buf_27|         array|
|transformer_blk_s3_top_float_const_float_float_const_k_buf_27_ce0        |  out|    1|   ap_memory|   transformer_blk_s3_top_float_const_float_float_const_k_buf_27|         array|
|transformer_blk_s3_top_float_const_float_float_const_k_buf_27_we0        |  out|    1|   ap_memory|   transformer_blk_s3_top_float_const_float_float_const_k_buf_27|         array|
|transformer_blk_s3_top_float_const_float_float_const_k_buf_27_d0         |  out|   32|   ap_memory|   transformer_blk_s3_top_float_const_float_float_const_k_buf_27|         array|
|transformer_blk_s3_top_float_const_float_float_const_k_buf_28_address0   |  out|    9|   ap_memory|   transformer_blk_s3_top_float_const_float_float_const_k_buf_28|         array|
|transformer_blk_s3_top_float_const_float_float_const_k_buf_28_ce0        |  out|    1|   ap_memory|   transformer_blk_s3_top_float_const_float_float_const_k_buf_28|         array|
|transformer_blk_s3_top_float_const_float_float_const_k_buf_28_we0        |  out|    1|   ap_memory|   transformer_blk_s3_top_float_const_float_float_const_k_buf_28|         array|
|transformer_blk_s3_top_float_const_float_float_const_k_buf_28_d0         |  out|   32|   ap_memory|   transformer_blk_s3_top_float_const_float_float_const_k_buf_28|         array|
|p_ZZ22transformer_blk_s3_topPKfPfS0_E5k_buf_10_address0                  |  out|    9|   ap_memory|                  p_ZZ22transformer_blk_s3_topPKfPfS0_E5k_buf_10|         array|
|p_ZZ22transformer_blk_s3_topPKfPfS0_E5k_buf_10_ce0                       |  out|    1|   ap_memory|                  p_ZZ22transformer_blk_s3_topPKfPfS0_E5k_buf_10|         array|
|p_ZZ22transformer_blk_s3_topPKfPfS0_E5k_buf_10_we0                       |  out|    1|   ap_memory|                  p_ZZ22transformer_blk_s3_topPKfPfS0_E5k_buf_10|         array|
|p_ZZ22transformer_blk_s3_topPKfPfS0_E5k_buf_10_d0                        |  out|   32|   ap_memory|                  p_ZZ22transformer_blk_s3_topPKfPfS0_E5k_buf_10|         array|
|p_ZZ22transformer_blk_s3_topPKfPfS0_E5k_buf_11_address0                  |  out|    9|   ap_memory|                  p_ZZ22transformer_blk_s3_topPKfPfS0_E5k_buf_11|         array|
|p_ZZ22transformer_blk_s3_topPKfPfS0_E5k_buf_11_ce0                       |  out|    1|   ap_memory|                  p_ZZ22transformer_blk_s3_topPKfPfS0_E5k_buf_11|         array|
|p_ZZ22transformer_blk_s3_topPKfPfS0_E5k_buf_11_we0                       |  out|    1|   ap_memory|                  p_ZZ22transformer_blk_s3_topPKfPfS0_E5k_buf_11|         array|
|p_ZZ22transformer_blk_s3_topPKfPfS0_E5k_buf_11_d0                        |  out|   32|   ap_memory|                  p_ZZ22transformer_blk_s3_topPKfPfS0_E5k_buf_11|         array|
|p_ZZ22transformer_blk_s3_topPKfPfS0_E5k_buf_12_address0                  |  out|    9|   ap_memory|                  p_ZZ22transformer_blk_s3_topPKfPfS0_E5k_buf_12|         array|
|p_ZZ22transformer_blk_s3_topPKfPfS0_E5k_buf_12_ce0                       |  out|    1|   ap_memory|                  p_ZZ22transformer_blk_s3_topPKfPfS0_E5k_buf_12|         array|
|p_ZZ22transformer_blk_s3_topPKfPfS0_E5k_buf_12_we0                       |  out|    1|   ap_memory|                  p_ZZ22transformer_blk_s3_topPKfPfS0_E5k_buf_12|         array|
|p_ZZ22transformer_blk_s3_topPKfPfS0_E5k_buf_12_d0                        |  out|   32|   ap_memory|                  p_ZZ22transformer_blk_s3_topPKfPfS0_E5k_buf_12|         array|
|p_ZZ22transformer_blk_s3_topPKfPfS0_E5k_buf_13_address0                  |  out|    9|   ap_memory|                  p_ZZ22transformer_blk_s3_topPKfPfS0_E5k_buf_13|         array|
|p_ZZ22transformer_blk_s3_topPKfPfS0_E5k_buf_13_ce0                       |  out|    1|   ap_memory|                  p_ZZ22transformer_blk_s3_topPKfPfS0_E5k_buf_13|         array|
|p_ZZ22transformer_blk_s3_topPKfPfS0_E5k_buf_13_we0                       |  out|    1|   ap_memory|                  p_ZZ22transformer_blk_s3_topPKfPfS0_E5k_buf_13|         array|
|p_ZZ22transformer_blk_s3_topPKfPfS0_E5k_buf_13_d0                        |  out|   32|   ap_memory|                  p_ZZ22transformer_blk_s3_topPKfPfS0_E5k_buf_13|         array|
|p_ZZ22transformer_blk_s3_topPKfPfS0_E5k_buf_14_address0                  |  out|    9|   ap_memory|                  p_ZZ22transformer_blk_s3_topPKfPfS0_E5k_buf_14|         array|
|p_ZZ22transformer_blk_s3_topPKfPfS0_E5k_buf_14_ce0                       |  out|    1|   ap_memory|                  p_ZZ22transformer_blk_s3_topPKfPfS0_E5k_buf_14|         array|
|p_ZZ22transformer_blk_s3_topPKfPfS0_E5k_buf_14_we0                       |  out|    1|   ap_memory|                  p_ZZ22transformer_blk_s3_topPKfPfS0_E5k_buf_14|         array|
|p_ZZ22transformer_blk_s3_topPKfPfS0_E5k_buf_14_d0                        |  out|   32|   ap_memory|                  p_ZZ22transformer_blk_s3_topPKfPfS0_E5k_buf_14|         array|
|p_ZZ22transformer_blk_s3_topPKfPfS0_E5k_buf_15_address0                  |  out|    9|   ap_memory|                  p_ZZ22transformer_blk_s3_topPKfPfS0_E5k_buf_15|         array|
|p_ZZ22transformer_blk_s3_topPKfPfS0_E5k_buf_15_ce0                       |  out|    1|   ap_memory|                  p_ZZ22transformer_blk_s3_topPKfPfS0_E5k_buf_15|         array|
|p_ZZ22transformer_blk_s3_topPKfPfS0_E5k_buf_15_we0                       |  out|    1|   ap_memory|                  p_ZZ22transformer_blk_s3_topPKfPfS0_E5k_buf_15|         array|
|p_ZZ22transformer_blk_s3_topPKfPfS0_E5k_buf_15_d0                        |  out|   32|   ap_memory|                  p_ZZ22transformer_blk_s3_topPKfPfS0_E5k_buf_15|         array|
|p_ZZ22transformer_blk_s3_topPKfPfS0_E5k_buf_16_address0                  |  out|    9|   ap_memory|                  p_ZZ22transformer_blk_s3_topPKfPfS0_E5k_buf_16|         array|
|p_ZZ22transformer_blk_s3_topPKfPfS0_E5k_buf_16_ce0                       |  out|    1|   ap_memory|                  p_ZZ22transformer_blk_s3_topPKfPfS0_E5k_buf_16|         array|
|p_ZZ22transformer_blk_s3_topPKfPfS0_E5k_buf_16_we0                       |  out|    1|   ap_memory|                  p_ZZ22transformer_blk_s3_topPKfPfS0_E5k_buf_16|         array|
|p_ZZ22transformer_blk_s3_topPKfPfS0_E5k_buf_16_d0                        |  out|   32|   ap_memory|                  p_ZZ22transformer_blk_s3_topPKfPfS0_E5k_buf_16|         array|
|p_ZZ22transformer_blk_s3_topPKfPfS0_E5k_buf_17_address0                  |  out|    9|   ap_memory|                  p_ZZ22transformer_blk_s3_topPKfPfS0_E5k_buf_17|         array|
|p_ZZ22transformer_blk_s3_topPKfPfS0_E5k_buf_17_ce0                       |  out|    1|   ap_memory|                  p_ZZ22transformer_blk_s3_topPKfPfS0_E5k_buf_17|         array|
|p_ZZ22transformer_blk_s3_topPKfPfS0_E5k_buf_17_we0                       |  out|    1|   ap_memory|                  p_ZZ22transformer_blk_s3_topPKfPfS0_E5k_buf_17|         array|
|p_ZZ22transformer_blk_s3_topPKfPfS0_E5k_buf_17_d0                        |  out|   32|   ap_memory|                  p_ZZ22transformer_blk_s3_topPKfPfS0_E5k_buf_17|         array|
|p_ZZ22transformer_blk_s3_topPKfPfS0_E5k_buf_18_address0                  |  out|    9|   ap_memory|                  p_ZZ22transformer_blk_s3_topPKfPfS0_E5k_buf_18|         array|
|p_ZZ22transformer_blk_s3_topPKfPfS0_E5k_buf_18_ce0                       |  out|    1|   ap_memory|                  p_ZZ22transformer_blk_s3_topPKfPfS0_E5k_buf_18|         array|
|p_ZZ22transformer_blk_s3_topPKfPfS0_E5k_buf_18_we0                       |  out|    1|   ap_memory|                  p_ZZ22transformer_blk_s3_topPKfPfS0_E5k_buf_18|         array|
|p_ZZ22transformer_blk_s3_topPKfPfS0_E5k_buf_18_d0                        |  out|   32|   ap_memory|                  p_ZZ22transformer_blk_s3_topPKfPfS0_E5k_buf_18|         array|
|p_ZZ22transformer_blk_s3_topPKfPfS0_E5k_buf_19_address0                  |  out|    9|   ap_memory|                  p_ZZ22transformer_blk_s3_topPKfPfS0_E5k_buf_19|         array|
|p_ZZ22transformer_blk_s3_topPKfPfS0_E5k_buf_19_ce0                       |  out|    1|   ap_memory|                  p_ZZ22transformer_blk_s3_topPKfPfS0_E5k_buf_19|         array|
|p_ZZ22transformer_blk_s3_topPKfPfS0_E5k_buf_19_we0                       |  out|    1|   ap_memory|                  p_ZZ22transformer_blk_s3_topPKfPfS0_E5k_buf_19|         array|
|p_ZZ22transformer_blk_s3_topPKfPfS0_E5k_buf_19_d0                        |  out|   32|   ap_memory|                  p_ZZ22transformer_blk_s3_topPKfPfS0_E5k_buf_19|         array|
|p_ZZ22transformer_blk_s3_topPKfPfS0_E5k_buf_20_address0                  |  out|    9|   ap_memory|                  p_ZZ22transformer_blk_s3_topPKfPfS0_E5k_buf_20|         array|
|p_ZZ22transformer_blk_s3_topPKfPfS0_E5k_buf_20_ce0                       |  out|    1|   ap_memory|                  p_ZZ22transformer_blk_s3_topPKfPfS0_E5k_buf_20|         array|
|p_ZZ22transformer_blk_s3_topPKfPfS0_E5k_buf_20_we0                       |  out|    1|   ap_memory|                  p_ZZ22transformer_blk_s3_topPKfPfS0_E5k_buf_20|         array|
|p_ZZ22transformer_blk_s3_topPKfPfS0_E5k_buf_20_d0                        |  out|   32|   ap_memory|                  p_ZZ22transformer_blk_s3_topPKfPfS0_E5k_buf_20|         array|
|p_ZZ22transformer_blk_s3_topPKfPfS0_E5k_buf_21_address0                  |  out|    9|   ap_memory|                  p_ZZ22transformer_blk_s3_topPKfPfS0_E5k_buf_21|         array|
|p_ZZ22transformer_blk_s3_topPKfPfS0_E5k_buf_21_ce0                       |  out|    1|   ap_memory|                  p_ZZ22transformer_blk_s3_topPKfPfS0_E5k_buf_21|         array|
|p_ZZ22transformer_blk_s3_topPKfPfS0_E5k_buf_21_we0                       |  out|    1|   ap_memory|                  p_ZZ22transformer_blk_s3_topPKfPfS0_E5k_buf_21|         array|
|p_ZZ22transformer_blk_s3_topPKfPfS0_E5k_buf_21_d0                        |  out|   32|   ap_memory|                  p_ZZ22transformer_blk_s3_topPKfPfS0_E5k_buf_21|         array|
|p_ZZ22transformer_blk_s3_topPKfPfS0_E5k_buf_22_address0                  |  out|    9|   ap_memory|                  p_ZZ22transformer_blk_s3_topPKfPfS0_E5k_buf_22|         array|
|p_ZZ22transformer_blk_s3_topPKfPfS0_E5k_buf_22_ce0                       |  out|    1|   ap_memory|                  p_ZZ22transformer_blk_s3_topPKfPfS0_E5k_buf_22|         array|
|p_ZZ22transformer_blk_s3_topPKfPfS0_E5k_buf_22_we0                       |  out|    1|   ap_memory|                  p_ZZ22transformer_blk_s3_topPKfPfS0_E5k_buf_22|         array|
|p_ZZ22transformer_blk_s3_topPKfPfS0_E5k_buf_22_d0                        |  out|   32|   ap_memory|                  p_ZZ22transformer_blk_s3_topPKfPfS0_E5k_buf_22|         array|
|p_ZZ22transformer_blk_s3_topPKfPfS0_E5k_buf_23_address0                  |  out|    9|   ap_memory|                  p_ZZ22transformer_blk_s3_topPKfPfS0_E5k_buf_23|         array|
|p_ZZ22transformer_blk_s3_topPKfPfS0_E5k_buf_23_ce0                       |  out|    1|   ap_memory|                  p_ZZ22transformer_blk_s3_topPKfPfS0_E5k_buf_23|         array|
|p_ZZ22transformer_blk_s3_topPKfPfS0_E5k_buf_23_we0                       |  out|    1|   ap_memory|                  p_ZZ22transformer_blk_s3_topPKfPfS0_E5k_buf_23|         array|
|p_ZZ22transformer_blk_s3_topPKfPfS0_E5k_buf_23_d0                        |  out|   32|   ap_memory|                  p_ZZ22transformer_blk_s3_topPKfPfS0_E5k_buf_23|         array|
|p_ZZ22transformer_blk_s3_topPKfPfS0_E5k_buf_24_address0                  |  out|    9|   ap_memory|                  p_ZZ22transformer_blk_s3_topPKfPfS0_E5k_buf_24|         array|
|p_ZZ22transformer_blk_s3_topPKfPfS0_E5k_buf_24_ce0                       |  out|    1|   ap_memory|                  p_ZZ22transformer_blk_s3_topPKfPfS0_E5k_buf_24|         array|
|p_ZZ22transformer_blk_s3_topPKfPfS0_E5k_buf_24_we0                       |  out|    1|   ap_memory|                  p_ZZ22transformer_blk_s3_topPKfPfS0_E5k_buf_24|         array|
|p_ZZ22transformer_blk_s3_topPKfPfS0_E5k_buf_24_d0                        |  out|   32|   ap_memory|                  p_ZZ22transformer_blk_s3_topPKfPfS0_E5k_buf_24|         array|
|p_ZZ22transformer_blk_s3_topPKfPfS0_E5k_buf_25_address0                  |  out|    9|   ap_memory|                  p_ZZ22transformer_blk_s3_topPKfPfS0_E5k_buf_25|         array|
|p_ZZ22transformer_blk_s3_topPKfPfS0_E5k_buf_25_ce0                       |  out|    1|   ap_memory|                  p_ZZ22transformer_blk_s3_topPKfPfS0_E5k_buf_25|         array|
|p_ZZ22transformer_blk_s3_topPKfPfS0_E5k_buf_25_we0                       |  out|    1|   ap_memory|                  p_ZZ22transformer_blk_s3_topPKfPfS0_E5k_buf_25|         array|
|p_ZZ22transformer_blk_s3_topPKfPfS0_E5k_buf_25_d0                        |  out|   32|   ap_memory|                  p_ZZ22transformer_blk_s3_topPKfPfS0_E5k_buf_25|         array|
|p_ZZ22transformer_blk_s3_topPKfPfS0_E5k_buf_26_address0                  |  out|    9|   ap_memory|                  p_ZZ22transformer_blk_s3_topPKfPfS0_E5k_buf_26|         array|
|p_ZZ22transformer_blk_s3_topPKfPfS0_E5k_buf_26_ce0                       |  out|    1|   ap_memory|                  p_ZZ22transformer_blk_s3_topPKfPfS0_E5k_buf_26|         array|
|p_ZZ22transformer_blk_s3_topPKfPfS0_E5k_buf_26_we0                       |  out|    1|   ap_memory|                  p_ZZ22transformer_blk_s3_topPKfPfS0_E5k_buf_26|         array|
|p_ZZ22transformer_blk_s3_topPKfPfS0_E5k_buf_26_d0                        |  out|   32|   ap_memory|                  p_ZZ22transformer_blk_s3_topPKfPfS0_E5k_buf_26|         array|
|p_ZZ22transformer_blk_s3_topPKfPfS0_E5k_buf_27_address0                  |  out|    9|   ap_memory|                  p_ZZ22transformer_blk_s3_topPKfPfS0_E5k_buf_27|         array|
|p_ZZ22transformer_blk_s3_topPKfPfS0_E5k_buf_27_ce0                       |  out|    1|   ap_memory|                  p_ZZ22transformer_blk_s3_topPKfPfS0_E5k_buf_27|         array|
|p_ZZ22transformer_blk_s3_topPKfPfS0_E5k_buf_27_we0                       |  out|    1|   ap_memory|                  p_ZZ22transformer_blk_s3_topPKfPfS0_E5k_buf_27|         array|
|p_ZZ22transformer_blk_s3_topPKfPfS0_E5k_buf_27_d0                        |  out|   32|   ap_memory|                  p_ZZ22transformer_blk_s3_topPKfPfS0_E5k_buf_27|         array|
|p_ZZ22transformer_blk_s3_topPKfPfS0_E5k_buf_28_address0                  |  out|    9|   ap_memory|                  p_ZZ22transformer_blk_s3_topPKfPfS0_E5k_buf_28|         array|
|p_ZZ22transformer_blk_s3_topPKfPfS0_E5k_buf_28_ce0                       |  out|    1|   ap_memory|                  p_ZZ22transformer_blk_s3_topPKfPfS0_E5k_buf_28|         array|
|p_ZZ22transformer_blk_s3_topPKfPfS0_E5k_buf_28_we0                       |  out|    1|   ap_memory|                  p_ZZ22transformer_blk_s3_topPKfPfS0_E5k_buf_28|         array|
|p_ZZ22transformer_blk_s3_topPKfPfS0_E5k_buf_28_d0                        |  out|   32|   ap_memory|                  p_ZZ22transformer_blk_s3_topPKfPfS0_E5k_buf_28|         array|
|p_ZZ22transformer_blk_s3_topPKfPfS0_E5k_buf_29_address0                  |  out|    9|   ap_memory|                  p_ZZ22transformer_blk_s3_topPKfPfS0_E5k_buf_29|         array|
|p_ZZ22transformer_blk_s3_topPKfPfS0_E5k_buf_29_ce0                       |  out|    1|   ap_memory|                  p_ZZ22transformer_blk_s3_topPKfPfS0_E5k_buf_29|         array|
|p_ZZ22transformer_blk_s3_topPKfPfS0_E5k_buf_29_we0                       |  out|    1|   ap_memory|                  p_ZZ22transformer_blk_s3_topPKfPfS0_E5k_buf_29|         array|
|p_ZZ22transformer_blk_s3_topPKfPfS0_E5k_buf_29_d0                        |  out|   32|   ap_memory|                  p_ZZ22transformer_blk_s3_topPKfPfS0_E5k_buf_29|         array|
|p_ZZ22transformer_blk_s3_topPKfPfS0_E5k_buf_30_address0                  |  out|    9|   ap_memory|                  p_ZZ22transformer_blk_s3_topPKfPfS0_E5k_buf_30|         array|
|p_ZZ22transformer_blk_s3_topPKfPfS0_E5k_buf_30_ce0                       |  out|    1|   ap_memory|                  p_ZZ22transformer_blk_s3_topPKfPfS0_E5k_buf_30|         array|
|p_ZZ22transformer_blk_s3_topPKfPfS0_E5k_buf_30_we0                       |  out|    1|   ap_memory|                  p_ZZ22transformer_blk_s3_topPKfPfS0_E5k_buf_30|         array|
|p_ZZ22transformer_blk_s3_topPKfPfS0_E5k_buf_30_d0                        |  out|   32|   ap_memory|                  p_ZZ22transformer_blk_s3_topPKfPfS0_E5k_buf_30|         array|
|p_ZZ22transformer_blk_s3_topPKfPfS0_E5k_buf_31_address0                  |  out|    9|   ap_memory|                  p_ZZ22transformer_blk_s3_topPKfPfS0_E5k_buf_31|         array|
|p_ZZ22transformer_blk_s3_topPKfPfS0_E5k_buf_31_ce0                       |  out|    1|   ap_memory|                  p_ZZ22transformer_blk_s3_topPKfPfS0_E5k_buf_31|         array|
|p_ZZ22transformer_blk_s3_topPKfPfS0_E5k_buf_31_we0                       |  out|    1|   ap_memory|                  p_ZZ22transformer_blk_s3_topPKfPfS0_E5k_buf_31|         array|
|p_ZZ22transformer_blk_s3_topPKfPfS0_E5k_buf_31_d0                        |  out|   32|   ap_memory|                  p_ZZ22transformer_blk_s3_topPKfPfS0_E5k_buf_31|         array|
|p_ZZ22transformer_blk_s3_topPKfPfS0_E5k_buf_32_address0                  |  out|    9|   ap_memory|                  p_ZZ22transformer_blk_s3_topPKfPfS0_E5k_buf_32|         array|
|p_ZZ22transformer_blk_s3_topPKfPfS0_E5k_buf_32_ce0                       |  out|    1|   ap_memory|                  p_ZZ22transformer_blk_s3_topPKfPfS0_E5k_buf_32|         array|
|p_ZZ22transformer_blk_s3_topPKfPfS0_E5k_buf_32_we0                       |  out|    1|   ap_memory|                  p_ZZ22transformer_blk_s3_topPKfPfS0_E5k_buf_32|         array|
|p_ZZ22transformer_blk_s3_topPKfPfS0_E5k_buf_32_d0                        |  out|   32|   ap_memory|                  p_ZZ22transformer_blk_s3_topPKfPfS0_E5k_buf_32|         array|
|p_ZZ22transformer_blk_s3_topPKfPfS0_E5k_buf_33_address0                  |  out|    9|   ap_memory|                  p_ZZ22transformer_blk_s3_topPKfPfS0_E5k_buf_33|         array|
|p_ZZ22transformer_blk_s3_topPKfPfS0_E5k_buf_33_ce0                       |  out|    1|   ap_memory|                  p_ZZ22transformer_blk_s3_topPKfPfS0_E5k_buf_33|         array|
|p_ZZ22transformer_blk_s3_topPKfPfS0_E5k_buf_33_we0                       |  out|    1|   ap_memory|                  p_ZZ22transformer_blk_s3_topPKfPfS0_E5k_buf_33|         array|
|p_ZZ22transformer_blk_s3_topPKfPfS0_E5k_buf_33_d0                        |  out|   32|   ap_memory|                  p_ZZ22transformer_blk_s3_topPKfPfS0_E5k_buf_33|         array|
|p_ZZ22transformer_blk_s3_topPKfPfS0_E5k_buf_34_address0                  |  out|    9|   ap_memory|                  p_ZZ22transformer_blk_s3_topPKfPfS0_E5k_buf_34|         array|
|p_ZZ22transformer_blk_s3_topPKfPfS0_E5k_buf_34_ce0                       |  out|    1|   ap_memory|                  p_ZZ22transformer_blk_s3_topPKfPfS0_E5k_buf_34|         array|
|p_ZZ22transformer_blk_s3_topPKfPfS0_E5k_buf_34_we0                       |  out|    1|   ap_memory|                  p_ZZ22transformer_blk_s3_topPKfPfS0_E5k_buf_34|         array|
|p_ZZ22transformer_blk_s3_topPKfPfS0_E5k_buf_34_d0                        |  out|   32|   ap_memory|                  p_ZZ22transformer_blk_s3_topPKfPfS0_E5k_buf_34|         array|
|p_ZZ22transformer_blk_s3_topPKfPfS0_E5k_buf_35_address0                  |  out|    9|   ap_memory|                  p_ZZ22transformer_blk_s3_topPKfPfS0_E5k_buf_35|         array|
|p_ZZ22transformer_blk_s3_topPKfPfS0_E5k_buf_35_ce0                       |  out|    1|   ap_memory|                  p_ZZ22transformer_blk_s3_topPKfPfS0_E5k_buf_35|         array|
|p_ZZ22transformer_blk_s3_topPKfPfS0_E5k_buf_35_we0                       |  out|    1|   ap_memory|                  p_ZZ22transformer_blk_s3_topPKfPfS0_E5k_buf_35|         array|
|p_ZZ22transformer_blk_s3_topPKfPfS0_E5k_buf_35_d0                        |  out|   32|   ap_memory|                  p_ZZ22transformer_blk_s3_topPKfPfS0_E5k_buf_35|         array|
|p_ZZ22transformer_blk_s3_topPKfPfS0_E5k_buf_36_address0                  |  out|    9|   ap_memory|                  p_ZZ22transformer_blk_s3_topPKfPfS0_E5k_buf_36|         array|
|p_ZZ22transformer_blk_s3_topPKfPfS0_E5k_buf_36_ce0                       |  out|    1|   ap_memory|                  p_ZZ22transformer_blk_s3_topPKfPfS0_E5k_buf_36|         array|
|p_ZZ22transformer_blk_s3_topPKfPfS0_E5k_buf_36_we0                       |  out|    1|   ap_memory|                  p_ZZ22transformer_blk_s3_topPKfPfS0_E5k_buf_36|         array|
|p_ZZ22transformer_blk_s3_topPKfPfS0_E5k_buf_36_d0                        |  out|   32|   ap_memory|                  p_ZZ22transformer_blk_s3_topPKfPfS0_E5k_buf_36|         array|
|p_ZZ22transformer_blk_s3_topPKfPfS0_E5k_buf_37_address0                  |  out|    9|   ap_memory|                  p_ZZ22transformer_blk_s3_topPKfPfS0_E5k_buf_37|         array|
|p_ZZ22transformer_blk_s3_topPKfPfS0_E5k_buf_37_ce0                       |  out|    1|   ap_memory|                  p_ZZ22transformer_blk_s3_topPKfPfS0_E5k_buf_37|         array|
|p_ZZ22transformer_blk_s3_topPKfPfS0_E5k_buf_37_we0                       |  out|    1|   ap_memory|                  p_ZZ22transformer_blk_s3_topPKfPfS0_E5k_buf_37|         array|
|p_ZZ22transformer_blk_s3_topPKfPfS0_E5k_buf_37_d0                        |  out|   32|   ap_memory|                  p_ZZ22transformer_blk_s3_topPKfPfS0_E5k_buf_37|         array|
|p_ZZ22transformer_blk_s3_topPKfPfS0_E5k_buf_38_address0                  |  out|    9|   ap_memory|                  p_ZZ22transformer_blk_s3_topPKfPfS0_E5k_buf_38|         array|
|p_ZZ22transformer_blk_s3_topPKfPfS0_E5k_buf_38_ce0                       |  out|    1|   ap_memory|                  p_ZZ22transformer_blk_s3_topPKfPfS0_E5k_buf_38|         array|
|p_ZZ22transformer_blk_s3_topPKfPfS0_E5k_buf_38_we0                       |  out|    1|   ap_memory|                  p_ZZ22transformer_blk_s3_topPKfPfS0_E5k_buf_38|         array|
|p_ZZ22transformer_blk_s3_topPKfPfS0_E5k_buf_38_d0                        |  out|   32|   ap_memory|                  p_ZZ22transformer_blk_s3_topPKfPfS0_E5k_buf_38|         array|
|p_ZZ22transformer_blk_s3_topPKfPfS0_E5k_buf_39_address0                  |  out|    9|   ap_memory|                  p_ZZ22transformer_blk_s3_topPKfPfS0_E5k_buf_39|         array|
|p_ZZ22transformer_blk_s3_topPKfPfS0_E5k_buf_39_ce0                       |  out|    1|   ap_memory|                  p_ZZ22transformer_blk_s3_topPKfPfS0_E5k_buf_39|         array|
|p_ZZ22transformer_blk_s3_topPKfPfS0_E5k_buf_39_we0                       |  out|    1|   ap_memory|                  p_ZZ22transformer_blk_s3_topPKfPfS0_E5k_buf_39|         array|
|p_ZZ22transformer_blk_s3_topPKfPfS0_E5k_buf_39_d0                        |  out|   32|   ap_memory|                  p_ZZ22transformer_blk_s3_topPKfPfS0_E5k_buf_39|         array|
|p_ZZ22transformer_blk_s3_topPKfPfS0_E5k_buf_40_address0                  |  out|    9|   ap_memory|                  p_ZZ22transformer_blk_s3_topPKfPfS0_E5k_buf_40|         array|
|p_ZZ22transformer_blk_s3_topPKfPfS0_E5k_buf_40_ce0                       |  out|    1|   ap_memory|                  p_ZZ22transformer_blk_s3_topPKfPfS0_E5k_buf_40|         array|
|p_ZZ22transformer_blk_s3_topPKfPfS0_E5k_buf_40_we0                       |  out|    1|   ap_memory|                  p_ZZ22transformer_blk_s3_topPKfPfS0_E5k_buf_40|         array|
|p_ZZ22transformer_blk_s3_topPKfPfS0_E5k_buf_40_d0                        |  out|   32|   ap_memory|                  p_ZZ22transformer_blk_s3_topPKfPfS0_E5k_buf_40|         array|
|p_ZZ22transformer_blk_s3_topPKfPfS0_E5k_buf_41_address0                  |  out|    9|   ap_memory|                  p_ZZ22transformer_blk_s3_topPKfPfS0_E5k_buf_41|         array|
|p_ZZ22transformer_blk_s3_topPKfPfS0_E5k_buf_41_ce0                       |  out|    1|   ap_memory|                  p_ZZ22transformer_blk_s3_topPKfPfS0_E5k_buf_41|         array|
|p_ZZ22transformer_blk_s3_topPKfPfS0_E5k_buf_41_we0                       |  out|    1|   ap_memory|                  p_ZZ22transformer_blk_s3_topPKfPfS0_E5k_buf_41|         array|
|p_ZZ22transformer_blk_s3_topPKfPfS0_E5k_buf_41_d0                        |  out|   32|   ap_memory|                  p_ZZ22transformer_blk_s3_topPKfPfS0_E5k_buf_41|         array|
|p_ZZ22transformer_blk_s3_topPKfPfS0_E5k_buf_42_address0                  |  out|    9|   ap_memory|                  p_ZZ22transformer_blk_s3_topPKfPfS0_E5k_buf_42|         array|
|p_ZZ22transformer_blk_s3_topPKfPfS0_E5k_buf_42_ce0                       |  out|    1|   ap_memory|                  p_ZZ22transformer_blk_s3_topPKfPfS0_E5k_buf_42|         array|
|p_ZZ22transformer_blk_s3_topPKfPfS0_E5k_buf_42_we0                       |  out|    1|   ap_memory|                  p_ZZ22transformer_blk_s3_topPKfPfS0_E5k_buf_42|         array|
|p_ZZ22transformer_blk_s3_topPKfPfS0_E5k_buf_42_d0                        |  out|   32|   ap_memory|                  p_ZZ22transformer_blk_s3_topPKfPfS0_E5k_buf_42|         array|
|p_ZZ22transformer_blk_s3_topPKfPfS0_E5k_buf_43_address0                  |  out|    9|   ap_memory|                  p_ZZ22transformer_blk_s3_topPKfPfS0_E5k_buf_43|         array|
|p_ZZ22transformer_blk_s3_topPKfPfS0_E5k_buf_43_ce0                       |  out|    1|   ap_memory|                  p_ZZ22transformer_blk_s3_topPKfPfS0_E5k_buf_43|         array|
|p_ZZ22transformer_blk_s3_topPKfPfS0_E5k_buf_43_we0                       |  out|    1|   ap_memory|                  p_ZZ22transformer_blk_s3_topPKfPfS0_E5k_buf_43|         array|
|p_ZZ22transformer_blk_s3_topPKfPfS0_E5k_buf_43_d0                        |  out|   32|   ap_memory|                  p_ZZ22transformer_blk_s3_topPKfPfS0_E5k_buf_43|         array|
|p_ZZ22transformer_blk_s3_topPKfPfS0_E5k_buf_44_address0                  |  out|    9|   ap_memory|                  p_ZZ22transformer_blk_s3_topPKfPfS0_E5k_buf_44|         array|
|p_ZZ22transformer_blk_s3_topPKfPfS0_E5k_buf_44_ce0                       |  out|    1|   ap_memory|                  p_ZZ22transformer_blk_s3_topPKfPfS0_E5k_buf_44|         array|
|p_ZZ22transformer_blk_s3_topPKfPfS0_E5k_buf_44_we0                       |  out|    1|   ap_memory|                  p_ZZ22transformer_blk_s3_topPKfPfS0_E5k_buf_44|         array|
|p_ZZ22transformer_blk_s3_topPKfPfS0_E5k_buf_44_d0                        |  out|   32|   ap_memory|                  p_ZZ22transformer_blk_s3_topPKfPfS0_E5k_buf_44|         array|
|p_ZZ22transformer_blk_s3_topPKfPfS0_E5k_buf_45_address0                  |  out|    9|   ap_memory|                  p_ZZ22transformer_blk_s3_topPKfPfS0_E5k_buf_45|         array|
|p_ZZ22transformer_blk_s3_topPKfPfS0_E5k_buf_45_ce0                       |  out|    1|   ap_memory|                  p_ZZ22transformer_blk_s3_topPKfPfS0_E5k_buf_45|         array|
|p_ZZ22transformer_blk_s3_topPKfPfS0_E5k_buf_45_we0                       |  out|    1|   ap_memory|                  p_ZZ22transformer_blk_s3_topPKfPfS0_E5k_buf_45|         array|
|p_ZZ22transformer_blk_s3_topPKfPfS0_E5k_buf_45_d0                        |  out|   32|   ap_memory|                  p_ZZ22transformer_blk_s3_topPKfPfS0_E5k_buf_45|         array|
|p_ZZ22transformer_blk_s3_topPKfPfS0_E5k_buf_46_address0                  |  out|    9|   ap_memory|                  p_ZZ22transformer_blk_s3_topPKfPfS0_E5k_buf_46|         array|
|p_ZZ22transformer_blk_s3_topPKfPfS0_E5k_buf_46_ce0                       |  out|    1|   ap_memory|                  p_ZZ22transformer_blk_s3_topPKfPfS0_E5k_buf_46|         array|
|p_ZZ22transformer_blk_s3_topPKfPfS0_E5k_buf_46_we0                       |  out|    1|   ap_memory|                  p_ZZ22transformer_blk_s3_topPKfPfS0_E5k_buf_46|         array|
|p_ZZ22transformer_blk_s3_topPKfPfS0_E5k_buf_46_d0                        |  out|   32|   ap_memory|                  p_ZZ22transformer_blk_s3_topPKfPfS0_E5k_buf_46|         array|
|p_ZZ22transformer_blk_s3_topPKfPfS0_E5k_buf_47_address0                  |  out|    9|   ap_memory|                  p_ZZ22transformer_blk_s3_topPKfPfS0_E5k_buf_47|         array|
|p_ZZ22transformer_blk_s3_topPKfPfS0_E5k_buf_47_ce0                       |  out|    1|   ap_memory|                  p_ZZ22transformer_blk_s3_topPKfPfS0_E5k_buf_47|         array|
|p_ZZ22transformer_blk_s3_topPKfPfS0_E5k_buf_47_we0                       |  out|    1|   ap_memory|                  p_ZZ22transformer_blk_s3_topPKfPfS0_E5k_buf_47|         array|
|p_ZZ22transformer_blk_s3_topPKfPfS0_E5k_buf_47_d0                        |  out|   32|   ap_memory|                  p_ZZ22transformer_blk_s3_topPKfPfS0_E5k_buf_47|         array|
+-------------------------------------------------------------------------+-----+-----+------------+----------------------------------------------------------------+--------------+

